Episode,Total_Reward,Steps,Epsilon,Learning_Rate,Average_Loss,Action_0_Percentage,Action_1_Percentage,Action_2_Percentage,Action_3_Percentage
0,-403.65652472489637,81,0.9950195566196387,0.000994896213044336,0.0,0.18518518518518517,0.19753086419753085,0.25925925925925924,0.35802469135802467
1,-95.37254535466792,70,0.9900639180555424,0.0009898184747299606,0.0,0.2571428571428571,0.18571428571428572,0.21428571428571427,0.34285714285714286
2,-77.67435391773243,67,0.9851329607687281,0.0009847666521101584,0.0,0.208955223880597,0.31343283582089554,0.2537313432835821,0.22388059701492538
3,-119.33206175407831,66,0.9802265618354918,0.0009797406129167456,0.0,0.3181818181818182,0.2878787878787879,0.21212121212121213,0.18181818181818182
4,-60.048521382937935,67,0.975344598944344,0.0009747402255566067,0.0,0.3283582089552239,0.22388059701492538,0.16417910447761194,0.2835820895522388
5,-100.07288293959652,111,0.9704869503929605,0.0009697653591082497,0.0,0.22522522522522523,0.26126126126126126,0.26126126126126126,0.25225225225225223
6,-134.84296465286775,131,0.9656534950851489,0.000964815883318378,0.0,0.2824427480916031,0.2366412213740458,0.2595419847328244,0.22137404580152673
7,-218.36109154441596,95,0.9608441125278293,0.0009598916685984801,0.0,0.2631578947368421,0.18947368421052632,0.2736842105263158,0.2736842105263158
8,-158.38151327805875,111,0.956058682828031,0.0009549925860214364,0.0,0.25225225225225223,0.25225225225225223,0.25225225225225223,0.24324324324324326
9,-65.1751167611437,100,0.9512970866899032,0.0009501185073181442,0.0,0.22,0.28,0.23,0.27
10,-151.05665402279757,105,0.9465592054117414,0.0009452693048741588,0.0,0.21904761904761905,0.2857142857142857,0.20952380952380953,0.2857142857142857
11,-341.89143888682133,120,0.9418449208830285,0.0009404448517263523,0.0,0.21666666666666667,0.3,0.26666666666666666,0.21666666666666667
12,-127.11021902134826,118,0.9371541155814898,0.0009356450215595899,0.0,0.2627118644067797,0.2457627118644068,0.3220338983050847,0.1694915254237288
13,-282.2689378365437,91,0.9324866725701636,0.000930869688703422,0.0,0.21978021978021978,0.25274725274725274,0.23076923076923078,0.2967032967032967
14,-183.79398444174936,66,0.9278424754944864,0.0009261187281287943,0.0,0.25757575757575757,0.3484848484848485,0.16666666666666666,0.22727272727272727
15,-398.11588777129265,87,0.9232214085793918,0.0009213920154447743,0.0,0.21839080459770116,0.3563218390804598,0.26436781609195403,0.16091954022988506
16,-232.4212035488748,99,0.9186233566264248,0.0009166894268952941,0.0,0.20202020202020202,0.37373737373737376,0.20202020202020202,0.2222222222222222
17,-61.17027035745645,71,0.9140482050108695,0.0009120108393559106,0.0,0.18309859154929578,0.30985915492957744,0.23943661971830985,0.2676056338028169
18,-86.55226257253805,74,0.9094958396788919,0.0009073561303305816,0.0,0.24324324324324326,0.22972972972972974,0.25675675675675674,0.2702702702702703
19,-140.56996810965614,76,0.904966147144697,0.0009027251779484585,0.0,0.19736842105263158,0.27631578947368424,0.17105263157894737,0.35526315789473684
20,-104.64765948404823,103,0.9004590144876992,0.0008981178609606956,0.0,0.1941747572815534,0.3300970873786408,0.23300970873786409,0.24271844660194175
21,-227.6636436703109,114,0.8959743293497072,0.0008935340587372753,0.0,0.19298245614035087,0.3684210526315789,0.18421052631578946,0.2543859649122807
22,-195.82816996632437,85,0.8915119799321238,0.0008889736512638504,0.0,0.2,0.23529411764705882,0.35294117647058826,0.21176470588235294
23,-216.94100921619122,115,0.8870718549931581,0.0008844365191386009,0.0,0.28695652173913044,0.24347826086956523,0.2608695652173913,0.20869565217391303
24,-403.1016429415075,80,0.8826538438450526,0.0008799225435691082,0.0,0.275,0.3625,0.1875,0.175
25,-362.93943232039095,94,0.878257836351324,0.0008754316063692454,0.0,0.3404255319148936,0.23404255319148937,0.22340425531914893,0.20212765957446807
26,-335.27211683688415,153,0.8738837229240176,0.0008709635899560819,0.0,0.19607843137254902,0.3137254901960784,0.2875816993464052,0.20261437908496732
27,-100.1193114212582,68,0.8695313945209752,0.0008665183773468056,0.0,0.2647058823529412,0.3382352941176471,0.22058823529411764,0.17647058823529413
28,-144.72839368587825,105,0.8652007426431169,0.0008620958521556597,0.0,0.18095238095238095,0.37142857142857144,0.17142857142857143,0.2761904761904762
29,-271.6038328241075,101,0.8608916593317363,0.0008576958985908955,0.0,0.22772277227722773,0.3465346534653465,0.21782178217821782,0.2079207920792079
30,-307.4177498151115,117,0.8566040371658092,0.0008533184014517406,0.0,0.28205128205128205,0.27350427350427353,0.26495726495726496,0.1794871794871795
31,-303.20740764607876,97,0.852337769259316,0.000848963246125383,0.0,0.29896907216494845,0.23711340206185566,0.25773195876288657,0.20618556701030927
32,-190.5755925601518,76,0.8480927492585766,0.0008446303185839699,0.0,0.25,0.23684210526315788,0.2236842105263158,0.2894736842105263
33,-391.90154387505663,120,0.8438688713395993,0.0008403195053816226,0.0,0.24166666666666667,0.31666666666666665,0.2916666666666667,0.15
34,-139.48650837156305,70,0.8396660302054431,0.0008360306936514657,0.0,0.2857142857142857,0.2714285714285714,0.14285714285714285,0.3
35,-520.0947788999106,103,0.8354841210835922,0.0008317637711026725,0.0,0.20388349514563106,0.3883495145631068,0.23300970873786409,0.17475728155339806
36,-157.63770746459667,85,0.8313230397233444,0.0008275186260175247,0.0,0.2235294117647059,0.4235294117647059,0.12941176470588237,0.2235294117647059
37,-196.83653174098114,72,0.8271826823932125,0.0008232951472484873,0.0,0.2638888888888889,0.4027777777777778,0.1527777777777778,0.18055555555555555
38,-85.82039490505801,99,0.8230629458783377,0.0008190932242152989,0.0,0.26262626262626265,0.26262626262626265,0.25252525252525254,0.2222222222222222
39,-268.317118918247,100,0.8189637274779172,0.000814912746902076,0.0,0.32,0.18,0.3,0.2
40,-165.4163915842302,84,0.8148849250026439,0.0008107536058544327,0.0,0.19047619047619047,0.4166666666666667,0.19047619047619047,0.20238095238095238
41,-338.1277542796792,82,0.8108264367721583,0.0008066156921766152,0.0,0.23170731707317074,0.36585365853658536,0.2073170731707317,0.1951219512195122
42,-235.3146780063189,125,0.8067881616125144,0.0008024988975286502,0.0,0.2,0.336,0.256,0.208
43,-55.680907497948525,66,0.8027699988536575,0.0007984031141235085,0.0,0.16666666666666666,0.45454545454545453,0.18181818181818182,0.19696969696969696
44,-146.82289357647807,97,0.7987718483269142,0.0007943282347242834,0.0,0.26804123711340205,0.3402061855670103,0.18556701030927836,0.20618556701030927
45,-318.42089349396895,86,0.7947936103624954,0.0007902741526413818,0.0,0.22093023255813954,0.5232558139534884,0.12790697674418605,0.12790697674418605
46,-265.05015402409765,97,0.7908351857870121,0.0007862407617297322,0.0,0.17525773195876287,0.44329896907216493,0.16494845360824742,0.21649484536082475
47,-53.87391698405539,66,0.7868964759210023,0.0007822279563860046,0.0,0.24242424242424243,0.3787878787878788,0.21212121212121213,0.16666666666666666
48,-429.20700711280335,67,0.7829773825764719,0.0007782356315458458,0.0,0.2835820895522388,0.47761194029850745,0.16417910447761194,0.07462686567164178
49,-95.0583109592884,60,0.7790778080544463,0.000774263682681129,0.0,0.26666666666666666,0.38333333333333336,0.16666666666666666,0.18333333333333332
50,-131.74442994795922,84,0.7751976551425351,0.0007703120057972166,0.0,0.16666666666666666,0.36904761904761907,0.25,0.21428571428571427
51,-248.40028151612614,93,0.771336827112509,0.0007663804974302373,0.0,0.24731182795698925,0.3655913978494624,0.1827956989247312,0.20430107526881722
52,-157.8662352869051,59,0.7674952277178876,0.0007624690546443775,0.0,0.13559322033898305,0.3898305084745763,0.1864406779661017,0.288135593220339
53,-114.82223209153085,78,0.7636727611915411,0.0007585775750291859,0.0,0.24358974358974358,0.34615384615384615,0.23076923076923078,0.1794871794871795
54,-134.37129112038264,59,0.7598693322433026,0.0007547059566968927,0.0,0.15254237288135594,0.4915254237288136,0.11864406779661017,0.23728813559322035
55,-219.05289266730682,89,0.7560848460575919,0.000750854098279741,1.8121006665829618,0.20224719101123595,0.2808988764044944,0.29213483146067415,0.2247191011235955
56,-391.28845188137353,86,0.7523192082910528,0.0007470218989273339,1.4516729630700342,0.16279069767441862,0.1744186046511628,0.3953488372093023,0.26744186046511625
57,-51.77350840210025,116,0.748572325070201,0.0007432092583039931,1.2929342751464696,0.1896551724137931,0.20689655172413793,0.33620689655172414,0.2672413793103448
58,-332.31682136081804,141,0.7448441029890834,0.0007394160765861323,1.0655771868777753,0.22695035460992907,0.22695035460992907,0.3333333333333333,0.2127659574468085
59,-89.65901621715905,137,0.7411344491069503,0.0007356422544596437,0.9537793502899681,0.26277372262773724,0.20437956204379562,0.39416058394160586,0.1386861313868613
60,-203.1533835712733,158,0.7374432709459379,0.0007318876931172971,0.8217492522538309,0.1962025316455696,0.21518987341772153,0.3670886075949367,0.22151898734177214
61,-78.16105598173607,141,0.7337704764887631,0.000728152294256154,0.8016494613139992,0.23404255319148937,0.2198581560283688,0.3546099290780142,0.19148936170212766
62,-177.48410227240225,77,0.7301159741764301,0.0007244359600749925,0.7338621045345936,0.19480519480519481,0.24675324675324675,0.24675324675324675,0.3116883116883117
63,-305.4770227795957,141,0.7264796729059471,0.0007207385932717478,0.7134596887139621,0.14893617021276595,0.20567375886524822,0.3829787234042553,0.2624113475177305
64,-43.02232376872445,78,0.7228614820280556,0.0007170600970409636,0.7176759298610068,0.14102564102564102,0.15384615384615385,0.44871794871794873,0.2564102564102564
65,-104.455803827794,132,0.7192613113449707,0.0007134003750712587,0.7003293319454381,0.18181818181818182,0.18181818181818182,0.4090909090909091,0.22727272727272727
66,-161.21171175659686,129,0.7156790711081327,0.0007097593315428041,0.6908821726875376,0.20930232558139536,0.2248062015503876,0.3178294573643411,0.24806201550387597
67,-180.13008740678325,129,0.712114672015969,0.000706136871124815,0.6835688160407751,0.17054263565891473,0.21705426356589147,0.3643410852713178,0.24806201550387597
68,-122.97783285740181,65,0.708568025211669,0.0007025328989730546,0.6774676369976875,0.2923076923076923,0.18461538461538463,0.27692307692307694,0.24615384615384617
69,-120.17381166813348,98,0.7050390422809678,0.000698947320727351,0.6362308105738459,0.1836734693877551,0.14285714285714285,0.4387755102040816,0.23469387755102042
70,-102.20589992082148,132,0.7015276352499433,0.0006953800425091263,0.6376909754813022,0.17424242424242425,0.1893939393939394,0.4015151515151515,0.23484848484848486
71,-265.96800203062264,110,0.6980337165828222,0.000691830970918939,0.6453600976398354,0.12727272727272726,0.3,0.3,0.2727272727272727
72,-80.05143822770411,120,0.6945571991797983,0.0006883000130340385,0.6450570552948601,0.19166666666666668,0.2,0.4583333333333333,0.15
73,-55.425089999625555,116,0.691097996374861,0.0006847870764059319,0.6388089689566744,0.2413793103448276,0.13793103448275862,0.4482758620689655,0.1724137931034483
74,-60.647368882819286,91,0.6876560219336348,0.0006812920690579639,0.6234518925678728,0.25274725274725274,0.18681318681318682,0.4065934065934066,0.15384615384615385
75,-251.4960021076865,119,0.6842311900512299,0.0006778148994829084,0.6274300777426647,0.16806722689075632,0.2184873949579832,0.31092436974789917,0.3025210084033613
76,-279.70121013553785,121,0.6808234153501025,0.0006743554766405727,0.629202819085446,0.1487603305785124,0.23140495867768596,0.4049586776859504,0.21487603305785125
77,-113.36710626368225,111,0.6774326128779271,0.0006709137099554139,1.0604224884066624,0.1891891891891892,0.17117117117117117,0.42342342342342343,0.21621621621621623
78,-83.73078386450638,178,0.6740586981054784,0.0006674895093141672,0.9165522131827111,0.16853932584269662,0.17415730337078653,0.4887640449438202,0.16853932584269662
79,-4.545503693108543,177,0.670701586924524,0.0006640827850634869,0.8006382744254116,0.15254237288135594,0.1807909604519774,0.4745762711864407,0.192090395480226
80,-107.77768455669504,136,0.6673611956457279,0.0006606934480075987,0.7752040990764109,0.13970588235294118,0.25735294117647056,0.45588235294117646,0.14705882352941177
81,-166.6533667093624,125,0.6640374409965641,0.0006573214094059647,0.7233986234293139,0.176,0.2,0.432,0.192
82,-78.06400852429842,129,0.6607302401192408,0.0006539665809709598,0.7159002905614003,0.17054263565891473,0.2248062015503876,0.3953488372093023,0.20930232558139536
83,-99.41728001653935,144,0.6574395105686344,0.0006506288748655599,0.7222159289703274,0.1875,0.1875,0.4236111111111111,0.2013888888888889
84,-50.741039929862964,221,0.6541651703102348,0.0006473082037010426,0.6808928707178284,0.15384615384615385,0.14479638009049775,0.502262443438914,0.19909502262443438
85,-183.71934805946637,243,0.6509071377181003,0.0006440044805346987,0.7088086141717121,0.13580246913580246,0.16872427983539096,0.5308641975308642,0.1646090534979424
86,-93.57585441394278,129,0.6476653315728222,0.0006407176188675564,0.6957802058684927,0.17829457364341086,0.23255813953488372,0.3953488372093023,0.1937984496124031
87,-100.02143253521372,129,0.6444396710595008,0.000637447532642116,0.6659618199104271,0.16279069767441862,0.21705426356589147,0.4186046511627907,0.20155038759689922
88,-61.87211643718841,149,0.6412300757657303,0.0006341941362400969,0.6961208345787027,0.15436241610738255,0.2080536912751678,0.37583892617449666,0.26174496644295303
89,-111.37550925988006,173,0.6380364656795943,0.000630957344480196,0.6706144194341225,0.15028901734104047,0.1676300578034682,0.4797687861271676,0.2023121387283237
90,-74.87506640343729,196,0.6348587611876713,0.0006277370726158575,0.6768753593960657,0.12755102040816327,0.22959183673469388,0.4387755102040816,0.20408163265306123
91,-25.755429778440586,120,0.6316968830730497,0.0006245332363330539,0.663721224137958,0.15,0.19166666666666668,0.43333333333333335,0.225
92,-154.16309932574967,105,0.6285507525133537,0.0006213457517480785,0.6750148603395476,0.14285714285714285,0.24761904761904763,0.3619047619047619,0.24761904761904763
93,-47.427441611763,160,0.6254202910787774,0.0006181745354053494,1.08589430517986,0.1625,0.225,0.41875,0.19375
94,-43.32052745748793,134,0.6223054207301305,0.0006150195042752238,1.0617505998154653,0.1417910447761194,0.22388059701492538,0.4626865671641791,0.17164179104477612
95,-80.48389376559523,130,0.6192060638168921,0.0006118805757518249,0.9692864444155073,0.15384615384615385,0.2076923076923077,0.4461538461538462,0.19230769230769232
96,-115.35705933314837,187,0.6161221430752757,0.0006087576676508784,0.8195252803562982,0.11229946524064172,0.24064171122994651,0.3850267379679144,0.2620320855614973
97,-160.02500338507042,112,0.6130535816263024,0.0006056506982075613,0.8108511722104961,0.125,0.24107142857142858,0.42857142857142855,0.20535714285714285
98,-64.92990647174327,94,0.6100003029738849,0.0006025595860743607,0.8505005345469119,0.10638297872340426,0.13829787234042554,0.5319148936170213,0.22340425531914893
99,-75.7313609869958,132,0.6069622310029202,0.000599484250318944,0.8349606175606844,0.25757575757575757,0.21212121212121213,0.32575757575757575,0.20454545454545456
100,-95.27894857278713,101,0.6039392899773924,0.0005964246104220401,0.8184163517461245,0.15841584158415842,0.2376237623762376,0.4158415841584158,0.18811881188118812
101,-58.33231550093413,110,0.6009314045384845,0.000593380586275331,0.7702691428648049,0.045454545454545456,0.22727272727272727,0.45454545454545453,0.2727272727272727
102,-7.787183966919031,187,0.5979384997026995,0.0005903520981793547,0.7668971237127425,0.1497326203208556,0.18181818181818182,0.4919786096256685,0.17647058823529413
103,-56.3334284979518,191,0.5949605008599921,0.0005873390668414179,0.7633154696284548,0.1518324607329843,0.20418848167539266,0.418848167539267,0.225130890052356
104,-6.886686655751689,166,0.5919973337719074,0.0005843414133735207,0.7262108608496571,0.14457831325301204,0.16265060240963855,0.5602409638554217,0.13253012048192772
105,-93.19463871715966,172,0.5890489245697316,0.0005813590592902906,0.7706764655614946,0.21511627906976744,0.18604651162790697,0.436046511627907,0.16279069767441862
106,-68.8320615641541,178,0.5861151997526493,0.0005783919265069276,0.7310247473804917,0.1853932584269663,0.15168539325842698,0.48314606741573035,0.1797752808988764
107,-63.068034690345826,114,0.583196086185912,0.0005754399373371601,0.7135498027937242,0.12280701754385964,0.20175438596491227,0.5175438596491229,0.15789473684210525
108,40.633980664614626,177,0.5802915110990148,0.0005725030144912106,0.7451312105711595,0.1638418079096045,0.24858757062146894,0.3728813559322034,0.21468926553672316
109,-106.48048169197318,266,0.5774014020838818,0.0005695810810737719,0.8681404843428745,0.13157894736842105,0.16541353383458646,0.5375939849624061,0.16541353383458646
110,-45.66875539359191,253,0.5745256870930618,0.0005666740605819945,1.0852332899454278,0.1225296442687747,0.16600790513833993,0.4782608695652174,0.233201581027668
111,-95.93846495382952,140,0.5716642944379317,0.0005637818769034828,1.0211221236190178,0.10714285714285714,0.24285714285714285,0.4142857142857143,0.2357142857142857
112,-56.421133827107965,163,0.5688171527869094,0.000560904454314303,0.9480143673226467,0.11042944785276074,0.22085889570552147,0.4662576687116564,0.20245398773006135
113,-4.11418510571535,133,0.5659841911636758,0.0005580417174769997,1.0382022653975636,0.12781954887218044,0.24812030075187969,0.40601503759398494,0.21804511278195488
114,-126.45886163825723,139,0.5631653389454055,0.0005551935914386241,0.9031384419054785,0.12949640287769784,0.2446043165467626,0.381294964028777,0.2446043165467626
115,-230.7092613401008,171,0.5603605258610059,0.0005523600016287713,0.8834796842295451,0.15204678362573099,0.21637426900584794,0.5029239766081871,0.1286549707602339
116,-108.61270502796512,236,0.5575696819893657,0.0005495408738576278,0.859857048986738,0.11016949152542373,0.2245762711864407,0.4915254237288136,0.17372881355932204
117,-226.88043941050182,193,0.5547927377576116,0.000546736134314029,0.842062951881262,0.13989637305699482,0.19170984455958548,0.49740932642487046,0.17098445595854922
118,32.580247018492344,167,0.5520296239393742,0.0005439457095635269,0.8678307441679506,0.0718562874251497,0.2275449101796407,0.5029940119760479,0.19760479041916168
119,-30.572911300866892,311,0.5492802716530619,0.000541169526546467,0.7994595450691886,0.19292604501607716,0.13183279742765272,0.5369774919614148,0.1382636655948553
120,-210.50626244356016,131,0.5465446123601444,0.0005384075125760762,0.8398298175381733,0.0916030534351145,0.1984732824427481,0.4580152671755725,0.25190839694656486
121,16.086907825346856,231,0.5438225778634432,0.0005356595953365588,0.7991076902466032,0.1341991341991342,0.18181818181818182,0.47619047619047616,0.2077922077922078
122,-94.96277194713105,183,0.5411141003054323,0.0005329257028812037,0.8565797128503067,0.12021857923497267,0.19672131147540983,0.5081967213114754,0.17486338797814208
123,-39.20422657636631,185,0.5384191121665459,0.0005302057636305005,1.3246969268832802,0.16756756756756758,0.2,0.43783783783783786,0.1945945945945946
124,-31.083870599631837,79,0.535737546263496,0.0005274997063702652,1.1341525451994097,0.08860759493670886,0.27848101265822783,0.4936708860759494,0.13924050632911392
125,-91.10103664489897,171,0.533069335747597,0.000524807460249776,1.1620536450443462,0.1286549707602339,0.2046783625730994,0.4327485380116959,0.23391812865497075
126,-158.3920202611667,128,0.5304144141030992,0.000522128954779918,1.0724558389796193,0.1328125,0.21875,0.4453125,0.203125
127,-54.86594786425616,119,0.5277727151455311,0.0005194641198313376,1.154566711471135,0.11764705882352941,0.2773109243697479,0.3865546218487395,0.2184873949579832
128,-33.70082436336567,132,0.5251441730200492,0.0005168128856326069,1.0160588457685644,0.12121212121212122,0.1893939393939394,0.5227272727272727,0.16666666666666666
129,-87.82656993736462,134,0.5225287221997962,0.0005141751827683961,1.0010770478272963,0.14925373134328357,0.21641791044776118,0.44776119402985076,0.1865671641791045
130,-225.94357268501918,663,0.5199262974842676,0.0005115509421776565,0.9273211425623425,0.15082956259426847,0.18250377073906485,0.42232277526395173,0.24434389140271492
131,-37.58943452497016,185,0.5173368339976863,0.0005089400951518125,0.9095324057303801,0.12972972972972974,0.1837837837837838,0.5351351351351351,0.15135135135135136
132,-98.31996843309803,114,0.5147602671873854,0.0005063425733329622,0.925905769580703,0.15789473684210525,0.24561403508771928,0.2807017543859649,0.3157894736842105
133,-37.85844810966765,122,0.512196532822199,0.000503758308712088,0.8714211930845956,0.09836065573770492,0.2540983606557377,0.3114754098360656,0.3360655737704918
134,-14.258631958710183,163,0.5096455669908607,0.0005011872336272758,0.8542557164839035,0.09815950920245399,0.1656441717791411,0.5950920245398773,0.1411042944785276
135,-85.79745975591158,102,0.5071073061004107,0.0004986292807619435,0.8837496255058737,0.16666666666666666,0.14705882352941177,0.47058823529411764,0.21568627450980393
136,-52.59064111390411,140,0.50458168687461,0.0004960843831430785,0.8682801265277852,0.12142857142857143,0.24285714285714285,0.37142857142857144,0.2642857142857143
137,73.58346045853767,1000,0.5020686463523638,0.0004935524741394842,1.2433963758693414,0.138,0.214,0.31,0.338
138,27.98873488261795,1000,0.49956812188615124,0.0004910334874600353,1.0874130000301556,0.322,0.149,0.215,0.314
139,-75.64295132658546,108,0.49708005114046383,0.0004885273571519426,0.9613668777902054,0.12962962962962962,0.26851851851851855,0.3611111111111111,0.24074074074074073
140,-34.31160951207373,172,0.49460437209025165,0.0004860340175990254,1.0127500427604392,0.10465116279069768,0.18604651162790697,0.4883720930232558,0.22093023255813954
141,41.40300900021924,226,0.492141023019377,0.00048355340351999445,0.9981111214564283,0.14601769911504425,0.16371681415929204,0.5619469026548672,0.12831858407079647
142,-37.86258096334079,235,0.48968994251907594,0.0004810854499667421,1.4229641465477236,0.11914893617021277,0.20851063829787234,0.4808510638297872,0.19148936170212766
143,-10.458448809483812,145,0.4872510694864273,0.000478630092322642,1.4858425277576492,0.15172413793103448,0.2,0.4,0.2482758620689655
144,-60.862192552550674,128,0.4848243431228297,0.0004761872663008574,1.25409017574305,0.0859375,0.1953125,0.4921875,0.2265625
145,76.92257451899201,1000,0.4824097029324856,0.00047375690794265767,1.202106149938685,0.247,0.166,0.325,0.262
146,17.047548005669697,174,0.4800070887208934,0.00047133895361574417,1.1651354980005773,0.1724137931034483,0.1724137931034483,0.5287356321839081,0.12643678160919541
147,3.0819022193679046,166,0.47761644059334696,0.0004689333400125837,1.18935171736092,0.13855421686746988,0.1686746987951807,0.5602409638554217,0.13253012048192772
148,-31.24539263353134,136,0.4752376989534421,0.0004665400041487515,1.0652106144479045,0.15441176470588236,0.21323529411764705,0.3602941176470588,0.27205882352941174
149,42.37065739798987,230,0.4728708045015913,0.0004641588833612816,1.1410963244323937,0.11304347826086956,0.2,0.5130434782608696,0.17391304347826086
150,61.20420821491035,1000,0.4705156982335452,0.0004617899153070266,1.2827653992641213,0.201,0.336,0.254,0.209
151,-153.8629596087617,183,0.4681723214389219,0.00045943303796102536,1.229836641101022,0.18579234972677597,0.20765027322404372,0.37158469945355194,0.23497267759562843
152,-34.794789890082825,169,0.46584061569974305,0.00045708818961487873,1.3474607208671652,0.10059171597633136,0.16568047337278108,0.5384615384615384,0.1952662721893491
153,79.73066275891264,1000,0.4635205228889778,0.0004547553088751342,1.202438629021438,0.283,0.185,0.304,0.228
154,-58.245543069593126,346,0.4612119851690938,0.00045243433466167824,1.1898292327864757,0.11560693641618497,0.18497109826589594,0.5433526011560693,0.15606936416184972
155,-4.269296052287174,291,0.4589149449906151,0.00045012520620613735,1.3286553389296785,0.13745704467353953,0.17525773195876287,0.5257731958762887,0.16151202749140894
156,-12.051745146111102,136,0.4566293450906877,0.0004478278630502868,1.4784973176914722,0.13970588235294118,0.19117647058823528,0.5294117647058824,0.13970588235294118
157,-42.4282638436036,339,0.45435512849165205,0.0004455422450444678,1.3466546197729965,0.0943952802359882,0.1976401179941003,0.5250737463126843,0.18289085545722714
158,0.7372837213540038,144,0.4520922384996226,0.0004432682923460125,1.288714199240004,0.08333333333333333,0.19444444444444445,0.4861111111111111,0.2361111111111111
159,-85.01233661883481,288,0.44984061870307446,0.00044100594541767737,1.3102308879091806,0.1284722222222222,0.16666666666666666,0.5138888888888888,0.1909722222222222
160,-46.50576127971842,308,0.4476002129714371,0.0004387551450260843,1.287784582103706,0.18831168831168832,0.14285714285714285,0.5097402597402597,0.1590909090909091
161,44.60608302836093,227,0.4453709654536952,0.00043651583224016963,1.305044621022895,0.16740088105726872,0.14977973568281938,0.5330396475770925,0.14977973568281938
162,-70.05485631257172,301,0.44315282057699623,0.00043428794842964135,1.2244053917028035,0.11627906976744186,0.21262458471760798,0.5049833887043189,0.16611295681063123
163,-57.94947241838604,328,0.4409457230452651,0.000432071435263444,1.2203053069334933,0.1402439024390244,0.18902439024390244,0.5091463414634146,0.16158536585365854
164,-11.009094262384409,94,0.4387496178378257,0.00042986623470823136,1.2012238424262107,0.19148936170212766,0.1595744680851064,0.4787234042553192,0.1702127659574468
165,-34.13654229255246,138,0.43656445020802925,0.00042767228902684703,1.1631654001119789,0.11594202898550725,0.18840579710144928,0.5289855072463768,0.16666666666666666
166,-85.5598433901479,287,0.4343901656818896,0.0004254895407768128,1.3607410620170652,0.11149825783972125,0.1951219512195122,0.5017421602787456,0.1916376306620209
167,-37.96483771535773,181,0.4322267100567252,0.0004233179328088246,1.2934584631412456,0.1270718232044199,0.2430939226519337,0.44751381215469616,0.18232044198895028
168,0.20058364306156307,166,0.4300740293998078,0.0004211574082652562,1.3248261466944102,0.07228915662650602,0.1927710843373494,0.5783132530120482,0.1566265060240964
169,-69.369569707844,374,0.4279320700470182,0.0004190079105786707,1.3147960516001773,0.10695187165775401,0.2192513368983957,0.5267379679144385,0.14705882352941177
170,-9.83262052666727,334,0.4258007786015082,0.00041686938347033914,1.2392466090680396,0.10479041916167664,0.17664670658682635,0.5688622754491018,0.1497005988023952
171,-118.75475718062432,350,0.42368010193236966,0.00041474177094876744,1.2796988543441132,0.13428571428571429,0.14,0.42857142857142855,0.29714285714285715
172,75.81319570618501,1000,0.4215699871733098,0.00041262501730823006,1.2205419751709297,0.26,0.304,0.316,0.12
173,-150.78432217161193,368,0.4194703817213335,0.0004105190671273116,1.387816852348227,0.16032608695652173,0.13858695652173914,0.5570652173913043,0.14402173913043478
174,39.55740574385227,1000,0.41738123323543186,0.0004084238652674558,1.2806926467501027,0.322,0.173,0.356,0.149
175,60.48887609848038,1000,0.41530248963527744,0.00040633935687152184,1.223139186180203,0.308,0.174,0.344,0.174
176,-52.23215620036815,99,0.41323409909992587,0.000404265487362348,1.3866511895390694,0.18181818181818182,0.20202020202020202,0.41414141414141414,0.20202020202020202
177,-110.67941422223747,332,0.4111760100665241,0.00040220220244132287,1.3495799195472682,0.10240963855421686,0.18373493975903615,0.5451807228915663,0.1686746987951807
178,71.1801440849789,1000,0.4091281712290249,0.00040014944808696346,1.2654286282866307,0.302,0.142,0.362,0.194
179,3.9601907802746723,105,0.407090531536908,0.000398107170553501,1.2145155188733816,0.1523809523809524,0.10476190476190476,0.6095238095238096,0.13333333333333333
180,-46.390773318251995,1000,0.40506304019390726,0.00039607531636947366,1.2020854227132727,0.157,0.23,0.474,0.139
181,51.72060207358885,160,0.40304564665674447,0.0003940538323363266,1.4320438894225649,0.09375,0.1875,0.54375,0.175
182,-8.771434249884209,89,0.40103830063386947,0.00039204266552701896,1.3976998712024538,0.14606741573033707,0.21348314606741572,0.5056179775280899,0.1348314606741573
183,4.305514424540917,93,0.39904095208420615,0.00039004176328463834,1.386820406318915,0.12903225806451613,0.11827956989247312,0.5483870967741935,0.20430107526881722
184,53.8977348024123,1000,0.3970535512159053,0.00038805107322102195,1.2761621655494424,0.388,0.153,0.304,0.155
185,94.7970897182647,1000,0.3950760484851031,0.000386070543215385,1.2946047007998818,0.412,0.139,0.279,0.17
186,54.08169850661959,1000,0.39310839459468616,0.00038410012141295614,1.4392932274362265,0.307,0.21,0.295,0.188
187,69.16107891980823,1000,0.3911505404930626,0.0003821397562236197,1.3589874384095648,0.353,0.208,0.305,0.134
188,1.3144682087520323,237,0.38920243737293914,0.00038018939632056487,1.3240148278342818,0.15611814345991562,0.1940928270042194,0.48523206751054854,0.16455696202531644
189,58.94352832133774,132,0.3872640366701046,0.00037824899063894216,1.3338543018904616,0.06818181818181818,0.17424242424242425,0.5984848484848485,0.1590909090909091
190,-106.45507425744988,160,0.385335290062219,0.000376318488374526,1.2605921388264147,0.10625,0.16875,0.58125,0.14375
191,-93.69332972808324,348,0.38341614946760905,0.0003743978389823848,1.4965868719242994,0.10632183908045977,0.14367816091954022,0.5919540229885057,0.15804597701149425
192,35.538019489058854,110,0.3815065670440695,0.0003724869921755577,1.4407611552376944,0.11818181818181818,0.16363636363636364,0.5636363636363636,0.15454545454545454
193,82.75898852232766,1000,0.3796064951876705,0.0003705858979237375,1.3669987060708368,0.323,0.156,0.282,0.239
194,64.07680808754944,1000,0.3777158865315709,0.00036869450645196124,1.3184805267720063,0.203,0.416,0.249,0.132
195,-127.31662263476063,256,0.37583469394483743,0.0003668127682393067,1.3587572749041856,0.140625,0.171875,0.51171875,0.17578125
196,10.963461460087828,142,0.37396287053126975,0.00036494063401759587,1.4765751075564895,0.14084507042253522,0.14084507042253522,0.5492957746478874,0.16901408450704225
197,34.0330512705178,1000,0.3721003696282314,0.00036307805477010503,1.3850142094266602,0.209,0.145,0.247,0.399
198,47.312304539966576,1000,0.3702471448054865,0.00036122498173028143,1.3242732370250896,0.382,0.215,0.276,0.127
199,18.20060529926414,92,0.3684031498640423,0.0003593813663804664,1.2808347919795735,0.08695652173913043,0.17391304347826086,0.5434782608695652,0.1956521739130435
200,114.277176419126,1000,0.3665683388349977,0.000357547160450625,1.3221016806503143,0.455,0.153,0.234,0.158
201,129.6147748984089,1000,0.3647426659783969,0.00035572231591708236,1.3037351590857038,0.343,0.193,0.288,0.176
202,41.307724897969,1000,0.36292608578208946,0.0003539067850012661,1.3354803390336103,0.209,0.132,0.316,0.343
203,103.07469757518815,1000,0.36111855296059564,0.0003521005201684556,1.3895918049847333,0.483,0.127,0.2,0.19
204,82.38468401098542,1000,0.3593200224539774,0.0003503034741265373,1.2870152715087575,0.413,0.139,0.274,0.174
205,83.96474223802372,1000,0.3575304494267152,0.00034851559982476644,1.270951339739336,0.213,0.119,0.171,0.497
206,57.88903379886768,1000,0.3557497892665903,0.0003467368504525353,1.2170915934568138,0.339,0.124,0.319,0.218
207,43.63310929237602,1000,0.35397799758357257,0.0003449671794381476,1.2254417232754797,0.199,0.114,0.246,0.441
208,-34.99243025690795,80,0.3522150302087139,0.0003432065404475989,1.2361213479400288,0.0875,0.1875,0.4375,0.2875
209,30.948775625807784,1000,0.35046084319304716,0.0003414548873833638,1.199409867686114,0.193,0.352,0.334,0.121
210,207.74356934844087,639,0.3487153928064905,0.0003397121743831888,1.1574835130226349,0.3129890453834116,0.13928012519561817,0.22535211267605634,0.3223787167449139
211,54.83383290490286,1000,0.34697863553675734,0.0003379783558188916,1.1790996377169058,0.17,0.112,0.286,0.432
212,-30.642324605309668,234,0.3452505280882715,0.0003362533862951663,1.2259810410598388,0.18803418803418803,0.10683760683760683,0.5598290598290598,0.1452991452991453
213,78.1512964102524,1000,0.34353102738108804,0.00033453722064839516,1.1844003283366402,0.417,0.135,0.303,0.145
214,-41.88643345765118,260,0.34182009054981916,0.00033282981394546575,1.165054738379062,0.14615384615384616,0.17307692307692307,0.5269230769230769,0.15384615384615385
215,-199.76708301773465,438,0.3401176749425658,0.00033113112148259473,1.125151951564764,0.1141552511415525,0.14383561643835616,0.4223744292237443,0.319634703196347
216,-26.126467105944684,133,0.3384237381198542,0.00032944109878415743,1.1913652881279124,0.19548872180451127,0.19548872180451127,0.39849624060150374,0.21052631578947367
217,0.34086723194690394,1000,0.33673823785357804,0.0003277597016015232,1.1907475630066287,0.226,0.192,0.375,0.207
218,-28.158362731562875,284,0.3350611321259457,0.00032608688591189696,1.1802215841882773,0.13380281690140844,0.17253521126760563,0.5492957746478874,0.1443661971830986
219,73.40964323271416,1000,0.33339237912843267,0.0003244226079171667,1.1591317171846112,0.117,0.091,0.232,0.56
220,33.08956902120508,200,0.3317319372607396,0.0003227668240427565,1.163704811362857,0.055,0.18,0.56,0.205
221,41.215411898647716,1000,0.3300797651297549,0.00032111949093648594,1.1510707107841822,0.121,0.466,0.297,0.116
222,64.26294654022836,1000,0.3284358215485232,0.0003194805654674348,1.1072294621182228,0.4,0.122,0.269,0.209
223,-57.155769895998205,149,0.32680006553521834,0.00031785000472481386,1.0843348395268957,0.2550335570469799,0.15436241610738255,0.4563758389261745,0.1342281879194631
224,137.2402784715271,1000,0.3251724563121218,0.00031622776601684157,1.0995355665401834,0.509,0.128,0.229,0.134
225,14.705759955626505,1000,0.3235529533046063,0.000314613806869626,1.1105595568305915,0.107,0.397,0.365,0.131
226,-63.631206764038765,123,0.32194151614012406,0.00031300808502605297,1.0785975090856654,0.21138211382113822,0.1951219512195122,0.3983739837398374,0.1951219512195122
227,-95.87840517979795,158,0.32033810464720053,0.0003114105584446796,1.0354938381543608,0.2088607594936709,0.12658227848101267,0.3924050632911392,0.2721518987341772
228,67.19206632915123,1000,0.3187426788544329,0.00030982118529863353,1.1057692877319076,0.387,0.11,0.23,0.273
229,-15.11604753499221,1000,0.31715519898949374,0.00030823992397451796,1.0741475534962543,0.172,0.127,0.453,0.248
230,76.25880270600662,1000,0.31557562547813933,0.0003066667330713219,1.0761226077462067,0.142,0.112,0.185,0.561
231,49.700592487052084,1000,0.3140039189432234,0.0003051015713993363,1.0917299639692666,0.374,0.136,0.326,0.164
232,77.09487620340138,1000,0.3124400402037151,0.00030354439797907574,1.0532000790850746,0.442,0.129,0.291,0.138
233,-191.27570740697476,503,0.3108839502737227,0.0003019951720402052,1.0031204409867935,0.10337972166998012,0.13518886679920478,0.43538767395626243,0.3260437375745527
234,-28.769374015095508,110,0.30933561036152135,0.00030045385302047284,0.9918797788537583,0.16363636363636364,0.24545454545454545,0.4,0.19090909090909092
235,132.53173525520666,1000,0.3077949818685863,0.0002989204005646479,1.0582696103291067,0.515,0.14,0.227,0.118
236,60.41354433166531,1000,0.3062620263886305,0.00029739477452346417,1.0278829566474401,0.317,0.143,0.373,0.167
237,43.19681497914947,1000,0.3047367057066472,0.00029587693495256864,1.0492573262036737,0.272,0.134,0.417,0.177
238,18.33610870490301,1000,0.3032189817979574,0.00029436684211147583,1.0393514745016688,0.251,0.32,0.316,0.113
239,125.41157675271064,1000,0.3017088168272619,0.0002928644564625272,1.0333790860792735,0.248,0.384,0.259,0.109
240,45.649134158300484,118,0.30020617314769793,0.0002913697386698561,0.9842738113600235,0.17796610169491525,0.15254237288135594,0.4661016949152542,0.2033898305084746
241,-1.3221557017773335,82,0.2987110132999009,0.0002898826495983576,1.0273833000432735,0.0975609756097561,0.1951219512195122,0.5853658536585366,0.12195121951219512
242,113.53721687688122,1000,0.2972233000110704,0.0002884031503126642,1.0115416539762143,0.52,0.096,0.243,0.141
243,-48.244359192271,149,0.2957429961940411,0.00028693120207612594,0.9836309725868806,0.09395973154362416,0.2080536912751678,0.46308724832214765,0.2348993288590604
244,23.103844652477694,1000,0.29427006494635827,0.0002854667663497968,1.0124907309876394,0.276,0.106,0.348,0.27
245,-5.608653541675778,117,0.2928044695493577,0.00028400980479142507,1.0612903596739336,0.09401709401709402,0.1623931623931624,0.5299145299145299,0.21367521367521367
246,130.81232453449564,1000,0.2913461734672504,0.00028256027925444986,0.9896109371209686,0.121,0.114,0.14,0.625
247,3.6499933042666015,1000,0.28989514034621183,0.0002811181517870022,0.9732614975540482,0.158,0.386,0.353,0.103
248,101.79070148654613,1000,0.2884513340134756,0.0002796833846309113,0.9959580988849174,0.401,0.112,0.172,0.315
249,75.71499284714095,1000,0.2870147184764318,0.00027825594022071605,0.9971771544374435,0.402,0.137,0.306,0.155
250,81.71685088902427,1000,0.28558525792172956,0.0002768357811826815,0.9827023085197285,0.464,0.122,0.282,0.132
251,-19.58485293414404,336,0.2841629167143845,0.0002754228703338202,0.9831566073531455,0.13095238095238096,0.15773809523809523,0.5625,0.1488095238095238
252,70.11478382417882,1000,0.28274765939689017,0.0002740171706809189,0.9969734406356038,0.338,0.127,0.407,0.128
253,58.99367268194038,1000,0.28133945068833427,0.0002726186454195696,0.9843597345105067,0.289,0.109,0.18,0.422
254,-11.346637156988137,72,0.2799382554835191,0.00027122725793320634,0.9790907947010692,0.18055555555555555,0.2361111111111111,0.4444444444444444,0.1388888888888889
255,-6.153077288306207,109,0.2785440388520863,0.0002698429717921463,1.0488372908033987,0.08256880733944955,0.23853211009174313,0.47706422018348627,0.2018348623853211
256,136.0686503022076,1000,0.27715676603764633,0.00026846575075263585,0.9934171212445564,0.564,0.111,0.196,0.129
257,23.425583452572027,161,0.27577640245691176,0.00026709555875590197,0.9600574570184228,0.055900621118012424,0.16770186335403728,0.5652173913043478,0.2111801242236025
258,-26.534035281658078,97,0.2744029136988354,0.00026573235992720774,0.9634876604989708,0.15463917525773196,0.25773195876288657,0.4020618556701031,0.18556701030927836
259,47.604476499043265,1000,0.2730362655237522,0.00026437611857491343,0.963066836660777,0.161,0.355,0.36,0.124
260,45.955282632668,1000,0.2716764238625259,0.00026302679918954166,1.000352947715591,0.176,0.4,0.282,0.142
261,107.06647790701675,1000,0.2703233548156995,0.000261684366442848,0.985053203359854,0.33,0.327,0.229,0.114
262,-34.01756870865589,184,0.2689770246526506,0.00026034878518689574,0.9687763933082493,0.10869565217391304,0.17391304347826086,0.5,0.21739130434782608
263,-198.51435396843038,604,0.26763739981075,0.00025902002045313587,0.9605751624754445,0.07781456953642384,0.3708609271523179,0.41225165562913907,0.1390728476821192
264,96.8395677504714,1000,0.2663044468945255,0.0002576980374514913,0.9806297572526097,0.458,0.099,0.162,0.281
265,74.84553908359433,1000,0.2649781326748289,0.0002563828015694461,0.9675960870107988,0.296,0.223,0.203,0.278
266,64.36562844627679,1000,0.26365842408800805,0.00025507427837113934,1.0000859642555842,0.316,0.385,0.194,0.105
267,94.93179324791662,1000,0.26234528823508246,0.00025377243359646324,0.96721663676416,0.286,0.252,0.29,0.172
268,2.640012727367605,101,0.2610386923809231,0.00025247723316016644,0.9248771438823925,0.3069306930693069,0.09900990099009901,0.43564356435643564,0.15841584158415842
269,116.40153835643542,1000,0.25973860395343634,0.0002511886431509614,0.9428670166906667,0.396,0.11,0.236,0.258
270,90.1289386974428,1000,0.25844499054275216,0.0002499066298306366,0.9483342758073607,0.141,0.089,0.205,0.565
271,140.68765091057915,1000,0.257157819900416,0.00024863115963317297,0.9216029138065912,0.58,0.096,0.213,0.111
272,89.78504039394959,1000,0.2558770599385848,0.0002473621991638655,0.9294499056601941,0.43,0.184,0.253,0.133
273,-28.73819761832158,83,0.25460267872922737,0.0002460997151984486,0.9278986572515174,0.0963855421686747,0.24096385542168675,0.42168674698795183,0.24096385542168675
274,-16.047027209893486,78,0.25333464450332815,0.00024484367468222606,0.9484171706427551,0.3717948717948718,0.038461538461538464,0.46153846153846156,0.1282051282051282
275,223.54122089657508,325,0.25207292565009537,0.00024359404472920604,0.9175365195187791,0.31076923076923074,0.15384615384615385,0.38153846153846155,0.15384615384615385
276,73.27643114193948,1000,0.25081749071617304,0.00024235079262123965,0.9034519259296357,0.523,0.11,0.191,0.176
277,183.89154388001396,947,0.24956830840485686,0.00024111388580716448,0.9297067598915221,0.08130939809926083,0.06969376979936642,0.10982048574445617,0.7391763463569165
278,107.64063480403918,1000,0.2483253475753139,0.00023988329190195238,0.9179040158205146,0.38,0.288,0.228,0.104
279,104.7482168813633,1000,0.24708857724180652,0.00023865897868586143,0.8881355217947924,0.157,0.07,0.131,0.642
280,120.386780384928,1000,0.24585796657291967,0.0002374409141035924,0.9135059219217678,0.562,0.114,0.185,0.139
281,118.14559833218087,1000,0.24463348489079248,0.00023622906626344953,0.8878192773218682,0.609,0.088,0.155,0.148
282,-19.715717898347705,73,0.2434151016703534,0.0002350234034365054,0.8827103115496401,0.2054794520547945,0.0821917808219178,0.5616438356164384,0.1506849315068493
283,119.85367180810519,1000,0.2422027865385593,0.00023382389405577036,0.8959239359543251,0.494,0.184,0.224,0.098
284,35.57298264541595,1000,0.24099650927363828,0.00023263050671536593,0.8742636246555043,0.246,0.149,0.307,0.298
285,30.016320129009813,74,0.2397962398043362,0.0002314432101697025,0.8562429982300619,0.0945945945945946,0.20270270270270271,0.5135135135135135,0.1891891891891892
286,208.4343114886995,720,0.23860194820916716,0.00023026197333266135,0.8771456631013987,0.42083333333333334,0.19305555555555556,0.225,0.16111111111111112
287,148.85825401224642,1000,0.2374136047156675,0.00022908676527678062,0.8500659973138451,0.594,0.2,0.111,0.095
288,115.16087041265062,1000,0.23623117969965363,0.0002279175552324457,0.8538706864043836,0.48,0.083,0.172,0.265
289,243.69861839176926,717,0.23505464368448353,0.00022675431258708346,0.8415646125466024,0.6108786610878661,0.11297071129707113,0.16178521617852162,0.11436541143654114
290,138.61058016907734,1000,0.23388396734032196,0.0002255970068843609,0.843805417293568,0.667,0.119,0.11,0.104
291,132.3270112578054,1000,0.23271912148340923,0.00022444560782338763,0.8213845927992186,0.626,0.16,0.144,0.07
292,5.6161465223541995,83,0.2315600770753337,0.00022330008525792253,0.8018450267336568,0.08433734939759036,0.2289156626506024,0.4939759036144578,0.1927710843373494
293,-22.388613512533297,111,0.2304068052223079,0.00022216040919558445,0.7972181142461411,0.1981981981981982,0.2072072072072072,0.40540540540540543,0.1891891891891892
294,25.153927284301773,109,0.22925927717444824,0.000221026549797067,0.8481873587012861,0.13761467889908258,0.1559633027522936,0.48623853211009177,0.22018348623853212
295,42.05446755871657,100,0.22811746432505836,0.0002198984773753573,0.8218721496794896,0.08,0.2,0.61,0.11
296,263.7130327945587,486,0.2269813382099158,0.00021877616239495854,0.8480411676108698,0.6275720164609053,0.12757201646090535,0.16666666666666666,0.07818930041152264
297,33.187580601913794,95,0.2258508705065627,0.0002176595754711169,0.8304213187111514,0.21052631578947367,0.14736842105263157,0.4842105263157895,0.15789473684210525
298,224.89792482483594,665,0.22472603303359945,0.000216548687369052,0.8209487373410893,0.43909774436090226,0.1699248120300752,0.27518796992481204,0.11578947368421053
299,48.648279637209185,119,0.2236067977499824,0.00021544346900319165,0.8034998106341558,0.058823529411764705,0.15126050420168066,0.5714285714285714,0.2184873949579832
300,35.09100097916016,91,0.22249313675432472,0.00021434389143641013,0.8201006489032349,0.21978021978021978,0.12087912087912088,0.5054945054945055,0.15384615384615385
301,208.2137950925978,760,0.22138502228420082,0.00021324992587927068,0.8055981067994684,0.4486842105263158,0.14473684210526316,0.28157894736842104,0.125
302,-5.8889083288701585,102,0.22028242671545434,0.0002121615436892717,0.840202399157128,0.2549019607843137,0.10784313725490197,0.5,0.13725490196078433
303,97.11341755425545,1000,0.21918532256150944,0.00021107871637009683,0.8317335610789901,0.345,0.365,0.209,0.081
304,20.025442252199355,108,0.21809368247268562,0.00021000141557086878,0.8009320101612784,0.07407407407407407,0.2037037037037037,0.5185185185185185,0.2037037037037037
305,210.79255892568798,786,0.21700747923551592,0.00020892961308540718,0.8138257178703601,0.4529262086513995,0.15012722646310434,0.2913486005089059,0.10559796437659033
306,261.5257298719102,542,0.2159266857720685,0.00020786328085148993,0.7945077702596478,0.5018450184501845,0.11808118081180811,0.2564575645756458,0.12361623616236163
307,13.988219159154383,100,0.21485127513927166,0.00020680239095011854,0.7837198034823278,0.08,0.21,0.52,0.19
308,129.6390917586672,1000,0.21378122052824208,0.00020574691560478717,0.8069241603688431,0.674,0.095,0.138,0.093
309,17.945235045641112,106,0.21271649526361663,0.00020469682718075532,0.825718054436002,0.24528301886792453,0.1509433962264151,0.4056603773584906,0.19811320754716982
310,3.527550158304635,80,0.21165707280288729,0.00020365209818432435,0.796466966650043,0.05,0.25,0.5125,0.1875
311,119.21706072025518,1000,0.2106029267357395,0.00020261270126211757,0.7843853864702947,0.614,0.09,0.192,0.104
312,104.39517383953812,1000,0.20955403078339377,0.0002015786092003641,0.7984934102100472,0.319,0.407,0.193,0.081
313,14.730513976495175,114,0.2085103587979506,0.00020054979492418635,0.824591015708745,0.14912280701754385,0.14035087719298245,0.5,0.21052631578947367
314,181.1969199644613,771,0.20747188476173858,0.00019952623149689116,0.8071488457168561,0.08430609597924774,0.06874189364461739,0.19066147859922178,0.6562905317769131
315,4.2817456871776045,95,0.2064385827866659,0.0001985078921192645,0.8090452960351702,0.06315789473684211,0.22105263157894736,0.4842105263157895,0.23157894736842105
316,10.971833849453247,90,0.20541042711357488,0.00019749475012886982,0.7824831758591404,0.1111111111111111,0.14444444444444443,0.5444444444444444,0.2
317,-32.57546757913438,115,0.2043873921115999,0.00019648677899934995,0.7827072150214576,0.23478260869565218,0.13043478260869565,0.5043478260869565,0.13043478260869565
318,-31.85361090333069,86,0.20336945227752837,0.00019548395233973259,0.7941480937338871,0.1511627906976744,0.22093023255813954,0.37209302325581395,0.2558139534883721
319,152.0586000718424,1000,0.20235658223516506,0.0001944862438937394,0.7993633314257397,0.636,0.087,0.152,0.125
320,116.33712728093356,877,0.2013487567346994,0.0001934936275390984,0.7888956268430265,0.2063854047890536,0.1847206385404789,0.49942987457240595,0.10946408209806158
321,121.55994665517522,1000,0.20034595065207608,0.0001925060772868602,0.7910468518615525,0.391,0.068,0.145,0.396
322,162.99333453993074,1000,0.19934813898836876,0.00019152356728071747,0.7833278375254537,0.691,0.085,0.12,0.104
323,145.9084758564838,1000,0.1983552968691568,0.00019054607179632788,0.7862061220094017,0.717,0.098,0.114,0.071
324,278.66691029739076,538,0.1973673995439052,0.00018957356524064073,0.7626653591195502,0.5929368029739777,0.07992565055762081,0.18773234200743494,0.13940520446096655
325,22.117903564520958,88,0.19638442238534762,0.0001886060221512268,0.8027729972076206,0.20454545454545456,0.07954545454545454,0.5681818181818182,0.14772727272727273
326,226.48466997841157,413,0.19540634088887243,0.00018764341719561167,0.7679154073149883,0.08958837772397095,0.6319612590799032,0.1791767554479419,0.09927360774818401
327,56.35718553652413,79,0.1944331306719118,0.00018668572517061246,0.7206269317645477,0.012658227848101266,0.1518987341772152,0.620253164556962,0.21518987341772153
328,29.262774201509274,112,0.19346476747333397,0.00018573292100167797,0.7962944247942286,0.0625,0.20535714285714285,0.4732142857142857,0.25892857142857145
329,278.77731676479436,707,0.19250122715283827,0.0001847849797422322,0.7719405023389302,0.5077793493635078,0.09759547383309759,0.19236209335219237,0.20226308345120225
330,32.287989602321915,122,0.19154248569035348,0.00018384187657302114,0.8340272871776917,0.20491803278688525,0.22131147540983606,0.39344262295081966,0.18032786885245902
331,222.40229692991073,427,0.190588519185439,0.00018290358680146294,0.7816154490382772,0.38173302107728335,0.2224824355971897,0.3161592505854801,0.07962529274004684
332,156.9112863361244,1000,0.18963930385668903,0.00018197008586100144,0.7740571784612751,0.387,0.078,0.16,0.375
333,-46.28512370348102,121,0.18869481604113966,0.00018104134931046296,0.7745827006806633,0.3140495867768595,0.12396694214876033,0.4214876033057851,0.14049586776859505
334,204.70161651377805,567,0.1877550321936791,0.00018011735283341638,0.7879310690280085,0.06349206349206349,0.6472663139329806,0.18694885361552027,0.10229276895943562
335,228.87972134264922,214,0.18681992888646057,0.00017919807223753644,0.73796034394179,0.1261682242990654,0.10747663551401869,0.3364485981308411,0.42990654205607476
336,111.8571486468297,1000,0.18588948280831843,0.00017828348345397035,0.74911546761452,0.621,0.132,0.15,0.097
337,49.77154439333333,1000,0.18496367076418696,0.0001773735625367076,0.7616492845160192,0.106,0.049,0.14,0.705
338,85.77180044583201,1000,0.18404246967452215,0.00017646828566195307,0.7534116570709327,0.366,0.468,0.108,0.058
339,249.12052652394192,408,0.18312585657472633,0.00017556762912750317,0.7538682308225025,0.5147058823529411,0.14950980392156862,0.21323529411764705,0.12254901960784313
340,283.31767622376935,363,0.18221380861457573,0.00017467156935212534,0.7523131732212464,0.5922865013774105,0.07713498622589532,0.23415977961432508,0.09641873278236915
341,208.7920794828192,934,0.18130630305765083,0.00017378008287494056,0.7381383853818206,0.25160599571734477,0.44539614561027835,0.21948608137044967,0.0835117773019272
342,257.92462838396204,506,0.18040331728076958,0.0001728931463548092,0.735356470283838,0.549407114624506,0.13043478260869565,0.19960474308300397,0.12055335968379446
343,-250.52557866196693,555,0.17950482877342336,0.0001720107365697198,0.7201913539302528,0.12612612612612611,0.3225225225225225,0.42882882882882883,0.12252252252252252
344,228.83940793650075,562,0.17861081513721588,0.00017113283041618108,0.7470524319751551,0.20106761565836298,0.12277580071174377,0.19572953736654805,0.4804270462633452
345,251.37516194674154,372,0.17772125408530481,0.00017025940490861708,0.7247644139718818,0.33064516129032256,0.13709677419354838,0.3951612903225806,0.13709677419354838
346,257.0689501167402,258,0.17683612344184615,0.00016939043717876533,0.749349476748331,0.35271317829457366,0.1434108527131783,0.3449612403100775,0.15891472868217055
347,2.743379694337534,118,0.17595540114144145,0.0001685259044750781,0.7119354123478536,0.13559322033898305,0.2288135593220339,0.4322033898305085,0.2033898305084746
348,251.7682517393171,422,0.17507906522858774,0.0001676657841621267,0.7374826998938357,0.3815165876777251,0.14454976303317535,0.3933649289099526,0.08056872037914692
349,303.65520510219324,406,0.17420709385713018,0.00016681005372000884,0.7311752024557562,0.47044334975369456,0.10098522167487685,0.24876847290640394,0.17980295566502463
350,274.8194282786849,650,0.17333946528971744,0.00016595869074375902,0.7219735803797103,0.5538461538461539,0.1,0.2246153846153846,0.12153846153846154
351,158.08550512570616,1000,0.1724761578972599,0.00016511167294276194,0.7105709158421812,0.692,0.076,0.124,0.108
352,116.42902057228176,1000,0.17161715015839032,0.0001642689781401688,0.7069170757019652,0.406,0.344,0.191,0.059
353,104.83703682790254,1000,0.1707624206589275,0.00016343058427231672,0.7015160140643083,0.317,0.451,0.174,0.058
354,305.62586934933717,376,0.16991194809134227,0.0001625964693881511,0.6880329985984965,0.42819148936170215,0.24468085106382978,0.21808510638297873,0.10904255319148937
355,156.48003892680595,1000,0.16906571125422645,0.00016176661164865082,0.7059544045325804,0.654,0.119,0.132,0.095
356,254.79672396848133,502,0.16822368905176427,0.00016094098932625646,0.6715246603118007,0.6215139442231076,0.099601593625498,0.20119521912350596,0.07768924302788845
357,128.75005187743437,1000,0.16738586049320645,0.00016011958080430143,0.6998864383453022,0.474,0.061,0.14,0.325
358,246.2316719788428,887,0.16655220469234697,0.00015930236457644602,0.6837484694058473,0.629086809470124,0.0992108229988726,0.18376550169109357,0.08793686583990981
359,239.91518775082253,418,0.1657227008670024,0.0001584893192461143,0.6892129781664078,0.4449760765550239,0.08851674641148326,0.1722488038277512,0.2942583732057416
360,91.80559082196928,1000,0.16489732833849374,0.00015768042352593388,0.701589441874429,0.215,0.412,0.274,0.099
361,-81.98306461602981,1000,0.16407606653113102,0.00015687565623717862,0.6869888266840496,0.106,0.254,0.533,0.107
362,294.59821562301227,190,0.16325889497170032,0.00015607499630921405,0.6829562454082254,0.4368421052631579,0.14736842105263157,0.32105263157894737,0.09473684210526316
363,264.8676981768694,469,0.16244579328895342,0.00015527842277894576,0.6840807591464102,0.5458422174840085,0.09381663113006397,0.2771855010660981,0.08315565031982942
364,253.41906962943307,314,0.16163674121309993,0.00015448591479027047,0.6793725700653233,0.5414012738853503,0.1178343949044586,0.23885350318471338,0.10191082802547771
365,109.81766905670396,1000,0.16083171857530196,0.00015369745159353004,0.6817997580876362,0.097,0.068,0.143,0.692
366,257.6766722377183,260,0.16003070530717145,0.00015291301254496815,0.6745762265858607,0.5038461538461538,0.13076923076923078,0.2846153846153846,0.08076923076923077
367,80.98629898447565,1000,0.1592336814402698,0.00015213257710618982,0.6697123711236891,0.309,0.334,0.265,0.092
368,138.34691058918347,1000,0.15844062710561005,0.00015135612484362367,0.6666722362637947,0.442,0.284,0.194,0.08
369,250.9237323600747,791,0.15765152253316161,0.0001505836354279869,0.6597494241887267,0.5689001264222503,0.0897597977243995,0.23640960809102401,0.10493046776232617
370,91.49120827866827,1000,0.15686634805135746,0.00014981508863375306,0.6619558703191313,0.24,0.072,0.16,0.528
371,162.70074235473916,1000,0.15608508408660363,0.00014905046433862245,0.6776114397722404,0.55,0.076,0.11,0.264
372,179.68302531687053,788,0.15530771116279135,0.0001482897425229953,0.6588667544652429,0.19035532994923857,0.12563451776649745,0.5368020304568528,0.14720812182741116
373,184.91806830413827,635,0.15453420990081157,0.00014753290326944765,0.6626022771091366,0.19370078740157481,0.11496062992125984,0.32755905511811023,0.3637795275590551
374,49.7762627587027,122,0.1537645610180717,0.0001467799267622098,0.6451386548070388,0.2459016393442623,0.16393442622950818,0.45081967213114754,0.13934426229508196
375,-13.87407666534014,107,0.15299874532801508,0.00014603079328664748,0.6815205203656747,0.11214953271028037,0.21495327102803738,0.4672897196261682,0.205607476635514
376,203.8373425705612,549,0.15223674373964258,0.0001452854832287458,0.6677877991153256,0.3770491803278688,0.09107468123861566,0.39526411657559196,0.1366120218579235
377,242.73382280068094,223,0.15147853725703672,0.00014454397707459556,0.6820143881559352,0.3273542600896861,0.17937219730941703,0.36771300448430494,0.12556053811659193
378,41.19236163911988,1000,0.1507241069788881,0.0001438062554098824,0.6586543835664403,0.172,0.488,0.245,0.095
379,56.92399024917091,127,0.14997343409802424,0.00014307229891937854,0.6748286329577342,0.13385826771653545,0.2125984251968504,0.4645669291338583,0.1889763779527559
380,213.0013346153271,346,0.1492264999009407,0.00014234208838643692,0.6672215861194434,0.25722543352601157,0.1531791907514451,0.4393063583815029,0.15028901734104047
381,163.40976539944447,1000,0.14848328576733458,0.00014161560469248824,0.682967140569124,0.488,0.21,0.169,0.133
382,227.18185490594988,519,0.14774377316964035,0.00014089282881654024,0.6860904355019883,0.09826589595375723,0.603082851637765,0.21965317919075145,0.0789980732177264
383,244.16378231976023,343,0.147007943672568,0.00014017374183467976,0.6684031940885143,0.4752186588921283,0.1282798833819242,0.282798833819242,0.11370262390670553
384,275.4500534056831,393,0.14627577893264343,0.0001394583249195773,0.6597916245683564,0.5343511450381679,0.11195928753180662,0.2748091603053435,0.07888040712468193
385,260.92938145757694,247,0.14554726069775115,0.00013874655933999398,0.6746665453370152,0.4008097165991903,0.1700404858299595,0.32388663967611336,0.10526315789473684
386,125.81964997987794,1000,0.1448223708066793,0.00013803842646029123,0.6735452914139503,0.323,0.465,0.147,0.065
387,278.82696709439665,246,0.14410109118866696,0.0001373339077399428,0.6738785037123668,0.22764227642276422,0.1016260162601626,0.483739837398374,0.18699186991869918
388,256.7844925497304,241,0.14338340386295353,0.00013663298473304928,0.6562697107405927,0.3153526970954357,0.14522821576763487,0.3900414937759336,0.14937759336099585
389,249.85036232386707,533,0.1426692909383306,0.0001359356390878553,0.6574561204576207,0.27392120075046905,0.1350844277673546,0.4634146341463415,0.1275797373358349
390,223.94407109351516,643,0.14195873461269595,0.00013524185254626883,0.661150236900533,0.07153965785381027,0.08087091757387248,0.17884914463452567,0.6687402799377916
391,241.43791660510755,395,0.14125171717260968,0.00013455160694338334,0.6669085228702181,0.5189873417721519,0.14177215189873418,0.2430379746835443,0.09620253164556962
392,197.3053186773486,274,0.1405482209928527,0.00013386488420700205,0.6720543885669987,0.08759124087591241,0.27007299270072993,0.3175182481751825,0.3248175182481752
393,184.25561481294318,570,0.13984822853598727,0.00013318166635716485,0.6642323447055382,0.3912280701754386,0.3684210526315789,0.18947368421052632,0.05087719298245614
394,267.9083760221969,218,0.13915172235191997,0.00013250193550567755,0.664716716155456,0.42660550458715596,0.12844036697247707,0.3073394495412844,0.13761467889908258
395,268.21611137153286,533,0.13845868507746648,0.00013182567385564342,0.6526897880482508,0.6078799249530957,0.1050656660412758,0.20075046904315197,0.08630393996247655
396,238.60312311180238,880,0.1377690994359189,0.00013115286370099735,0.662914886557855,0.696590909090909,0.07386363636363637,0.13068181818181818,0.09886363636363636
397,262.17602910630103,555,0.13708294823661493,0.00013048348742604221,0.6624909542293195,0.5711711711711712,0.12972972972972974,0.22702702702702704,0.07207207207207207
398,177.64421124278405,403,0.13640021437450947,0.00012981752750498761,0.670787481935988,0.13895781637717122,0.08933002481389578,0.38957816377171217,0.38213399503722084
399,263.30488792724344,348,0.1357208808297481,0.0001291549665014911,0.6594630077636291,0.15517241379310345,0.5172413793103449,0.25287356321839083,0.07471264367816093
400,285.03145694622987,299,0.13504493066724277,0.00012849578706820153,0.6646340814017239,0.3076923076923077,0.13377926421404682,0.4013377926421405,0.15719063545150502
401,226.8781107921218,212,0.13437234703624976,0.00012783997194630505,0.63500733476946,0.15566037735849056,0.08018867924528301,0.4386792452830189,0.32547169811320753
402,236.7042946023443,431,0.13370311316994946,0.00012718750396507303,0.6551689939921175,0.46635730858468677,0.13225058004640372,0.2737819025522042,0.12761020881670534
403,269.30331745006475,443,0.1330372123850285,0.0001265383660414126,0.641366972920422,0.4785553047404063,0.07223476297968397,0.3160270880361174,0.13318284424379231
404,249.72342511162822,563,0.13237462808126377,0.0001258925411794194,0.6435865610857843,0.6145648312611013,0.10301953818827708,0.1847246891651865,0.09769094138543517
405,261.7475219881669,253,0.13171534374110866,0.00012525001246993246,0.6391540649133378,0.4268774703557312,0.11462450592885376,0.3794466403162055,0.07905138339920949
406,71.69892775741181,1000,0.13105934292928123,0.00012461076309009165,0.652772602181841,0.322,0.5,0.126,0.052
407,255.66139741145227,416,0.1304066092923546,0.00012397477630289708,0.6699136992687662,0.5408653846153846,0.11298076923076923,0.21394230769230768,0.13221153846153846
408,285.2756263373029,223,0.12975712655834912,0.00012334203545677095,0.6636262652136498,0.29596412556053814,0.07174887892376682,0.3542600896860987,0.27802690582959644
409,-77.77630347047847,1000,0.12911087853632688,0.00012271252398512162,0.6511989332186079,0.117,0.214,0.539,0.13
410,127.11443982338861,1000,0.128467849115988,0.00012208622540590974,0.6499378998039966,0.482,0.052,0.114,0.352
411,273.85667768281036,251,0.12782802226726903,0.00012146312332121679,0.659121179236043,0.4820717131474104,0.10358565737051793,0.2788844621513944,0.13545816733067728
412,10.883846757344926,102,0.12719138203994332,0.00012084320141681574,0.6468397667229067,0.19607843137254902,0.1568627450980392,0.4803921568627451,0.16666666666666666
413,226.3476185702255,321,0.1265579125632235,0.0001202264434617439,0.681808543512957,0.48598130841121495,0.09657320872274143,0.2834890965732087,0.13395638629283488
414,219.02445129640034,933,0.12592759804536563,0.00011961283330787796,0.6520311348426643,0.27116827438370844,0.5284030010718114,0.1307609860664523,0.06966773847802786
415,270.03109105336944,335,0.1253004227732758,0.00011900235488951118,0.627733120348355,0.5880597014925373,0.1044776119402985,0.24776119402985075,0.05970149253731343
416,201.53284034993564,873,0.12467637111211817,0.00011839499222293278,0.6599951680063194,0.4662084765177549,0.24398625429553264,0.2256586483390607,0.06414662084765177
417,249.6628021691522,196,0.12405542750492535,0.00011779072940600942,0.6663453242952305,0.3826530612244898,0.14285714285714285,0.3826530612244898,0.09183673469387756
418,247.92936508563895,194,0.12343757647221056,0.00011718955061776886,0.6357603525907439,0.27319587628865977,0.17525773195876287,0.42783505154639173,0.12371134020618557
419,28.35630914004463,99,0.1228228026115817,0.00011659144011798575,0.625289420857612,0.12121212121212122,0.1717171717171717,0.5252525252525253,0.18181818181818182
420,248.09144247318957,197,0.12221109059735742,0.00011599638224676948,0.6602857233554174,0.2639593908629442,0.19289340101522842,0.4213197969543147,0.1218274111675127
421,158.12167668724123,1000,0.12160242518018508,0.00011540436142415419,0.6394894101090816,0.169,0.043,0.149,0.639
422,259.2940352505616,205,0.12099679118666054,0.00011481536214969084,0.625424670834416,0.07804878048780488,0.0975609756097561,0.44878048780487806,0.375609756097561
423,238.7119742836417,383,0.12039417351894997,0.0001142293690020414,0.6324203087021995,0.46475195822454307,0.08616187989556136,0.2950391644908616,0.15404699738903394
424,126.43294287676135,1000,0.11979455715441345,0.00011364636663857504,0.6458491324711435,0.247,0.57,0.13,0.053
425,261.839159015444,175,0.11919792714523043,0.00011306633979496645,0.6215573965056457,0.2342857142857143,0.13142857142857142,0.52,0.11428571428571428
426,281.176279237825,308,0.11860426861802718,0.0001124892732847962,0.6335635642037281,0.25,0.31493506493506496,0.262987012987013,0.17207792207792208
427,-0.11337887670838143,83,0.11801356677350594,0.00011191515199915312,0.5960387337618354,0.1927710843373494,0.0963855421686747,0.5662650602409639,0.14457831325301204
428,248.10807052583726,273,0.11742580688607601,0.00011134396090623867,0.6183747370845536,0.17216117216117216,0.19413919413919414,0.4542124542124542,0.1794871794871795
429,-30.865159746656133,78,0.11684097430348667,0.00011077568505097344,0.6155826643137212,0.1794871794871795,0.16666666666666666,0.46153846153846156,0.19230769230769232
430,240.84577805825774,284,0.1162590544464619,0.00011021030955460552,0.6292903666450596,0.5809859154929577,0.08098591549295775,0.24647887323943662,0.09154929577464789
431,230.29275628430048,233,0.11568003280833696,0.00010964781961432101,0.6393027805595252,0.3948497854077253,0.12875536480686695,0.3648068669527897,0.11158798283261803
432,168.43059409034402,1000,0.1151038949546967,0.00010908820050285642,0.6332871764282743,0.472,0.068,0.167,0.293
433,262.10279717384424,387,0.11453062652301578,0.00010853143756811307,0.6432485161889604,0.6434108527131783,0.07235142118863049,0.20930232558139536,0.07493540051679587
434,269.28509997232766,157,0.1139602132223006,0.00010797751623277346,0.6678231338751817,0.29936305732484075,0.12738853503184713,0.445859872611465,0.12738853503184713
435,107.23185021327464,1000,0.11339264083273302,0.00010742642199391962,0.6263315419071064,0.534,0.279,0.115,0.072
436,68.28742056705242,1000,0.11282789520531596,0.00010687814042265338,0.629630058133382,0.356,0.422,0.18,0.042
437,268.44453135177423,363,0.11226596226152054,0.0001063326571637186,0.6364899017314942,0.1928374655647383,0.18457300275482094,0.44352617079889806,0.1790633608815427
438,226.1617499545738,538,0.11170682799293526,0.00010578995793512529,0.6148680697465111,0.3345724907063197,0.38661710037174724,0.241635687732342,0.03717472118959108
439,201.1800991863678,576,0.11115047846091669,0.00010525002852777575,0.6164795630769409,0.25,0.3732638888888889,0.3055555555555556,0.07118055555555555
440,255.39930638783815,213,0.11059689979624203,0.0001047128548050924,0.6362081832251735,0.38497652582159625,0.1596244131455399,0.3568075117370892,0.09859154929577464
441,272.564537354441,162,0.11004607819876336,0.00010417842270264782,0.6371602380172807,0.20987654320987653,0.11728395061728394,0.5246913580246914,0.14814814814814814
442,266.7324661383978,476,0.1094979999370636,0.00010364671822779637,0.606368944973846,0.33613445378151263,0.18067226890756302,0.39285714285714285,0.09033613445378151
443,246.89275949874587,238,0.10895265134811426,0.00010311772745930794,0.6103566072523559,0.31512605042016806,0.13865546218487396,0.3865546218487395,0.15966386554621848
444,224.02954734830678,346,0.10841001883693473,0.0001025914365470034,0.6177555179846042,0.26011560693641617,0.12716763005780346,0.5057803468208093,0.1069364161849711
445,296.9957502199518,322,0.10787008887625348,0.00010206783171139196,0.6145324374202374,0.13975155279503104,0.30745341614906835,0.2639751552795031,0.2888198757763975
446,216.08131645919417,466,0.10733284800617075,0.00010154689924331044,0.6220273057749732,0.09227467811158799,0.055793991416309016,0.2145922746781116,0.6373390557939914
447,250.32637547590514,186,0.10679828283382309,0.00010102862550356429,0.632729954278703,0.3548387096774194,0.13440860215053763,0.3978494623655914,0.11290322580645161
448,302.3039158378383,291,0.10626638003304942,0.00010051299692257053,0.6264484527122068,0.36769759450171824,0.19931271477663232,0.32646048109965636,0.10652920962199312
449,95.11115737499982,1000,0.10573712634405887,0.0001000000000000024,0.6275483777546974,0.166,0.036,0.106,0.692
450,273.41285987881633,274,0.10521050857310017,9.948962130443598e-05,0.6353636764760776,0.21897810218978103,0.17883211678832117,0.4635036496350365,0.1386861313868613
451,263.49179395951245,210,0.10468651359213282,9.898184747299844e-05,0.6151473348497525,0.24761904761904763,0.18095238095238095,0.38571428571428573,0.18571428571428572
452,253.13049260474497,246,0.10416512833849978,9.847666521101821e-05,0.6251827126198333,0.4715447154471545,0.056910569105691054,0.3821138211382114,0.08943089430894309
453,265.2078769690078,190,0.1036463398146018,9.797406129167691e-05,0.6142327357957844,0.45789473684210524,0.15263157894736842,0.33157894736842103,0.05789473684210526
454,227.87454037255952,231,0.1031301350875735,9.747402255566301e-05,0.6243436982423998,0.31601731601731603,0.14285714285714285,0.39826839826839827,0.14285714285714285
455,222.7238050286794,307,0.10261650128896083,9.69765359108273e-05,0.6152160646316884,0.2931596091205212,0.34527687296416937,0.2931596091205212,0.06840390879478828
456,268.134295948694,310,0.10210542561440039,9.648158833184013e-05,0.6310721484586839,0.2806451612903226,0.17096774193548386,0.4,0.14838709677419354
457,272.0119110801147,586,0.10159689532330018,9.598916685985032e-05,0.6141342369284308,0.5665529010238908,0.04948805460750853,0.16552901023890784,0.21843003412969283
458,266.16058509658416,240,0.10109089773852199,9.549925860214595e-05,0.6343026097101089,0.26666666666666666,0.12916666666666668,0.44166666666666665,0.1625
459,246.31275334438538,182,0.10058742024606539,9.501185073181671e-05,0.6160110132380683,0.21978021978021978,0.14285714285714285,0.4945054945054945,0.14285714285714285
460,265.05640781336183,396,0.10008645029475326,9.452693048741816e-05,0.6225830444192969,0.42676767676767674,0.12878787878787878,0.2803030303030303,0.16414141414141414
461,297.1463739349994,227,0.09958797539591889,9.404448517263751e-05,0.6167447191101614,0.1894273127753304,0.2643171806167401,0.4008810572687225,0.14537444933920704
462,264.6528895859067,513,0.0990919831230947,9.356450215596125e-05,0.6206474788758687,0.27680311890838205,0.1286549707602339,0.4619883040935672,0.13255360623781676
463,282.77481999365455,253,0.09859846111170241,9.308696887034445e-05,0.622723532031334,0.1541501976284585,0.1857707509881423,0.5019762845849802,0.15810276679841898
464,97.25965334273404,1000,0.09810739705874481,9.261187281288167e-05,0.6149124352169679,0.362,0.381,0.184,0.073
465,27.766646503605074,125,0.0976187787224991,9.213920154447967e-05,0.6457157987115743,0.248,0.056,0.616,0.08
466,278.73588359451566,678,0.09713259392221169,9.166894268953164e-05,0.611974667179566,0.4056047197640118,0.07079646017699115,0.1902654867256637,0.3333333333333333
467,168.72397354587082,947,0.09664883053779448,9.120108393559328e-05,0.6084117266295269,0.36219640971488914,0.08130939809926083,0.43400211193241817,0.12249208025343189
468,246.21384947891846,304,0.09616747650952286,9.073561303306037e-05,0.6135012444847665,0.5657894736842105,0.10526315789473684,0.24013157894736842,0.08881578947368421
469,302.17739577093846,352,0.09568851983773495,9.027251779484805e-05,0.6116226475965486,0.20170454545454544,0.4005681818181818,0.2727272727272727,0.125
470,225.3920009696797,390,0.09521194858253253,8.981178609607174e-05,0.6133298080586447,0.12051282051282051,0.5307692307692308,0.2692307692307692,0.07948717948717948
471,135.75872802511162,1000,0.09473775086348335,8.935340587372971e-05,0.6094689002547549,0.495,0.298,0.15,0.057
472,237.32543655080974,177,0.09426591485932499,8.88973651263872e-05,0.6066894926334492,0.4463276836158192,0.062146892655367235,0.4293785310734463,0.062146892655367235
473,238.12444038620654,284,0.09379642880767017,8.844365191386223e-05,0.6133252540796286,0.07746478873239436,0.5563380281690141,0.29225352112676056,0.07394366197183098
474,176.84771751532514,861,0.09332928100471348,8.799225435691295e-05,0.6030919977256957,0.053426248548199766,0.6178861788617886,0.20905923344947736,0.11962833914053426
475,128.70634710998627,1000,0.09286445980493968,8.754316063692666e-05,0.6019391794414961,0.369,0.041,0.112,0.478
476,248.86417122624357,358,0.09240195362083334,8.70963589956103e-05,0.6050344311071982,0.45251396648044695,0.12290502793296089,0.3128491620111732,0.11173184357541899
477,96.59529914379672,1000,0.09194175092259001,8.665183773468267e-05,0.5967185686715991,0.226,0.623,0.096,0.055
478,-21.97308049018981,1000,0.09148384023782877,8.620958521556806e-05,0.5969320169112495,0.196,0.084,0.478,0.242
479,243.435144050254,259,0.09102821015130624,8.576958985909162e-05,0.6047342710859342,0.3552123552123552,0.10038610038610038,0.4092664092664093,0.13513513513513514
480,244.1254185960032,529,0.09057484930463203,8.533184014517613e-05,0.593444273616662,0.6011342155009451,0.15122873345935728,0.15500945179584122,0.09262759924385633
481,283.6232989937771,176,0.09012374639598555,8.489632461254036e-05,0.611866396217059,0.23295454545454544,0.3068181818181818,0.38636363636363635,0.07386363636363637
482,259.26529340008915,193,0.08967489017983431,8.446303185839905e-05,0.5959858501694077,0.37823834196891193,0.09326424870466321,0.44041450777202074,0.08808290155440414
483,132.09230185208457,768,0.08922826946665352,8.40319505381643e-05,0.5872445759578331,0.13020833333333334,0.10026041666666667,0.4205729166666667,0.3489583333333333
484,213.3701864104787,802,0.08878387312264722,8.36030693651486e-05,0.5925140085366482,0.5498753117206983,0.21571072319201995,0.18204488778054864,0.05236907730673317
485,262.9677052682558,318,0.0883416900694707,8.317637711026927e-05,0.5855379284295912,0.3333333333333333,0.12578616352201258,0.39308176100628933,0.14779874213836477
486,84.27987885526703,1000,0.08790170928395427,8.275186260175448e-05,0.588562779906343,0.238,0.539,0.181,0.042
487,278.96595482577544,228,0.08746391979782855,8.232951472485073e-05,0.6035481870847433,0.2324561403508772,0.13157894736842105,0.5087719298245614,0.12719298245614036
488,232.92304910337486,442,0.08702831069745101,8.190932242153187e-05,0.5884909895435242,0.09502262443438914,0.581447963800905,0.23529411764705882,0.08823529411764706
489,247.91336495858727,607,0.08659487112353387,8.149127469020957e-05,0.5822546142365742,0.6210873146622735,0.1186161449752883,0.19110378912685339,0.06919275123558484
490,275.97918974465824,261,0.08616359027087342,8.107536058544523e-05,0.5833435647674895,0.31417624521072796,0.1417624521072797,0.4099616858237548,0.13409961685823754
491,247.2552585816444,729,0.08573445738808068,8.066156921766346e-05,0.5922073630232132,0.48010973936899864,0.30315500685871055,0.16323731138545952,0.053497942386831275
492,268.579593264619,171,0.08530746177731334,8.024988975286695e-05,0.5999688170193718,0.24561403508771928,0.1286549707602339,0.5263157894736842,0.09941520467836257
493,218.88295384740377,333,0.0848825927940091,7.984031141235278e-05,0.5855049830766657,0.27627627627627627,0.24324324324324326,0.38738738738738737,0.09309309309309309
494,226.2848959726016,573,0.08445983984662027,7.943282347243025e-05,0.5750896184677121,0.07504363001745201,0.08376963350785341,0.2443280977312391,0.5968586387434555
495,264.27838184716467,267,0.0840391923963498,7.902741526414009e-05,0.586935678929505,0.4794007490636704,0.13108614232209737,0.2696629213483146,0.1198501872659176
496,211.71627102340125,366,0.0836206399568885,7.862407617297512e-05,0.5824701393307655,0.3825136612021858,0.16120218579234974,0.3770491803278688,0.07923497267759563
497,129.24181888480638,1000,0.08320417209415364,7.822279563860235e-05,0.5962800047167934,0.137,0.04,0.126,0.697
498,210.89893763795766,344,0.08278977842602886,7.782356315458647e-05,0.5897716059408148,0.34011627906976744,0.10174418604651163,0.4680232558139535,0.09011627906976744
499,255.03339230810695,367,0.08237744862210536,7.742636826811479e-05,0.5805108804511203,0.30517711171662126,0.27520435967302453,0.33242506811989103,0.08719346049046321
500,215.87810328416703,449,0.08196717240342434,7.703120057972354e-05,0.5863179943438209,0.44988864142538976,0.1403118040089087,0.18485523385300667,0.22494432071269488
501,186.3520621133587,389,0.08155893954222078,7.66380497430256e-05,0.5807903238674252,0.34190231362467866,0.18508997429305912,0.390745501285347,0.08226221079691516
502,102.54273721752021,1000,0.08115273986166843,7.624690546443961e-05,0.5932710687675119,0.109,0.049,0.193,0.649
503,249.60544466418185,242,0.08074856323562621,7.585775750292045e-05,0.5653436353891843,0.32644628099173556,0.1322314049586777,0.43388429752066116,0.10743801652892562
504,278.159647435561,183,0.08034639958838564,7.547059566969111e-05,0.5659211126635898,0.2786885245901639,0.2185792349726776,0.3114754098360656,0.1912568306010929
505,108.88430133875956,1000,0.0799462388944198,7.508540982797593e-05,0.5742468136650193,0.37,0.456,0.137,0.037
506,238.57648476047814,220,0.07954807117813331,7.470218989273521e-05,0.5793374270896295,0.2545454545454545,0.1318181818181818,0.44545454545454544,0.16818181818181818
507,248.93255075145692,286,0.07915188651361367,7.432092583040112e-05,0.5815970696301451,0.4160839160839161,0.10139860139860139,0.3741258741258741,0.10839160839160839
508,236.96486494621487,630,0.07875767502438383,7.394160765861504e-05,0.5871344732600314,0.30158730158730157,0.4936507936507937,0.1634920634920635,0.04126984126984127
509,251.67468407316028,281,0.078365426883156,7.356422544596616e-05,0.564663651568833,0.3096085409252669,0.11387900355871886,0.4483985765124555,0.12811387900355872
510,230.30050461452004,281,0.07797513231158659,7.318876931173151e-05,0.5614556799475163,0.40213523131672596,0.1387900355871886,0.3665480427046263,0.09252669039145907
511,268.46213004220266,247,0.07758678158003256,7.281522942561718e-05,0.5856324244049611,0.23481781376518218,0.1700404858299595,0.4331983805668016,0.16194331983805668
512,127.54635353551053,1000,0.07720036500730874,7.244359600750101e-05,0.5715537193323087,0.09,0.04,0.144,0.726
513,98.40429949528829,1000,0.07681587296044662,7.207385932717653e-05,0.5657813652237532,0.513,0.262,0.157,0.068
514,247.4936568598687,181,0.07643329585445409,7.170600970409811e-05,0.5535902659324923,0.2541436464088398,0.14917127071823205,0.4530386740331492,0.143646408839779
515,283.36153560203684,483,0.07605262415207657,7.134003750712762e-05,0.5702121573709258,0.4782608695652174,0.17184265010351968,0.18633540372670807,0.16356107660455488
516,240.24114816336805,258,0.07567384836355925,7.097593315428215e-05,0.5762145716724589,0.3023255813953488,0.14728682170542637,0.42248062015503873,0.12790697674418605
517,261.22069527636944,232,0.0752969590464105,7.061368711248323e-05,0.551061362065555,0.29310344827586204,0.1336206896551724,0.41810344827586204,0.15517241379310345
518,267.46961797024034,295,0.07492194680516646,7.025328989730719e-05,0.5657173562188447,0.28135593220338984,0.15932203389830507,0.4,0.15932203389830507
519,276.1085975171787,272,0.07454880229115689,6.989473207273681e-05,0.5762228057451813,0.22426470588235295,0.125,0.39705882352941174,0.2536764705882353
520,272.6198738649072,460,0.07417751620227203,6.953800425091434e-05,0.5611136061453376,0.48043478260869565,0.25217391304347825,0.1891304347826087,0.0782608695652174
521,6.358807813596357,170,0.07380807928273078,6.91830970918956e-05,0.5552336209473973,0.20588235294117646,0.12352941176470589,0.5588235294117647,0.11176470588235295
522,275.75851305529886,620,0.07344048232284993,6.883000130340553e-05,0.5589820906407932,0.40483870967741936,0.3596774193548387,0.1629032258064516,0.07258064516129033
523,206.7666344100899,343,0.07307471615881456,6.847870764059486e-05,0.550713001843426,0.21574344023323616,0.26239067055393583,0.4314868804664723,0.09037900874635568
524,55.86211698341252,1000,0.0727107716724496,6.812920690579805e-05,0.5634636176115145,0.146,0.587,0.231,0.036
525,84.24864552747412,1000,0.07234863979099258,6.778148994829249e-05,0.5567036026553174,0.151,0.058,0.276,0.515
526,219.04366281003055,395,0.07198831148686739,6.743554766405891e-05,0.5679787380054968,0.20253164556962025,0.13924050632911392,0.5113924050632911,0.1468354430379747
527,260.07628315383124,165,0.07162977777745924,6.709137099554301e-05,0.5798352994308834,0.21818181818181817,0.12121212121212122,0.4666666666666667,0.19393939393939394
528,233.92956099086254,286,0.07127302972489075,6.674895093141833e-05,0.5681344619913838,0.3356643356643357,0.17832167832167833,0.4160839160839161,0.06993006993006994
529,244.21934365875154,231,0.07091805843579913,6.64082785063503e-05,0.5495035010367051,0.2597402597402597,0.14285714285714285,0.4675324675324675,0.12987012987012986
530,218.090770665634,538,0.07056485506111447,6.606934480076148e-05,0.5660165133947764,0.2862453531598513,0.09665427509293681,0.3252788104089219,0.29182156133828996
531,103.78726751219887,1000,0.07021341079583919,6.573214094059807e-05,0.5627007267676662,0.079,0.047,0.186,0.688
532,229.8015187666777,310,0.06986371687882846,6.539665809709758e-05,0.565966048376259,0.2838709677419355,0.11935483870967742,0.46774193548387094,0.12903225806451613
533,217.41147216530194,328,0.06951576459257186,6.506288748655759e-05,0.5765599160896784,0.39634146341463417,0.06707317073170732,0.43597560975609756,0.10060975609756098
534,122.17357353044027,1000,0.06916954526297603,6.473082037010584e-05,0.5610291547278775,0.468,0.356,0.11,0.066
535,288.4575259799146,459,0.06882505025914844,6.440044805347146e-05,0.559117447441271,0.3355119825708061,0.12418300653594772,0.4226579520697168,0.11764705882352941
536,232.75002392160033,334,0.06848227099318223,6.407176188675723e-05,0.5445224800216488,0.38023952095808383,0.09281437125748503,0.4281437125748503,0.09880239520958084
537,110.06031900823213,1000,0.06814119891994212,6.374475326421318e-05,0.5582927634258067,0.646,0.052,0.17,0.132
538,217.5069992624402,172,0.06780182553685142,6.341941362401126e-05,0.5523655984247667,0.05813953488372093,0.38953488372093026,0.4186046511627907,0.13372093023255813
539,255.3706865845611,254,0.06746414238368,6.309573444802116e-05,0.5520045097233269,0.2677165354330709,0.1377952755905512,0.4566929133858268,0.1377952755905512
540,237.86004218997218,289,0.06712814104233344,6.27737072615873e-05,0.5593567930728633,0.4913494809688581,0.09342560553633218,0.33217993079584773,0.08304498269896193
541,286.57915643754006,274,0.06679381313664319,6.245332363330693e-05,0.5540824787924036,0.291970802919708,0.06569343065693431,0.34306569343065696,0.29927007299270075
542,217.70261906927084,558,0.0664611503321577,6.213457517480939e-05,0.5617624993953833,0.22580645161290322,0.14157706093189965,0.460573476702509,0.17204301075268819
543,224.28034500313373,381,0.06613014433593471,6.181745354053646e-05,0.5521059108115728,0.2020997375328084,0.3937007874015748,0.3359580052493438,0.06824146981627296
544,217.26122109428786,383,0.06580078689633446,6.150195042752389e-05,0.5579922990433815,0.37597911227154046,0.20887728459530025,0.30548302872062666,0.10966057441253264
545,249.21333978226855,234,0.06547306980281405,6.1188057575184e-05,0.5708632842096302,0.358974358974359,0.12393162393162394,0.4017094017094017,0.11538461538461539
546,232.18847522721632,654,0.0651469848857227,6.0875766765089345e-05,0.563277629775485,0.3058103975535168,0.26146788990825687,0.12385321100917432,0.308868501529052
547,267.46616300321705,373,0.0648225240160981,6.056506982075763e-05,0.560268858400087,0.3163538873994638,0.07506702412868632,0.5093833780160858,0.09919571045576407
548,183.32980071135182,442,0.06449967910546381,6.0255958607437554e-05,0.5580157865721449,0.06561085972850679,0.14705882352941177,0.5067873303167421,0.28054298642533937
549,266.66692370092244,241,0.06417844210562758,5.994842503189588e-05,0.554044432019188,0.37344398340248963,0.07468879668049792,0.47717842323651455,0.07468879668049792
550,251.53347230347316,217,0.0638588050084807,5.964246104220548e-05,0.5711068360876571,0.4377880184331797,0.05069124423963134,0.41935483870967744,0.09216589861751152
551,268.1250256532095,249,0.06354075984579843,5.933805862753456e-05,0.5587515969475512,0.20883534136546184,0.17670682730923695,0.4497991967871486,0.1646586345381526
552,307.6474917661511,228,0.0632242986890413,5.9035209817936916e-05,0.5528022219961914,0.22807017543859648,0.3026315789473684,0.32894736842105265,0.14035087719298245
553,256.0797610587508,179,0.06290941364915748,5.873390668414323e-05,0.5442742085686041,0.31843575418994413,0.1005586592178771,0.4972067039106145,0.08379888268156424
554,214.960430303777,298,0.06259609687638612,5.8434141337353506e-05,0.559084888118224,0.07718120805369127,0.13087248322147652,0.5100671140939598,0.28187919463087246
555,108.9646860456177,1000,0.06228434056006167,5.813590592903049e-05,0.5533948483088921,0.222,0.064,0.207,0.507
556,260.8505381429642,265,0.061974136928419146,5.7839192650694185e-05,0.55163367985437,0.22641509433962265,0.1471698113207547,0.4679245283018868,0.15849056603773584
557,185.4884564306717,332,0.06166547824840039,5.7543993733717426e-05,0.5590329447185527,0.14457831325301204,0.35542168674698793,0.4367469879518072,0.06325301204819277
558,274.23514314556417,242,0.061358356825461334,5.725030144912246e-05,0.5563349344751366,0.28512396694214875,0.15702479338842976,0.41735537190082644,0.14049586776859505
559,253.70052621122863,181,0.06105276500338012,5.695810810737859e-05,0.567914481864536,0.43646408839779005,0.15469613259668508,0.30939226519337015,0.09944751381215469
560,241.19639491567048,287,0.06074869516406628,5.666740605820084e-05,0.5402452955167059,0.14285714285714285,0.3588850174216028,0.40069686411149824,0.0975609756097561
561,216.6512566563664,572,0.06044613972737082,5.637818769034967e-05,0.5591528693467638,0.09615384615384616,0.666083916083916,0.18356643356643357,0.05419580419580419
562,272.6542271043845,214,0.060145091150897244,5.609044543143168e-05,0.5470823378064845,0.22429906542056074,0.17757009345794392,0.4392523364485981,0.1588785046728972
563,192.38714594267577,752,0.059845541929813534,5.580417174770135e-05,0.5515425178994212,0.17952127659574468,0.5531914893617021,0.2047872340425532,0.0625
564,268.974741763102,322,0.05954748459666506,5.551935914386379e-05,0.5606500423556658,0.4472049689440994,0.13975155279503104,0.3167701863354037,0.09627329192546584
565,241.8468815758796,376,0.05925091172118844,5.5236000162878504e-05,0.5406828533924545,0.2898936170212766,0.14893617021276595,0.46808510638297873,0.09308510638297872
566,-9.446908881421706,322,0.058955815910126275,5.495408738576414e-05,0.5434131342334151,0.2204968944099379,0.13975155279503104,0.5590062111801242,0.08074534161490683
567,238.44370147444113,146,0.05866218980704289,5.467361343140425e-05,0.5495954912205571,0.3972602739726027,0.0684931506849315,0.4520547945205479,0.0821917808219178
568,268.52639767051187,297,0.058370026092140904,5.439457095635402e-05,0.5507462303013839,0.18181818181818182,0.13468013468013468,0.5454545454545454,0.13804713804713806
569,236.72692077517425,259,0.058079317482078785,5.4116952654648034e-05,0.5607006477435733,0.11969111969111969,0.44015444015444016,0.33204633204633205,0.10810810810810811
570,234.52868840154724,385,0.05779005672978926,5.3840751257608944e-05,0.5434462511655384,0.1974025974025974,0.14285714285714285,0.4103896103896104,0.24935064935064935
571,206.9366972369877,321,0.05750223662429868,5.35659595336572e-05,0.5354169936693357,0.13395638629283488,0.3925233644859813,0.3862928348909657,0.08722741433021806
572,249.50874451383308,303,0.05721584999054722,5.329257028812169e-05,0.5599930105654037,0.3927392739273927,0.11551155115511551,0.34983498349834985,0.1419141914191419
573,245.73485373240447,239,0.056930889689210055,5.302057636305136e-05,0.5461611326816882,0.28451882845188287,0.12133891213389121,0.4811715481171548,0.11297071129707113
574,184.55610402947667,622,0.05664734861651935,5.2749970637027824e-05,0.5517448292865219,0.27491961414790994,0.12057877813504823,0.4758842443729904,0.12861736334405144
575,56.37799566899761,139,0.056365219704087186,5.248074602497889e-05,0.5323875671085526,0.1079136690647482,0.18705035971223022,0.5035971223021583,0.2014388489208633
576,264.8558936778397,300,0.056084495918729355,5.221289547799308e-05,0.5461366059977623,0.5266666666666666,0.07666666666666666,0.3433333333333333,0.05333333333333334
577,228.54207245890464,337,0.05580517026229002,5.1946411983135046e-05,0.5225262801461232,0.20771513353115728,0.14540059347181009,0.49554896142433236,0.1513353115727003
578,241.5168733311187,230,0.05552723577146726,5.1681288563261965e-05,0.5557340176212936,0.2608695652173913,0.1391304347826087,0.45217391304347826,0.14782608695652175
579,268.2287644134262,251,0.055250685517639495,5.141751827684087e-05,0.5450471383640376,0.199203187250996,0.1752988047808765,0.46215139442231074,0.16334661354581673
580,118.44117628268373,628,0.05497551260669274,5.11550942177669e-05,0.5544859778002544,0.1480891719745223,0.10191082802547771,0.47611464968152867,0.27388535031847133
581,233.51125153634655,951,0.05470171017884877,5.08940095151825e-05,0.5500915213173252,0.5678233438485805,0.04416403785488959,0.15036803364879076,0.23764458464773922
582,214.6705883796119,444,0.05442927140849408,5.063425733329746e-05,0.5316252793875385,0.33783783783783783,0.0990990990990991,0.46621621621621623,0.09684684684684684
583,301.1928645143563,248,0.05415818950400976,5.0375830871210034e-05,0.5504705979435003,0.2540322580645161,0.125,0.40725806451612906,0.21370967741935484
584,227.23107913583527,204,0.053888457707602165,5.011872336272881e-05,0.5392416905221243,0.27450980392156865,0.1323529411764706,0.4803921568627451,0.11274509803921569
585,236.77226379722845,228,0.05362006929513446,4.986292807619558e-05,0.535762607709997,0.24561403508771928,0.14912280701754385,0.4780701754385965,0.12719298245614036
586,242.02047117529264,345,0.05335301757595899,4.960843831430907e-05,0.538813100009217,0.5681159420289855,0.07246376811594203,0.2811594202898551,0.0782608695652174
587,227.88537419447164,294,0.053087295892750505,4.935524741394963e-05,0.5345086449465417,0.3401360544217687,0.10884353741496598,0.4217687074829932,0.1292517006802721
588,219.06468563414262,609,0.052822897621340174,4.910334874600474e-05,0.5289426436696814,0.451559934318555,0.1986863711001642,0.24958949096880131,0.10016420361247948
589,274.3818648111241,235,0.052559816170550465,4.885273571519545e-05,0.5253262341226344,0.28936170212765955,0.1574468085106383,0.41702127659574467,0.13617021276595745
590,254.82757405175295,271,0.05229804498203084,4.860340175990373e-05,0.5262239799781113,0.5756457564575646,0.06642066420664207,0.2988929889298893,0.05904059040590406
591,147.39913131506682,856,0.05203757753009425,4.8355340352000625e-05,0.5301711763869709,0.14369158878504673,0.27686915887850466,0.477803738317757,0.10163551401869159
592,311.1051889746046,277,0.051778407321554455,4.810854499667538e-05,0.5259493382924803,0.36462093862815886,0.18411552346570398,0.296028880866426,0.1552346570397112
593,263.602493223151,302,0.05152052789556417,4.786300923226537e-05,0.5318066058274088,0.45695364238410596,0.07947019867549669,0.3576158940397351,0.10596026490066225
594,251.02980340668583,192,0.051263932823453984,4.76187266300869e-05,0.5194356242563078,0.20833333333333334,0.15104166666666666,0.5104166666666666,0.13020833333333334
595,243.9918783415157,278,0.051008615708572125,4.737569079426693e-05,0.5170447653031398,0.19784172661870503,0.1618705035971223,0.5107913669064749,0.12949640287769784
596,259.9243974121765,196,0.050754570186124975,4.713389536157557e-05,0.5374524887863356,0.2653061224489796,0.12244897959183673,0.5,0.11224489795918367
597,264.5749283322711,211,0.0505017899230184,4.689333400125952e-05,0.5158666658368404,0.45023696682464454,0.13270142180094788,0.3127962085308057,0.10426540284360189
598,263.3553877038763,467,0.050250268617699906,4.665400041487629e-05,0.5164964385931362,0.26124197002141325,0.06638115631691649,0.19271948608137046,0.4796573875802998
599,227.19080837587632,238,0.05000000000000151,4.6415888336129295e-05,0.5144835941514438,0.36134453781512604,0.12605042016806722,0.40756302521008403,0.10504201680672269
600,254.71069659479767,589,0.05,4.617899153070379e-05,0.5104429180855857,0.41765704584040747,0.31918505942275044,0.18166383701188454,0.08149405772495756
601,272.926541285659,245,0.05,4.594330379610366e-05,0.5156155558246392,0.19183673469387755,0.17551020408163265,0.46530612244897956,0.1673469387755102
602,283.35541744687544,275,0.05,4.5708818961488994e-05,0.5123560304597546,0.04363636363636364,0.29818181818181816,0.32,0.3381818181818182
603,256.1686155601916,308,0.05,4.547553088751453e-05,0.5026824066829431,0.2077922077922078,0.14935064935064934,0.4805194805194805,0.16233766233766234
604,289.30002498962267,247,0.05,4.524343346616893e-05,0.4957470865920721,0.26720647773279355,0.14979757085020243,0.4251012145748988,0.15789473684210525
605,250.94809068601813,277,0.05,4.501252062061484e-05,0.48697093282835036,0.36823104693140796,0.1444043321299639,0.3898916967509025,0.09747292418772563
606,238.91563948779714,212,0.05,4.478278630502978e-05,0.5087554815460295,0.3018867924528302,0.09905660377358491,0.4528301886792453,0.14622641509433962
607,214.26808851780044,512,0.05,4.4554224504447877e-05,0.5004125567509259,0.318359375,0.09375,0.4921875,0.095703125
608,208.78111117757516,393,0.05,4.4326829234602346e-05,0.4909530330712883,0.08651399491094147,0.11195928753180662,0.4758269720101781,0.3256997455470738
609,272.349800599711,311,0.05,4.410059454176883e-05,0.4895105129085289,0.43086816720257237,0.09646302250803858,0.3890675241157556,0.08360128617363344
610,257.2351308725702,245,0.05,4.387551450260952e-05,0.49099116024210127,0.2979591836734694,0.09795918367346938,0.46938775510204084,0.1346938775510204
611,227.9919398348278,266,0.05,4.3651583224018043e-05,0.5054884862489695,0.32706766917293234,0.11278195488721804,0.4699248120300752,0.09022556390977443
612,222.0403844338822,944,0.05,4.3428794842965214e-05,0.48342309134893513,0.5052966101694916,0.2690677966101695,0.17796610169491525,0.04766949152542373
613,245.27720135573907,190,0.05,4.320714352634547e-05,0.48776183896376474,0.2894736842105263,0.12631578947368421,0.46842105263157896,0.11578947368421053
614,72.55575359917418,140,0.05,4.29866234708242e-05,0.5094982473664971,0.06428571428571428,0.21428571428571427,0.5357142857142857,0.18571428571428572
615,246.71652240820646,271,0.05,4.276722890268576e-05,0.48240237246736994,0.18450184501845018,0.14022140221402213,0.39114391143911437,0.28413284132841327
616,242.2791720948438,218,0.05,4.254895407768233e-05,0.4934043792076832,0.3073394495412844,0.12385321100917432,0.44036697247706424,0.12844036697247707
617,267.13309240799873,229,0.05,4.23317932808835e-05,0.4934954898805827,0.31877729257641924,0.14410480349344978,0.39737991266375544,0.13973799126637554
618,53.62999029126527,134,0.05,4.2115740826526656e-05,0.46813166469960754,0.05970149253731343,0.19402985074626866,0.5149253731343284,0.23134328358208955
619,202.38951293072742,256,0.05,4.19007910578681e-05,0.494239079984179,0.10546875,0.33203125,0.46875,0.09375
620,247.8370052525571,217,0.05,4.168693834703494e-05,0.4798198957721421,0.23963133640552994,0.16589861751152074,0.4423963133640553,0.15207373271889402
621,248.9507627483943,261,0.05,4.147417709487777e-05,0.4799687713851908,0.24904214559386972,0.0842911877394636,0.5095785440613027,0.15708812260536398
622,244.4731103309385,181,0.05,4.126250173082403e-05,0.48378273824342505,0.27624309392265195,0.16574585635359115,0.46408839779005523,0.09392265193370165
623,275.50514744821606,171,0.05,4.1051906712732176e-05,0.47601080634859094,0.29239766081871343,0.07602339181286549,0.5497076023391813,0.08187134502923976
624,286.9106052148961,260,0.05,4.084238652674659e-05,0.47713618701806304,0.17307692307692307,0.15384615384615385,0.47692307692307695,0.19615384615384615
625,254.97299037707185,260,0.05,4.063393568715319e-05,0.4768879024963442,0.25,0.21153846153846154,0.45,0.08846153846153847
626,262.49228572957963,215,0.05,4.04265487362358e-05,0.49784970904953485,0.14883720930232558,0.20930232558139536,0.4744186046511628,0.16744186046511628
627,244.81507997603205,261,0.05,4.022022024413328e-05,0.4866122949807716,0.2681992337164751,0.12643678160919541,0.4789272030651341,0.12643678160919541
628,267.63832106334394,314,0.05,4.001494480869733e-05,0.49112691473437975,0.16560509554140126,0.15605095541401273,0.5414012738853503,0.13694267515923567
629,289.7166481415878,346,0.05,3.981071705535108e-05,0.4836666187232514,0.3439306358381503,0.10115606936416185,0.35260115606936415,0.2023121387283237
630,302.1104965395176,201,0.05,3.960753163694834e-05,0.467949172376583,0.17412935323383086,0.20398009950248755,0.48258706467661694,0.13930348258706468
631,302.9016386450038,316,0.05,3.940538323363363e-05,0.4780553500142533,0.3670886075949367,0.14556962025316456,0.37658227848101267,0.11075949367088607
632,298.8792646513515,195,0.05,3.920426655270286e-05,0.46669253405476524,0.18974358974358974,0.2153846153846154,0.4512820512820513,0.14358974358974358
633,286.0208663902106,440,0.05,3.90041763284648e-05,0.47937908495102344,0.48863636363636365,0.1431818181818182,0.25227272727272726,0.1159090909090909
634,256.1478200577311,239,0.05,3.8805107322103155e-05,0.48208782159880725,0.24267782426778242,0.11297071129707113,0.5271966527196653,0.11715481171548117
635,260.4061450762921,259,0.05,3.860705432153946e-05,0.46876007833795696,0.3436293436293436,0.1274131274131274,0.4015444015444015,0.1274131274131274
636,277.61752902047,218,0.05,3.841001214129657e-05,0.4688447276135853,0.1651376146788991,0.17889908256880735,0.47706422018348627,0.17889908256880735
637,254.3773758335921,222,0.05,3.8213975622362915e-05,0.47413050722361333,0.38738738738738737,0.0945945945945946,0.3963963963963964,0.12162162162162163
638,242.95355010238632,234,0.05,3.801893963205743e-05,0.44813012819128634,0.2094017094017094,0.1581196581196581,0.49572649572649574,0.13675213675213677
639,247.76812854757952,206,0.05,3.782489906389515e-05,0.4462800378535585,0.21359223300970873,0.15048543689320387,0.49029126213592233,0.14563106796116504
640,283.38137652866135,246,0.05,3.763184883745353e-05,0.46171363164934115,0.4268292682926829,0.14227642276422764,0.3252032520325203,0.10569105691056911
641,236.13173884275994,294,0.05,3.743978389823941e-05,0.45475114938905187,0.36394557823129253,0.1360544217687075,0.3877551020408163,0.11224489795918367
642,268.32030500557187,260,0.05,3.724869921755669e-05,0.4558882321017702,0.23846153846153847,0.12307692307692308,0.5076923076923077,0.13076923076923078
643,292.24575841293046,237,0.05,3.7058589792374664e-05,0.44953903791182204,0.29535864978902954,0.14345991561181434,0.4050632911392405,0.15611814345991562
644,219.73311580075142,246,0.05,3.686945064519703e-05,0.4430898546191019,0.17479674796747968,0.1910569105691057,0.4878048780487805,0.14634146341463414
645,237.27735764644223,393,0.05,3.668127682393157e-05,0.47384108947344483,0.455470737913486,0.22391857506361323,0.272264631043257,0.04834605597964377
646,250.04941213412192,228,0.05,3.6494063401760485e-05,0.4509857174560473,0.2807017543859649,0.14473684210526316,0.45614035087719296,0.11842105263157894
647,271.6849374445652,254,0.05,3.63078054770114e-05,0.44484542741677197,0.35039370078740156,0.14173228346456693,0.3858267716535433,0.1220472440944882
648,253.8123594297928,334,0.05,3.612249817302904e-05,0.4625320948746998,0.3413173652694611,0.12275449101796407,0.3712574850299401,0.16467065868263472
649,232.39866362257038,319,0.05,3.593813663804753e-05,0.45439219564183214,0.219435736677116,0.3667711598746082,0.3605015673981191,0.05329153605015674
650,276.72363568735,361,0.05,3.575471604506339e-05,0.44920203183569685,0.16897506925207756,0.13573407202216067,0.5595567867036011,0.13573407202216067
651,253.83835147921874,218,0.05,3.557223159170912e-05,0.4359466093236497,0.3853211009174312,0.0871559633027523,0.45871559633027525,0.06880733944954129
652,271.14124605092144,424,0.05,3.5390678500127486e-05,0.45682974174473917,0.2169811320754717,0.1320754716981132,0.2429245283018868,0.4080188679245283
653,268.0239548267683,819,0.05,3.5210052016846434e-05,0.45287916901906566,0.42246642246642246,0.34676434676434675,0.18803418803418803,0.042735042735042736
654,243.0942694360645,890,0.05,3.5030347412654595e-05,0.4572712629295829,0.2966292134831461,0.5359550561797752,0.13258426966292136,0.0348314606741573
655,275.8203158252877,259,0.05,3.4851559982477505e-05,0.43808632466019437,0.4555984555984556,0.06563706563706563,0.2972972972972973,0.18146718146718147
656,215.85066378047907,381,0.05,3.467368504525439e-05,0.44868612003249236,0.2572178477690289,0.4041994750656168,0.2650918635170604,0.07349081364829396
657,231.81788724198847,197,0.05,3.4496717943815614e-05,0.44613305329774444,0.350253807106599,0.10152284263959391,0.4467005076142132,0.10152284263959391
658,287.26709021977297,238,0.05,3.4320654044760744e-05,0.4486897865980703,0.20168067226890757,0.15966386554621848,0.4831932773109244,0.15546218487394958
659,244.9044268282082,206,0.05,3.414548873833723e-05,0.46301427254760835,0.34951456310679613,0.06310679611650485,0.5,0.08737864077669903
660,245.6735411340158,228,0.05,3.397121743831973e-05,0.4649342676989563,0.10526315789473684,0.3508771929824561,0.4780701754385965,0.06578947368421052
661,293.81755399511474,266,0.05,3.379783558189e-05,0.4361810604985228,0.32706766917293234,0.11278195488721804,0.4323308270676692,0.12781954887218044
662,280.3520764713634,240,0.05,3.3625338629517463e-05,0.4343758918264143,0.25416666666666665,0.17083333333333334,0.43333333333333335,0.14166666666666666
663,225.13728909810052,303,0.05,3.345372206484034e-05,0.4382995826765464,0.24752475247524752,0.12871287128712872,0.5412541254125413,0.08250825082508251
664,266.9352926062601,299,0.05,3.328298139454739e-05,0.43231574413375906,0.14046822742474915,0.18394648829431437,0.5150501672240803,0.1605351170568562
665,236.91787634199977,225,0.05,3.311311214826029e-05,0.43359613455813667,0.24,0.14666666666666667,0.4622222222222222,0.1511111111111111
666,289.14685165299363,260,0.05,3.2944109878416555e-05,0.43030955450968206,0.22692307692307692,0.1576923076923077,0.4269230769230769,0.18846153846153846
667,239.84118569781302,215,0.05,3.2775970160153124e-05,0.44920085254844805,0.1813953488372093,0.14418604651162792,0.5302325581395348,0.14418604651162792
668,259.77048130022644,223,0.05,3.26086885911905e-05,0.43859127599201436,0.3004484304932735,0.1031390134529148,0.48878923766816146,0.10762331838565023
669,251.624175717298,258,0.05,3.2442260791717464e-05,0.4484711209559178,0.28294573643410853,0.12015503875968993,0.5077519379844961,0.08914728682170543
670,283.85523599024725,316,0.05,3.227668240427644e-05,0.4397111497065928,0.34810126582278483,0.1518987341772152,0.3449367088607595,0.1550632911392405
671,258.8072124178872,301,0.05,3.211194909364938e-05,0.4326803913670804,0.3554817275747508,0.10299003322259136,0.43853820598006643,0.10299003322259136
672,285.6397129551249,207,0.05,3.194805654674426e-05,0.4356424764568442,0.19806763285024154,0.2318840579710145,0.4106280193236715,0.15942028985507245
673,261.7796502391292,268,0.05,3.178500047248217e-05,0.4339879561294233,0.17164179104477612,0.13432835820895522,0.4552238805970149,0.23880597014925373
674,229.8844023612936,304,0.05,3.1622776601684934e-05,0.4264022828160048,0.48026315789473684,0.07894736842105263,0.33881578947368424,0.10197368421052631
675,244.01983157897996,195,0.05,3.1461380686963373e-05,0.4406018687990484,0.2512820512820513,0.14358974358974358,0.49743589743589745,0.1076923076923077
676,265.0741214147537,263,0.05,3.1300808502606066e-05,0.4356569432129173,0.2623574144486692,0.1482889733840304,0.44866920152091255,0.14068441064638784
677,303.7739666077873,428,0.05,3.1141055844468724e-05,0.43216646600146325,0.32009345794392524,0.10747663551401869,0.2897196261682243,0.2827102803738318
678,280.7059193573265,208,0.05,3.0982118529864115e-05,0.4331520162598459,0.3701923076923077,0.052884615384615384,0.5,0.07692307692307693
679,267.74770583529494,232,0.05,3.082399239745255e-05,0.43930371455889966,0.23275862068965517,0.16379310344827586,0.4482758620689655,0.15517241379310345
680,187.1944513105336,951,0.05,3.066667330713294e-05,0.44042326724559827,0.3175604626708728,0.20399579390115669,0.2323869610935857,0.24605678233438485
681,286.9963159654036,294,0.05,3.0510157139934383e-05,0.4342364980488843,0.35714285714285715,0.1292517006802721,0.37755102040816324,0.1360544217687075
682,307.4724345068994,181,0.05,3.035443979790832e-05,0.424797207890961,0.17679558011049723,0.22099447513812154,0.4585635359116022,0.143646408839779
683,263.89689298110295,245,0.05,3.0199517204021263e-05,0.43138917426257817,0.27346938775510204,0.1836734693877551,0.4,0.14285714285714285
684,264.2624675426852,272,0.05,3.0045385302048023e-05,0.41877766252658855,0.22794117647058823,0.12867647058823528,0.4889705882352941,0.15441176470588236
685,235.18859031392375,367,0.05,2.9892040056465527e-05,0.4327672319191292,0.2125340599455041,0.10354223433242507,0.5395095367847411,0.1444141689373297
686,248.03899394599446,490,0.05,2.9739477452347147e-05,0.436280859579719,0.30612244897959184,0.25918367346938775,0.3653061224489796,0.06938775510204082
687,268.6931136611549,221,0.05,2.9587693495257588e-05,0.4402371388528062,0.27601809954751133,0.13574660633484162,0.46153846153846156,0.12669683257918551
688,280.10851327046134,229,0.05,2.9436684211148304e-05,0.4230517070799558,0.2576419213973799,0.13973799126637554,0.462882096069869,0.13973799126637554
689,273.8290004165224,198,0.05,2.928644564625344e-05,0.412465611883557,0.398989898989899,0.08080808080808081,0.47474747474747475,0.045454545454545456
690,302.0199751525617,245,0.05,2.9136973866986325e-05,0.43534914444807077,0.18775510204081633,0.2530612244897959,0.37551020408163266,0.1836734693877551
691,281.4608304961441,297,0.05,2.898826495983647e-05,0.4360705212256717,0.3468013468013468,0.12457912457912458,0.41414141414141414,0.11447811447811448
692,308.67653210859794,202,0.05,2.8840315031267124e-05,0.44693592874200605,0.13861386138613863,0.23267326732673269,0.4603960396039604,0.16831683168316833
693,260.24923942733733,390,0.05,2.8693120207613298e-05,0.42996306763620706,0.35128205128205126,0.11282051282051282,0.4,0.1358974358974359
694,138.89226943062275,1000,0.05,2.8546676634980377e-05,0.42767789673021145,0.415,0.044,0.118,0.423
695,267.9586543004484,493,0.05,2.84009804791432e-05,0.4289859031789002,0.38336713995943206,0.07707910750507099,0.23529411764705882,0.30425963488843816
696,170.1582324243411,1000,0.05,2.8256027925445676e-05,0.42391012780599785,0.446,0.061,0.129,0.364
697,285.78916751886914,258,0.05,2.8111815178700904e-05,0.4202407915766111,0.19767441860465115,0.14728682170542637,0.45348837209302323,0.20155038759689922
698,261.3060253291125,257,0.05,2.796833846309181e-05,0.4219097130457185,0.490272373540856,0.07003891050583658,0.36186770428015563,0.07782101167315175
699,262.5930071816689,193,0.05,2.7825594022072283e-05,0.41279103791036426,0.32124352331606215,0.08808290155440414,0.5077720207253886,0.08290155440414508
700,293.22626932604805,251,0.05,2.7683578118268825e-05,0.4141330256553392,0.26294820717131473,0.17928286852589642,0.41434262948207173,0.14342629482071714
701,229.63420462072474,368,0.05,2.7542287033382697e-05,0.41789903375452114,0.34782608695652173,0.06793478260869565,0.5271739130434783,0.057065217391304345
702,260.6078478878138,224,0.05,2.740171706809256e-05,0.4103974301593817,0.3392857142857143,0.16517857142857142,0.38392857142857145,0.11160714285714286
703,257.4595129949515,610,0.05,2.726186454195763e-05,0.410332955230125,0.4344262295081967,0.319672131147541,0.1819672131147541,0.06393442622950819
704,223.01617918379503,338,0.05,2.7122725793321306e-05,0.4147472078093783,0.2958579881656805,0.11538461538461539,0.47337278106508873,0.11538461538461539
705,299.65683632811397,889,0.05,2.6984297179215296e-05,0.41915636938395534,0.703037120359955,0.1372328458942632,0.12598425196850394,0.03374578177727784
706,242.96328564124988,578,0.05,2.684657507526425e-05,0.4217912886242894,0.6211072664359861,0.04671280276816609,0.20242214532871972,0.12975778546712802
707,269.1391753935306,342,0.05,2.670955587559086e-05,0.41128463400125315,0.4853801169590643,0.08771929824561403,0.31871345029239767,0.10818713450292397
708,267.3863062539248,316,0.05,2.6573235992721436e-05,0.417882331074015,0.49683544303797467,0.10126582278481013,0.2974683544303797,0.10443037974683544
709,265.8021932045563,230,0.05,2.6437611857491997e-05,0.4084345866511957,0.2217391304347826,0.1565217391304348,0.47391304347826085,0.14782608695652175
710,263.8481481271939,254,0.05,2.6302679918954817e-05,0.42260164208050655,0.19291338582677164,0.15748031496062992,0.484251968503937,0.16535433070866143
711,272.89803304380644,318,0.05,2.6168436644285447e-05,0.4063411734102557,0.4559748427672956,0.11949685534591195,0.32075471698113206,0.10377358490566038
712,248.22411680906666,263,0.05,2.603487851869022e-05,0.40892293351135667,0.3041825095057034,0.08745247148288973,0.33079847908745247,0.27756653992395436
713,253.66098229406765,225,0.05,2.590200204531423e-05,0.4122129858125825,0.32,0.1111111111111111,0.4488888888888889,0.12
714,257.2684492875002,300,0.05,2.5769803745149768e-05,0.41024106380246794,0.23666666666666666,0.11666666666666667,0.51,0.13666666666666666
715,286.09731935415857,384,0.05,2.5638280156945248e-05,0.4149994690864489,0.4140625,0.09114583333333333,0.3385416666666667,0.15625
716,229.36540207642452,172,0.05,2.5507427837114567e-05,0.41627285913263046,0.4418604651162791,0.0872093023255814,0.4069767441860465,0.06395348837209303
717,284.1314547373713,213,0.05,2.5377243359646956e-05,0.41978038612719204,0.19718309859154928,0.20657276995305165,0.43661971830985913,0.1596244131455399
718,267.5921481073311,234,0.05,2.5247723316017274e-05,0.41527687557745796,0.31196581196581197,0.11965811965811966,0.4188034188034188,0.14957264957264957
719,277.20484560271734,298,0.05,2.5118864315096767e-05,0.4083454210591915,0.30201342281879195,0.1174496644295302,0.40939597315436244,0.17114093959731544
720,190.7746539878229,373,0.05,2.4990662983064277e-05,0.41207858036006767,0.1769436997319035,0.28150134048257375,0.47989276139410186,0.06166219839142091
721,276.6363060452255,225,0.05,2.4863115963317916e-05,0.4120038952584782,0.32,0.1111111111111111,0.4488888888888889,0.12
722,249.01938944057795,257,0.05,2.473621991638717e-05,0.40090044719083834,0.22178988326848248,0.14785992217898833,0.49416342412451364,0.13618677042801555
723,15.034130424860564,103,0.05,2.4609971519845472e-05,0.4089242221291652,0.2524271844660194,0.11650485436893204,0.5533980582524272,0.07766990291262135
724,224.65601529911123,464,0.05,2.448436746822322e-05,0.41577461745687216,0.4525862068965517,0.11206896551724138,0.375,0.0603448275862069
725,262.6586721039149,273,0.05,2.4359404472921215e-05,0.4055780718155968,0.2271062271062271,0.15384615384615385,0.48717948717948717,0.13186813186813187
726,254.80929062769243,223,0.05,2.4235079262124575e-05,0.40385590325916665,0.21524663677130046,0.17937219730941703,0.4349775784753363,0.17040358744394618
727,-24.722217067926195,507,0.05,2.4111388580717055e-05,0.4050902158962761,0.055226824457593686,0.21301775147928995,0.5641025641025641,0.16765285996055226
728,246.96550584803953,344,0.05,2.3988329190195842e-05,0.4130419151500361,0.5726744186046512,0.03488372093023256,0.24709302325581395,0.14534883720930233
729,246.52023239065295,194,0.05,2.3865897868586744e-05,0.4119552526526827,0.5824742268041238,0.030927835051546393,0.35051546391752575,0.03608247422680412
730,241.70183889251248,385,0.05,2.3744091410359837e-05,0.4073132849895824,0.4909090909090909,0.05194805194805195,0.2077922077922078,0.24935064935064935
731,116.85692276860344,1000,0.05,2.3622906626345543e-05,0.40167446452711725,0.525,0.332,0.102,0.041
732,280.92651225816564,307,0.05,2.350234034365113e-05,0.4036682913167355,0.32247557003257327,0.11400651465798045,0.4788273615635179,0.08469055374592833
733,142.67748943028548,1000,0.05,2.3382389405577622e-05,0.40762863306043584,0.598,0.226,0.13,0.046
734,261.691211048364,275,0.05,2.3263050671537174e-05,0.40721347084136844,0.2109090909090909,0.14181818181818182,0.49454545454545457,0.15272727272727274
735,253.1175531202225,358,0.05,2.314432101697083e-05,0.4076722337478248,0.26536312849162014,0.2905027932960894,0.39664804469273746,0.04748603351955307
736,191.2872079249467,313,0.05,2.302619733326671e-05,0.40467398799814297,0.22364217252396165,0.2364217252396166,0.48562300319488816,0.054313099041533544
737,213.53182137975136,468,0.05,2.2908676527678637e-05,0.40454221480553015,0.2777777777777778,0.11965811965811966,0.49572649572649574,0.10683760683760683
738,206.1451008165018,488,0.05,2.279175552324514e-05,0.42062949903636115,0.2827868852459016,0.10860655737704918,0.4918032786885246,0.1168032786885246
739,250.0191243881003,263,0.05,2.2675431258708915e-05,0.4113132375517318,0.3612167300380228,0.09505703422053231,0.38022813688212925,0.1634980988593156
740,68.25093784730656,1000,0.05,2.2559700688436657e-05,0.40901429914354576,0.078,0.077,0.317,0.528
741,236.47945291410406,577,0.05,2.2444560782339324e-05,0.404363350052314,0.512998266897747,0.05199306759098787,0.1975736568457539,0.23743500866551126
742,209.58284466332572,308,0.05,2.233000852579281e-05,0.41594440530483534,0.24675324675324675,0.06818181818181818,0.5097402597402597,0.17532467532467533
743,252.53641574387487,245,0.05,2.2216040919558996e-05,0.4152471022396523,0.3020408163265306,0.08979591836734693,0.5306122448979592,0.07755102040816327
744,266.26631054846484,303,0.05,2.210265497970725e-05,0.4117499563139464,0.33003300330033003,0.11221122112211221,0.40924092409240925,0.1485148514851485
745,145.98283234779404,1000,0.05,2.1989847737536276e-05,0.41018781059804793,0.57,0.26,0.133,0.037
746,271.9585671834299,270,0.05,2.1877616239496397e-05,0.4155508931088028,0.28888888888888886,0.08148148148148149,0.4148148148148148,0.21481481481481482
747,231.93904241854054,204,0.05,2.176595754711223e-05,0.41763632268553036,0.4019607843137255,0.09313725490196079,0.47058823529411764,0.03431372549019608
748,102.77757721496214,1000,0.05,2.1654868736905736e-05,0.41229521416115406,0.274,0.546,0.147,0.033
749,250.50320956483543,230,0.05,2.1544346900319697e-05,0.4300096378086214,0.3,0.14782608695652175,0.4260869565217391,0.12608695652173912
750,280.64867074328015,278,0.05,2.143438914364154e-05,0.40631651762358667,0.29136690647482016,0.12589928057553956,0.460431654676259,0.1223021582733813
751,157.6593071418621,1000,0.05,2.1324992587927593e-05,0.40948758364251187,0.228,0.063,0.106,0.603
752,232.1724937134751,299,0.05,2.1216154368927693e-05,0.41454052003975106,0.411371237458194,0.07692307692307693,0.411371237458194,0.10033444816053512
753,263.73147696831904,269,0.05,2.1107871637010202e-05,0.40976925384277213,0.4200743494423792,0.10780669144981413,0.379182156133829,0.09293680297397769
754,248.37070718073417,311,0.05,2.1000141557087397e-05,0.40918226280948544,0.35691318327974275,0.1189710610932476,0.42765273311897106,0.09646302250803858
755,223.67712285081026,300,0.05,2.0892961308541232e-05,0.41263267190827596,0.17,0.3466666666666667,0.3933333333333333,0.09
756,-19.660403688396606,1000,0.05,2.0786328085149503e-05,0.39878531054854227,0.158,0.142,0.565,0.135
757,278.49173945236555,285,0.05,2.0680239095012362e-05,0.4071028765092827,0.3368421052631579,0.1368421052631579,0.37543859649122807,0.15087719298245614
758,248.6345772421279,230,0.05,2.057469156047922e-05,0.40688458370090713,0.3869565217391304,0.08695652173913043,0.4391304347826087,0.08695652173913043
759,227.86654666195145,326,0.05,2.0469682718076032e-05,0.4156900645966073,0.17484662576687116,0.15950920245398773,0.5,0.1656441717791411
760,248.10173187029665,304,0.05,2.036520981843293e-05,0.4009852056652926,0.23684210526315788,0.13486842105263158,0.5230263157894737,0.10526315789473684
761,149.80487377981166,1000,0.05,2.026127012621225e-05,0.41057708067073984,0.469,0.364,0.129,0.038
762,267.95449867750494,288,0.05,2.01578609200369e-05,0.40776005500677776,0.2986111111111111,0.1388888888888889,0.4236111111111111,0.1388888888888889
763,240.75340266796394,342,0.05,2.0054979492419124e-05,0.3923020516226927,0.3216374269005848,0.1286549707602339,0.4444444444444444,0.10526315789473684
764,258.0078632970242,283,0.05,1.9952623149689603e-05,0.3910603978892226,0.4452296819787986,0.0636042402826855,0.4275618374558304,0.0636042402826855
765,259.9738294693427,262,0.05,1.9850789211926935e-05,0.398959776245924,0.2786259541984733,0.12213740458015267,0.5,0.09923664122137404
766,202.82113085637718,373,0.05,1.9749475012887463e-05,0.4011308656765659,0.2868632707774799,0.08042895442359249,0.48257372654155495,0.15013404825737264
767,247.80667042637435,224,0.05,1.964867789993547e-05,0.3981440527309089,0.33482142857142855,0.11160714285714286,0.42410714285714285,0.12946428571428573
768,268.30321898029274,234,0.05,1.9548395233973733e-05,0.3881855097825957,0.358974358974359,0.10683760683760683,0.42735042735042733,0.10683760683760683
769,245.8245753901113,392,0.05,1.944862438937441e-05,0.40437326620885844,0.5204081632653061,0.04591836734693878,0.3086734693877551,0.125
770,221.50855008266072,481,0.05,1.934936275391031e-05,0.40539861954211365,0.20374220374220375,0.15176715176715178,0.4760914760914761,0.1683991683991684
771,285.86337679065883,404,0.05,1.9250607728686487e-05,0.3918417381411235,0.28465346534653463,0.09653465346534654,0.297029702970297,0.3217821782178218
772,246.50551614332613,422,0.05,1.915235672807221e-05,0.39284394529133493,0.45734597156398105,0.07345971563981042,0.4004739336492891,0.06872037914691943
773,101.68423561817838,921,0.05,1.905460717963325e-05,0.3924491985355821,0.1737242128121607,0.14115092290988057,0.5494028230184582,0.13572204125950055
774,196.55930389679196,481,0.05,1.895735652406453e-05,0.40684164698889796,0.18087318087318088,0.16632016632016633,0.48232848232848236,0.1704781704781705
775,257.4695188386087,381,0.05,1.8860602215123135e-05,0.4075987606187163,0.32808398950131235,0.14435695538057744,0.15748031496062992,0.3700787401574803
776,212.18938919347087,850,0.05,1.876434171956162e-05,0.39410866516519705,0.19294117647058823,0.2529411764705882,0.3764705882352941,0.1776470588235294
777,0.28117747754293493,1000,0.05,1.8668572517061694e-05,0.3987379244103598,0.224,0.191,0.494,0.091
778,-9.717990210953387,1000,0.05,1.8573292100168245e-05,0.3951004971948423,0.079,0.179,0.481,0.261
779,206.71883752900618,454,0.05,1.8478497974223667e-05,0.3974103310649135,0.30616740088105726,0.1343612334801762,0.43392070484581496,0.12555066079295155
780,235.77239272495962,318,0.05,1.8384187657302558e-05,0.4065896910388236,0.36163522012578614,0.1069182389937107,0.4308176100628931,0.10062893081761007
781,283.9626236373201,389,0.05,1.8290358680146737e-05,0.39890166018288875,0.3393316195372751,0.08226221079691516,0.3033419023136247,0.2750642673521851
782,262.22572543809645,442,0.05,1.8197008586100586e-05,0.4020414658858454,0.3506787330316742,0.09502262443438914,0.4457013574660634,0.1085972850678733
783,249.27405109993776,197,0.05,1.8104134931046738e-05,0.3873987184603488,0.38578680203045684,0.08629441624365482,0.4720812182741117,0.05583756345177665
784,-199.95423257204965,564,0.05,1.8011735283342077e-05,0.4013733919003109,0.12588652482269502,0.13829787234042554,0.5035460992907801,0.2322695035460993
785,240.07568503203962,246,0.05,1.791980722375408e-05,0.4059836813336001,0.2845528455284553,0.13008130081300814,0.46747967479674796,0.11788617886178862
786,242.19335240929328,360,0.05,1.782834834539747e-05,0.40718742535088714,0.19722222222222222,0.16944444444444445,0.4722222222222222,0.16111111111111112
787,249.32820545856237,230,0.05,1.7737356253671193e-05,0.3989699352037124,0.3652173913043478,0.11739130434782609,0.40869565217391307,0.10869565217391304
788,-58.97248147421958,1000,0.05,1.7646828566195736e-05,0.4028331825461841,0.026,0.197,0.579,0.198
789,212.9742890124621,405,0.05,1.7556762912750744e-05,0.3995879265617402,0.16296296296296298,0.24938271604938272,0.4888888888888889,0.09876543209876543
790,239.47819239061587,399,0.05,1.7467156935212957e-05,0.39036975446547667,0.37343358395989973,0.10025062656641603,0.38345864661654133,0.14285714285714285
791,37.80583548858827,1000,0.05,1.737800828749448e-05,0.4008342144058852,0.145,0.117,0.298,0.44
792,211.30932558049136,336,0.05,1.728931463548134e-05,0.40308818668537777,0.31547619047619047,0.11607142857142858,0.5089285714285714,0.05952380952380952
793,247.2368463488258,288,0.05,1.7201073656972398e-05,0.4007763114508307,0.4479166666666667,0.059027777777777776,0.3854166666666667,0.1076388888888889
794,273.41771895169813,232,0.05,1.7113283041618525e-05,0.3907963138848777,0.25,0.13793103448275862,0.4827586206896552,0.12931034482758622
795,242.55069966674517,208,0.05,1.7025940490862124e-05,0.39250712422608103,0.35096153846153844,0.1201923076923077,0.4230769230769231,0.10576923076923077
796,107.29923881103973,808,0.05,1.6939043717876946e-05,0.40162161148533826,0.12252475247524752,0.16584158415841585,0.556930693069307,0.1547029702970297
797,220.1467642612241,455,0.05,1.6852590447508222e-05,0.39625313039573584,0.4,0.1054945054945055,0.4153846153846154,0.07912087912087912
798,276.6624756397643,223,0.05,1.676657841621308e-05,0.39611442834758476,0.3901345291479821,0.08520179372197309,0.452914798206278,0.07174887892376682
799,274.80228340609483,282,0.05,1.668100537200129e-05,0.3995303720900534,0.3191489361702128,0.12411347517730496,0.4397163120567376,0.11702127659574468
800,256.0267391840835,200,0.05,1.6595869074376306e-05,0.39668290891851443,0.48,0.075,0.4,0.045
801,269.0276983362884,293,0.05,1.6511167294276595e-05,0.4062442479607719,0.3651877133105802,0.08873720136518772,0.45051194539249145,0.09556313993174062
802,100.19596652832973,1000,0.05,1.642689781401728e-05,0.39729668443306876,0.35,0.037,0.203,0.41
803,222.38346902177057,726,0.05,1.634305842723207e-05,0.39530625036110584,0.2548209366391185,0.16666666666666666,0.4573002754820937,0.12121212121212122
804,254.6220325066704,223,0.05,1.6259646938815505e-05,0.39355932403226546,0.3901345291479821,0.09417040358744394,0.4260089686098655,0.08968609865470852
805,229.5403555845908,506,0.05,1.6176661164865473e-05,0.3880475289024859,0.2648221343873518,0.1067193675889328,0.5474308300395256,0.08102766798418973
806,180.16781328721413,524,0.05,1.6094098932626033e-05,0.3931729760121149,0.09351145038167939,0.10877862595419847,0.49809160305343514,0.29961832061068705
807,167.89861366434982,507,0.05,1.601195808043053e-05,0.393497321583861,0.027613412228796843,0.2879684418145957,0.47928994082840237,0.20512820512820512
808,267.9559973793588,277,0.05,1.5930236457644987e-05,0.389975981886587,0.33935018050541516,0.07942238267148015,0.3898916967509025,0.19133574007220217
809,115.27836882099018,826,0.05,1.5848931924611812e-05,0.4009550235760233,0.1053268765133172,0.18401937046004843,0.5012106537530266,0.20944309927360774
810,282.3221946121795,306,0.05,1.576804235259377e-05,0.3964350103575132,0.16013071895424835,0.12418300653594772,0.4084967320261438,0.30718954248366015
811,269.4880889181255,699,0.05,1.568756562371824e-05,0.3971615804097563,0.4520743919885551,0.3090128755364807,0.17167381974248927,0.06723891273247497
812,249.3106324835004,233,0.05,1.560749963092178e-05,0.3916536487743197,0.30042918454935624,0.12446351931330472,0.44635193133047213,0.12875536480686695
813,183.96915628042677,642,0.05,1.5527842277894948e-05,0.3996773743357669,0.0763239875389408,0.2102803738317757,0.48286604361370716,0.23052959501557632
814,254.50176274575776,254,0.05,1.5448591479027417e-05,0.3951377417248137,0.41338582677165353,0.0984251968503937,0.41338582677165353,0.07480314960629922
815,249.35726773857436,221,0.05,1.536974515935337e-05,0.3961470967443019,0.34841628959276016,0.09502262443438914,0.46153846153846156,0.09502262443438914
816,212.4360241310937,427,0.05,1.529130125449718e-05,0.3983423345604114,0.4426229508196721,0.0936768149882904,0.38875878220140514,0.07494145199063232
817,-103.55583381317795,559,0.05,1.5213257710619348e-05,0.4003857230870723,0.09481216457960644,0.17173524150268335,0.5384615384615384,0.19499105545617174
818,267.34305308417055,324,0.05,1.5135612484362732e-05,0.40433836849102084,0.3950617283950617,0.08641975308641975,0.41358024691358025,0.10493827160493827
819,19.046364626992357,95,0.05,1.5058363542799053e-05,0.39028919160425934,0.3157894736842105,0.06315789473684211,0.5473684210526316,0.07368421052631578
820,269.34835341001565,209,0.05,1.4981508863375668e-05,0.4153543648409961,0.3062200956937799,0.13875598086124402,0.4354066985645933,0.11961722488038277
821,268.7613256180209,362,0.05,1.4905046433862605e-05,0.4042107639284416,0.3839779005524862,0.13812154696132597,0.3812154696132597,0.09668508287292818
822,12.98188732901739,1000,0.05,1.4828974252299889e-05,0.39683955369377705,0.26,0.084,0.567,0.089
823,76.60652325048245,810,0.05,1.4753290326945122e-05,0.3983937220746378,0.08395061728395062,0.15185185185185185,0.5246913580246914,0.23950617283950618
824,204.75105792366958,291,0.05,1.4677992676221332e-05,0.39553028577965943,0.1134020618556701,0.3917525773195876,0.4329896907216495,0.061855670103092786
825,-57.41027582056789,1000,0.05,1.4603079328665099e-05,0.40045002646241074,0.102,0.14,0.512,0.246
826,239.5129293193584,252,0.05,1.4528548322874929e-05,0.40063757082492474,0.4087301587301587,0.10714285714285714,0.3888888888888889,0.09523809523809523
827,253.33677068035263,298,0.05,1.4454397707459904e-05,0.39510978368386657,0.33557046979865773,0.09395973154362416,0.4664429530201342,0.1040268456375839
828,300.2391603180787,155,0.05,1.4380625540988587e-05,0.41030821311458004,0.23225806451612904,0.2064516129032258,0.4774193548387097,0.08387096774193549
829,246.80527468874706,425,0.05,1.43072298919382e-05,0.39423200246808393,0.56,0.07058823529411765,0.2847058823529412,0.08470588235294117
830,255.759511702532,208,0.05,1.4234208838644037e-05,0.39500269733262316,0.28365384615384615,0.12980769230769232,0.47596153846153844,0.11057692307692307
831,231.79087566654596,311,0.05,1.4161560469249165e-05,0.3938449125681652,0.10289389067524116,0.36977491961414793,0.4533762057877814,0.07395498392282958
832,47.96969808399003,1000,0.05,1.4089282881654362e-05,0.39524061114374387,0.242,0.324,0.333,0.101
833,99.04288366969838,1000,0.05,1.4017374183468312e-05,0.3912171163309964,0.511,0.273,0.181,0.035
834,138.72854049330726,1000,0.05,1.3945832491958063e-05,0.3938048935812105,0.638,0.045,0.106,0.211
835,278.838632542454,305,0.05,1.3874655933999729e-05,0.39395990138769865,0.2098360655737705,0.11147540983606558,0.42950819672131146,0.24918032786885247
836,281.2941756604673,133,0.05,1.3803842646029452e-05,0.3861526908477231,0.38345864661654133,0.10526315789473684,0.47368421052631576,0.03759398496240601
837,229.2266496467155,284,0.05,1.3733390773994606e-05,0.39531495496759333,0.44366197183098594,0.0528169014084507,0.4295774647887324,0.07394366197183098
838,-40.84203416890417,1000,0.05,1.3663298473305255e-05,0.3891912790597177,0.088,0.167,0.566,0.179
839,204.09972134569256,484,0.05,1.3593563908785854e-05,0.40667682863249055,0.365702479338843,0.13429752066115702,0.3987603305785124,0.1012396694214876
840,235.59076730850825,215,0.05,1.3524185254627205e-05,0.3917574555676848,0.29767441860465116,0.09302325581395349,0.48372093023255813,0.12558139534883722
841,260.045311304673,297,0.05,1.3455160694338653e-05,0.4032291473800568,0.28619528619528617,0.11784511784511785,0.48148148148148145,0.11447811447811448
842,264.63810838057293,210,0.05,1.3386488420700523e-05,0.393327569317361,0.17142857142857143,0.22380952380952382,0.44761904761904764,0.15714285714285714
843,283.60726251582724,220,0.05,1.3318166635716802e-05,0.38179304109477313,0.2590909090909091,0.1590909090909091,0.4409090909090909,0.1409090909090909
844,267.4979599170981,209,0.05,1.3250193550568068e-05,0.4033659587273656,0.2583732057416268,0.12440191387559808,0.47368421052631576,0.14354066985645933
845,226.24874104943706,272,0.05,1.3182567385564654e-05,0.389254711857938,0.4963235294117647,0.06985294117647059,0.38235294117647056,0.051470588235294115
846,219.37318771844315,545,0.05,1.3115286370100045e-05,0.3925607112870301,0.26238532110091745,0.3504587155963303,0.3376146788990826,0.04954128440366973
847,21.711996986219575,161,0.05,1.3048348742604528e-05,0.39199977555562876,0.17391304347826086,0.14906832298136646,0.5093167701863354,0.16770186335403728
848,247.869760559339,195,0.05,1.2981752750499066e-05,0.3921358992768727,0.5384615384615384,0.09743589743589744,0.3076923076923077,0.05641025641025641
849,12.581185813999753,1000,0.05,1.2915496650149411e-05,0.3981829270259392,0.238,0.116,0.435,0.211
850,287.03218703106586,357,0.05,1.2849578706820454e-05,0.38396373965993025,0.16526610644257703,0.13165266106442577,0.4257703081232493,0.2773109243697479
851,-245.78130884395873,723,0.05,1.2783997194630804e-05,0.3965001832086523,0.09681881051175657,0.14522821576763487,0.5380359612724758,0.21991701244813278
852,238.35444456910028,262,0.05,1.2718750396507599e-05,0.3918340535182723,0.22900763358778625,0.08778625954198473,0.5038167938931297,0.17938931297709923
853,252.85192002732686,248,0.05,1.2653836604141555e-05,0.3990126951209179,0.36693548387096775,0.11290322580645161,0.40725806451612906,0.11290322580645161
854,-64.64842082614526,1000,0.05,1.2589254117942232e-05,0.39436027942440716,0.047,0.188,0.577,0.188
855,275.44559979241745,239,0.05,1.2525001246993537e-05,0.3899821948339874,0.2301255230125523,0.14644351464435146,0.46443514644351463,0.1589958158995816
856,263.36635576942297,290,0.05,1.2461076309009455e-05,0.39286975297540017,0.33448275862068966,0.2,0.3724137931034483,0.09310344827586207
857,262.8046230497805,268,0.05,1.2397477630289996e-05,0.4008650139084448,0.3619402985074627,0.14925373134328357,0.3694029850746269,0.11940298507462686
858,233.27422546004004,244,0.05,1.2334203545677384e-05,0.40166631052261265,0.3442622950819672,0.11065573770491803,0.4672131147540984,0.0778688524590164
859,271.2277079024453,219,0.05,1.227125239851245e-05,0.40205894313074697,0.2374429223744292,0.1506849315068493,0.4931506849315068,0.1187214611872146
860,255.16539728314888,278,0.05,1.2208622540591259e-05,0.400468193827539,0.24820143884892087,0.12589928057553956,0.49640287769784175,0.12949640287769784
861,138.7792199309265,1000,0.05,1.2146312332121961e-05,0.3981753598808814,0.382,0.335,0.237,0.046
862,237.42636364303013,725,0.05,1.2084320141681855e-05,0.3890816013000333,0.5420689655172414,0.05379310344827586,0.23310344827586207,0.17103448275862068
863,266.48244328434913,218,0.05,1.2022644346174669e-05,0.3967746459030393,0.28440366972477066,0.15137614678899083,0.43119266055045874,0.13302752293577982
864,247.79627706884145,221,0.05,1.1961283330788072e-05,0.40110925058853975,0.2669683257918552,0.12217194570135746,0.49321266968325794,0.11764705882352941
865,230.9517863915855,499,0.05,1.1900235488951392e-05,0.38873909357202835,0.3286573146292585,0.13827655310621242,0.4468937875751503,0.08617234468937876
866,123.94458760479877,858,0.05,1.1839499222293551e-05,0.3909660812862526,0.1386946386946387,0.11188811188811189,0.5291375291375291,0.2202797202797203
867,274.56640330577534,220,0.05,1.1779072940601213e-05,0.39559388884597063,0.20454545454545456,0.1409090909090909,0.4727272727272727,0.18181818181818182
868,225.02029724470725,238,0.05,1.1718955061777156e-05,0.3819541540144727,0.2689075630252101,0.13445378151260504,0.5042016806722689,0.09243697478991597
869,254.24302281516506,299,0.05,1.1659144011798844e-05,0.390231883259853,0.28762541806020064,0.10702341137123746,0.3745819397993311,0.23076923076923078
870,281.8189521972296,274,0.05,1.1599638224677214e-05,0.40294078145500145,0.23722627737226276,0.13138686131386862,0.354014598540146,0.2773722627737226
871,206.5481023710384,544,0.05,1.1540436142415684e-05,0.3941350230474174,0.07904411764705882,0.5808823529411765,0.29044117647058826,0.04963235294117647
872,255.86584588539742,221,0.05,1.1481536214969347e-05,0.3746742791409492,0.3076923076923077,0.1085972850678733,0.4660633484162896,0.11764705882352941
873,285.15387331077943,328,0.05,1.1422936900204401e-05,0.39207151857783207,0.46646341463414637,0.07317073170731707,0.27439024390243905,0.18597560975609756
874,51.264124622799926,125,0.05,1.1364636663857762e-05,0.3913847581287385,0.16,0.264,0.408,0.168
875,-14.28690059141637,104,0.05,1.1306633979496903e-05,0.3839293842382951,0.07692307692307693,0.25961538461538464,0.4230769230769231,0.2403846153846154
876,271.66623447689904,300,0.05,1.1248927328479877e-05,0.38719347490293426,0.19,0.09333333333333334,0.42333333333333334,0.29333333333333333
877,291.47629562353416,244,0.05,1.1191515199915568e-05,0.38668743402972267,0.26229508196721313,0.1762295081967213,0.4016393442622951,0.1598360655737705
878,234.69144330698165,183,0.05,1.1134396090624121e-05,0.4160176198421296,0.5136612021857924,0.1092896174863388,0.31693989071038253,0.060109289617486336
879,156.9508373220903,1000,0.05,1.1077568505097596e-05,0.4005407444489258,0.545,0.348,0.079,0.028
880,266.99789030162475,381,0.05,1.1021030955460803e-05,0.3863542865982236,0.3937007874015748,0.09973753280839895,0.36220472440944884,0.14435695538057744
881,238.54705280270912,308,0.05,1.0964781961432352e-05,0.3884794517727422,0.2532467532467532,0.1038961038961039,0.5227272727272727,0.12012987012987013
882,253.08630896063855,308,0.05,1.090882005028589e-05,0.3908247825520683,0.4383116883116883,0.07467532467532467,0.33766233766233766,0.14935064935064934
883,164.7403722534343,1000,0.05,1.0853143756811554e-05,0.3921582273212695,0.596,0.036,0.132,0.236
884,165.44836204681826,1000,0.05,1.0797751623277591e-05,0.39414452544415024,0.448,0.057,0.127,0.368
885,280.5076846533168,328,0.05,1.0742642199392206e-05,0.3926686471223046,0.17682926829268292,0.12195121951219512,0.3780487804878049,0.3231707317073171
886,263.4473450284658,233,0.05,1.068781404226558e-05,0.38833688079292267,0.27896995708154504,0.10300429184549356,0.5150214592274678,0.10300429184549356
887,273.2561526366582,303,0.05,1.06332657163721e-05,0.39511786463419296,0.49174917491749176,0.039603960396039604,0.18151815181518152,0.2871287128712871
888,33.593809521353705,142,0.05,1.057899579351277e-05,0.38658312611905615,0.11971830985915492,0.19718309859154928,0.44366197183098594,0.23943661971830985
889,77.81268874767827,140,0.05,1.0525002852777813e-05,0.4166035885787352,0.03571428571428571,0.2642857142857143,0.44285714285714284,0.2571428571428571
890,270.63211519422566,185,0.05,1.0471285480509478e-05,0.3905571011894768,0.21081081081081082,0.16216216216216217,0.5351351351351351,0.0918918918918919
891,244.93824894710409,256,0.05,1.0417842270265019e-05,0.39210733791968677,0.6015625,0.11328125,0.2265625,0.05859375
892,18.383342743772953,1000,0.05,1.0364671822779873e-05,0.38879350672675417,0.085,0.204,0.384,0.327
893,246.99304248938247,206,0.05,1.0311772745931029e-05,0.39600067221899427,0.28640776699029125,0.1407766990291262,0.470873786407767,0.10194174757281553
894,-54.44621661686841,1000,0.05,1.0259143654700573e-05,0.3903500515197104,0.159,0.102,0.501,0.238
895,43.44741349414508,159,0.05,1.0206783171139428e-05,0.41306266161933447,0.09433962264150944,0.24528301886792453,0.44025157232704404,0.22012578616352202
896,76.82903214006265,941,0.05,1.0154689924331274e-05,0.395962929051318,0.08820403825717323,0.15834218916046758,0.5196599362380446,0.23379383634431455
897,-65.73180995516252,1000,0.05,1.0102862550356658e-05,0.39498714739421864,0.099,0.161,0.577,0.163
898,251.29141401272432,242,0.05,1.005129969225728e-05,0.3815959132071182,0.38016528925619836,0.1322314049586777,0.36363636363636365,0.12396694214876033
899,281.05099848398004,239,0.05,1.0000000000000467e-05,0.38962917866815544,0.3723849372384937,0.14644351464435146,0.3389121338912134,0.14225941422594143
900,268.77431566662466,318,0.05,1e-05,0.3834789858888153,0.2893081761006289,0.11635220125786164,0.5,0.09433962264150944
901,270.06867665408487,286,0.05,1e-05,0.3960241816869054,0.25874125874125875,0.12237762237762238,0.44405594405594406,0.17482517482517482
902,226.65246730202938,526,0.05,1e-05,0.38660558238624554,0.4220532319391635,0.10266159695817491,0.3973384030418251,0.0779467680608365
903,289.4267194589801,373,0.05,1e-05,0.3908572401333249,0.34048257372654156,0.0777479892761394,0.2975871313672922,0.28418230563002683
904,148.4780829423044,1000,0.05,1e-05,0.38822776072049264,0.59,0.241,0.13,0.039
905,265.0199583771998,224,0.05,1e-05,0.3755441252148186,0.27232142857142855,0.13392857142857142,0.49107142857142855,0.10267857142857142
906,244.25331325370314,332,0.05,1e-05,0.39235645340992653,0.286144578313253,0.1144578313253012,0.5090361445783133,0.09036144578313253
907,257.39681000378323,392,0.05,1e-05,0.3886376877748149,0.413265306122449,0.1096938775510204,0.375,0.10204081632653061
908,257.87031858586386,225,0.05,1e-05,0.3749612848063025,0.3377777777777778,0.08888888888888889,0.4622222222222222,0.1111111111111111
909,240.24570987594902,275,0.05,1e-05,0.3899258688680041,0.3927272727272727,0.32,0.22181818181818183,0.06545454545454546
910,177.5311445161783,321,0.05,1e-05,0.3747787624199364,0.08722741433021806,0.37694704049844235,0.42990654205607476,0.1059190031152648
911,112.9552273940159,1000,0.05,1e-05,0.39657837477088503,0.337,0.035,0.191,0.437
912,243.9810967818671,356,0.05,1e-05,0.38939599601463454,0.3089887640449438,0.10112359550561797,0.4747191011235955,0.1151685393258427
913,20.18487592291818,97,0.05,1e-05,0.36461071155899866,0.28865979381443296,0.15463917525773196,0.4639175257731959,0.09278350515463918
914,235.527679467035,186,0.05,1e-05,0.4053973235357225,0.3064516129032258,0.12903225806451613,0.46236559139784944,0.10215053763440861
915,43.84378472031506,139,0.05,1e-05,0.3901742935045532,0.10071942446043165,0.2302158273381295,0.460431654676259,0.20863309352517986
916,267.03035677977016,354,0.05,1e-05,0.3864616023519609,0.4293785310734463,0.1271186440677966,0.3220338983050847,0.12146892655367232
917,26.971636486685654,83,0.05,1e-05,0.35778532135774976,0.24096385542168675,0.12048192771084337,0.5180722891566265,0.12048192771084337
918,247.72334159668495,332,0.05,1e-05,0.38448950624282713,0.12951807228915663,0.1536144578313253,0.4126506024096386,0.3042168674698795
919,71.6376310657854,148,0.05,1e-05,0.37254385207268564,0.10810810810810811,0.2702702702702703,0.4189189189189189,0.20270270270270271
920,175.92842859880272,619,0.05,1e-05,0.38564459069706314,0.2084006462035541,0.13408723747980614,0.5282714054927302,0.12924071082390953
921,245.0469814576381,295,0.05,1e-05,0.37121123686082763,0.2576271186440678,0.1152542372881356,0.5186440677966102,0.10847457627118644
922,253.11751620560858,283,0.05,1e-05,0.3913532057009331,0.21554770318021202,0.13780918727915195,0.5159010600706714,0.13074204946996468
923,250.86476282946782,194,0.05,1e-05,0.38902265978515155,0.3711340206185567,0.15979381443298968,0.37628865979381443,0.09278350515463918
924,36.574702474850795,118,0.05,1e-05,0.40150998635063967,0.2796610169491525,0.16101694915254236,0.4322033898305085,0.1271186440677966
925,244.18379476041108,289,0.05,1e-05,0.3835036945148513,0.23183391003460208,0.1453287197231834,0.47058823529411764,0.1522491349480969
926,38.74913801107124,125,0.05,1e-05,0.3823558453267832,0.168,0.144,0.544,0.144
927,20.01042441147206,82,0.05,1e-05,0.3598325300049134,0.15853658536585366,0.1951219512195122,0.47560975609756095,0.17073170731707318
928,271.1175263262909,362,0.05,1e-05,0.3896293602150444,0.36464088397790057,0.09668508287292818,0.3425414364640884,0.19613259668508287
929,214.36878245006739,333,0.05,1e-05,0.38211965117428937,0.11411411411411411,0.1021021021021021,0.45645645645645644,0.32732732732732733
930,29.63302873806785,83,0.05,1e-05,0.3858820293681919,0.21686746987951808,0.10843373493975904,0.5421686746987951,0.13253012048192772
931,279.35165980692113,291,0.05,1e-05,0.3940367028498371,0.21649484536082475,0.25773195876288657,0.422680412371134,0.10309278350515463
932,122.04532977556543,1000,0.05,1e-05,0.3844556966797303,0.622,0.143,0.198,0.037
933,257.51207603074965,205,0.05,1e-05,0.3850624921196158,0.5902439024390244,0.07804878048780488,0.2682926829268293,0.06341463414634146
934,271.97782589809106,225,0.05,1e-05,0.37198279812391444,0.25333333333333335,0.12,0.49333333333333335,0.13333333333333333
935,149.7498566630738,1000,0.05,1e-05,0.37835647286422813,0.551,0.264,0.142,0.043
936,17.12600042904178,109,0.05,1e-05,0.37283266639731,0.30275229357798167,0.12844036697247707,0.41284403669724773,0.1559633027522936
937,150.9073994878292,1000,0.05,1e-05,0.38341995532780904,0.746,0.173,0.067,0.014
938,110.41546016395867,1000,0.05,1e-05,0.3802029923319515,0.503,0.407,0.073,0.017
939,95.63965405036946,1000,0.05,1e-05,0.3795812799330921,0.363,0.039,0.214,0.384
940,212.93282123906178,267,0.05,1e-05,0.38957139065032653,0.2397003745318352,0.1760299625468165,0.49063670411985016,0.09363295880149813
941,265.3740984722482,173,0.05,1e-05,0.3875762623321421,0.5144508670520231,0.06358381502890173,0.3468208092485549,0.07514450867052024
942,-46.672708149994,1000,0.05,1e-05,0.386575574383808,0.183,0.195,0.492,0.13
943,264.84262809315715,269,0.05,1e-05,0.3815065753421427,0.3680297397769517,0.09665427509293681,0.4200743494423792,0.11524163568773234
944,137.95079871308837,1000,0.05,1e-05,0.37983897463708843,0.705,0.032,0.12,0.143
945,244.61809250740225,258,0.05,1e-05,0.38841356463912946,0.44573643410852715,0.21705426356589147,0.28294573643410853,0.05426356589147287
946,266.3428415434732,146,0.05,1e-05,0.3703949348316738,0.3493150684931507,0.13013698630136986,0.4383561643835616,0.0821917808219178
947,271.9727457885583,171,0.05,1e-05,0.3756646311285829,0.34502923976608185,0.1286549707602339,0.4678362573099415,0.05847953216374269
948,250.9565123710699,253,0.05,1e-05,0.3876567364547615,0.5968379446640316,0.11857707509881422,0.22529644268774704,0.05928853754940711
949,209.90194540731633,353,0.05,1e-05,0.38832102164510257,0.1359773371104816,0.11331444759206799,0.44192634560906513,0.3087818696883853
950,-43.71768641828274,88,0.05,1e-05,0.38583733973268225,0.17045454545454544,0.17045454545454544,0.5227272727272727,0.13636363636363635
951,267.48070126154016,188,0.05,1e-05,0.36651939202516753,0.35106382978723405,0.11702127659574468,0.43617021276595747,0.09574468085106383
952,272.6973764871178,420,0.05,1e-05,0.3922666408766137,0.49523809523809526,0.15476190476190477,0.2642857142857143,0.08571428571428572
953,226.00910571048513,988,0.05,1e-05,0.3893426403088335,0.3431174089068826,0.05465587044534413,0.17307692307692307,0.4291497975708502
954,267.2863728625722,162,0.05,1e-05,0.3961294219977448,0.35185185185185186,0.10493827160493827,0.47530864197530864,0.06790123456790123
955,154.7379537226597,1000,0.05,1e-05,0.3790223729117438,0.592,0.235,0.142,0.031
956,262.6354187352496,233,0.05,1e-05,0.3818884314548728,0.34334763948497854,0.0815450643776824,0.4678111587982833,0.1072961373390558
957,-46.865798625869616,1000,0.05,1e-05,0.39212570205685815,0.173,0.128,0.559,0.14
958,147.12046183352524,1000,0.05,1e-05,0.3821914037018729,0.342,0.039,0.133,0.486
959,250.79334442294794,154,0.05,1e-05,0.3532564947141614,0.33116883116883117,0.14935064935064934,0.43506493506493504,0.08441558441558442
960,245.19498858076332,299,0.05,1e-05,0.37542090018920204,0.4080267558528428,0.06020066889632107,0.1705685618729097,0.3612040133779264
961,247.399634342114,265,0.05,1e-05,0.39058842765702234,0.36981132075471695,0.1169811320754717,0.2943396226415094,0.2188679245283019
962,272.1234055461905,241,0.05,1e-05,0.3956023346499706,0.36099585062240663,0.16182572614107885,0.21991701244813278,0.2572614107883817
963,40.05420615122222,140,0.05,1e-05,0.380511262593774,0.15714285714285714,0.2,0.45714285714285713,0.18571428571428572
964,252.44210622390747,344,0.05,1e-05,0.3840496462858066,0.12209302325581395,0.0872093023255814,0.37209302325581395,0.4186046511627907
965,278.5562210132058,283,0.05,1e-05,0.39269953584783607,0.26855123674911663,0.16607773851590105,0.4452296819787986,0.12014134275618374
966,4.259630909860448,101,0.05,1e-05,0.38995224081707597,0.24752475247524752,0.1485148514851485,0.4752475247524752,0.12871287128712872
967,149.65913175699208,1000,0.05,1e-05,0.3791885609650251,0.569,0.257,0.136,0.038
968,276.89252779678475,257,0.05,1e-05,0.3789520359519666,0.48249027237354086,0.1245136186770428,0.3229571984435798,0.07003891050583658
969,99.62566944768282,1000,0.05,1e-05,0.38472362417605827,0.457,0.415,0.109,0.019
970,306.1886111413845,251,0.05,1e-05,0.3855413879576656,0.1553784860557769,0.2589641434262948,0.2868525896414343,0.29880478087649404
971,262.8296546045958,209,0.05,1e-05,0.3964142497853873,0.4258373205741627,0.09569377990430622,0.40669856459330145,0.07177033492822966
972,236.96545131670646,209,0.05,1e-05,0.4015814837864128,0.3923444976076555,0.11483253588516747,0.41626794258373206,0.07655502392344497
973,262.479985089889,220,0.05,1e-05,0.3701049391761547,0.2681818181818182,0.17727272727272728,0.43636363636363634,0.11818181818181818
974,41.19067812024201,138,0.05,1e-05,0.37815238694779324,0.13043478260869565,0.1956521739130435,0.43478260869565216,0.2391304347826087
975,161.36565472330324,1000,0.05,1e-05,0.38590726288045735,0.514,0.39,0.078,0.018
976,288.0952072531829,166,0.05,1e-05,0.38388507305553377,0.2891566265060241,0.10240963855421686,0.5421686746987951,0.06626506024096386
977,143.4150812237085,1000,0.05,1e-05,0.3866658914723391,0.611,0.233,0.124,0.032
978,259.1398076602133,299,0.05,1e-05,0.37739707926441646,0.33444816053511706,0.11371237458193979,0.47491638795986624,0.07692307692307693
979,259.6408675568776,352,0.05,1e-05,0.38285423686818193,0.32386363636363635,0.07386363636363637,0.3352272727272727,0.26704545454545453
980,269.6646275257672,192,0.05,1e-05,0.3848181865323009,0.2708333333333333,0.17708333333333334,0.3854166666666667,0.16666666666666666
981,262.44071057392625,589,0.05,1e-05,0.3836098105178607,0.3599320882852292,0.05602716468590832,0.21731748726655348,0.366723259762309
982,265.4171437361632,313,0.05,1e-05,0.3887058031638465,0.3769968051118211,0.11501597444089456,0.3961661341853035,0.11182108626198083
983,271.5091475904853,280,0.05,1e-05,0.38500987381559815,0.3964285714285714,0.08571428571428572,0.41785714285714287,0.1
984,31.51239085968254,125,0.05,1e-05,0.390998936598489,0.128,0.208,0.504,0.16
985,253.79119959139257,302,0.05,1e-05,0.37662433324412253,0.3211920529801324,0.10264900662251655,0.44039735099337746,0.1357615894039735
986,255.38523738394593,236,0.05,1e-05,0.3886202744978264,0.3601694915254237,0.3008474576271186,0.3093220338983051,0.029661016949152543
987,264.8988518229882,462,0.05,1e-05,0.37793743097768495,0.474025974025974,0.36147186147186144,0.13203463203463203,0.032467532467532464
988,280.4740662685365,320,0.05,1e-05,0.38018551856548255,0.309375,0.15,0.453125,0.0875
989,243.35215270922285,202,0.05,1e-05,0.3876775830222202,0.44554455445544555,0.09900990099009901,0.38613861386138615,0.06930693069306931
990,250.96335913256598,220,0.05,1e-05,0.380345479380898,0.41363636363636364,0.07272727272727272,0.43636363636363634,0.07727272727272727
991,280.5344343966743,934,0.05,1e-05,0.3761729490543744,0.38436830835117775,0.033190578158458245,0.14025695931477516,0.4421841541755889
992,256.20986595694205,418,0.05,1e-05,0.37857834770850013,0.26555023923444976,0.15789473684210525,0.45454545454545453,0.12200956937799043
993,273.12306033545667,281,0.05,1e-05,0.3788187878550135,0.38434163701067614,0.08185053380782918,0.40213523131672596,0.13167259786476868
994,264.54741387238005,219,0.05,1e-05,0.38712007101427154,0.1324200913242009,0.1141552511415525,0.4794520547945205,0.273972602739726
995,262.5061019040873,166,0.05,1e-05,0.37252450991342795,0.22289156626506024,0.1746987951807229,0.4036144578313253,0.19879518072289157
996,294.9284876643544,226,0.05,1e-05,0.3975887621094088,0.23893805309734514,0.18584070796460178,0.4557522123893805,0.11946902654867257
997,255.98501707776737,211,0.05,1e-05,0.37682516509944725,0.2938388625592417,0.22748815165876776,0.32701421800947866,0.15165876777251186
998,12.477015169410677,167,0.05,1e-05,0.37234774409464216,0.23952095808383234,0.1377245508982036,0.47305389221556887,0.1497005988023952
999,291.61387143974355,307,0.05,1e-05,0.36947535522732294,0.34527687296416937,0.08469055374592833,0.32247557003257327,0.247557003257329
