Episode,Total_Reward,Steps,Epsilon,Learning_Rate,Average_Loss,Action_0_Percentage,Action_1_Percentage,Action_2_Percentage,Action_3_Percentage
0,-109.63094151039097,74,0.9950195566196387,0.000994896213044336,0.0,0.25675675675675674,0.22972972972972974,0.2702702702702703,0.24324324324324326
1,-107.70889123497942,73,0.9900639180555424,0.0009898184747299606,0.0,0.2465753424657534,0.3013698630136986,0.2602739726027397,0.1917808219178082
2,-199.71379156373445,63,0.9851329607687281,0.0009847666521101584,0.0,0.3492063492063492,0.09523809523809523,0.19047619047619047,0.36507936507936506
3,-458.3611589357984,75,0.9802265618354918,0.0009797406129167456,0.0,0.2,0.21333333333333335,0.29333333333333333,0.29333333333333333
4,-186.79946345989873,83,0.975344598944344,0.0009747402255566067,0.0,0.21686746987951808,0.37349397590361444,0.1927710843373494,0.21686746987951808
5,-113.97822772226372,87,0.9704869503929605,0.0009697653591082497,0.0,0.21839080459770116,0.3448275862068966,0.20689655172413793,0.22988505747126436
6,-105.37322122076179,107,0.9656534950851489,0.000964815883318378,0.0,0.2897196261682243,0.2803738317757009,0.21495327102803738,0.21495327102803738
7,-71.57450475978975,64,0.9608441125278293,0.0009598916685984801,0.0,0.1875,0.3125,0.265625,0.234375
8,-153.97633295059185,139,0.956058682828031,0.0009549925860214364,0.0,0.18705035971223022,0.30935251798561153,0.23741007194244604,0.26618705035971224
9,-357.32045503376406,103,0.9512970866899032,0.0009501185073181442,0.0,0.23300970873786409,0.23300970873786409,0.2621359223300971,0.27184466019417475
10,-154.42212894548618,75,0.9465592054117414,0.0009452693048741588,0.0,0.2,0.3333333333333333,0.24,0.22666666666666666
11,-81.47265351515126,58,0.9418449208830285,0.0009404448517263523,0.0,0.20689655172413793,0.2413793103448276,0.2413793103448276,0.3103448275862069
12,-108.98663859942485,78,0.9371541155814898,0.0009356450215595899,0.0,0.23076923076923078,0.32051282051282054,0.20512820512820512,0.24358974358974358
13,-157.52938016531283,88,0.9324866725701636,0.000930869688703422,0.0,0.29545454545454547,0.2840909090909091,0.26136363636363635,0.1590909090909091
14,-201.99777583405296,96,0.9278424754944864,0.0009261187281287943,0.0,0.25,0.3020833333333333,0.1875,0.2604166666666667
15,-275.7438855180105,90,0.9232214085793918,0.0009213920154447743,0.0,0.2222222222222222,0.2777777777777778,0.3111111111111111,0.18888888888888888
16,33.15434732590535,138,0.9186233566264248,0.0009166894268952941,0.0,0.21014492753623187,0.30434782608695654,0.2753623188405797,0.21014492753623187
17,-271.92773862538957,93,0.9140482050108695,0.0009120108393559106,0.0,0.20430107526881722,0.3118279569892473,0.26881720430107525,0.21505376344086022
18,-102.02012032921446,60,0.9094958396788919,0.0009073561303305816,0.0,0.3,0.3333333333333333,0.21666666666666667,0.15
19,-459.65842898265913,117,0.904966147144697,0.0009027251779484585,0.0,0.17094017094017094,0.3162393162393162,0.23931623931623933,0.27350427350427353
20,-102.36707899173183,68,0.9004590144876992,0.0008981178609606956,0.0,0.22058823529411764,0.36764705882352944,0.23529411764705882,0.17647058823529413
21,-28.951473318942078,113,0.8959743293497072,0.0008935340587372753,0.0,0.19469026548672566,0.3008849557522124,0.23893805309734514,0.26548672566371684
22,-452.91246093683264,98,0.8915119799321238,0.0008889736512638504,0.0,0.20408163265306123,0.32653061224489793,0.22448979591836735,0.24489795918367346
23,-36.142641847472134,126,0.8870718549931581,0.0008844365191386009,0.0,0.23015873015873015,0.3492063492063492,0.1984126984126984,0.2222222222222222
24,-256.5624373095636,113,0.8826538438450526,0.0008799225435691082,0.0,0.23008849557522124,0.2920353982300885,0.20353982300884957,0.2743362831858407
25,-383.89173018768406,93,0.878257836351324,0.0008754316063692454,0.0,0.23655913978494625,0.3548387096774194,0.11827956989247312,0.2903225806451613
26,-159.39774528859166,102,0.8738837229240176,0.0008709635899560819,0.0,0.2647058823529412,0.30392156862745096,0.2549019607843137,0.17647058823529413
27,-278.84920523629376,113,0.8695313945209752,0.0008665183773468056,0.0,0.18584070796460178,0.3008849557522124,0.24778761061946902,0.26548672566371684
28,-260.95193658074993,87,0.8652007426431169,0.0008620958521556597,0.0,0.2413793103448276,0.3103448275862069,0.22988505747126436,0.21839080459770116
29,-431.32215395679935,107,0.8608916593317363,0.0008576958985908955,0.0,0.2616822429906542,0.3177570093457944,0.2523364485981308,0.16822429906542055
30,-173.78706935208118,95,0.8566040371658092,0.0008533184014517406,0.0,0.28421052631578947,0.22105263157894736,0.28421052631578947,0.21052631578947367
31,-308.31360617033704,85,0.852337769259316,0.000848963246125383,0.0,0.23529411764705882,0.3411764705882353,0.18823529411764706,0.23529411764705882
32,-107.67461594695162,68,0.8480927492585766,0.0008446303185839699,0.0,0.27941176470588236,0.27941176470588236,0.22058823529411764,0.22058823529411764
33,-311.9935297401023,98,0.8438688713395993,0.0008403195053816226,0.0,0.25510204081632654,0.25510204081632654,0.20408163265306123,0.2857142857142857
34,-209.1775174804731,98,0.8396660302054431,0.0008360306936514657,0.0,0.37755102040816324,0.1836734693877551,0.21428571428571427,0.22448979591836735
35,-306.3068739722697,91,0.8354841210835922,0.0008317637711026725,0.0,0.32967032967032966,0.32967032967032966,0.17582417582417584,0.16483516483516483
36,-410.13466903394396,113,0.8313230397233444,0.0008275186260175247,0.0,0.1504424778761062,0.35398230088495575,0.24778761061946902,0.24778761061946902
37,-95.05956907448117,71,0.8271826823932125,0.0008232951472484873,0.0,0.19718309859154928,0.38028169014084506,0.19718309859154928,0.22535211267605634
38,-234.53531300381454,68,0.8230629458783377,0.0008190932242152989,0.0,0.23529411764705882,0.29411764705882354,0.25,0.22058823529411764
39,-127.9419689219646,58,0.8189637274779172,0.000814912746902076,0.0,0.3448275862068966,0.2413793103448276,0.15517241379310345,0.25862068965517243
40,-126.40880364926315,63,0.8148849250026439,0.0008107536058544327,0.0,0.3492063492063492,0.4444444444444444,0.06349206349206349,0.14285714285714285
41,-332.3335319818335,71,0.8108264367721583,0.0008066156921766152,0.0,0.1267605633802817,0.43661971830985913,0.16901408450704225,0.2676056338028169
42,-138.05574444290403,62,0.8067881616125144,0.0008024988975286502,0.0,0.22580645161290322,0.4032258064516129,0.20967741935483872,0.16129032258064516
43,-208.47869517168164,63,0.8027699988536575,0.0007984031141235085,0.0,0.23809523809523808,0.4126984126984127,0.1746031746031746,0.1746031746031746
44,-419.68915829399515,97,0.7987718483269142,0.0007943282347242834,0.0,0.17525773195876287,0.422680412371134,0.2268041237113402,0.17525773195876287
45,-179.23758814182216,63,0.7947936103624954,0.0007902741526413818,0.0,0.38095238095238093,0.20634920634920634,0.19047619047619047,0.2222222222222222
46,-510.24170357286175,105,0.7908351857870121,0.0007862407617297322,0.0,0.11428571428571428,0.37142857142857144,0.22857142857142856,0.2857142857142857
47,-487.9384659060463,91,0.7868964759210023,0.0007822279563860046,0.0,0.24175824175824176,0.3626373626373626,0.17582417582417584,0.21978021978021978
48,-394.14000730987027,96,0.7829773825764719,0.0007782356315458458,0.0,0.19791666666666666,0.3541666666666667,0.14583333333333334,0.3020833333333333
49,-266.83527957746804,86,0.7790778080544463,0.000774263682681129,0.0,0.19767441860465115,0.32558139534883723,0.23255813953488372,0.2441860465116279
50,-202.4564543532622,86,0.7751976551425351,0.0007703120057972166,0.0,0.19767441860465115,0.38372093023255816,0.16279069767441862,0.2558139534883721
51,-363.83077280246613,82,0.771336827112509,0.0007663804974302373,0.0,0.1951219512195122,0.3780487804878049,0.15853658536585366,0.2682926829268293
52,-246.35909371792312,98,0.7674952277178876,0.0007624690546443775,0.0,0.1836734693877551,0.35714285714285715,0.20408163265306123,0.25510204081632654
53,-90.70427923848638,96,0.7636727611915411,0.0007585775750291859,0.0,0.21875,0.3125,0.19791666666666666,0.2708333333333333
54,-221.37617143974452,82,0.7598693322433026,0.0007547059566968927,0.0,0.2926829268292683,0.3902439024390244,0.17073170731707318,0.14634146341463414
55,-321.3490526850333,65,0.7560848460575919,0.000750854098279741,0.0,0.12307692307692308,0.4153846153846154,0.18461538461538463,0.27692307692307694
56,-109.81799487476927,72,0.7523192082910528,0.0007470218989273339,2.7582597059402296,0.3472222222222222,0.16666666666666666,0.25,0.2361111111111111
57,-170.5946109677895,147,0.748572325070201,0.0007432092583039931,1.5410047652639214,0.1360544217687075,0.23809523809523808,0.41496598639455784,0.2108843537414966
58,-390.75101976064394,87,0.7448441029890834,0.0007394160765861323,1.2269252449958552,0.16091954022988506,0.13793103448275862,0.4827586206896552,0.21839080459770116
59,-184.47436414625457,155,0.7411344491069503,0.0007356422544596437,1.0130451531307556,0.16774193548387098,0.24516129032258063,0.4,0.1870967741935484
60,-61.18271211947204,76,0.7374432709459379,0.0007318876931172971,0.9028022823045104,0.14473684210526316,0.17105263157894737,0.42105263157894735,0.2631578947368421
61,-207.41067841950115,87,0.7337704764887631,0.000728152294256154,0.9028061198365531,0.10344827586206896,0.28735632183908044,0.2988505747126437,0.3103448275862069
62,-153.30756994935666,77,0.7301159741764301,0.0007244359600749925,0.9010127943822659,0.3116883116883117,0.23376623376623376,0.24675324675324675,0.2077922077922078
63,-98.31013296046515,123,0.7264796729059471,0.0007207385932717478,0.8726545351521589,0.21138211382113822,0.2764227642276423,0.36585365853658536,0.14634146341463414
64,-325.942798481105,154,0.7228614820280556,0.0007170600970409636,0.847177708573689,0.16883116883116883,0.2532467532467532,0.2987012987012987,0.2792207792207792
65,-146.29022340187754,78,0.7192613113449707,0.0007134003750712587,0.7941188713715748,0.19230769230769232,0.2564102564102564,0.34615384615384615,0.20512820512820512
66,-300.01612582396524,86,0.7156790711081327,0.0007097593315428041,0.7740574725977193,0.22093023255813954,0.23255813953488372,0.3023255813953488,0.2441860465116279
67,-65.41369434445262,136,0.712114672015969,0.000706136871124815,0.7887914855516129,0.11764705882352941,0.22794117647058823,0.40441176470588236,0.25
68,-109.02196454927494,90,0.708568025211669,0.0007025328989730546,0.7425160935321539,0.25555555555555554,0.14444444444444443,0.36666666666666664,0.23333333333333334
69,-11.339883884885367,117,0.7050390422809678,0.000698947320727351,0.7524391137179954,0.17094017094017094,0.19658119658119658,0.452991452991453,0.1794871794871795
70,-100.09080697513997,189,0.7015276352499433,0.0006953800425091263,0.7312975181195666,0.18518518518518517,0.20105820105820105,0.3915343915343915,0.2222222222222222
71,-244.38472770938515,144,0.6980337165828222,0.000691830970918939,0.7126916724480356,0.18055555555555555,0.24305555555555555,0.3888888888888889,0.1875
72,-81.25819361889438,157,0.6945571991797983,0.0006883000130340385,0.7182190955989899,0.19745222929936307,0.20382165605095542,0.36942675159235666,0.22929936305732485
73,-153.7854646249614,136,0.691097996374861,0.0006847870764059319,0.7336575791500753,0.21323529411764705,0.2426470588235294,0.27205882352941174,0.27205882352941174
74,-31.428595673707818,112,0.6876560219336348,0.0006812920690579639,0.696983320532178,0.125,0.19642857142857142,0.49107142857142855,0.1875
75,-235.58485229640442,173,0.6842311900512299,0.0006778148994829084,0.707796122121048,0.17341040462427745,0.15606936416184972,0.44508670520231214,0.2254335260115607
76,-164.203342289952,88,0.6808234153501025,0.0006743554766405727,0.6870935159616207,0.11363636363636363,0.26136363636363635,0.3977272727272727,0.22727272727272727
77,-171.14634283216054,88,0.6774326128779271,0.0006709137099554139,0.7648951078062068,0.18181818181818182,0.22727272727272727,0.3409090909090909,0.25
78,-180.7097118916223,139,0.6740586981054784,0.0006674895093141672,1.2604298657803392,0.17985611510791366,0.2302158273381295,0.3669064748201439,0.22302158273381295
79,-188.12355975112445,153,0.670701586924524,0.0006640827850634869,0.9956038951286966,0.16993464052287582,0.22875816993464052,0.40522875816993464,0.19607843137254902
80,-147.87524012567536,150,0.6673611956457279,0.0006606934480075987,1.0070714277587263,0.17333333333333334,0.18,0.42,0.22666666666666666
81,-64.38572425736756,86,0.6640374409965641,0.0006573214094059647,0.8907983447748198,0.20930232558139536,0.18604651162790697,0.4883720930232558,0.11627906976744186
82,-85.63562423615393,138,0.6607302401192408,0.0006539665809709598,0.8613829537836758,0.2028985507246377,0.15942028985507245,0.4782608695652174,0.15942028985507245
83,-81.02725737570336,122,0.6574395105686344,0.0006506288748655599,0.8384228029343723,0.21311475409836064,0.19672131147540983,0.38524590163934425,0.20491803278688525
84,-28.181946773627857,134,0.6541651703102348,0.0006473082037010426,0.8418327238917857,0.208955223880597,0.16417910447761194,0.417910447761194,0.208955223880597
85,-24.38013851329525,123,0.6509071377181003,0.0006440044805346987,0.7896641465211693,0.16260162601626016,0.22764227642276422,0.3170731707317073,0.2926829268292683
86,-163.5675220317873,115,0.6476653315728222,0.0006407176188675564,0.7873286481717803,0.16521739130434782,0.26956521739130435,0.3217391304347826,0.24347826086956523
87,-154.84110911314795,203,0.6444396710595008,0.000637447532642116,0.7722613796452141,0.1921182266009852,0.18719211822660098,0.4039408866995074,0.21674876847290642
88,-357.39333099812023,147,0.6412300757657303,0.0006341941362400969,0.766325530268639,0.1564625850340136,0.2653061224489796,0.3197278911564626,0.2585034013605442
89,-42.283237460251655,139,0.6380364656795943,0.000630957344480196,0.7215732616519055,0.2158273381294964,0.19424460431654678,0.381294964028777,0.20863309352517986
90,-87.28501454044114,139,0.6348587611876713,0.0006277370726158575,0.6983779822679259,0.1510791366906475,0.2446043165467626,0.33093525179856115,0.2733812949640288
91,-32.36068624889698,198,0.6316968830730497,0.0006245332363330539,0.7392042564324147,0.12626262626262627,0.1919191919191919,0.494949494949495,0.18686868686868688
92,-142.8721433341886,123,0.6285507525133537,0.0006213457517480785,0.7168768649294934,0.17073170731707318,0.21138211382113822,0.36585365853658536,0.25203252032520324
93,-87.07801779025206,129,0.6254202910787774,0.0006181745354053494,0.7621843270109564,0.17829457364341086,0.24031007751937986,0.2868217054263566,0.29457364341085274
94,-120.89745410870222,130,0.6223054207301305,0.0006150195042752238,0.7306435644698976,0.1,0.23076923076923078,0.46923076923076923,0.2
95,-124.13390213941634,100,0.6192060638168921,0.0006118805757518249,0.7323352917880933,0.22,0.22,0.41,0.15
96,-25.54398613967193,130,0.6161221430752757,0.0006087576676508784,1.3681334162770278,0.13076923076923078,0.3076923076923077,0.3153846153846154,0.24615384615384617
97,-4.036683965463922,162,0.6130535816263024,0.0006056506982075613,1.2905853582445157,0.11728395061728394,0.2716049382716049,0.38271604938271603,0.22839506172839505
98,-75.5523308325353,96,0.6100003029738849,0.0006025595860743607,1.1310013145951376,0.22916666666666666,0.10416666666666667,0.4583333333333333,0.20833333333333334
99,-52.17424551189224,170,0.6069622310029202,0.000599484250318944,1.090282770268054,0.15294117647058825,0.2,0.45294117647058824,0.19411764705882353
100,-25.179458132495313,169,0.6039392899773924,0.0005964246104220401,0.9785812488430643,0.20710059171597633,0.15976331360946747,0.47928994082840237,0.15384615384615385
101,-98.86813326615288,127,0.6009314045384845,0.000593380586275331,0.9830687543508765,0.13385826771653545,0.18110236220472442,0.4645669291338583,0.2204724409448819
102,-72.62801220623552,126,0.5979384997026995,0.0005903520981793547,0.9109419608779455,0.15873015873015872,0.14285714285714285,0.5,0.1984126984126984
103,-86.74874336212311,105,0.5949605008599921,0.0005873390668414179,0.9092725517024334,0.13333333333333333,0.1619047619047619,0.49523809523809526,0.20952380952380953
104,-41.06584718441721,128,0.5919973337719074,0.0005843414133735207,0.8847690331660605,0.109375,0.1953125,0.4765625,0.21875
105,-129.91543035964168,143,0.5890489245697316,0.0005813590592902906,0.8814655888314298,0.23776223776223776,0.1958041958041958,0.40559440559440557,0.16083916083916083
106,32.839998045152015,167,0.5861151997526493,0.0005783919265069276,0.8585101388470611,0.16766467065868262,0.1497005988023952,0.47904191616766467,0.20359281437125748
107,9.34755170508312,120,0.583196086185912,0.0005754399373371601,0.8797210681899579,0.19166666666666668,0.14166666666666666,0.49166666666666664,0.175
108,-17.773272379368905,193,0.5802915110990148,0.0005725030144912106,0.8711834101216542,0.14507772020725387,0.17098445595854922,0.5440414507772021,0.13989637305699482
109,-82.28081156568848,151,0.5774014020838818,0.0005695810810737719,0.8128602712560057,0.17218543046357615,0.2052980132450331,0.4105960264900662,0.2119205298013245
110,-107.3439612230182,207,0.5745256870930618,0.0005666740605819945,0.7820770000345475,0.10144927536231885,0.178743961352657,0.5217391304347826,0.19806763285024154
111,-29.468924768389044,133,0.5716642944379317,0.0005637818769034828,0.8046534689025112,0.15037593984962405,0.15789473684210525,0.518796992481203,0.17293233082706766
112,-64.58669526297587,101,0.5688171527869094,0.000560904454314303,0.8255076722200474,0.16831683168316833,0.22772277227722773,0.43564356435643564,0.16831683168316833
113,-70.04064810269033,137,0.5659841911636758,0.0005580417174769997,1.045554530722216,0.16058394160583941,0.1678832116788321,0.45985401459854014,0.2116788321167883
114,-122.99790766317032,202,0.5631653389454055,0.0005551935914386241,1.37363251538703,0.1188118811881188,0.19306930693069307,0.4900990099009901,0.19801980198019803
115,57.91837636139289,1000,0.5603605258610059,0.0005523600016287713,1.0455070063903027,0.22,0.211,0.293,0.276
116,11.03540532711908,248,0.5575696819893657,0.0005495408738576278,0.9619836052691686,0.16532258064516128,0.1935483870967742,0.4717741935483871,0.1693548387096774
117,-43.61538338143055,150,0.5547927377576116,0.000546736134314029,0.9176152794493392,0.10666666666666667,0.18,0.54,0.17333333333333334
118,-70.76101748877541,130,0.5520296239393742,0.0005439457095635269,0.8959452268944924,0.12307692307692308,0.23076923076923078,0.4846153846153846,0.16153846153846155
119,-132.12168709352378,84,0.5492802716530619,0.000541169526546467,0.8437105126279449,0.16666666666666666,0.25,0.38095238095238093,0.20238095238095238
120,-196.12459618589236,177,0.5465446123601444,0.0005384075125760762,0.8964657826099581,0.11299435028248588,0.1977401129943503,0.5028248587570622,0.1864406779661017
121,-89.10770858423045,129,0.5438225778634432,0.0005356595953365588,0.9150261238770316,0.13178294573643412,0.17829457364341086,0.4573643410852713,0.23255813953488372
122,-232.66314606149083,156,0.5411141003054323,0.0005329257028812037,0.8602970128462007,0.14102564102564102,0.3076923076923077,0.358974358974359,0.19230769230769232
123,-69.80000278961361,175,0.5384191121665459,0.0005302057636305005,0.8848023884060272,0.12,0.18857142857142858,0.48,0.21142857142857144
124,-43.990918464800274,142,0.535737546263496,0.0005274997063702652,1.4977968623161926,0.07746478873239436,0.19718309859154928,0.4859154929577465,0.23943661971830985
125,-38.68469117228858,185,0.533069335747597,0.000524807460249776,1.3599245413406442,0.17297297297297298,0.17297297297297298,0.4540540540540541,0.2
126,4.794509697068904,308,0.5304144141030992,0.000522128954779918,1.2187113162148393,0.1396103896103896,0.1461038961038961,0.577922077922078,0.13636363636363635
127,-67.7930233945899,219,0.5277727151455311,0.0005194641198313376,1.1709758701237603,0.1643835616438356,0.1872146118721461,0.4794520547945205,0.1689497716894977
128,-101.93093735374556,304,0.5251441730200492,0.0005168128856326069,1.0938452829562804,0.12828947368421054,0.1611842105263158,0.5,0.21052631578947367
129,-20.60824025943964,169,0.5225287221997962,0.0005141751827683961,1.0481173257344318,0.15384615384615385,0.11834319526627218,0.5502958579881657,0.17751479289940827
130,-199.27779125477042,137,0.5199262974842676,0.0005115509421776565,0.9715879585389903,0.1678832116788321,0.27007299270072993,0.3795620437956204,0.18248175182481752
131,-219.0789611990367,182,0.5173368339976863,0.0005089400951518125,0.9347070367980501,0.12087912087912088,0.25274725274725274,0.36813186813186816,0.25824175824175827
132,19.20222546345397,124,0.5147602671873854,0.0005063425733329622,1.0270727588874857,0.12903225806451613,0.13709677419354838,0.5564516129032258,0.1774193548387097
133,4.311344528054462,151,0.512196532822199,0.000503758308712088,0.910591274804496,0.1456953642384106,0.11258278145695365,0.5165562913907285,0.2251655629139073
134,-30.55925500750277,137,0.5096455669908607,0.0005011872336272758,0.9400124436168661,0.12408759124087591,0.1897810218978102,0.43795620437956206,0.24817518248175183
135,-35.205970306686524,140,0.5071073061004107,0.0004986292807619435,0.9412627156617239,0.1357142857142857,0.17142857142857143,0.5,0.19285714285714287
136,-159.51727143146059,165,0.50458168687461,0.0004960843831430785,0.9357577177540896,0.17575757575757575,0.15151515151515152,0.5454545454545454,0.12727272727272726
137,-34.55569964585776,342,0.5020686463523638,0.0004935524741394842,1.177146293359691,0.14619883040935672,0.15204678362573099,0.5263157894736842,0.17543859649122806
138,-64.20283623531054,157,0.49956812188615124,0.0004910334874600353,1.2729317179657302,0.12101910828025478,0.19745222929936307,0.4713375796178344,0.21019108280254778
139,98.86200300861721,1000,0.49708005114046383,0.0004885273571519426,1.109306474493521,0.308,0.237,0.238,0.217
140,-19.037769703551206,66,0.49460437209025165,0.0004860340175990254,1.0116786247842955,0.18181818181818182,0.22727272727272727,0.48484848484848486,0.10606060606060606
141,30.781181246180182,1000,0.492141023019377,0.00048355340351999445,0.9790406612845511,0.233,0.259,0.267,0.241
142,-63.503450664809165,98,0.48968994251907594,0.0004810854499667421,1.101586352919347,0.16326530612244897,0.12244897959183673,0.46938775510204084,0.24489795918367346
143,-29.042168020390363,267,0.4872510694864273,0.000478630092322642,1.3075606947409975,0.12734082397003746,0.19850187265917604,0.49812734082397003,0.1760299625468165
144,-43.667901063588644,83,0.4848243431228297,0.0004761872663008574,1.3486850144885605,0.0963855421686747,0.2289156626506024,0.5542168674698795,0.12048192771084337
145,-69.91858313708919,137,0.4824097029324856,0.00047375690794265767,1.1824275923149175,0.10218978102189781,0.1386861313868613,0.5693430656934306,0.1897810218978102
146,-71.03618019711192,178,0.4800070887208934,0.00047133895361574417,1.1960442006055299,0.15168539325842698,0.1797752808988764,0.4157303370786517,0.25280898876404495
147,-36.34983007133462,127,0.47761644059334696,0.0004689333400125837,1.0960240130366206,0.11811023622047244,0.11811023622047244,0.5433070866141733,0.2204724409448819
148,100.66713351580584,1000,0.4752376989534421,0.0004665400041487515,1.068900620635516,0.353,0.21,0.239,0.198
149,-141.57177588296992,231,0.4728708045015913,0.0004641588833612816,1.0498258247706205,0.1471861471861472,0.19480519480519481,0.5064935064935064,0.15151515151515152
150,-73.04403341246929,344,0.4705156982335452,0.0004617899153070266,1.064937264191521,0.14534883720930233,0.1511627906976744,0.5465116279069767,0.1569767441860465
151,-73.51077476562608,93,0.4681723214389219,0.00045943303796102536,0.9800070066779203,0.053763440860215055,0.3010752688172043,0.4731182795698925,0.17204301075268819
152,63.55882640487236,1000,0.46584061569974305,0.00045708818961487873,1.2227564857322544,0.324,0.18,0.292,0.204
153,-14.938745529084954,258,0.4635205228889778,0.0004547553088751342,1.1087947391642485,0.10852713178294573,0.17054263565891473,0.5542635658914729,0.16666666666666666
154,-46.08171225919743,428,0.4612119851690938,0.00045243433466167824,1.1108652587972614,0.13551401869158877,0.14018691588785046,0.5397196261682243,0.18457943925233644
155,-75.92950891227886,228,0.4589149449906151,0.00045012520620613735,1.057417435112959,0.07894736842105263,0.2850877192982456,0.42543859649122806,0.21052631578947367
156,-128.55542252146122,187,0.4566293450906877,0.0004478278630502868,1.0474809512257408,0.0962566844919786,0.23529411764705882,0.40641711229946526,0.2620320855614973
157,-19.95956736367262,89,0.45435512849165205,0.0004455422450444678,1.1025433487949678,0.11235955056179775,0.1348314606741573,0.5393258426966292,0.21348314606741572
158,25.089755991918025,161,0.4520922384996226,0.0004432682923460125,1.0151725685054382,0.11180124223602485,0.16770186335403728,0.5341614906832298,0.18633540372670807
159,1.6220194191183168,211,0.44984061870307446,0.00044100594541767737,1.0954423259960961,0.12322274881516587,0.16113744075829384,0.4786729857819905,0.23696682464454977
160,135.24478084252198,1000,0.4476002129714371,0.0004387551450260843,1.2995306531419357,0.332,0.202,0.25,0.216
161,-249.477497437553,337,0.4453709654536952,0.00043651583224016963,1.1484469641603523,0.13353115727002968,0.18694362017804153,0.5133531157270029,0.1661721068249258
162,-39.738889737881,402,0.44315282057699623,0.00043428794842964135,1.1435373282578245,0.1417910447761194,0.14925373134328357,0.5671641791044776,0.1417910447761194
163,76.3777434477955,1000,0.4409457230452651,0.000432071435263444,1.1902757987187313,0.184,0.165,0.216,0.435
164,15.128119094507099,237,0.4387496178378257,0.00042986623470823136,1.2987423597000467,0.1350210970464135,0.20675105485232068,0.5021097046413502,0.15611814345991562
165,13.566314002015687,279,0.43656445020802925,0.00042767228902684703,1.20185976972584,0.10752688172043011,0.14695340501792115,0.5627240143369175,0.1827956989247312
166,-23.715187482249135,194,0.4343901656818896,0.0004254895407768128,1.2697029496217087,0.1134020618556701,0.18041237113402062,0.5154639175257731,0.19072164948453607
167,-235.69532869493543,444,0.4322267100567252,0.0004233179328088246,1.2145087105384027,0.12612612612612611,0.18468468468468469,0.5,0.1891891891891892
168,-7.953309799096402,277,0.4300740293998078,0.0004211574082652562,1.1379686119554562,0.07942238267148015,0.18050541516245489,0.5379061371841155,0.20216606498194944
169,-63.80261284691194,198,0.4279320700470182,0.0004190079105786707,1.1263529564360493,0.10606060606060606,0.25757575757575757,0.45454545454545453,0.18181818181818182
170,108.12860189687731,1000,0.4258007786015082,0.00041686938347033914,1.1805594683250902,0.252,0.233,0.173,0.342
171,68.69051643002221,1000,0.42368010193236966,0.00041474177094876744,1.2314396274387134,0.321,0.187,0.289,0.203
172,39.49006457379343,211,0.4215699871733098,0.00041262501730823006,1.1736646838918474,0.15165876777251186,0.13744075829383887,0.5118483412322274,0.1990521327014218
173,-53.75465573791775,91,0.4194703817213335,0.0004105190671273116,1.149127071590339,0.21978021978021978,0.17582417582417584,0.38461538461538464,0.21978021978021978
174,-86.4499257638428,645,0.41738123323543186,0.0004084238652674558,1.1097385638284105,0.11472868217054263,0.15658914728682172,0.5426356589147286,0.18604651162790697
175,74.51583717458209,1000,0.41530248963527744,0.00040633935687152184,1.2692560703288644,0.292,0.213,0.267,0.228
176,86.63536482787573,1000,0.41323409909992587,0.000404265487362348,1.1841373200386447,0.407,0.191,0.211,0.191
177,-32.979012066177305,121,0.4111760100665241,0.00040220220244132287,1.1198045829915637,0.0743801652892562,0.2644628099173554,0.49586776859504134,0.1652892561983471
178,13.525546489646885,114,0.4091281712290249,0.00040014944808696346,1.1083326608446318,0.08771929824561403,0.19298245614035087,0.5087719298245614,0.21052631578947367
179,-51.258720612449295,444,0.407090531536908,0.000398107170553501,1.1488219285475094,0.10585585585585586,0.16441441441441443,0.5698198198198198,0.15990990990990991
180,87.10252036530106,1000,0.40506304019390726,0.00039607531636947366,1.2969324275672238,0.338,0.183,0.281,0.198
181,108.95555113684404,1000,0.40304564665674447,0.0003940538323363266,1.1545115168749054,0.355,0.174,0.297,0.174
182,-23.984347317677944,196,0.40103830063386947,0.00039204266552701896,1.2076585136284674,0.1377551020408163,0.1836734693877551,0.5102040816326531,0.1683673469387755
183,51.7295456877542,1000,0.39904095208420615,0.00039004176328463834,1.2543283897753468,0.343,0.135,0.267,0.255
184,-65.69937777094604,600,0.3970535512159053,0.00038805107322102195,1.1898665155339196,0.11,0.13833333333333334,0.575,0.17666666666666667
185,79.53794943132641,1000,0.3950760484851031,0.000386070543215385,1.1659410248629154,0.286,0.162,0.34,0.212
186,14.854358584955577,130,0.39310839459468616,0.00038410012141295614,1.0856767370403995,0.06923076923076923,0.2076923076923077,0.5153846153846153,0.2076923076923077
187,131.94174572762054,1000,0.3911505404930626,0.0003821397562236197,1.2232569668348896,0.258,0.228,0.217,0.297
188,80.2503344474546,1000,0.38920243737293914,0.00038018939632056487,1.1689733313636248,0.213,0.166,0.391,0.23
189,110.2872621959108,1000,0.3872640366701046,0.00037824899063894216,1.2433952954922383,0.362,0.189,0.228,0.221
190,11.814272862209933,225,0.385335290062219,0.000376318488374526,1.3690578396054656,0.14666666666666667,0.18222222222222223,0.4888888888888889,0.18222222222222223
191,112.50058898208269,1000,0.38341614946760905,0.0003743978389823848,1.2412154296809281,0.408,0.097,0.169,0.326
192,40.820926246740626,1000,0.3815065670440695,0.0003724869921755577,1.2019053437311094,0.211,0.154,0.433,0.202
193,126.58024299561217,1000,0.3796064951876705,0.0003705858979237375,1.2425770499766509,0.377,0.172,0.257,0.194
194,22.502951904076184,119,0.3777158865315709,0.00036869450645196124,1.2031090484897242,0.11764705882352941,0.11764705882352941,0.6134453781512605,0.15126050420168066
195,13.133384367414633,1000,0.37583469394483743,0.0003668127682393067,1.17052961624781,0.337,0.153,0.366,0.144
196,85.71660350060675,1000,0.37396287053126975,0.00036494063401759587,1.1733339692220304,0.343,0.181,0.257,0.219
197,58.98117664741397,1000,0.3721003696282314,0.00036307805477010503,1.127235017265163,0.258,0.188,0.292,0.262
198,62.80432303377016,1000,0.3702471448054865,0.00036122498173028143,1.1394118092061982,0.395,0.149,0.264,0.192
199,0.19587285864123416,1000,0.3684031498640423,0.0003593813663804664,1.121190936546509,0.153,0.183,0.486,0.178
200,147.4406140442411,1000,0.3665683388349977,0.000357547160450625,1.1104669254519626,0.461,0.185,0.208,0.146
201,30.736327210208636,1000,0.3647426659783969,0.00035572231591708236,1.1150895758423056,0.126,0.433,0.302,0.139
202,-27.77531544197216,1000,0.36292608578208946,0.0003539067850012661,1.1124890765193483,0.185,0.206,0.375,0.234
203,107.02902220901083,1000,0.36111855296059564,0.0003521005201684556,1.1157275712993577,0.344,0.368,0.17,0.118
204,28.607255606462964,1000,0.3593200224539774,0.0003503034741265373,1.1429784733400319,0.187,0.244,0.304,0.265
205,45.22334753943667,1000,0.3575304494267152,0.00034851559982476644,1.102485404229171,0.202,0.308,0.346,0.144
206,60.97982848012723,1000,0.3557497892665903,0.0003467368504525353,1.1034852340882926,0.196,0.388,0.275,0.141
207,117.06023941175572,1000,0.35397799758357257,0.0003449671794381476,1.0695234848266795,0.422,0.164,0.266,0.148
208,-66.83565996711646,175,0.3522150302087139,0.0003432065404475989,1.0531603448568643,0.13714285714285715,0.19428571428571428,0.44571428571428573,0.22285714285714286
209,15.362525728663524,1000,0.35046084319304716,0.0003414548873833638,1.052749332172764,0.149,0.201,0.495,0.155
210,59.957392813121366,1000,0.3487153928064905,0.0003397121743831888,1.0389573199704587,0.378,0.153,0.312,0.157
211,-15.845228594652738,217,0.34697863553675734,0.0003379783558188916,1.0005265997894948,0.12903225806451613,0.1336405529953917,0.5668202764976958,0.17050691244239632
212,-117.19790287862531,346,0.3452505280882715,0.0003362533862951663,1.0253779422552174,0.0838150289017341,0.16184971098265896,0.5404624277456648,0.2138728323699422
213,109.64682465782731,1000,0.34353102738108804,0.00033453722064839516,1.057118261911857,0.3,0.192,0.323,0.185
214,62.632475925462344,1000,0.34182009054981916,0.00033282981394546575,1.0166713443791118,0.403,0.111,0.226,0.26
215,33.47207076141794,1000,0.3401176749425658,0.00033113112148259473,1.0244638635660828,0.204,0.293,0.372,0.131
216,47.320191105066975,1000,0.3384237381198542,0.00032944109878415743,1.0396277724225598,0.275,0.17,0.342,0.213
217,140.25286673483222,1000,0.33673823785357804,0.0003277597016015232,1.0264420191678623,0.458,0.228,0.191,0.123
218,-1.2641236310400217,330,0.3350611321259457,0.00032608688591189696,1.0160062805042245,0.12121212121212122,0.15151515151515152,0.5636363636363636,0.16363636363636364
219,-210.70179861053504,678,0.33339237912843267,0.0003244226079171667,1.0108496130798696,0.15339233038348082,0.19174041297935104,0.5117994100294986,0.1430678466076696
220,22.636519105466107,94,0.3317319372607396,0.0003227668240427565,1.0220121041595744,0.14893617021276595,0.23404255319148937,0.5106382978723404,0.10638297872340426
221,127.1724194871606,1000,0.3300797651297549,0.00032111949093648594,1.0233639542767343,0.383,0.186,0.245,0.186
222,122.67715292910736,1000,0.3284358215485232,0.0003194805654674348,0.9924285633554285,0.439,0.139,0.206,0.216
223,38.13745303120331,193,0.32680006553521834,0.00031785000472481386,1.039067573932299,0.17098445595854922,0.18652849740932642,0.46113989637305697,0.18134715025906736
224,166.79945595404635,1000,0.3251724563121218,0.00031622776601684157,1.016794667719894,0.459,0.194,0.204,0.143
225,-23.035067849768467,232,0.3235529533046063,0.000314613806869626,0.982710781913092,0.125,0.11637931034482758,0.5775862068965517,0.1810344827586207
226,153.87813493578398,1000,0.32194151614012406,0.00031300808502605297,0.9698706341097643,0.458,0.148,0.183,0.211
227,113.12899408061057,1000,0.32033810464720053,0.0003114105584446796,0.9703436145697669,0.511,0.135,0.155,0.199
228,29.970669196569098,1000,0.3187426788544329,0.00030982118529863353,0.9614912131240171,0.289,0.131,0.386,0.194
229,8.163473619251135,1000,0.31715519898949374,0.00030823992397451796,0.9735954244965328,0.102,0.343,0.409,0.146
230,104.85845387993231,1000,0.31557562547813933,0.0003066667330713219,0.9540650288127815,0.501,0.139,0.214,0.146
231,87.70416504530732,1000,0.3140039189432234,0.0003051015713993363,0.9391028143119999,0.391,0.158,0.314,0.137
232,-76.56598506484517,120,0.3124400402037151,0.00030354439797907574,0.9677918698229004,0.19166666666666668,0.15,0.43333333333333335,0.225
233,75.40143646035287,1000,0.3108839502737227,0.0003019951720402052,0.9469166617296233,0.111,0.61,0.153,0.126
234,89.90827618128876,1000,0.30933561036152135,0.00030045385302047284,0.9297479413807564,0.372,0.111,0.218,0.299
235,71.12553124410103,1000,0.3077949818685863,0.0002989204005646479,0.903938990089694,0.271,0.139,0.301,0.289
236,74.86586065554803,1000,0.3062620263886305,0.00029739477452346417,0.9180054557206515,0.329,0.175,0.319,0.177
237,79.43945222797964,1000,0.3047367057066472,0.00029587693495256864,0.8992005037300524,0.358,0.104,0.235,0.303
238,77.5683896860156,1000,0.3032189817979574,0.00029436684211147583,0.9188814019208417,0.238,0.098,0.237,0.427
239,32.30248463349793,1000,0.3017088168272619,0.0002928644564625272,0.9170178614975755,0.242,0.102,0.277,0.379
240,204.85709864134498,802,0.30020617314769793,0.0002913697386698561,0.9198494894640881,0.17955112219451372,0.1596009975062344,0.48129675810473815,0.17955112219451372
241,-8.291851382760619,1000,0.2987110132999009,0.0002898826495983576,0.9220504722865224,0.074,0.261,0.348,0.317
242,69.76836119859273,1000,0.2972233000110704,0.0002884031503126642,0.9000964490704075,0.33,0.147,0.352,0.171
243,85.5814437755383,1000,0.2957429961940411,0.00028693120207612594,0.9315543987507056,0.445,0.107,0.233,0.215
244,81.61738115485471,1000,0.29427006494635827,0.0002854667663497968,0.9252133588980361,0.297,0.358,0.203,0.142
245,135.65904018360771,1000,0.2928044695493577,0.00028400980479142507,0.9127755386469757,0.463,0.181,0.229,0.127
246,11.233635243825134,103,0.2913461734672504,0.00028256027925444986,0.9055694196359797,0.1262135922330097,0.18446601941747573,0.5728155339805825,0.11650485436893204
247,10.159839650286562,1000,0.28989514034621183,0.0002811181517870022,0.8743627235293847,0.25,0.161,0.428,0.161
248,117.58283798733969,1000,0.2884513340134756,0.0002796833846309113,0.8624797775458735,0.448,0.202,0.223,0.127
249,-300.7606353773856,791,0.2870147184764318,0.00027825594022071605,0.8327965533273631,0.1213653603034134,0.21618204804045513,0.5221238938053098,0.14032869785082175
250,198.14280920782718,883,0.28558525792172956,0.0002768357811826815,0.8613591606979913,0.2650056625141563,0.13023782559456398,0.24575311438278596,0.35900339750849375
251,53.87945359204605,1000,0.2841629167143845,0.0002754228703338202,0.8644199476032375,0.317,0.152,0.325,0.206
252,77.36914962677113,1000,0.28274765939689017,0.0002740171706809189,0.8708048188906286,0.24,0.424,0.213,0.123
253,79.31518065516421,1000,0.28133945068833427,0.0002726186454195696,0.858671946381211,0.199,0.453,0.23,0.118
254,63.12607836122815,1000,0.2799382554835191,0.00027122725793320634,0.8586264532660818,0.184,0.45,0.257,0.109
255,83.79374160858403,1000,0.2785440388520863,0.0002698429717921463,0.8665306039686411,0.469,0.116,0.253,0.162
256,116.1202532804734,1000,0.27715676603764633,0.00026846575075263585,0.8617077694186598,0.478,0.213,0.183,0.126
257,-24.80857832369459,86,0.27577640245691176,0.00026709555875590197,0.9198649916781138,0.08139534883720931,0.2441860465116279,0.5232558139534884,0.1511627906976744
258,-11.721218363514538,100,0.2744029136988354,0.00026573235992720774,0.8331378299867677,0.13,0.2,0.53,0.14
259,-6.036142590350863,210,0.2730362655237522,0.00026437611857491343,0.8728262643962237,0.23333333333333334,0.12380952380952381,0.5047619047619047,0.1380952380952381
260,26.366246664369854,133,0.2716764238625259,0.00026302679918954166,0.8942798708557462,0.12781954887218044,0.18796992481203006,0.47368421052631576,0.21052631578947367
261,119.1715015027992,1000,0.2703233548156995,0.000261684366442848,0.8413389263078689,0.472,0.142,0.194,0.192
262,1.6571337576250613,95,0.2689770246526506,0.00026034878518689574,0.81784118857577,0.07368421052631578,0.22105263157894736,0.5894736842105263,0.11578947368421053
263,68.94325734101147,1000,0.26763739981075,0.00025902002045313587,0.8379090715067389,0.332,0.1,0.29,0.278
264,225.8054977844068,742,0.2663044468945255,0.0002576980374514913,0.8501538518357024,0.32345013477088946,0.09973045822102426,0.20619946091644206,0.3706199460916442
265,11.637557237564721,128,0.2649781326748289,0.0002563828015694461,0.8942822978032869,0.2890625,0.1484375,0.4453125,0.1171875
266,-117.04712224897266,382,0.26365842408800805,0.00025507427837113934,0.8023978148824873,0.10732984293193717,0.4607329842931937,0.31151832460732987,0.12041884816753927
267,7.547271626657732,132,0.26234528823508246,0.00025377243359646324,0.8486144506629094,0.17424242424242425,0.1893939393939394,0.4318181818181818,0.20454545454545456
268,106.51594366304374,1000,0.2610386923809231,0.00025247723316016644,0.8300953030776652,0.489,0.098,0.184,0.229
269,64.07396118419541,1000,0.25973860395343634,0.0002511886431509614,0.8351408118622434,0.128,0.076,0.191,0.605
270,80.16713516716803,1000,0.25844499054275216,0.0002499066298306366,0.8388465578292738,0.321,0.082,0.179,0.418
271,-13.570132364379276,844,0.257157819900416,0.00024863115963317297,0.8539619195934223,0.41350710900473936,0.10781990521327015,0.30450236966824645,0.17417061611374407
272,-2.334051593628999,161,0.2558770599385848,0.0002473621991638655,0.8777830319685717,0.16149068322981366,0.17391304347826086,0.43478260869565216,0.22981366459627328
273,99.21875666253896,1000,0.25460267872922737,0.0002460997151984486,0.8664810407289888,0.402,0.091,0.201,0.306
274,176.68390802920345,865,0.25333464450332815,0.00024484367468222606,0.8419954952403125,0.1606936416184971,0.07745664739884393,0.15260115606936417,0.6092485549132948
275,97.48026472759378,1000,0.25207292565009537,0.00024359404472920604,0.8293380928057127,0.431,0.111,0.206,0.252
276,125.14029361350153,1000,0.25081749071617304,0.00024235079262123965,0.8295628165975235,0.543,0.095,0.136,0.226
277,-261.9043362155993,668,0.24956830840485686,0.00024111388580716448,0.8115064797147687,0.10029940119760479,0.23203592814371257,0.4820359281437126,0.18562874251497005
278,131.3455267467795,1000,0.2483253475753139,0.00023988329190195238,0.7896323218948028,0.557,0.1,0.138,0.205
279,50.684926946123426,162,0.24708857724180652,0.00023865897868586143,0.8232113830035727,0.16049382716049382,0.19135802469135801,0.47530864197530864,0.1728395061728395
280,-21.69597494467523,118,0.24585796657291967,0.0002374409141035924,0.7940661039126893,0.3389830508474576,0.1694915254237288,0.4067796610169492,0.0847457627118644
281,29.610638531254125,85,0.24463348489079248,0.00023622906626344953,0.8241150929544617,0.15294117647058825,0.18823529411764706,0.5058823529411764,0.15294117647058825
282,-22.60250257285692,315,0.2434151016703534,0.0002350234034365054,0.7875735220164385,0.09523809523809523,0.15555555555555556,0.5873015873015873,0.1619047619047619
283,32.45370120573767,1000,0.2422027865385593,0.00023382389405577036,0.7717254902466334,0.094,0.072,0.136,0.698
284,185.48473468747804,1000,0.24099650927363828,0.00023263050671536593,0.772780830714378,0.564,0.198,0.136,0.102
285,-5.9603195850523605,111,0.2397962398043362,0.0002314432101697025,0.7621715633145054,0.1891891891891892,0.13513513513513514,0.5585585585585585,0.11711711711711711
286,122.31561120790111,1000,0.23860194820916716,0.00023026197333266135,0.7703935271981518,0.568,0.193,0.152,0.087
287,154.05226466640985,1000,0.2374136047156675,0.00022908676527678062,0.7759094992776913,0.616,0.107,0.168,0.109
288,213.47780533766834,353,0.23623117969965363,0.0002279175552324457,0.7424835304370334,0.14730878186968838,0.3654390934844193,0.3597733711048159,0.1274787535410765
289,-10.408421807317993,151,0.23505464368448353,0.00022675431258708346,0.772972218062019,0.17218543046357615,0.18543046357615894,0.5033112582781457,0.1390728476821192
290,252.89525902096096,369,0.23388396734032196,0.0002255970068843609,0.7695611568602855,0.5826558265582655,0.10569105691056911,0.21951219512195122,0.0921409214092141
291,118.20400551750949,1000,0.23271912148340923,0.00022444560782338763,0.7462938890568811,0.435,0.074,0.16,0.331
292,228.29224240266433,861,0.2315600770753337,0.00022330008525792253,0.7533991127816759,0.5481997677119629,0.16260162601626016,0.1672473867595819,0.12195121951219512
293,37.04812368709338,144,0.2304068052223079,0.00022216040919558445,0.748240569656188,0.2986111111111111,0.09722222222222222,0.4652777777777778,0.1388888888888889
294,112.44589988384259,1000,0.22925927717444824,0.000221026549797067,0.7401473399725133,0.422,0.071,0.217,0.29
295,266.7769232309784,473,0.22811746432505836,0.0002198984773753573,0.74123220624957,0.5116279069767442,0.11839323467230443,0.23255813953488372,0.13742071881606766
296,268.20809664283496,478,0.2269813382099158,0.00021877616239495854,0.724459891412375,0.5460251046025104,0.13179916317991633,0.20502092050209206,0.11715481171548117
297,283.51361164881985,868,0.2258508705065627,0.0002176595754711169,0.721513730819043,0.5253456221198156,0.2304147465437788,0.1543778801843318,0.08986175115207373
298,56.032807467956154,1000,0.22472603303359945,0.000216548687369052,0.725910101981551,0.186,0.282,0.392,0.14
299,136.03004553237992,1000,0.2236067977499824,0.00021544346900319165,0.7291736151458991,0.61,0.13,0.148,0.112
300,38.51737385798177,155,0.22249313675432472,0.00021434389143641013,0.7161531605451105,0.16129032258064516,0.16774193548387098,0.49032258064516127,0.18064516129032257
301,59.69957820778964,124,0.22138502228420082,0.00021324992587927068,0.7104599835751777,0.1532258064516129,0.12903225806451613,0.5645161290322581,0.1532258064516129
302,85.82183005778353,1000,0.22028242671545434,0.0002121615436892717,0.7051002408296135,0.522,0.152,0.227,0.099
303,10.28693101628717,1000,0.21918532256150944,0.00021107871637009683,0.6970398728899869,0.1,0.137,0.394,0.369
304,67.37574340478324,1000,0.21809368247268562,0.00021000141557086878,0.6989926647791387,0.182,0.328,0.337,0.153
305,27.86290658899041,1000,0.21700747923551592,0.00020892961308540718,0.6989348508222135,0.146,0.351,0.387,0.116
306,292.053552813368,362,0.2159266857720685,0.00020786328085148993,0.70345752094183,0.3011049723756906,0.1408839779005525,0.36187845303867405,0.19613259668508287
307,177.53613092411493,1000,0.21485127513927166,0.00020680239095011854,0.6799843392862874,0.635,0.114,0.137,0.114
308,142.5012479800389,1000,0.21378122052824208,0.00020574691560478717,0.6848725167042746,0.658,0.101,0.128,0.113
309,-91.67403211183685,321,0.21271649526361663,0.00020469682718075532,0.6966312587759732,0.09345794392523364,0.14330218068535824,0.5514018691588785,0.2118380062305296
310,226.9718129446078,835,0.21165707280288729,0.00020365209818432435,0.6779424900041303,0.6035928143712574,0.09221556886227544,0.19640718562874251,0.10778443113772455
311,0.5403784590310272,1000,0.2106029267357395,0.00020261270126211757,0.6914497313674238,0.125,0.119,0.344,0.412
312,297.10325767551365,239,0.20955403078339377,0.0002015786092003641,0.7054066572738634,0.37656903765690375,0.100418410041841,0.39330543933054396,0.1297071129707113
313,40.92589494430533,123,0.2085103587979506,0.00020054979492418635,0.7088526271303485,0.0975609756097561,0.14634146341463414,0.5853658536585366,0.17073170731707318
314,-36.09645886329602,104,0.20747188476173858,0.00019952623149689116,0.6706318556399472,0.1346153846153846,0.16346153846153846,0.5096153846153846,0.19230769230769232
315,236.48942082268303,351,0.2064385827866659,0.0001985078921192645,0.6951260223038761,0.35327635327635326,0.06837606837606838,0.20512820512820512,0.3732193732193732
316,5.121877517325686,100,0.20541042711357488,0.00019749475012886982,0.6818621536185537,0.16,0.1,0.57,0.17
317,38.02817005428744,87,0.2043873921115999,0.00019648677899934995,0.6640246848330699,0.1839080459770115,0.09195402298850575,0.5747126436781609,0.14942528735632185
318,216.9068923200674,828,0.20336945227752837,0.00019548395233973259,0.680023590175755,0.6642512077294686,0.0821256038647343,0.14371980676328502,0.10990338164251208
319,138.8042675727959,1000,0.20235658223516506,0.0001944862438937394,0.6857317129323237,0.572,0.138,0.18,0.11
320,40.29456701660902,111,0.2013487567346994,0.0001934936275390984,0.7015425617666737,0.21621621621621623,0.12612612612612611,0.5495495495495496,0.10810810810810811
321,147.32517278904655,1000,0.20034595065207608,0.0001925060772868602,0.6908801153824534,0.453,0.207,0.228,0.112
322,187.54133329866553,1000,0.19934813898836876,0.00019152356728071747,0.6820235849813718,0.582,0.169,0.142,0.107
323,16.865700200673416,161,0.1983552968691568,0.00019054607179632788,0.7223385645252249,0.19875776397515527,0.12422360248447205,0.546583850931677,0.13043478260869565
324,149.06909891895248,1000,0.1973673995439052,0.00018957356524064073,0.702457255781437,0.335,0.072,0.142,0.451
325,52.7201763474728,131,0.19638442238534762,0.0001886060221512268,0.6620008860202452,0.16030534351145037,0.13740458015267176,0.549618320610687,0.15267175572519084
326,17.368973921256014,131,0.19540634088887243,0.00018764341719561167,0.6647125208718465,0.22137404580152673,0.183206106870229,0.3893129770992366,0.20610687022900764
327,268.11932495541663,253,0.1944331306719118,0.00018668572517061246,0.6634744334353584,0.43873517786561267,0.10276679841897234,0.34782608695652173,0.11067193675889328
328,103.85093186432124,1000,0.19346476747333397,0.00018573292100167797,0.6703795729843856,0.539,0.135,0.201,0.125
329,244.0437327113264,467,0.19250122715283827,0.0001847849797422322,0.6667167132619121,0.5952890792291221,0.09850107066381156,0.20770877944325483,0.09850107066381156
330,-11.392820944161585,220,0.19154248569035348,0.00018384187657302114,0.6676754005391721,0.16818181818181818,0.1409090909090909,0.4681818181818182,0.22272727272727272
331,125.16686169200241,1000,0.190588519185439,0.00018290358680146294,0.6618320701810004,0.483,0.237,0.202,0.078
332,-6.351480185778527,73,0.18963930385668903,0.00018197008586100144,0.5705560981539313,0.0684931506849315,0.2328767123287671,0.547945205479452,0.1506849315068493
333,96.66409660719545,1000,0.18869481604113966,0.00018104134931046296,0.666802682981032,0.43,0.072,0.156,0.342
334,152.9222026759552,1000,0.1877550321936791,0.00018011735283341638,0.6581531072410794,0.653,0.079,0.14,0.128
335,80.51246379830299,1000,0.18681992888646057,0.00017919807223753644,0.6615446834592664,0.247,0.085,0.291,0.377
336,-3.615185678234454,158,0.18588948280831843,0.00017828348345397035,0.6525639881506136,0.14556962025316456,0.11392405063291139,0.5759493670886076,0.16455696202531644
337,6.453849525317949,133,0.18496367076418696,0.0001773735625367076,0.6376068487367317,0.12030075187969924,0.18796992481203006,0.46616541353383456,0.22556390977443608
338,53.72542610802619,1000,0.18404246967452215,0.00017646828566195307,0.6573970363119073,0.131,0.087,0.312,0.47
339,122.15595542360533,1000,0.18312585657472633,0.00017556762912750317,0.6553440507867363,0.585,0.153,0.146,0.116
340,135.89026501746147,1000,0.18221380861457573,0.00017467156935212534,0.657735876513804,0.585,0.235,0.113,0.067
341,148.00286600902237,1000,0.18130630305765083,0.00017378008287494056,0.6486008636379017,0.577,0.083,0.18,0.16
342,51.89911520861083,1000,0.18040331728076958,0.0001728931463548092,0.6507890293766386,0.353,0.122,0.236,0.289
343,33.14590962316984,1000,0.17950482877342336,0.0001720107365697198,0.6356868183938932,0.327,0.07,0.208,0.395
344,155.07743673340838,1000,0.17861081513721588,0.00017113283041618108,0.6363184250650679,0.614,0.172,0.132,0.082
345,65.19443128008174,1000,0.17772125408530481,0.00017025940490861708,0.6262855109051971,0.356,0.071,0.178,0.395
346,51.49915836827273,1000,0.17683612344184615,0.00016939043717876533,0.6332288518377147,0.2,0.069,0.189,0.542
347,289.91755668263545,295,0.17595540114144145,0.0001685259044750781,0.6086309521927781,0.44745762711864406,0.13559322033898305,0.3389830508474576,0.07796610169491526
348,273.51881597793374,301,0.17507906522858774,0.0001676657841621267,0.6302207154571915,0.26245847176079734,0.3122923588039867,0.28903654485049834,0.1362126245847176
349,232.28998002545924,535,0.17420709385713018,0.00016681005372000884,0.6403196711183944,0.577570093457944,0.06542056074766354,0.23177570093457944,0.1252336448598131
350,85.27033651347314,1000,0.17333946528971744,0.00016595869074375902,0.6274866752078878,0.256,0.066,0.207,0.471
351,271.5757046383451,256,0.1724761578972599,0.00016511167294276194,0.6294971697329527,0.36328125,0.09375,0.40625,0.13671875
352,109.51770484700508,1000,0.17161715015839032,0.0001642689781401688,0.6127923425051478,0.241,0.53,0.142,0.087
353,265.33146650393866,759,0.1707624206589275,0.00016343058427231672,0.6210213396218247,0.463768115942029,0.10408432147562582,0.3069828722002635,0.1251646903820817
354,301.5724553293851,366,0.16991194809134227,0.0001625964693881511,0.6159015794797179,0.4890710382513661,0.17486338797814208,0.24863387978142076,0.08743169398907104
355,240.64102678097873,282,0.16906571125422645,0.00016176661164865082,0.6373796256164362,0.375886524822695,0.12411347517730496,0.36879432624113473,0.13120567375886524
356,269.30302702971017,763,0.16822368905176427,0.00016094098932625646,0.6111768670730949,0.6435124508519003,0.09698558322411534,0.1598951507208388,0.09960681520314547
357,18.414432074631875,94,0.16738586049320645,0.00016011958080430143,0.6221344005579371,0.24468085106382978,0.07446808510638298,0.5319148936170213,0.14893617021276595
358,277.9838983130982,226,0.16655220469234697,0.00015930236457644602,0.6059625133036642,0.2831858407079646,0.11504424778761062,0.5221238938053098,0.07964601769911504
359,162.44474279563622,691,0.1657227008670024,0.0001584893192461143,0.6197950770770692,0.30101302460202606,0.14182344428364688,0.4384949348769899,0.11866859623733719
360,144.4633991737906,1000,0.16489732833849374,0.00015768042352593388,0.6157864544651124,0.601,0.078,0.112,0.209
361,263.6821530107536,274,0.16407606653113102,0.00015687565623717862,0.6267225197142273,0.48905109489051096,0.12043795620437957,0.2518248175182482,0.1386861313868613
362,261.36472995180657,646,0.16325889497170032,0.00015607499630921405,0.5998431881048383,0.6547987616099071,0.09597523219814241,0.15789473684210525,0.0913312693498452
363,250.59779705924092,498,0.16244579328895342,0.00015527842277894576,0.6259460314872585,0.2570281124497992,0.10240963855421686,0.27710843373493976,0.3634538152610442
364,251.3210735842757,347,0.16163674121309993,0.00015448591479027047,0.6209878351204473,0.42939481268011526,0.11815561959654179,0.3170028818443804,0.13544668587896252
365,93.71730846015171,1000,0.16083171857530196,0.00015369745159353004,0.6080172955850939,0.187,0.54,0.19,0.083
366,260.66480627431804,288,0.16003070530717145,0.00015291301254496815,0.5889703937941329,0.4722222222222222,0.08680555555555555,0.3576388888888889,0.08333333333333333
367,243.45126163977525,473,0.1592336814402698,0.00015213257710618982,0.6275380794106377,0.11416490486257928,0.07822410147991543,0.2219873150105708,0.5856236786469344
368,262.1924507104634,242,0.15844062710561005,0.00015135612484362367,0.595147849677558,0.07024793388429752,0.35537190082644626,0.4834710743801653,0.09090909090909091
369,247.11039398586973,691,0.15765152253316161,0.0001505836354279869,0.629396421360557,0.4240231548480463,0.34442836468885674,0.1476121562952243,0.08393632416787265
370,161.4444529960991,1000,0.15686634805135746,0.00014981508863375306,0.619933495471541,0.57,0.198,0.154,0.078
371,272.15610216210825,429,0.15608508408660363,0.00014905046433862245,0.6208535999337839,0.4358974358974359,0.1258741258741259,0.289044289044289,0.14918414918414918
372,215.16977984788403,342,0.15530771116279135,0.0001482897425229953,0.6139943716436691,0.3157894736842105,0.12280701754385964,0.4415204678362573,0.11988304093567251
373,276.0141965888795,328,0.15453420990081157,0.00014753290326944765,0.6155879819858955,0.3719512195121951,0.15853658536585366,0.34146341463414637,0.12804878048780488
374,0.6505585176356732,106,0.1537645610180717,0.0001467799267622098,0.6168616868912835,0.11320754716981132,0.1509433962264151,0.5283018867924528,0.20754716981132076
375,283.86566435273227,236,0.15299874532801508,0.00014603079328664748,0.5867300270870919,0.22033898305084745,0.1483050847457627,0.4364406779661017,0.19491525423728814
376,239.8634570675034,283,0.15223674373964258,0.0001452854832287458,0.6326226753754207,0.3215547703180212,0.0989399293286219,0.44876325088339225,0.13074204946996468
377,269.06157706576846,570,0.15147853725703672,0.00014454397707459556,0.6184999838454839,0.5596491228070175,0.10701754385964912,0.22105263157894736,0.11228070175438597
378,250.37576108533554,229,0.1507241069788881,0.0001438062554098824,0.6298690516967743,0.22270742358078602,0.1615720524017467,0.4366812227074236,0.17903930131004367
379,132.38745594904418,1000,0.14997343409802424,0.00014307229891937854,0.6062395209871966,0.608,0.086,0.147,0.159
380,297.679900901863,247,0.1492264999009407,0.00014234208838643692,0.6125872654766568,0.4048582995951417,0.1214574898785425,0.3765182186234818,0.09716599190283401
381,248.05437137599066,550,0.14848328576733458,0.00014161560469248824,0.5847630217500517,0.610909090909091,0.07818181818181819,0.20363636363636364,0.10727272727272727
382,269.9593078530502,982,0.14774377316964035,0.00014089282881654024,0.5999969416209544,0.730142566191446,0.06517311608961303,0.12729124236252545,0.07739307535641547
383,153.89914655261538,1000,0.147007943672568,0.00014017374183467976,0.5958706760430185,0.558,0.053,0.157,0.232
384,84.86666550972687,1000,0.14627577893264343,0.0001394583249195773,0.5866373777109708,0.177,0.084,0.26,0.479
385,247.28040474073404,404,0.14554726069775115,0.00013874655933999398,0.5733579367878336,0.4084158415841584,0.11633663366336634,0.25495049504950495,0.2202970297029703
386,229.89547276326672,428,0.1448223708066793,0.00013803842646029123,0.5864248337839466,0.3317757009345794,0.08411214953271028,0.4602803738317757,0.12383177570093458
387,217.31217985511245,556,0.14410109118866696,0.0001373339077399428,0.5727217395234375,0.6115107913669064,0.08453237410071943,0.22841726618705036,0.07553956834532374
388,247.28116208586488,336,0.14338340386295353,0.00013663298473304928,0.5671368136035636,0.3541666666666667,0.11904761904761904,0.35119047619047616,0.17559523809523808
389,233.70551421901433,808,0.1426692909383306,0.0001359356390878553,0.5680940325979534,0.32054455445544555,0.3688118811881188,0.1608910891089109,0.14975247524752475
390,282.44912326650865,525,0.14195873461269595,0.00013524185254626883,0.5589728176362323,0.43238095238095237,0.14285714285714285,0.30095238095238097,0.12380952380952381
391,252.62294818729922,493,0.14125171717260968,0.00013455160694338334,0.5572488186857932,0.5496957403651116,0.11359026369168357,0.23732251521298176,0.09939148073022312
392,235.49947060631973,584,0.1405482209928527,0.00013386488420700205,0.5554247262925806,0.511986301369863,0.09075342465753425,0.2945205479452055,0.10273972602739725
393,135.47557223539198,1000,0.13984822853598727,0.00013318166635716485,0.5577984734117993,0.492,0.048,0.16,0.3
394,238.51198007765112,320,0.13915172235191997,0.00013250193550567755,0.5474929236818266,0.26875,0.125,0.44375,0.1625
395,266.0118484239568,840,0.13845868507746648,0.00013182567385564342,0.555878357291312,0.6261904761904762,0.04523809523809524,0.16666666666666666,0.1619047619047619
396,190.45562175140967,694,0.1377690994359189,0.00013115286370099735,0.5597188665071353,0.3976945244956772,0.09798270893371758,0.31556195965417866,0.18876080691642652
397,74.2203601767227,1000,0.13708294823661493,0.00013048348742604221,0.5639337128691115,0.245,0.534,0.166,0.055
398,178.88706282718908,1000,0.13640021437450947,0.00012981752750498761,0.5690129559537475,0.661,0.175,0.107,0.057
399,128.55913418679947,1000,0.1357208808297481,0.0001291549665014911,0.5578943806502251,0.622,0.117,0.153,0.108
400,248.1076946685825,458,0.13504493066724277,0.00012849578706820153,0.5549150363080078,0.5698689956331878,0.11572052401746726,0.2423580786026201,0.07205240174672489
401,221.747820058432,300,0.13437234703624976,0.00012783997194630505,0.5521569774873882,0.2733333333333333,0.14333333333333334,0.4633333333333333,0.12
402,259.2861332670692,426,0.13370311316994946,0.00012718750396507303,0.5515475177602377,0.45774647887323944,0.18779342723004694,0.27699530516431925,0.07746478873239436
403,249.4276428014029,767,0.1330372123850285,0.0001265383660414126,0.5552539443837927,0.6049543676662321,0.13689700130378096,0.196870925684485,0.061277705345501955
404,252.906677393409,319,0.13237462808126377,0.0001258925411794194,0.5577490497099804,0.2884012539184953,0.15673981191222572,0.42946708463949845,0.12539184952978055
405,84.01120338754588,1000,0.13171534374110866,0.00012525001246993246,0.5556521556301025,0.195,0.09,0.218,0.497
406,101.52981235771404,1000,0.13105934292928123,0.00012461076309009165,0.5336186366421946,0.332,0.477,0.14,0.051
407,290.51059949888787,622,0.1304066092923546,0.00012397477630289708,0.5326261034432056,0.6157556270096463,0.12057877813504823,0.14630225080385853,0.11736334405144695
408,115.70441749213957,1000,0.12975712655834912,0.00012334203545677095,0.5372612432092607,0.29,0.517,0.146,0.047
409,37.22326855720044,177,0.12911087853632688,0.00012271252398512162,0.5494317245957883,0.06779661016949153,0.23163841807909605,0.4576271186440678,0.24293785310734464
410,235.37203992235365,745,0.128467849115988,0.00012208622540590974,0.5454625814344797,0.33691275167785234,0.45100671140939597,0.15838926174496645,0.053691275167785234
411,236.03251352380448,333,0.12782802226726903,0.00012146312332121679,0.5232615693378908,0.42342342342342343,0.12012012012012012,0.35735735735735735,0.0990990990990991
412,233.6269691792365,405,0.12719138203994332,0.00012084320141681574,0.5258781805537737,0.5703703703703704,0.1037037037037037,0.22962962962962963,0.0962962962962963
413,266.2381820422438,352,0.1265579125632235,0.0001202264434617439,0.5223047860234068,0.4090909090909091,0.12215909090909091,0.3522727272727273,0.11647727272727272
414,4.433244878935213,158,0.12592759804536563,0.00011961283330787796,0.5449136540374429,0.08860759493670886,0.25316455696202533,0.45569620253164556,0.20253164556962025
415,57.568267068985506,164,0.1253004227732758,0.00011900235488951118,0.5479176969148806,0.054878048780487805,0.21951219512195122,0.5487804878048781,0.17682926829268292
416,283.43123616950544,327,0.12467637111211817,0.00011839499222293278,0.5437394449638809,0.23547400611620795,0.327217125382263,0.2996941896024465,0.13761467889908258
417,259.8272027444306,498,0.12405542750492535,0.00011779072940600942,0.5335968478487291,0.4759036144578313,0.0823293172690763,0.3172690763052209,0.12449799196787148
418,254.13562783793247,449,0.12343757647221056,0.00011718955061776886,0.53021631094732,0.36302895322939865,0.17817371937639198,0.3429844097995546,0.11581291759465479
419,209.8059627620123,869,0.1228228026115817,0.00011659144011798575,0.5290183993965452,0.14384349827387802,0.567318757192175,0.2243958573072497,0.06444188722669736
420,263.9785440527934,270,0.12221109059735742,0.00011599638224676948,0.5067847908628215,0.17777777777777778,0.13333333333333333,0.5074074074074074,0.1814814814814815
421,180.86440767010617,574,0.12160242518018508,0.00011540436142415419,0.5348229710147042,0.078397212543554,0.6167247386759582,0.2264808362369338,0.078397212543554
422,96.33150379217564,1000,0.12099679118666054,0.00011481536214969084,0.5271965139271165,0.199,0.662,0.101,0.038
423,277.62557298980437,209,0.12039417351894997,0.0001142293690020414,0.527698015219242,0.23444976076555024,0.1291866028708134,0.44019138755980863,0.19617224880382775
424,91.59634132518528,1000,0.11979455715441345,0.00011364636663857504,0.5380445596264433,0.382,0.051,0.182,0.385
425,243.59960032048534,671,0.11919792714523043,0.00011306633979496645,0.5361711906789298,0.6080476900149031,0.11475409836065574,0.19374068554396423,0.08345752608047691
426,300.08144483730405,218,0.11860426861802718,0.0001124892732847962,0.531885136746032,0.3256880733944954,0.11467889908256881,0.42201834862385323,0.13761467889908258
427,230.23528761592476,317,0.11801356677350594,0.00011191515199915312,0.5319540762288589,0.36908517350157727,0.15457413249211358,0.36908517350157727,0.10725552050473186
428,218.23401777620876,545,0.11742580688607601,0.00011134396090623867,0.5267096306666484,0.5944954128440367,0.07889908256880734,0.26788990825688075,0.05871559633027523
429,246.9455646666042,339,0.11684097430348667,0.00011077568505097344,0.5279132559228822,0.2890855457227139,0.23008849557522124,0.36578171091445427,0.11504424778761062
430,234.78053079923993,269,0.1162590544464619,0.00011021030955460552,0.5208944084305104,0.3903345724907063,0.08550185873605948,0.42379182156133827,0.10037174721189591
431,174.11726378043318,546,0.11568003280833696,0.00010964781961432101,0.5233094631708181,0.08058608058608059,0.3534798534798535,0.4542124542124542,0.11172161172161173
432,244.57861863350033,338,0.1151038949546967,0.00010908820050285642,0.519687815098495,0.3727810650887574,0.1242603550295858,0.41124260355029585,0.09171597633136094
433,82.39510226663943,1000,0.11453062652301578,0.00010853143756811307,0.5304320179490348,0.282,0.073,0.179,0.466
434,224.70994331105027,461,0.1139602132223006,0.00010797751623277346,0.5244972490210029,0.3839479392624729,0.40563991323210413,0.1540130151843818,0.05639913232104121
435,94.98646064566367,1000,0.11339264083273302,0.00010742642199391962,0.534665262371632,0.271,0.081,0.243,0.405
436,93.48721716739963,1000,0.11282789520531596,0.00010687814042265338,0.5323806401509649,0.58,0.151,0.216,0.053
437,270.5865963592771,461,0.11226596226152054,0.0001063326571637186,0.533435489832418,0.41431670281995664,0.16919739696312364,0.3210412147505423,0.09544468546637744
438,220.37080616740116,637,0.11170682799293526,0.00010578995793512529,0.5459676642950564,0.48665620094191525,0.09576138147566719,0.3359497645211931,0.08163265306122448
439,254.23872759219236,312,0.11115047846091669,0.00010525002852777575,0.5365216405258361,0.3269230769230769,0.09615384615384616,0.4807692307692308,0.09615384615384616
440,147.25435920657156,973,0.11059689979624203,0.0001047128548050924,0.5296530627108587,0.10174717368961973,0.447070914696814,0.35765673175745116,0.09352517985611511
441,302.8608796809676,259,0.11004607819876336,0.00010417842270264782,0.5235024546460375,0.23166023166023167,0.13127413127413126,0.5057915057915058,0.13127413127413126
442,252.36551236665713,277,0.1094979999370636,0.00010364671822779637,0.5282843719574631,0.34657039711191334,0.10830324909747292,0.44404332129963897,0.10108303249097472
443,247.28300618465525,416,0.10895265134811426,0.00010311772745930794,0.5397514168498684,0.27163461538461536,0.12740384615384615,0.4879807692307692,0.11298076923076923
444,251.2258937481955,349,0.10841001883693473,0.0001025914365470034,0.5512602870797838,0.44412607449856734,0.054441260744985676,0.29512893982808025,0.20630372492836677
445,245.7450730383194,416,0.10787008887625348,0.00010206783171139196,0.5302971515229539,0.31009615384615385,0.12259615384615384,0.46153846153846156,0.10576923076923077
446,293.65233376682215,543,0.10733284800617075,0.00010154689924331044,0.5196791555588063,0.5211786372007366,0.18047882136279927,0.22099447513812154,0.07734806629834254
447,246.22838016198955,503,0.10679828283382309,0.00010102862550356429,0.5276322444529744,0.44731610337972166,0.10536779324055666,0.3658051689860835,0.08151093439363817
448,240.01926753546044,343,0.10626638003304942,0.00010051299692257053,0.5116805574799558,0.5626822157434402,0.13119533527696792,0.24198250728862974,0.0641399416909621
449,-12.062969493354824,1000,0.10573712634405887,0.0001000000000000024,0.5286980293281283,0.053,0.281,0.518,0.148
450,102.52410755265706,1000,0.10521050857310017,9.948962130443598e-05,0.5271965788114285,0.444,0.046,0.103,0.407
451,114.19615683712777,1000,0.10468651359213282,9.898184747299844e-05,0.5233835606848881,0.415,0.06,0.191,0.334
452,264.92266308675505,375,0.10416512833849978,9.847666521101821e-05,0.5239774732792819,0.21066666666666667,0.24266666666666667,0.36,0.18666666666666668
453,268.3849051689515,194,0.1036463398146018,9.797406129167691e-05,0.5248492300338534,0.22164948453608246,0.13402061855670103,0.5051546391752577,0.13917525773195877
454,238.0351607936883,545,0.1031301350875735,9.747402255566301e-05,0.5235153648120378,0.5009174311926605,0.1651376146788991,0.26605504587155965,0.06788990825688074
455,231.82037090912053,187,0.10261650128896083,9.69765359108273e-05,0.525908456944991,0.2620320855614973,0.12834224598930483,0.5026737967914439,0.10695187165775401
456,96.75966924584556,1000,0.10210542561440039,9.648158833184013e-05,0.5192094101512416,0.474,0.056,0.152,0.318
457,232.15782749681577,284,0.10159689532330018,9.598916685985032e-05,0.5156378160241978,0.397887323943662,0.10915492957746478,0.3767605633802817,0.11619718309859155
458,257.87188307142566,246,0.10109089773852199,9.549925860214595e-05,0.5260918107776213,0.34959349593495936,0.0975609756097561,0.4715447154471545,0.08130081300813008
459,255.50251647703843,375,0.10058742024606539,9.501185073181671e-05,0.511531284784059,0.4,0.13066666666666665,0.37866666666666665,0.09066666666666667
460,272.68470940010957,365,0.10008645029475326,9.452693048741816e-05,0.5272017421274361,0.32602739726027397,0.11506849315068493,0.4438356164383562,0.11506849315068493
461,248.86017090439216,804,0.09958797539591889,9.404448517263751e-05,0.5186318533760088,0.5609452736318408,0.0708955223880597,0.21144278606965175,0.15671641791044777
462,275.61162332260255,283,0.0990919831230947,9.356450215596125e-05,0.5291631623368579,0.21554770318021202,0.13074204946996468,0.5265017667844523,0.127208480565371
463,251.4067119544886,229,0.09859846111170241,9.308696887034445e-05,0.5276702841402396,0.2925764192139738,0.10043668122270742,0.5065502183406113,0.10043668122270742
464,208.99683869496317,598,0.09810739705874481,9.261187281288167e-05,0.5193443021279035,0.35785953177257523,0.07023411371237458,0.49498327759197325,0.07692307692307693
465,266.0940168635573,257,0.0976187787224991,9.213920154447967e-05,0.5040687541860405,0.2918287937743191,0.10894941634241245,0.5058365758754864,0.0933852140077821
466,229.99573870381516,583,0.09713259392221169,9.166894268953164e-05,0.5084770973592582,0.5574614065180102,0.10634648370497427,0.1955403087478559,0.14065180102915953
467,224.98567966601252,443,0.09664883053779448,9.120108393559328e-05,0.521208051748658,0.2234762979683973,0.11963882618510158,0.5440180586907449,0.11286681715575621
468,240.68747730286515,194,0.09616747650952286,9.073561303306037e-05,0.5074101301842795,0.37628865979381443,0.08247422680412371,0.3556701030927835,0.18556701030927836
469,207.22885429753188,312,0.09568851983773495,9.027251779484805e-05,0.5221326760861704,0.21153846153846154,0.09935897435897435,0.4551282051282051,0.23397435897435898
470,256.1633384665008,444,0.09521194858253253,8.981178609607174e-05,0.5060433015487338,0.31981981981981983,0.11261261261261261,0.45045045045045046,0.11711711711711711
471,86.5511742138382,1000,0.09473775086348335,8.935340587372971e-05,0.5056279990218513,0.372,0.066,0.208,0.354
472,226.37067301241413,492,0.09426591485932499,8.88973651263872e-05,0.5186006138773422,0.3556910569105691,0.09349593495934959,0.45934959349593496,0.09146341463414634
473,249.43028341315232,339,0.09379642880767017,8.844365191386223e-05,0.50944218723882,0.5427728613569321,0.07374631268436578,0.28023598820059,0.10324483775811209
474,244.99527501674712,537,0.09332928100471348,8.799225435691295e-05,0.5099468652588983,0.4245810055865922,0.13594040968342644,0.3463687150837989,0.0931098696461825
475,213.92003450455962,523,0.09286445980493968,8.754316063692666e-05,0.5124534767761962,0.30592734225621415,0.11663479923518165,0.47992351816443596,0.09751434034416825
476,269.71891432774385,245,0.09240195362083334,8.70963589956103e-05,0.5070532602638914,0.37551020408163266,0.11020408163265306,0.3836734693877551,0.1306122448979592
477,255.6271334274448,278,0.09194175092259001,8.665183773468267e-05,0.4927358858294449,0.37050359712230213,0.12949640287769784,0.36330935251798563,0.1366906474820144
478,210.4522360445548,426,0.09148384023782877,8.620958521556806e-05,0.49886479733704775,0.04460093896713615,0.0892018779342723,0.2347417840375587,0.6314553990610329
479,314.9272423634526,341,0.09102821015130624,8.576958985909162e-05,0.5083619531660433,0.30498533724340177,0.05865102639296188,0.21114369501466276,0.4252199413489736
480,300.8214904353546,578,0.09057484930463203,8.533184014517613e-05,0.5092695195765412,0.45501730103806226,0.10207612456747404,0.19377162629757785,0.2491349480968858
481,246.00958150147517,613,0.09012374639598555,8.489632461254036e-05,0.5124897924184165,0.3572593800978793,0.30179445350734097,0.27569331158238175,0.06525285481239804
482,200.6220484998209,587,0.08967489017983431,8.446303185839905e-05,0.506361550187966,0.43781942078364566,0.06643952299829642,0.2504258943781942,0.2453151618398637
483,212.57178136001343,461,0.08922826946665352,8.40319505381643e-05,0.500855518544,0.3492407809110629,0.08459869848156182,0.4642082429501085,0.1019522776572668
484,245.9078420609871,496,0.08878387312264722,8.36030693651486e-05,0.5004911589816747,0.4153225806451613,0.3407258064516129,0.20362903225806453,0.04032258064516129
485,286.2907441498081,325,0.0883416900694707,8.317637711026927e-05,0.5051331227622621,0.24615384615384617,0.12307692307692308,0.4676923076923077,0.16307692307692306
486,239.32597537593597,244,0.08790170928395427,8.275186260175448e-05,0.5048004633430592,0.319672131147541,0.12295081967213115,0.46311475409836067,0.0942622950819672
487,270.3751050757547,392,0.08746391979782855,8.232951472485073e-05,0.5051989050626672,0.2602040816326531,0.15306122448979592,0.45408163265306123,0.1326530612244898
488,188.10534262909306,388,0.08702831069745101,8.190932242153187e-05,0.5129365498219132,0.22164948453608246,0.13144329896907217,0.5103092783505154,0.13659793814432988
489,288.7304763121952,396,0.08659487112353387,8.149127469020957e-05,0.49506178453243194,0.24494949494949494,0.2727272727272727,0.29292929292929293,0.1893939393939394
490,252.4582480382662,333,0.08616359027087342,8.107536058544523e-05,0.49766243280944356,0.2972972972972973,0.07507507507507508,0.5405405405405406,0.08708708708708708
491,277.8901646639542,443,0.08573445738808068,8.066156921766346e-05,0.5154105061070868,0.4153498871331828,0.10609480812641084,0.28893905191873587,0.18961625282167044
492,282.5424516382486,234,0.08530746177731334,8.024988975286695e-05,0.5134058519936904,0.5555555555555556,0.0811965811965812,0.2692307692307692,0.09401709401709402
493,-83.41535971994774,1000,0.0848825927940091,7.984031141235278e-05,0.5103054082115164,0.143,0.262,0.503,0.092
494,150.40035364234564,747,0.08445983984662027,7.943282347243025e-05,0.5016978680784038,0.3413654618473896,0.1713520749665328,0.36947791164658633,0.11780455153949129
495,253.13516478827503,209,0.0840391923963498,7.902741526414009e-05,0.49426475685577154,0.3253588516746411,0.09569377990430622,0.45933014354066987,0.11961722488038277
496,263.2007058286038,303,0.0836206399568885,7.862407617297512e-05,0.513476799243549,0.27722772277227725,0.132013201320132,0.44224422442244227,0.1485148514851485
497,284.0613199447556,330,0.08320417209415364,7.822279563860235e-05,0.49883512558855236,0.24848484848484848,0.15151515151515152,0.4575757575757576,0.14242424242424243
498,284.0769234325819,221,0.08278977842602886,7.782356315458647e-05,0.5117497694213057,0.3936651583710407,0.06334841628959276,0.49321266968325794,0.049773755656108594
499,255.2129703392961,451,0.08237744862210536,7.742636826811479e-05,0.5083641208955976,0.2616407982261641,0.1197339246119734,0.35920177383592017,0.25942350332594233
500,275.5004039710972,225,0.08196717240342434,7.703120057972354e-05,0.5041631036550834,0.3111111111111111,0.1511111111111111,0.40444444444444444,0.13333333333333333
501,205.03403698307972,368,0.08155893954222078,7.66380497430256e-05,0.5058503313773635,0.4076086956521739,0.08967391304347826,0.31521739130434784,0.1875
502,253.3159618843239,336,0.08115273986166843,7.624690546443961e-05,0.5041627175290484,0.42857142857142855,0.09821428571428571,0.37797619047619047,0.09523809523809523
503,93.08257433788334,818,0.08074856323562621,7.585775750292045e-05,0.5110850204601424,0.1491442542787286,0.13080684596577016,0.5293398533007335,0.19070904645476772
504,253.6316215279379,402,0.08034639958838564,7.547059566969111e-05,0.4972297010105985,0.3880597014925373,0.1318407960199005,0.3681592039800995,0.11194029850746269
505,287.9719002759507,307,0.0799462388944198,7.508540982797593e-05,0.4991272052013431,0.254071661237785,0.18566775244299674,0.40390879478827363,0.1563517915309446
506,96.28359271240346,1000,0.07954807117813331,7.470218989273521e-05,0.49649486477303945,0.518,0.181,0.23,0.071
507,205.38019978327463,618,0.07915188651361367,7.432092583040112e-05,0.49494843525650367,0.2022653721682848,0.4546925566343042,0.2766990291262136,0.06634304207119741
508,248.22577654468827,397,0.07875767502438383,7.394160765861504e-05,0.4869618692074661,0.26700251889168763,0.11335012594458438,0.5037783375314862,0.11586901763224182
509,132.33620229105523,1000,0.078365426883156,7.356422544596616e-05,0.4940348395043235,0.376,0.379,0.185,0.06
510,256.787103047992,439,0.07797513231158659,7.318876931173151e-05,0.5022711105320254,0.428246013667426,0.11161731207289294,0.3553530751708428,0.10478359908883828
511,277.0753159372688,311,0.07758678158003256,7.281522942561718e-05,0.4867170559625674,0.3086816720257235,0.10289389067524116,0.4887459807073955,0.09967845659163987
512,210.74319270909584,666,0.07720036500730874,7.244359600750101e-05,0.5017285120507551,0.2807807807807808,0.21621621621621623,0.3408408408408408,0.16216216216216217
513,261.3687016875344,172,0.07681587296044662,7.207385932717653e-05,0.4899111319761771,0.47674418604651164,0.08139534883720931,0.37209302325581395,0.06976744186046512
514,294.29021090620523,281,0.07643329585445409,7.170600970409811e-05,0.49822308664815973,0.25622775800711745,0.11743772241992882,0.498220640569395,0.12811387900355872
515,-49.192224701030625,1000,0.07605262415207657,7.134003750712762e-05,0.5003286861657437,0.123,0.185,0.56,0.132
516,279.70620912984924,361,0.07567384836355925,7.097593315428215e-05,0.5014437003377338,0.16897506925207756,0.1634349030470914,0.48753462603878117,0.18005540166204986
517,249.7858525719547,269,0.0752969590464105,7.061368711248323e-05,0.5148302571523832,0.24907063197026022,0.11152416356877323,0.5390334572490706,0.10037174721189591
518,84.35384972246106,1000,0.07492194680516646,7.025328989730719e-05,0.5009812162560173,0.44,0.299,0.204,0.057
519,232.21391901697046,270,0.07454880229115689,6.989473207273681e-05,0.49537423580303447,0.3,0.05925925925925926,0.5407407407407407,0.1
520,244.84856817026835,243,0.07417751620227203,6.953800425091434e-05,0.4981422373360773,0.2962962962962963,0.1440329218106996,0.411522633744856,0.14814814814814814
521,247.3338386200822,212,0.07380807928273078,6.91830970918956e-05,0.4928601464542976,0.2358490566037736,0.11320754716981132,0.5188679245283019,0.1320754716981132
522,246.65106116430243,296,0.07344048232284993,6.883000130340553e-05,0.4886758261180166,0.40878378378378377,0.10472972972972973,0.3783783783783784,0.10810810810810811
523,226.0999313095259,389,0.07307471615881456,6.847870764059486e-05,0.4968672448367813,0.32904884318766064,0.12082262210796915,0.4241645244215938,0.12596401028277635
524,256.29734991144414,311,0.0727107716724496,6.812920690579805e-05,0.49717083269952206,0.2057877813504823,0.14469453376205788,0.5273311897106109,0.12218649517684887
525,255.17903393778107,290,0.07234863979099258,6.778148994829249e-05,0.48903129051164845,0.2620689655172414,0.10689655172413794,0.5310344827586206,0.1
526,256.2417426987521,520,0.07198831148686739,6.743554766405891e-05,0.49492956157709894,0.29615384615384616,0.19230769230769232,0.38076923076923075,0.13076923076923078
527,229.9943383289595,233,0.07162977777745924,6.709137099554301e-05,0.4925344287846669,0.21888412017167383,0.1630901287553648,0.48497854077253216,0.13304721030042918
528,243.17248227752322,372,0.07127302972489075,6.674895093141833e-05,0.5032298649661656,0.1935483870967742,0.14516129032258066,0.5295698924731183,0.13172043010752688
529,224.3511717795193,309,0.07091805843579913,6.64082785063503e-05,0.486509067769086,0.44336569579288027,0.07119741100323625,0.4045307443365696,0.08090614886731391
530,160.41976451057292,604,0.07056485506111447,6.606934480076148e-05,0.48696053718512683,0.12251655629139073,0.12748344370860928,0.5264900662251656,0.22350993377483444
531,122.96564806378808,1000,0.07021341079583919,6.573214094059807e-05,0.48764474371253824,0.246,0.045,0.213,0.496
532,240.41091973667298,608,0.06986371687882846,6.539665809709758e-05,0.47578833113306507,0.4901315789473684,0.07072368421052631,0.31085526315789475,0.12828947368421054
533,118.39096067312678,1000,0.06951576459257186,6.506288748655759e-05,0.4769253353286608,0.335,0.054,0.185,0.426
534,236.72034406375744,255,0.06916954526297603,6.473082037010584e-05,0.47208981568203795,0.2980392156862745,0.13725490196078433,0.42745098039215684,0.13725490196078433
535,182.42179768852088,609,0.06882505025914844,6.440044805347146e-05,0.4770786709408412,0.1986863711001642,0.14285714285714285,0.5024630541871922,0.15599343185550082
536,185.328762797744,626,0.06848227099318223,6.407176188675723e-05,0.4659255812117984,0.06549520766773163,0.35942492012779553,0.45527156549520764,0.11980830670926518
537,191.02551025238301,486,0.06814119891994212,6.374475326421318e-05,0.4639879104438671,0.102880658436214,0.34156378600823045,0.4588477366255144,0.09670781893004116
538,69.94695218779032,1000,0.06780182553685142,6.341941362401126e-05,0.4676642062536537,0.315,0.075,0.293,0.317
539,242.30683368232695,425,0.06746414238368,6.309573444802116e-05,0.4619561897112978,0.20705882352941177,0.12,0.5270588235294118,0.14588235294117646
540,227.5810985188521,430,0.06712814104233344,6.27737072615873e-05,0.45646881966752934,0.3744186046511628,0.13953488372093023,0.3767441860465116,0.10930232558139535
541,212.93768118931675,283,0.06679381313664319,6.245332363330693e-05,0.4560464146910199,0.2968197879858657,0.11307420494699646,0.45229681978798586,0.13780918727915195
542,227.40675221775098,964,0.0664611503321577,6.213457517480939e-05,0.45889417096821244,0.2645228215767635,0.056016597510373446,0.21161825726141079,0.4678423236514523
543,217.38471925282306,435,0.06613014433593471,6.181745354053646e-05,0.45602455354101956,0.3264367816091954,0.11264367816091954,0.4574712643678161,0.10344827586206896
544,174.8167908938053,665,0.06580078689633446,6.150195042752389e-05,0.4534647056965449,0.29473684210526313,0.12180451127819548,0.44511278195488724,0.13834586466165413
545,196.91987054070128,314,0.06547306980281405,6.1188057575184e-05,0.4519244055632177,0.08598726114649681,0.1305732484076433,0.3853503184713376,0.3980891719745223
546,221.46277844950424,365,0.0651469848857227,6.0875766765089345e-05,0.4537695523651215,0.29315068493150687,0.14794520547945206,0.4465753424657534,0.11232876712328767
547,310.1749943954668,212,0.0648225240160981,6.056506982075763e-05,0.4551080705413146,0.2169811320754717,0.15566037735849056,0.5094339622641509,0.1179245283018868
548,110.6921713836675,875,0.06449967910546381,6.0255958607437554e-05,0.4591544806028726,0.15428571428571428,0.24685714285714286,0.4582857142857143,0.14057142857142857
549,219.48370430829928,437,0.06417844210562758,5.994842503189588e-05,0.45437158033483016,0.3684210526315789,0.11899313501144165,0.41876430205949655,0.09382151029748284
550,230.17332759589289,481,0.0638588050084807,5.964246104220548e-05,0.44431579704670726,0.2390852390852391,0.1101871101871102,0.5405405405405406,0.1101871101871102
551,186.55203979703043,531,0.06354075984579843,5.933805862753456e-05,0.44710072267471834,0.06779661016949153,0.07532956685499058,0.3333333333333333,0.5235404896421846
552,195.60402781445634,397,0.0632242986890413,5.9035209817936916e-05,0.44416111223566024,0.1561712846347607,0.27204030226700254,0.4634760705289673,0.10831234256926953
553,148.31493054976283,1000,0.06290941364915748,5.873390668414323e-05,0.4511824277033411,0.377,0.057,0.217,0.349
554,117.44867072757641,712,0.06259609687638612,5.8434141337353506e-05,0.44732462926364636,0.16151685393258428,0.28651685393258425,0.4747191011235955,0.07724719101123595
555,230.91080026402742,240,0.06228434056006167,5.813590592903049e-05,0.4344954199633643,0.44166666666666665,0.07916666666666666,0.4125,0.06666666666666667
556,282.26988867799065,271,0.061974136928419146,5.7839192650694185e-05,0.4422956631694441,0.2767527675276753,0.18081180811808117,0.4612546125461255,0.08118081180811808
557,261.26554583547886,253,0.06166547824840039,5.7543993733717426e-05,0.4437361869524161,0.3241106719367589,0.09090909090909091,0.49407114624505927,0.09090909090909091
558,278.24938926187536,301,0.061358356825461334,5.725030144912246e-05,0.4486516501253749,0.5116279069767442,0.07641196013289037,0.3488372093023256,0.06312292358803986
559,66.17756597413256,1000,0.06105276500338012,5.695810810737859e-05,0.44248844582549374,0.142,0.044,0.145,0.669
560,108.00749706553371,856,0.06074869516406628,5.666740605820084e-05,0.4391973456576389,0.1413551401869159,0.22313084112149534,0.5280373831775701,0.10747663551401869
561,266.9547650680201,297,0.06044613972737082,5.637818769034967e-05,0.42557177914315414,0.2996632996632997,0.1414141414141414,0.4175084175084175,0.1414141414141414
562,294.83357928800876,280,0.060145091150897244,5.609044543143168e-05,0.43892885086177286,0.25357142857142856,0.10714285714285714,0.525,0.11428571428571428
563,236.16462847630802,945,0.059845541929813534,5.580417174770135e-05,0.43926860428209535,0.29735449735449737,0.030687830687830688,0.13333333333333333,0.5386243386243387
564,247.69225538987791,437,0.05954748459666506,5.551935914386379e-05,0.44115237703134025,0.32494279176201374,0.07780320366132723,0.2791762013729977,0.3180778032036613
565,238.01372815803555,302,0.05925091172118844,5.5236000162878504e-05,0.42655471334905765,0.4470198675496689,0.09933774834437085,0.3675496688741722,0.08609271523178808
566,274.68141483498823,232,0.058955815910126275,5.495408738576414e-05,0.4118712247878752,0.39655172413793105,0.09051724137931035,0.4482758620689655,0.06465517241379311
567,73.1111870430401,1000,0.05866218980704289,5.467361343140425e-05,0.4378040066452705,0.365,0.4,0.192,0.043
568,120.64214565358465,742,0.058370026092140904,5.439457095635402e-05,0.434067279971581,0.20754716981132076,0.29784366576819404,0.4123989218328841,0.08221024258760108
569,126.90534050909929,754,0.058079317482078785,5.4116952654648034e-05,0.4286309472420678,0.15915119363395225,0.22811671087533156,0.4946949602122016,0.11803713527851459
570,85.47952907885309,1000,0.05779005672978926,5.3840751257608944e-05,0.42759862153379824,0.418,0.045,0.184,0.353
571,121.87499234446126,1000,0.05750223662429868,5.35659595336572e-05,0.42089578575253495,0.499,0.039,0.159,0.303
572,289.476598585857,385,0.05721584999054722,5.329257028812169e-05,0.4313520326468111,0.36883116883116884,0.13246753246753246,0.3974025974025974,0.1012987012987013
573,167.1138171108034,726,0.056930889689210055,5.302057636305136e-05,0.43218124411207703,0.17768595041322313,0.2837465564738292,0.465564738292011,0.07300275482093664
574,190.70327723862823,519,0.05664734861651935,5.2749970637027824e-05,0.42555370209834786,0.12909441233140656,0.1233140655105973,0.5009633911368016,0.2466281310211946
575,278.8447648967554,368,0.056365219704087186,5.248074602497889e-05,0.42739031877056677,0.26902173913043476,0.1358695652173913,0.4673913043478261,0.12771739130434784
576,-12.725689709204971,340,0.056084495918729355,5.221289547799308e-05,0.41982666460889356,0.18235294117647058,0.1264705882352941,0.5764705882352941,0.11470588235294117
577,200.84745735677316,297,0.05580517026229002,5.1946411983135046e-05,0.4308717314822805,0.2255892255892256,0.13468013468013468,0.5084175084175084,0.13131313131313133
578,140.228798786151,834,0.05552723577146726,5.1681288563261965e-05,0.4317790614201241,0.10431654676258993,0.2529976019184652,0.5179856115107914,0.12470023980815348
579,216.9106024849324,400,0.055250685517639495,5.141751827684087e-05,0.41128645460360197,0.435,0.0675,0.295,0.2025
580,200.11014584929808,859,0.05497551260669274,5.11550942177669e-05,0.4236684176891383,0.30034924330616997,0.47613504074505236,0.16647264260768335,0.0570430733410943
581,263.6929788987219,343,0.05470171017884877,5.08940095151825e-05,0.419247044755632,0.5335276967930029,0.08163265306122448,0.3236151603498542,0.061224489795918366
582,238.68230716603793,277,0.05442927140849408,5.063425733329746e-05,0.40031755807332725,0.4981949458483754,0.10108303249097472,0.33212996389891697,0.06859205776173286
583,136.39655148756393,1000,0.05415818950400976,5.0375830871210034e-05,0.4163965112052311,0.556,0.062,0.228,0.154
584,226.0889916284769,270,0.053888457707602165,5.011872336272881e-05,0.4211432388611689,0.09259259259259259,0.11481481481481481,0.5074074074074074,0.2851851851851852
585,246.1204880509166,360,0.05362006929513446,4.986292807619558e-05,0.4063527159655104,0.2638888888888889,0.09444444444444444,0.5083333333333333,0.13333333333333333
586,223.3290149157051,530,0.05335301757595899,4.960843831430907e-05,0.4184397584074869,0.2,0.1018867924528302,0.3264150943396226,0.37169811320754714
587,227.58037567924453,458,0.053087295892750505,4.935524741394963e-05,0.41486384378671615,0.29475982532751094,0.14192139737991266,0.40611353711790393,0.1572052401746725
588,6.117218129562218,285,0.052822897621340174,4.910334874600474e-05,0.41452844820101703,0.11228070175438597,0.16140350877192983,0.5263157894736842,0.2
589,214.70309922934058,831,0.052559816170550465,4.885273571519545e-05,0.4134308186277868,0.3309265944645006,0.06618531889290012,0.19374247894103488,0.4091456077015644
590,229.11730470696168,688,0.05229804498203084,4.860340175990373e-05,0.41205317942032865,0.48691860465116277,0.18604651162790697,0.26308139534883723,0.06395348837209303
591,207.20804078556304,417,0.05203757753009425,4.8355340352000625e-05,0.4057986025229802,0.09112709832134293,0.1079136690647482,0.4676258992805755,0.3333333333333333
592,180.72114504247827,755,0.051778407321554455,4.810854499667538e-05,0.41663878520280934,0.2768211920529801,0.29668874172185433,0.2675496688741722,0.15894039735099338
593,275.7252816084398,302,0.05152052789556417,4.786300923226537e-05,0.41211434928570545,0.2847682119205298,0.1357615894039735,0.4503311258278146,0.1291390728476821
594,229.45569826183325,411,0.051263932823453984,4.76187266300869e-05,0.41167936676006617,0.49635036496350365,0.0827250608272506,0.3357664233576642,0.0851581508515815
595,-11.443829378788358,1000,0.051008615708572125,4.737569079426693e-05,0.4073585554897138,0.134,0.173,0.572,0.121
596,204.28381312713967,647,0.050754570186124975,4.713389536157557e-05,0.40792316993262917,0.25656877897990726,0.13137557959814528,0.48377125193199383,0.12828438948995363
597,285.247842349208,303,0.0505017899230184,4.689333400125952e-05,0.42925258121676385,0.33003300330033003,0.19471947194719472,0.36633663366336633,0.10891089108910891
598,235.8617915429573,317,0.050250268617699906,4.665400041487629e-05,0.4199919425923777,0.38170347003154576,0.0473186119873817,0.5236593059936908,0.0473186119873817
599,247.8951413568092,349,0.05000000000000151,4.6415888336129295e-05,0.41599663197582804,0.4326647564469914,0.06303724928366762,0.22349570200573066,0.2808022922636103
600,245.05537734462956,169,0.05,4.617899153070379e-05,0.4126917532198477,0.30177514792899407,0.10650887573964497,0.44970414201183434,0.14201183431952663
601,234.71323171531344,250,0.05,4.594330379610366e-05,0.40713017655805983,0.352,0.112,0.436,0.1
602,195.950216436058,459,0.05,4.5708818961488994e-05,0.4084822178912607,0.1721132897603486,0.4008714596949891,0.3442265795206972,0.08278867102396514
603,275.07251272558926,160,0.05,4.547553088751453e-05,0.43315705626803974,0.25,0.125,0.5,0.125
604,235.40605092318128,254,0.05,4.524343346616893e-05,0.39827490619472045,0.4645669291338583,0.08661417322834646,0.33858267716535434,0.11023622047244094
605,254.72012609263737,260,0.05,4.501252062061484e-05,0.40971903671360976,0.38076923076923075,0.09615384615384616,0.4346153846153846,0.08846153846153847
606,238.10290054025265,361,0.05,4.478278630502978e-05,0.41134728253855013,0.3573407202216066,0.07202216066481995,0.48753462603878117,0.08310249307479224
607,215.8276249117265,447,0.05,4.4554224504447877e-05,0.42714043351520514,0.03131991051454139,0.06935123042505593,0.19463087248322147,0.7046979865771812
608,121.01865958996883,1000,0.05,4.4326829234602346e-05,0.4122856056932258,0.552,0.035,0.123,0.29
609,250.95694245934934,202,0.05,4.410059454176883e-05,0.4007347843395444,0.4752475247524752,0.09405940594059406,0.32673267326732675,0.10396039603960396
610,236.40523480368282,276,0.05,4.387551450260952e-05,0.40584362273621294,0.3115942028985507,0.10869565217391304,0.4963768115942029,0.08333333333333333
611,250.69651515965248,383,0.05,4.3651583224018043e-05,0.4049118058738828,0.35509138381201044,0.1122715404699739,0.4595300261096606,0.0731070496083551
612,214.98026553637243,256,0.05,4.3428794842965214e-05,0.4120969125135659,0.10546875,0.125,0.41796875,0.3515625
613,245.08955658800846,409,0.05,4.320714352634547e-05,0.4022306365062307,0.4156479217603912,0.12224938875305623,0.3594132029339853,0.10268948655256724
614,269.79455882340494,454,0.05,4.29866234708242e-05,0.40534545575659914,0.5462555066079295,0.08370044052863436,0.29515418502202645,0.07488986784140969
615,249.69846465424024,280,0.05,4.276722890268576e-05,0.40489228707292485,0.3142857142857143,0.08571428571428572,0.5357142857142857,0.06428571428571428
616,150.64313696539512,799,0.05,4.254895407768233e-05,0.4055879706299119,0.21151439299123906,0.19774718397997496,0.47058823529411764,0.12015018773466833
617,286.26943667322604,361,0.05,4.23317932808835e-05,0.4004845730878366,0.31301939058171746,0.14681440443213298,0.4182825484764543,0.12188365650969529
618,248.21636683153093,317,0.05,4.2115740826526656e-05,0.4066718835030774,0.35962145110410093,0.12933753943217666,0.39747634069400634,0.11356466876971609
619,-14.347631350902574,414,0.05,4.19007910578681e-05,0.40438587807967274,0.08454106280193237,0.1956521739130435,0.5434782608695652,0.17632850241545894
620,193.51973459234853,604,0.05,4.168693834703494e-05,0.40460901890791495,0.3543046357615894,0.1076158940397351,0.4420529801324503,0.09602649006622517
621,294.22801958792286,279,0.05,4.147417709487777e-05,0.4227048227707546,0.26881720430107525,0.24731182795698925,0.36917562724014336,0.11469534050179211
622,275.28149885670575,343,0.05,4.126250173082403e-05,0.40386544192963336,0.282798833819242,0.1282798833819242,0.48104956268221577,0.10787172011661808
623,237.7403316912115,317,0.05,4.1051906712732176e-05,0.40578935934526217,0.29337539432176657,0.12618296529968454,0.47003154574132494,0.11041009463722397
624,200.76915568921788,264,0.05,4.084238652674659e-05,0.4077341665797304,0.12121212121212122,0.10984848484848485,0.4659090909090909,0.30303030303030304
625,236.87656497946665,386,0.05,4.063393568715319e-05,0.41525905269629604,0.38860103626943004,0.10362694300518134,0.4637305699481865,0.04404145077720207
626,199.2894180286918,529,0.05,4.04265487362358e-05,0.4032364435554136,0.19092627599243855,0.07372400756143667,0.30245746691871456,0.43289224952741023
627,229.14470653703958,337,0.05,4.022022024413328e-05,0.4028878297968788,0.3086053412462908,0.10385756676557864,0.486646884272997,0.10089020771513353
628,96.04036056416625,1000,0.05,4.001494480869733e-05,0.4108854665327055,0.411,0.043,0.17,0.376
629,198.13226627118547,480,0.05,3.981071705535108e-05,0.40566509930186273,0.20833333333333334,0.15208333333333332,0.50625,0.13333333333333333
630,256.60852639718865,308,0.05,3.960753163694834e-05,0.40953065709385267,0.25,0.17857142857142858,0.4253246753246753,0.1461038961038961
631,237.6967098201037,206,0.05,3.940538323363363e-05,0.40268359898455547,0.3592233009708738,0.07766990291262135,0.470873786407767,0.09223300970873786
632,253.31794987072297,248,0.05,3.920426655270286e-05,0.41349719617099023,0.13709677419354838,0.3951612903225806,0.3467741935483871,0.12096774193548387
633,223.3051072753047,361,0.05,3.90041763284648e-05,0.40565425270413125,0.3379501385041551,0.13019390581717452,0.4404432132963989,0.09141274238227147
634,261.2064438262389,261,0.05,3.8805107322103155e-05,0.389740759797404,0.32950191570881227,0.11494252873563218,0.4444444444444444,0.1111111111111111
635,287.5439114954032,296,0.05,3.860705432153946e-05,0.40674559012165457,0.32094594594594594,0.09797297297297297,0.49324324324324326,0.08783783783783784
636,166.6346207758947,665,0.05,3.841001214129657e-05,0.40338280177566205,0.21353383458646616,0.12781954887218044,0.5323308270676692,0.12631578947368421
637,235.26253451753394,318,0.05,3.8213975622362915e-05,0.4040049352018961,0.2641509433962264,0.14150943396226415,0.46226415094339623,0.1320754716981132
638,197.09503739749096,587,0.05,3.801893963205743e-05,0.4004711222739774,0.3645655877342419,0.12265758091993186,0.4122657580919932,0.10051107325383304
639,120.78508874047373,1000,0.05,3.782489906389515e-05,0.4107276931858674,0.429,0.058,0.197,0.316
640,256.45431646849704,296,0.05,3.763184883745353e-05,0.4044062619319293,0.3581081081081081,0.07432432432432433,0.4966216216216216,0.07094594594594594
641,181.63913179468926,679,0.05,3.743978389823941e-05,0.4031830490390604,0.20913107511045656,0.13107511045655376,0.5390279823269514,0.12076583210603829
642,184.52705189497738,537,0.05,3.724869921755669e-05,0.40713930752627303,0.23277467411545624,0.1266294227188082,0.521415270018622,0.1191806331471136
643,226.60071335120364,422,0.05,3.7058589792374664e-05,0.40249092671239967,0.2890995260663507,0.08767772511848342,0.542654028436019,0.08056872037914692
644,222.78617791141676,355,0.05,3.686945064519703e-05,0.4040765422706261,0.3295774647887324,0.11267605633802817,0.43380281690140843,0.12394366197183099
645,-5.61538001493565,1000,0.05,3.668127682393157e-05,0.3983792951484457,0.178,0.133,0.56,0.129
646,182.09518168046776,463,0.05,3.6494063401760485e-05,0.4052846336542694,0.12958963282937366,0.09071274298056156,0.41252699784017277,0.367170626349892
647,-36.25933360713533,1000,0.05,3.63078054770114e-05,0.403920809202358,0.172,0.163,0.565,0.1
648,281.6863897994901,298,0.05,3.612249817302904e-05,0.3980148211672782,0.20469798657718122,0.11073825503355705,0.3691275167785235,0.31543624161073824
649,259.4269600629003,230,0.05,3.593813663804753e-05,0.4209953894419741,0.43043478260869567,0.06956521739130435,0.41739130434782606,0.08260869565217391
650,233.97437332824063,581,0.05,3.575471604506339e-05,0.40560746113382695,0.387263339070568,0.05163511187607573,0.25817555938037867,0.3029259896729776
651,229.23337933393353,358,0.05,3.557223159170912e-05,0.39782354481399596,0.36312849162011174,0.09217877094972067,0.44972067039106145,0.09497206703910614
652,230.73753347027625,858,0.05,3.5390678500127486e-05,0.4032118909777028,0.5501165501165501,0.11655011655011654,0.27505827505827507,0.05827505827505827
653,290.903826106364,263,0.05,3.5210052016846434e-05,0.3974972424750626,0.311787072243346,0.14068441064638784,0.4068441064638783,0.14068441064638784
654,185.4896161205703,554,0.05,3.5030347412654595e-05,0.40043608632168276,0.27617328519855594,0.11191335740072202,0.5144404332129964,0.09747292418772563
655,246.21551373318917,289,0.05,3.4851559982477505e-05,0.4075657575081573,0.3079584775086505,0.1245674740484429,0.45674740484429066,0.11072664359861592
656,-26.448995699573793,1000,0.05,3.467368504525439e-05,0.39911393575601706,0.164,0.16,0.568,0.108
657,212.57731936562192,443,0.05,3.4496717943815614e-05,0.3901459916472105,0.2618510158013544,0.09255079006772009,0.5643340857787811,0.08126410835214447
658,234.61316280437447,268,0.05,3.4320654044760744e-05,0.414719878464432,0.40298507462686567,0.1044776119402985,0.40671641791044777,0.08582089552238806
659,304.61145993166656,269,0.05,3.414548873833723e-05,0.39511094887538784,0.32342007434944237,0.26765799256505574,0.2936802973977695,0.11524163568773234
660,304.42543843254725,433,0.05,3.397121743831973e-05,0.39896769785238057,0.5427251732101617,0.07621247113163972,0.19861431870669746,0.18244803695150116
661,237.04483691945748,195,0.05,3.379783558189e-05,0.39814879373420153,0.28205128205128205,0.13333333333333333,0.47692307692307695,0.1076923076923077
662,253.75908651082813,296,0.05,3.3625338629517463e-05,0.39922089778183095,0.28378378378378377,0.19594594594594594,0.3952702702702703,0.125
663,256.9780245392274,318,0.05,3.345372206484034e-05,0.4058745098714699,0.2893081761006289,0.14465408805031446,0.4276729559748428,0.13836477987421383
664,230.52980600803284,258,0.05,3.328298139454739e-05,0.4040736890095837,0.4069767441860465,0.07751937984496124,0.4186046511627907,0.09689922480620156
665,246.941924183411,251,0.05,3.311311214826029e-05,0.40606419661929155,0.3904382470119522,0.09163346613545817,0.41832669322709165,0.099601593625498
666,84.70962673030223,1000,0.05,3.2944109878416555e-05,0.4041320190143477,0.441,0.056,0.33,0.173
667,203.9429556472531,477,0.05,3.2775970160153124e-05,0.39822675433206445,0.350104821802935,0.0880503144654088,0.4360587002096436,0.12578616352201258
668,239.92935170779705,723,0.05,3.26086885911905e-05,0.39771737156371634,0.4287690179806362,0.04426002766251729,0.18810511756569848,0.338865836791148
669,238.72752755510237,361,0.05,3.2442260791717464e-05,0.40073820342448296,0.43213296398891965,0.0997229916897507,0.3878116343490305,0.08033240997229917
670,191.74320871888227,361,0.05,3.227668240427644e-05,0.3950903449136404,0.1883656509695291,0.16897506925207756,0.5152354570637119,0.12742382271468145
671,281.5467352339135,232,0.05,3.211194909364938e-05,0.40388158337219143,0.29310344827586204,0.15086206896551724,0.3793103448275862,0.17672413793103448
672,249.93522854506682,486,0.05,3.194805654674426e-05,0.39481591392921583,0.4382716049382716,0.06790123456790123,0.24691358024691357,0.24691358024691357
673,270.1061552351066,205,0.05,3.178500047248217e-05,0.3979113633185487,0.4,0.06829268292682927,0.45365853658536587,0.07804878048780488
674,215.66811741846203,960,0.05,3.1622776601684934e-05,0.4091216987944744,0.2989583333333333,0.07604166666666666,0.33541666666666664,0.28958333333333336
675,32.784566452047116,1000,0.05,3.1461380686963373e-05,0.407383690563423,0.214,0.279,0.421,0.086
676,137.417343345586,1000,0.05,3.1300808502606066e-05,0.40472622478120324,0.468,0.246,0.242,0.044
677,159.33097579416938,417,0.05,3.1141055844468724e-05,0.4030098953783568,0.2014388489208633,0.17266187050359713,0.5299760191846523,0.09592326139088729
678,251.2536248440472,674,0.05,3.0982118529864115e-05,0.4016243038343841,0.23293768545994065,0.04896142433234421,0.19881305637982197,0.5192878338278932
679,164.44863566768942,692,0.05,3.082399239745255e-05,0.4028421591508787,0.2514450867052023,0.12427745664739884,0.5274566473988439,0.0968208092485549
680,202.47863597111,262,0.05,3.066667330713294e-05,0.4042211336135122,0.05343511450381679,0.13740458015267176,0.3053435114503817,0.5038167938931297
681,127.67838985188398,1000,0.05,3.0510157139934383e-05,0.4042425241148725,0.521,0.054,0.124,0.301
682,217.61194652936283,392,0.05,3.035443979790832e-05,0.40006196552749973,0.2423469387755102,0.08928571428571429,0.5204081632653061,0.14795918367346939
683,229.08429757838758,236,0.05,3.0199517204021263e-05,0.40285412701550016,0.2542372881355932,0.11440677966101695,0.5042372881355932,0.1271186440677966
684,6.416909014904753,1000,0.05,3.0045385302048023e-05,0.4030636777168968,0.163,0.399,0.354,0.084
685,253.55868349665005,227,0.05,2.9892040056465527e-05,0.4155215065124476,0.34801762114537443,0.1013215859030837,0.42731277533039647,0.12334801762114538
686,198.76839669482513,550,0.05,2.9739477452347147e-05,0.40314133041954453,0.29454545454545455,0.1290909090909091,0.4618181818181818,0.11454545454545455
687,242.97693033306408,172,0.05,2.9587693495257588e-05,0.393304103662285,0.26744186046511625,0.12209302325581395,0.4418604651162791,0.1686046511627907
688,216.50591246070502,495,0.05,2.9436684211148304e-05,0.40081819076828484,0.3191919191919192,0.10909090909090909,0.4404040404040404,0.13131313131313133
689,227.55709536738863,331,0.05,2.928644564625344e-05,0.3861282595841855,0.29003021148036257,0.08761329305135952,0.540785498489426,0.08157099697885196
690,235.16928524962373,287,0.05,2.9136973866986325e-05,0.39749635110830445,0.21951219512195122,0.13937282229965156,0.4912891986062718,0.14982578397212543
691,279.0469939614954,241,0.05,2.898826495983647e-05,0.3987675804727454,0.27385892116182575,0.12863070539419086,0.45228215767634855,0.14522821576763487
692,253.81274845150216,214,0.05,2.8840315031267124e-05,0.38176671660078654,0.14953271028037382,0.0794392523364486,0.411214953271028,0.3598130841121495
693,232.86718971832744,302,0.05,2.8693120207613298e-05,0.400677265715637,0.24172185430463577,0.08609271523178808,0.5496688741721855,0.12251655629139073
694,294.35894186054026,294,0.05,2.8546676634980377e-05,0.4076518098117127,0.3163265306122449,0.24149659863945577,0.3163265306122449,0.12585034013605442
695,276.124395585078,339,0.05,2.84009804791432e-05,0.39342249775982174,0.528023598820059,0.08259587020648967,0.31563421828908556,0.07374631268436578
696,276.36377871747084,188,0.05,2.8256027925445676e-05,0.39907561936689695,0.3191489361702128,0.0851063829787234,0.526595744680851,0.06914893617021277
697,242.7950151273184,212,0.05,2.8111815178700904e-05,0.4046197473190093,0.3018867924528302,0.12264150943396226,0.44339622641509435,0.1320754716981132
698,228.06151709518963,272,0.05,2.796833846309181e-05,0.4015385197512577,0.20588235294117646,0.40808823529411764,0.31985294117647056,0.0661764705882353
699,220.1699906770538,287,0.05,2.7825594022072283e-05,0.4168811260759561,0.29965156794425085,0.12195121951219512,0.49825783972125437,0.08013937282229965
700,253.81900248567,251,0.05,2.7683578118268825e-05,0.40501654754941063,0.3107569721115538,0.0796812749003984,0.5537848605577689,0.055776892430278883
701,289.61113655343786,242,0.05,2.7542287033382697e-05,0.4061602838727927,0.35537190082644626,0.12396694214876033,0.4049586776859504,0.11570247933884298
702,246.67067311828583,336,0.05,2.740171706809256e-05,0.4071607432820053,0.16071428571428573,0.050595238095238096,0.37202380952380953,0.4166666666666667
703,309.89343850716205,204,0.05,2.726186454195763e-05,0.38948083896009605,0.2549019607843137,0.28921568627450983,0.3431372549019608,0.11274509803921569
704,250.6724406609666,231,0.05,2.7122725793321306e-05,0.3921803519411717,0.4069264069264069,0.1038961038961039,0.38961038961038963,0.09956709956709957
705,241.28020944186275,349,0.05,2.6984297179215296e-05,0.40544776786959624,0.3123209169054441,0.10888252148997135,0.4871060171919771,0.09169054441260745
706,235.64174441579922,908,0.05,2.684657507526425e-05,0.3976251602730726,0.44273127753303965,0.05506607929515418,0.12665198237885464,0.3755506607929515
707,244.13743922884984,758,0.05,2.670955587559086e-05,0.3980555245763716,0.2994722955145119,0.35356200527704484,0.22823218997361477,0.11873350923482849
708,247.19734042416914,226,0.05,2.6573235992721436e-05,0.40223596845834747,0.11946902654867257,0.07079646017699115,0.46017699115044247,0.3495575221238938
709,253.20534995280255,234,0.05,2.6437611857491997e-05,0.39239486252677785,0.41452991452991456,0.09401709401709402,0.3888888888888889,0.10256410256410256
710,245.50630942853581,627,0.05,2.6302679918954817e-05,0.3896057712313215,0.5231259968102073,0.046251993620414676,0.12599681020733652,0.30462519936204147
711,293.6019676459596,269,0.05,2.6168436644285447e-05,0.4031688086481898,0.4052044609665427,0.14869888475836432,0.3308550185873606,0.11524163568773234
712,218.53821799581885,510,0.05,2.603487851869022e-05,0.39524175247575244,0.1843137254901961,0.052941176470588235,0.21372549019607842,0.5490196078431373
713,252.87509838056667,167,0.05,2.590200204531423e-05,0.39569360938530934,0.2934131736526946,0.10778443113772455,0.46706586826347307,0.1317365269461078
714,263.43535348438337,175,0.05,2.5769803745149768e-05,0.3886507871776027,0.2057142857142857,0.12571428571428572,0.5428571428571428,0.12571428571428572
715,263.7672580610738,321,0.05,2.5638280156945248e-05,0.39339353937117044,0.40498442367601245,0.14953271028037382,0.3302180685358255,0.11526479750778816
716,275.9670267787026,194,0.05,2.5507427837114567e-05,0.39327344622976745,0.29381443298969073,0.07731958762886598,0.5309278350515464,0.0979381443298969
717,244.32228963928443,188,0.05,2.5377243359646956e-05,0.39689146708478606,0.3670212765957447,0.09042553191489362,0.4148936170212766,0.1276595744680851
718,257.0193976852672,256,0.05,2.5247723316017274e-05,0.3977418789962118,0.3984375,0.0703125,0.3515625,0.1796875
719,244.42675723692412,395,0.05,2.5118864315096767e-05,0.3893718539816694,0.3518987341772152,0.0810126582278481,0.4607594936708861,0.10632911392405063
720,216.58369864438754,292,0.05,2.4990662983064277e-05,0.4066515087313632,0.1404109589041096,0.1095890410958904,0.4212328767123288,0.3287671232876712
721,243.32924990310158,351,0.05,2.4863115963317916e-05,0.3954052822725264,0.23646723646723647,0.13675213675213677,0.5042735042735043,0.1225071225071225
722,235.98550596013925,231,0.05,2.473621991638717e-05,0.3914813039577297,0.31601731601731603,0.13852813852813853,0.46320346320346323,0.08225108225108226
723,213.9543295055914,458,0.05,2.4609971519845472e-05,0.3947494377363028,0.21179039301310043,0.11135371179039301,0.5567685589519651,0.12008733624454149
724,278.4638269677365,202,0.05,2.448436746822322e-05,0.3984541995263271,0.33663366336633666,0.0891089108910891,0.43564356435643564,0.13861386138613863
725,238.43747739458678,228,0.05,2.4359404472921215e-05,0.3917774198017919,0.32456140350877194,0.10526315789473684,0.44298245614035087,0.12719298245614036
726,272.07507280537254,186,0.05,2.4235079262124575e-05,0.4014592305788566,0.20967741935483872,0.11827956989247312,0.5591397849462365,0.11290322580645161
727,241.36635421083116,498,0.05,2.4111388580717055e-05,0.38725201269865805,0.41767068273092367,0.08433734939759036,0.40763052208835343,0.09036144578313253
728,80.57269407877612,143,0.05,2.3988329190195842e-05,0.40272921141788526,0.18181818181818182,0.11888111888111888,0.5314685314685315,0.16783216783216784
729,258.0775253389351,253,0.05,2.3865897868586744e-05,0.3960988795702967,0.30039525691699603,0.13438735177865613,0.4505928853754941,0.11462450592885376
730,237.61352039047793,215,0.05,2.3744091410359837e-05,0.40574800981690257,0.28837209302325584,0.12558139534883722,0.4325581395348837,0.15348837209302327
731,244.71377615689394,261,0.05,2.3622906626345543e-05,0.4074809530303775,0.3946360153256705,0.06513409961685823,0.47126436781609193,0.06896551724137931
732,243.19971554931922,200,0.05,2.350234034365113e-05,0.4088709517156292,0.29,0.095,0.52,0.095
733,238.52018564436077,281,0.05,2.3382389405577622e-05,0.4064434722766306,0.2526690391459075,0.09252669039145907,0.5231316725978647,0.13167259786476868
734,259.5756140805365,285,0.05,2.3263050671537174e-05,0.40851315568225677,0.4,0.10175438596491228,0.37543859649122807,0.12280701754385964
735,223.33193725505575,273,0.05,2.314432101697083e-05,0.38682348321827664,0.2087912087912088,0.08424908424908426,0.4249084249084249,0.28205128205128205
736,279.72316464733467,416,0.05,2.302619733326671e-05,0.3943619566581925,0.12740384615384615,0.09615384615384616,0.23557692307692307,0.5408653846153846
737,148.11934582641717,1000,0.05,2.2908676527678637e-05,0.3971298109575488,0.509,0.028,0.098,0.365
738,243.43836622818466,207,0.05,2.279175552324514e-05,0.38390934970190177,0.5120772946859904,0.07729468599033816,0.3188405797101449,0.09178743961352658
739,232.12066856330358,260,0.05,2.2675431258708915e-05,0.3964166115204156,0.3076923076923077,0.10384615384615385,0.47307692307692306,0.11538461538461539
740,246.7783092647747,435,0.05,2.2559700688436657e-05,0.38587923321018486,0.30344827586206896,0.26436781609195403,0.18620689655172415,0.24597701149425288
741,223.49422325272133,366,0.05,2.2444560782339324e-05,0.38656216510894087,0.33060109289617484,0.09562841530054644,0.4726775956284153,0.10109289617486339
742,204.49204853216554,605,0.05,2.233000852579281e-05,0.3841010292445338,0.2793388429752066,0.09917355371900827,0.5239669421487604,0.09752066115702479
743,169.8940785562121,796,0.05,2.2216040919558996e-05,0.38527060380916067,0.24874371859296482,0.20728643216080403,0.45226130653266333,0.09170854271356783
744,218.00745854384846,569,0.05,2.210265497970725e-05,0.3877014275167816,0.2126537785588752,0.37961335676625657,0.3427065026362039,0.06502636203866433
745,252.78687293542757,240,0.05,2.1989847737536276e-05,0.39357300195803047,0.4666666666666667,0.075,0.3625,0.09583333333333334
746,49.29777285600042,119,0.05,2.1877616239496397e-05,0.3813406165676947,0.08403361344537816,0.13445378151260504,0.5966386554621849,0.18487394957983194
747,292.3170793567215,368,0.05,2.176595754711223e-05,0.3893048781371101,0.391304347826087,0.07336956521739131,0.37771739130434784,0.15760869565217392
748,236.10749196008413,212,0.05,2.1654868736905736e-05,0.3808639498698464,0.2971698113207547,0.11320754716981132,0.44339622641509435,0.14622641509433962
749,301.73016130129616,284,0.05,2.1544346900319697e-05,0.39019729868437697,0.4225352112676056,0.18661971830985916,0.30633802816901406,0.08450704225352113
750,224.38132065196083,479,0.05,2.143438914364154e-05,0.3936491848919402,0.27139874739039666,0.10438413361169102,0.5031315240083507,0.12108559498956159
751,257.7966428389244,222,0.05,2.1324992587927593e-05,0.3880810041360323,0.3153153153153153,0.08558558558558559,0.5225225225225225,0.07657657657657657
752,241.828429000042,192,0.05,2.1216154368927693e-05,0.3790072168691812,0.265625,0.13541666666666666,0.4375,0.16145833333333334
753,278.46243311631497,306,0.05,2.1107871637010202e-05,0.3964770814820633,0.5196078431372549,0.13071895424836602,0.27124183006535946,0.0784313725490196
754,177.5493761092451,713,0.05,2.1000141557087397e-05,0.3766084227285833,0.28330995792426367,0.09817671809256662,0.5105189340813464,0.10799438990182328
755,256.20132496921246,248,0.05,2.0892961308541232e-05,0.3871064988578122,0.12096774193548387,0.11290322580645161,0.43548387096774194,0.33064516129032256
756,127.51278100609925,1000,0.05,2.0786328085149503e-05,0.38981677530936737,0.444,0.024,0.1,0.432
757,252.57469154026012,243,0.05,2.0680239095012362e-05,0.38799510751127864,0.2839506172839506,0.12345679012345678,0.45267489711934156,0.13991769547325103
758,-55.29076774181007,1000,0.05,2.057469156047922e-05,0.386430070576121,0.219,0.142,0.554,0.085
759,285.0530302379915,276,0.05,2.0469682718076032e-05,0.39140211510482625,0.2753623188405797,0.19927536231884058,0.38768115942028986,0.13768115942028986
760,268.78823279152294,205,0.05,2.036520981843293e-05,0.3864958410775786,0.2634146341463415,0.12682926829268293,0.4878048780487805,0.12195121951219512
761,255.9325749455203,277,0.05,2.026127012621225e-05,0.38195119124394894,0.2815884476534296,0.10830324909747292,0.4729241877256318,0.1371841155234657
762,224.08211631896725,504,0.05,2.01578609200369e-05,0.3889806189404301,0.3115079365079365,0.13293650793650794,0.42857142857142855,0.12698412698412698
763,282.31873048360325,259,0.05,2.0054979492419124e-05,0.3872748005067191,0.3861003861003861,0.1891891891891892,0.3281853281853282,0.09652509652509653
764,-28.34644819711834,1000,0.05,1.9952623149689603e-05,0.3808375416796529,0.152,0.179,0.582,0.087
765,125.9293205401274,1000,0.05,1.9850789211926935e-05,0.3869736641650257,0.427,0.037,0.165,0.371
766,243.35428456212586,221,0.05,1.9749475012887463e-05,0.3872953203229436,0.3076923076923077,0.13122171945701358,0.4434389140271493,0.11764705882352941
767,242.90287869910426,309,0.05,1.964867789993547e-05,0.38537726745904294,0.3268608414239482,0.09385113268608414,0.49838187702265374,0.08090614886731391
768,224.42365164558862,384,0.05,1.9548395233973733e-05,0.3856100001187606,0.10416666666666667,0.059895833333333336,0.28125,0.5546875
769,232.7959562060306,405,0.05,1.944862438937441e-05,0.4003296620549977,0.2641975308641975,0.07407407407407407,0.24444444444444444,0.41728395061728396
770,208.40526608262797,423,0.05,1.934936275391031e-05,0.3980468600456449,0.21749408983451538,0.1536643026004728,0.4728132387706856,0.15602836879432624
771,222.30141171801148,725,0.05,1.9250607728686487e-05,0.3850894129962913,0.33655172413793105,0.05379310344827586,0.2,0.4096551724137931
772,179.93077057064204,584,0.05,1.915235672807221e-05,0.39246781177461554,0.17465753424657535,0.3202054794520548,0.4229452054794521,0.0821917808219178
773,254.6634780251278,419,0.05,1.905460717963325e-05,0.3839676903210481,0.26014319809069214,0.11933174224343675,0.5178997613365155,0.1026252983293556
774,138.05048650326881,1000,0.05,1.895735652406453e-05,0.3868719777528714,0.264,0.046,0.103,0.587
775,253.2202203838047,244,0.05,1.8860602215123135e-05,0.3807261470171831,0.39344262295081966,0.09016393442622951,0.4180327868852459,0.09836065573770492
776,198.85735721753224,475,0.05,1.876434171956162e-05,0.3915779716067962,0.2231578947368421,0.12631578947368421,0.5242105263157895,0.12631578947368421
777,224.4027983390306,264,0.05,1.8668572517061694e-05,0.38913075199881714,0.09848484848484848,0.07575757575757576,0.38636363636363635,0.4393939393939394
778,247.82129210617012,252,0.05,1.8573292100168245e-05,0.37653969935800446,0.2976190476190476,0.10317460317460317,0.49206349206349204,0.10714285714285714
779,139.86013028806792,1000,0.05,1.8478497974223667e-05,0.38045492205828624,0.582,0.027,0.147,0.244
780,266.38123221392834,256,0.05,1.8384187657302558e-05,0.3797073252249876,0.40234375,0.10546875,0.44140625,0.05078125
781,1.1658386763342037,171,0.05,1.8290358680146737e-05,0.36491018565358563,0.19298245614035087,0.15789473684210525,0.49707602339181284,0.15204678362573099
782,214.1815667827005,745,0.05,1.8197008586100586e-05,0.3770696004568609,0.33691275167785234,0.03758389261744966,0.1597315436241611,0.4657718120805369
783,228.13626266569747,312,0.05,1.8104134931046738e-05,0.39890097290655835,0.28525641025641024,0.125,0.4583333333333333,0.13141025641025642
784,219.7730274368625,531,0.05,1.8011735283342077e-05,0.3793863252831544,0.2580037664783427,0.10734463276836158,0.3747645951035782,0.2598870056497175
785,270.74615373565496,229,0.05,1.791980722375408e-05,0.38686352133168583,0.3406113537117904,0.11790393013100436,0.4410480349344978,0.10043668122270742
786,229.1401267126304,360,0.05,1.782834834539747e-05,0.38507928837827377,0.11388888888888889,0.13055555555555556,0.4777777777777778,0.2777777777777778
787,236.8251983869117,327,0.05,1.7737356253671193e-05,0.38067914267331815,0.28440366972477066,0.1529051987767584,0.41590214067278286,0.14678899082568808
788,283.0824262593087,434,0.05,1.7646828566195736e-05,0.3905503314864547,0.24193548387096775,0.08986175115207373,0.31336405529953915,0.3548387096774194
789,263.884746719287,254,0.05,1.7556762912750744e-05,0.37139458131930436,0.2677165354330709,0.1062992125984252,0.4921259842519685,0.13385826771653545
790,224.99410104484303,228,0.05,1.7467156935212957e-05,0.38173090223513145,0.2324561403508772,0.15789473684210525,0.4780701754385965,0.13157894736842105
791,261.02361026380896,247,0.05,1.737800828749448e-05,0.39105643383841204,0.340080971659919,0.11336032388663968,0.4048582995951417,0.1417004048582996
792,269.0669070233394,419,0.05,1.728931463548134e-05,0.38250379901434256,0.2577565632458234,0.11455847255369929,0.44630071599045346,0.18138424821002386
793,235.10740960588288,743,0.05,1.7201073656972398e-05,0.3829481700881653,0.3149394347240915,0.2691790040376851,0.2718707940780619,0.1440107671601615
794,261.0336473380794,236,0.05,1.7113283041618525e-05,0.38637232230032975,0.4406779661016949,0.07627118644067797,0.3898305084745763,0.09322033898305085
795,250.22157739049848,303,0.05,1.7025940490862124e-05,0.38696866185646145,0.24092409240924093,0.1188118811881188,0.528052805280528,0.11221122112211221
796,276.91914371251954,232,0.05,1.6939043717876946e-05,0.4038283344109121,0.46551724137931033,0.07327586206896551,0.3879310344827586,0.07327586206896551
797,180.40620431104603,360,0.05,1.6852590447508222e-05,0.3887668110056574,0.1638888888888889,0.08333333333333333,0.425,0.3277777777777778
798,279.076268488026,218,0.05,1.676657841621308e-05,0.3840179413976306,0.2798165137614679,0.20642201834862386,0.40825688073394495,0.10550458715596331
799,283.9149158434901,146,0.05,1.668100537200129e-05,0.3963649544604205,0.2671232876712329,0.0821917808219178,0.5342465753424658,0.11643835616438356
800,266.1192423521739,276,0.05,1.6595869074376306e-05,0.3846689731146794,0.38768115942028986,0.08695652173913043,0.4420289855072464,0.08333333333333333
801,252.8711868067592,233,0.05,1.6511167294276595e-05,0.3810822988495648,0.2875536480686695,0.12875536480686695,0.4592274678111588,0.12446351931330472
802,249.92407942530062,192,0.05,1.642689781401728e-05,0.3809124009430209,0.4270833333333333,0.078125,0.4375,0.057291666666666664
803,222.0672400326592,366,0.05,1.634305842723207e-05,0.3873742674496881,0.3005464480874317,0.10655737704918032,0.43169398907103823,0.16120218579234974
804,245.1044960199432,234,0.05,1.6259646938815505e-05,0.39022609971594796,0.05128205128205128,0.08974358974358974,0.3717948717948718,0.48717948717948717
805,282.70254588858916,393,0.05,1.6176661164865473e-05,0.3961099936779831,0.455470737913486,0.1297709923664122,0.31297709923664124,0.10178117048346055
806,291.3120124672339,262,0.05,1.6094098932626033e-05,0.3871175291952544,0.3931297709923664,0.10305343511450382,0.3931297709923664,0.11068702290076336
807,216.98691145561367,961,0.05,1.601195808043053e-05,0.38800287898607966,0.3829344432882414,0.037460978147762745,0.19771071800208118,0.38189386056191466
808,226.97362884092757,384,0.05,1.5930236457644987e-05,0.38820243872330584,0.3098958333333333,0.1171875,0.4739583333333333,0.09895833333333333
809,201.4407683960422,904,0.05,1.5848931924611812e-05,0.3834245685671825,0.29314159292035397,0.37831858407079644,0.2743362831858407,0.05420353982300885
810,242.51094416934663,236,0.05,1.576804235259377e-05,0.389856490982852,0.4322033898305085,0.1016949152542373,0.3644067796610169,0.1016949152542373
811,242.84439772243962,300,0.05,1.568756562371824e-05,0.390583587575352,0.10333333333333333,0.09666666666666666,0.46,0.34
812,253.4403112962985,315,0.05,1.560749963092178e-05,0.3808913807354799,0.3396825396825397,0.10158730158730159,0.4380952380952381,0.12063492063492064
813,206.5858493569728,366,0.05,1.5527842277894948e-05,0.3820206943397346,0.23770491803278687,0.08469945355191257,0.4672131147540984,0.2103825136612022
814,273.85495580546046,304,0.05,1.5448591479027417e-05,0.3689440724040585,0.3355263157894737,0.20065789473684212,0.3190789473684211,0.14473684210526316
815,243.24099074745396,233,0.05,1.536974515935337e-05,0.3793590070380349,0.3562231759656652,0.09871244635193133,0.4206008583690987,0.12446351931330472
816,258.7434864266827,328,0.05,1.529130125449718e-05,0.38453622692062006,0.23780487804878048,0.13109756097560976,0.4481707317073171,0.18292682926829268
817,133.35645382543112,1000,0.05,1.5213257710619348e-05,0.3855306628476862,0.39,0.049,0.116,0.445
818,278.2597482752909,174,0.05,1.5135612484362732e-05,0.3863634095262239,0.4482758620689655,0.06896551724137931,0.39655172413793105,0.08620689655172414
819,212.36207252314438,638,0.05,1.5058363542799053e-05,0.37632898431573103,0.2413793103448276,0.34169278996865204,0.3432601880877743,0.07366771159874608
820,255.68620633623868,211,0.05,1.4981508863375668e-05,0.3763991103150371,0.2843601895734597,0.13270142180094788,0.4786729857819905,0.10426540284360189
821,260.4003650120149,239,0.05,1.4905046433862605e-05,0.36872052535708644,0.3682008368200837,0.10460251046025104,0.4309623430962343,0.09623430962343096
822,268.07414361544954,208,0.05,1.4828974252299889e-05,0.3815806488329078,0.2692307692307692,0.16346153846153846,0.4423076923076923,0.125
823,207.3392746535559,346,0.05,1.4753290326945122e-05,0.3942196456204882,0.17341040462427745,0.06358381502890173,0.4421965317919075,0.3208092485549133
824,261.2902982824303,180,0.05,1.4677992676221332e-05,0.3836674717734938,0.35,0.08333333333333333,0.4777777777777778,0.08888888888888889
825,267.592941297415,232,0.05,1.4603079328665099e-05,0.3747976583138923,0.3017241379310345,0.12931034482758622,0.44396551724137934,0.125
826,188.43601994631524,628,0.05,1.4528548322874929e-05,0.37740147470576524,0.2659235668789809,0.17197452229299362,0.4601910828025478,0.10191082802547771
827,282.4560004872054,235,0.05,1.4454397707459904e-05,0.3757374224680357,0.3191489361702128,0.09361702127659574,0.4978723404255319,0.08936170212765958
828,243.82379739664083,240,0.05,1.4380625540988587e-05,0.3731037228018415,0.4375,0.07916666666666666,0.42083333333333334,0.0625
829,273.51786959472315,232,0.05,1.43072298919382e-05,0.3921772346556446,0.3448275862068966,0.10775862068965517,0.40086206896551724,0.14655172413793102
830,224.35774028418174,190,0.05,1.4234208838644037e-05,0.38561447528585985,0.3157894736842105,0.07894736842105263,0.45789473684210524,0.14736842105263157
831,256.83101263649644,269,0.05,1.4161560469249165e-05,0.374096580122957,0.24535315985130113,0.15613382899628253,0.45724907063197023,0.1412639405204461
832,241.31620452296823,213,0.05,1.4089282881654362e-05,0.38364770670404746,0.3615023474178404,0.08450704225352113,0.4507042253521127,0.10328638497652583
833,241.5220503086747,438,0.05,1.4017374183468312e-05,0.3769349307554688,0.3378995433789954,0.0776255707762557,0.4246575342465753,0.1598173515981735
834,257.21766993860314,248,0.05,1.3945832491958063e-05,0.37963457719702615,0.40725806451612906,0.09274193548387097,0.38306451612903225,0.11693548387096774
835,211.9823607569873,451,0.05,1.3874655933999729e-05,0.3740514799659124,0.22172949002217296,0.1352549889135255,0.5254988913525499,0.11751662971175167
836,273.75876085807266,310,0.05,1.3803842646029452e-05,0.3753828529536706,0.3064516129032258,0.0967741935483871,0.4806451612903226,0.11612903225806452
837,221.93193042220364,365,0.05,1.3733390773994606e-05,0.37487502270475204,0.057534246575342465,0.0547945205479452,0.3589041095890411,0.5287671232876713
838,215.41409594947075,452,0.05,1.3663298473305255e-05,0.37732333535438745,0.1836283185840708,0.1261061946902655,0.5309734513274337,0.1592920353982301
839,286.56496034782595,261,0.05,1.3593563908785854e-05,0.38121763268591613,0.4904214559386973,0.1417624521072797,0.26053639846743293,0.10727969348659004
840,172.85467051286446,544,0.05,1.3524185254627205e-05,0.378795165738077,0.15257352941176472,0.24632352941176472,0.5018382352941176,0.09926470588235294
841,241.88250016783832,613,0.05,1.3455160694338653e-05,0.3705085686872805,0.2561174551386623,0.1631321370309951,0.4551386623164764,0.12561174551386622
842,250.7215324358054,339,0.05,1.3386488420700523e-05,0.37540869146771905,0.15634218289085547,0.1415929203539823,0.5398230088495575,0.16224188790560473
843,194.07362076458853,578,0.05,1.3318166635716802e-05,0.3716491080032126,0.18166089965397925,0.13321799307958476,0.5311418685121108,0.15397923875432526
844,235.1742239052643,467,0.05,1.3250193550568068e-05,0.3721606651774419,0.0835117773019272,0.04925053533190578,0.24839400428265523,0.6188436830835118
845,237.0090630827748,327,0.05,1.3182567385564654e-05,0.37224852325333907,0.11314984709480122,0.11314984709480122,0.3516819571865443,0.42201834862385323
846,228.9484245867591,319,0.05,1.3115286370100045e-05,0.36276936346456085,0.26959247648902823,0.10031347962382445,0.45454545454545453,0.1755485893416928
847,259.4698166412637,247,0.05,1.3048348742604528e-05,0.3745861942903538,0.39271255060728744,0.12550607287449392,0.3805668016194332,0.10121457489878542
848,206.94881826834583,546,0.05,1.2981752750499066e-05,0.3695169532228903,0.2509157509157509,0.10989010989010989,0.5311355311355311,0.10805860805860806
849,224.74158031757747,757,0.05,1.2915496650149411e-05,0.3730528933913452,0.178335535006605,0.4953764861294584,0.2192866578599736,0.10700132100396301
850,234.89084414479936,212,0.05,1.2849578706820454e-05,0.3661010724672742,0.33962264150943394,0.08490566037735849,0.47641509433962265,0.09905660377358491
851,288.24667672616414,357,0.05,1.2783997194630804e-05,0.37181101034304737,0.28851540616246496,0.11204481792717087,0.40336134453781514,0.19607843137254902
852,277.31051046299405,263,0.05,1.2718750396507599e-05,0.36973595818157473,0.4372623574144487,0.09885931558935361,0.3650190114068441,0.09885931558935361
853,249.90594922896534,360,0.05,1.2653836604141555e-05,0.37114614946478025,0.4027777777777778,0.10555555555555556,0.41388888888888886,0.07777777777777778
854,239.51501738911483,246,0.05,1.2589254117942232e-05,0.3798873249460081,0.3170731707317073,0.11382113821138211,0.46747967479674796,0.1016260162601626
855,266.4276088995068,229,0.05,1.2525001246993537e-05,0.3666742312948916,0.4017467248908297,0.08296943231441048,0.40611353711790393,0.1091703056768559
856,242.977920258829,298,0.05,1.2461076309009455e-05,0.3750032284178564,0.35570469798657717,0.13087248322147652,0.3859060402684564,0.12751677852348994
857,227.29306066820075,489,0.05,1.2397477630289996e-05,0.37485385855526343,0.33537832310838445,0.12065439672801637,0.43149284253578735,0.11247443762781185
858,170.06839141713584,954,0.05,1.2334203545677384e-05,0.37043967449435933,0.3417190775681342,0.0870020964360587,0.3972746331236897,0.1740041928721174
859,220.7809130681892,262,0.05,1.227125239851245e-05,0.3679962214359145,0.3473282442748092,0.09923664122137404,0.4580152671755725,0.09541984732824428
860,131.88942337802206,1000,0.05,1.2208622540591259e-05,0.36644190463097437,0.471,0.309,0.169,0.051
861,252.34419614250194,239,0.05,1.2146312332121961e-05,0.3588021207114869,0.4393305439330544,0.09623430962343096,0.35564853556485354,0.1087866108786611
862,68.28294878866512,964,0.05,1.2084320141681855e-05,0.36958010739767605,0.10684647302904564,0.3962655601659751,0.3921161825726141,0.10477178423236515
863,275.2760158008309,238,0.05,1.2022644346174669e-05,0.3717540452668409,0.40336134453781514,0.11764705882352941,0.3739495798319328,0.10504201680672269
864,-9.875451404382165,1000,0.05,1.1961283330788072e-05,0.37207556455843765,0.134,0.202,0.538,0.126
865,287.60298731918476,230,0.05,1.1900235488951392e-05,0.36943045664841373,0.3869565217391304,0.11304347826086956,0.3826086956521739,0.11739130434782609
866,261.3104189911586,266,0.05,1.1839499222293551e-05,0.3729650467940074,0.2593984962406015,0.12406015037593984,0.5037593984962406,0.11278195488721804
867,263.8145669673733,184,0.05,1.1779072940601213e-05,0.3693163012192532,0.33152173913043476,0.09239130434782608,0.5,0.07608695652173914
868,217.03674654339451,397,0.05,1.1718955061777156e-05,0.36659838180683757,0.0982367758186398,0.45591939546599497,0.3224181360201511,0.12342569269521411
869,158.538273389801,1000,0.05,1.1659144011798844e-05,0.3616136376019745,0.247,0.05,0.134,0.569
870,249.1899021615291,341,0.05,1.1599638224677214e-05,0.3660793841438929,0.12023460410557185,0.09970674486803519,0.36363636363636365,0.41642228739002934
871,273.08465122754194,488,0.05,1.1540436142415684e-05,0.3628059050421496,0.28688524590163933,0.11475409836065574,0.39549180327868855,0.2028688524590164
872,116.75414601026868,1000,0.05,1.1481536214969347e-05,0.3663310445494588,0.458,0.348,0.15,0.044
873,241.9830417228166,254,0.05,1.1422936900204401e-05,0.3703673880183554,0.2795275590551181,0.13385826771653545,0.4251968503937008,0.16141732283464566
874,228.67742266772612,502,0.05,1.1364636663857762e-05,0.3643283490089787,0.2290836653386454,0.13545816733067728,0.48406374501992033,0.15139442231075698
875,236.2106874582919,334,0.05,1.1306633979496903e-05,0.3673512959072059,0.2994011976047904,0.1347305389221557,0.4161676646706587,0.1497005988023952
876,241.1447310341986,418,0.05,1.1248927328479877e-05,0.37159550469807207,0.3157894736842105,0.13875598086124402,0.43779904306220097,0.1076555023923445
877,224.54584148824983,238,0.05,1.1191515199915568e-05,0.3716817073820946,0.09663865546218488,0.09243697478991597,0.4495798319327731,0.36134453781512604
878,256.92021224909286,402,0.05,1.1134396090624121e-05,0.36719953247646936,0.23383084577114427,0.11442786069651742,0.4502487562189055,0.20149253731343283
879,247.06327696581445,487,0.05,1.1077568505097596e-05,0.3712881755164746,0.4989733059548255,0.2299794661190965,0.19917864476386038,0.07186858316221766
880,259.63166058722595,263,0.05,1.1021030955460803e-05,0.3708847009789032,0.34980988593155893,0.09885931558935361,0.4790874524714829,0.07224334600760456
881,46.79013720401676,128,0.05,1.0964781961432352e-05,0.3581761522912141,0.09375,0.1171875,0.6640625,0.125
882,173.5068041692664,547,0.05,1.090882005028589e-05,0.36749162136642705,0.08592321755027423,0.12797074954296161,0.506398537477148,0.2797074954296161
883,118.61443741842326,1000,0.05,1.0853143756811554e-05,0.3701051013835793,0.508,0.281,0.172,0.039
884,193.16961591439468,389,0.05,1.0797751623277591e-05,0.3833189149424259,0.09254498714652956,0.14910025706940874,0.4910025706940874,0.26735218508997427
885,302.98905704220374,190,0.05,1.0742642199392206e-05,0.3719356528990533,0.3684210526315789,0.14210526315789473,0.39473684210526316,0.09473684210526316
886,230.16171084254646,285,0.05,1.068781404226558e-05,0.37196179078212066,0.24561403508771928,0.12280701754385964,0.4982456140350877,0.13333333333333333
887,255.68640959383697,263,0.05,1.06332657163721e-05,0.36518402527021454,0.3269961977186312,0.12547528517110265,0.4296577946768061,0.11787072243346007
888,298.4917859319645,226,0.05,1.057899579351277e-05,0.37517994132690563,0.3584070796460177,0.20353982300884957,0.30973451327433627,0.12831858407079647
889,257.6848179987952,228,0.05,1.0525002852777813e-05,0.36511125610329165,0.3026315789473684,0.11403508771929824,0.4342105263157895,0.14912280701754385
890,259.0549998514655,280,0.05,1.0471285480509478e-05,0.3714961434741291,0.41785714285714287,0.09285714285714286,0.3964285714285714,0.09285714285714286
891,276.138517445846,269,0.05,1.0417842270265019e-05,0.370058327473332,0.17100371747211895,0.11524163568773234,0.49070631970260226,0.22304832713754646
892,238.843294484634,274,0.05,1.0364671822779873e-05,0.3786176433425412,0.33941605839416056,0.12408759124087591,0.4306569343065693,0.10583941605839416
893,140.239181080122,1000,0.05,1.0311772745931029e-05,0.37021298174450107,0.443,0.344,0.176,0.037
894,233.66228277914774,248,0.05,1.0259143654700573e-05,0.36164118735135636,0.41935483870967744,0.0846774193548387,0.4153225806451613,0.08064516129032258
895,126.55423823711354,1000,0.05,1.0206783171139428e-05,0.36935975837333473,0.588,0.146,0.221,0.045
896,271.07074956254144,213,0.05,1.0154689924331274e-05,0.37709079386079786,0.3615023474178404,0.11737089201877934,0.3474178403755869,0.17370892018779344
897,230.14011774578998,356,0.05,1.0102862550356658e-05,0.37667249915364154,0.12640449438202248,0.21629213483146068,0.5702247191011236,0.08707865168539326
898,79.55960567925175,119,0.05,1.005129969225728e-05,0.37133676379677943,0.1092436974789916,0.10084033613445378,0.6302521008403361,0.15966386554621848
899,264.15989303375545,201,0.05,1.0000000000000467e-05,0.36433024056808616,0.3482587064676617,0.09950248756218906,0.48258706467661694,0.06965174129353234
900,251.9832520651098,249,0.05,1e-05,0.3671973091472795,0.41365461847389556,0.07630522088353414,0.40562248995983935,0.10441767068273092
901,216.16623353940628,352,0.05,1e-05,0.3655520955758695,0.07386363636363637,0.14488636363636365,0.4403409090909091,0.3409090909090909
902,208.93753072813024,641,0.05,1e-05,0.3704044754621123,0.25117004680187205,0.11544461778471139,0.5039001560062403,0.1294851794071763
903,258.52268480244015,318,0.05,1e-05,0.37443822876132765,0.25471698113207547,0.14150943396226415,0.4779874213836478,0.12578616352201258
904,239.90863604496667,478,0.05,1e-05,0.37338324934687095,0.2301255230125523,0.13807531380753138,0.5,0.13179916317991633
905,263.9927331226062,306,0.05,1e-05,0.3711607340174612,0.3464052287581699,0.12745098039215685,0.40522875816993464,0.12091503267973856
906,239.690984529692,276,0.05,1e-05,0.3629753780312884,0.36594202898550726,0.09420289855072464,0.44565217391304346,0.09420289855072464
907,304.0326307304389,273,0.05,1e-05,0.370540109542434,0.3882783882783883,0.08424908424908426,0.4358974358974359,0.09157509157509157
908,253.51420081877052,235,0.05,1e-05,0.3690559494479154,0.40425531914893614,0.07234042553191489,0.43829787234042555,0.0851063829787234
909,247.46770098612885,306,0.05,1e-05,0.37737683892022506,0.3300653594771242,0.0915032679738562,0.4803921568627451,0.09803921568627451
910,253.78307081761616,333,0.05,1e-05,0.3822420233138261,0.2852852852852853,0.13813813813813813,0.44144144144144143,0.13513513513513514
911,207.95040001789627,431,0.05,1e-05,0.3681462163632049,0.09744779582366589,0.12529002320185614,0.42923433874709976,0.3480278422273782
912,142.7271171601909,1000,0.05,1e-05,0.37493095725076264,0.642,0.046,0.123,0.189
913,250.09605722606454,208,0.05,1e-05,0.3633665996700627,0.2403846153846154,0.125,0.49038461538461536,0.14423076923076922
914,257.70326758846755,336,0.05,1e-05,0.36925642938623054,0.20535714285714285,0.13392857142857142,0.5029761904761905,0.15773809523809523
915,261.7666211380588,431,0.05,1e-05,0.3583429597276084,0.31322505800464034,0.12529002320185614,0.43155452436194897,0.12993039443155452
916,130.0920541987561,1000,0.05,1e-05,0.3640636268459469,0.63,0.168,0.163,0.039
917,249.9934354703123,222,0.05,1e-05,0.3587761643390918,0.42342342342342343,0.06306306306306306,0.42792792792792794,0.08558558558558559
918,256.83558761735685,241,0.05,1e-05,0.3558762905348249,0.4149377593360996,0.0954356846473029,0.4190871369294606,0.07053941908713693
919,106.17262414978767,1000,0.05,1e-05,0.37174803649282856,0.079,0.045,0.128,0.748
920,161.61176787289043,1000,0.05,1e-05,0.36878726785594546,0.693,0.13,0.149,0.028
921,238.3811297349992,261,0.05,1e-05,0.3672576423742114,0.5057471264367817,0.06513409961685823,0.3563218390804598,0.07279693486590039
922,288.42806247468206,758,0.05,1e-05,0.36529526216303176,0.48021108179419525,0.23746701846965698,0.20976253298153033,0.07255936675461741
923,230.62470836865512,207,0.05,1e-05,0.35984276490449835,0.2995169082125604,0.0821256038647343,0.4927536231884058,0.12560386473429952
924,244.90862338814748,243,0.05,1e-05,0.36637893600316723,0.41975308641975306,0.1440329218106996,0.34156378600823045,0.09465020576131687
925,217.48055320598792,552,0.05,1e-05,0.36091434179890225,0.25,0.11956521739130435,0.5,0.13043478260869565
926,248.6567958676245,256,0.05,1e-05,0.3702011002590668,0.421875,0.1484375,0.33203125,0.09765625
927,252.45802228026346,203,0.05,1e-05,0.3560349546452578,0.23645320197044334,0.13793103448275862,0.4975369458128079,0.12807881773399016
928,239.65740828292013,329,0.05,1e-05,0.3751298076243516,0.3252279635258359,0.10030395136778116,0.3221884498480243,0.25227963525835867
929,271.7745438786626,306,0.05,1e-05,0.36496063737845547,0.39215686274509803,0.12091503267973856,0.37254901960784315,0.11437908496732026
930,222.89771929403258,678,0.05,1e-05,0.36589768609586204,0.28761061946902655,0.06342182890855458,0.2153392330383481,0.4336283185840708
931,249.9556479087092,199,0.05,1e-05,0.37586743275812207,0.3065326633165829,0.10552763819095477,0.4623115577889447,0.12562814070351758
932,230.58337493055305,223,0.05,1e-05,0.3700381829542416,0.33183856502242154,0.09417040358744394,0.47533632286995514,0.09865470852017937
933,246.19314537329373,454,0.05,1e-05,0.3638280135580631,0.2511013215859031,0.14317180616740088,0.4713656387665198,0.1343612334801762
934,282.68756665401895,467,0.05,1e-05,0.3611804901526802,0.37687366167023556,0.09635974304068523,0.19271948608137046,0.3340471092077088
935,270.2742934982305,439,0.05,1e-05,0.36579590292432423,0.36446469248291574,0.0888382687927107,0.2505694760820046,0.296127562642369
936,54.748185566186116,1000,0.05,1e-05,0.3665251955125748,0.389,0.206,0.307,0.098
937,252.86938539760575,369,0.05,1e-05,0.3704939932028447,0.25474254742547425,0.15447154471544716,0.44173441734417346,0.14905149051490515
938,259.64812085884216,287,0.05,1e-05,0.3503591863689598,0.2787456445993031,0.13240418118466898,0.4878048780487805,0.10104529616724739
939,-53.05329775069529,500,0.05,1e-05,0.36233025560842563,0.096,0.184,0.532,0.188
940,266.66344992777925,201,0.05,1e-05,0.3720831397458576,0.32338308457711445,0.10945273631840796,0.4427860696517413,0.12437810945273632
941,263.73247471342734,303,0.05,1e-05,0.36482783437029376,0.37293729372937295,0.12871287128712872,0.3696369636963696,0.12871287128712872
942,241.456797402631,416,0.05,1e-05,0.3695992922177982,0.1346153846153846,0.3605769230769231,0.44471153846153844,0.06009615384615385
943,244.44184831829955,242,0.05,1e-05,0.3579465486069483,0.3925619834710744,0.09504132231404959,0.4297520661157025,0.08264462809917356
944,256.69848224974123,364,0.05,1e-05,0.3682117654482756,0.25824175824175827,0.12637362637362637,0.49725274725274726,0.11813186813186813
945,256.6850551331763,316,0.05,1e-05,0.36445040869947315,0.33544303797468356,0.0981012658227848,0.44936708860759494,0.11708860759493671
946,242.52797776511284,485,0.05,1e-05,0.365325752391584,0.2948453608247423,0.18969072164948453,0.4041237113402062,0.11134020618556702
947,224.35511135363612,300,0.05,1e-05,0.36597506247845857,0.39,0.14,0.37666666666666665,0.09333333333333334
948,281.5401970340231,231,0.05,1e-05,0.35623783263395625,0.41125541125541126,0.09090909090909091,0.39826839826839827,0.09956709956709957
949,263.8209286779945,294,0.05,1e-05,0.3521559797328976,0.29931972789115646,0.12585034013605442,0.46258503401360546,0.11224489795918367
950,248.91037120402058,326,0.05,1e-05,0.36361904279799556,0.34662576687116564,0.10736196319018405,0.450920245398773,0.0950920245398773
951,264.3573389114042,333,0.05,1e-05,0.36365564664428335,0.4144144144144144,0.12312312312312312,0.36036036036036034,0.1021021021021021
952,285.58352010462386,228,0.05,1e-05,0.36393985793115446,0.31140350877192985,0.10087719298245613,0.4868421052631579,0.10087719298245613
953,288.71378406738916,268,0.05,1e-05,0.3647668116613847,0.26865671641791045,0.07462686567164178,0.35074626865671643,0.30597014925373134
954,143.61151874167012,1000,0.05,1e-05,0.36524590139344376,0.481,0.046,0.112,0.361
955,220.71726914246278,590,0.05,1e-05,0.3652966517028119,0.2305084745762712,0.19491525423728814,0.4423728813559322,0.13220338983050847
956,271.4167896086152,367,0.05,1e-05,0.37089544721760903,0.3787465940054496,0.12806539509536785,0.3651226158038147,0.12806539509536785
957,247.81345098746996,417,0.05,1e-05,0.3639011921922239,0.5347721822541966,0.10311750599520383,0.28776978417266186,0.07434052757793765
958,246.74009207449132,210,0.05,1e-05,0.36972551260446046,0.34285714285714286,0.11904761904761904,0.41904761904761906,0.11904761904761904
959,242.9173044329885,350,0.05,1e-05,0.367037167119923,0.38857142857142857,0.08285714285714285,0.46,0.06857142857142857
960,236.51717726968977,232,0.05,1e-05,0.35751219814326357,0.28448275862068967,0.12931034482758622,0.4698275862068966,0.11637931034482758
961,228.37499304279413,204,0.05,1e-05,0.3644659952402867,0.25,0.12254901960784313,0.4803921568627451,0.14705882352941177
962,256.30853168973033,191,0.05,1e-05,0.36464400224616045,0.3036649214659686,0.09947643979057591,0.49214659685863876,0.10471204188481675
963,172.56774610193463,1000,0.05,1e-05,0.3700971480402428,0.472,0.03,0.096,0.402
964,234.73682137315004,539,0.05,1e-05,0.3745489252381816,0.14100185528756956,0.2987012987012987,0.4397031539888683,0.12059369202226346
965,267.12867962534875,251,0.05,1e-05,0.36832345579618264,0.3107569721115538,0.10756972111553785,0.47410358565737054,0.10756972111553785
966,237.05531412641508,287,0.05,1e-05,0.3687436077866788,0.313588850174216,0.08362369337979095,0.5121951219512195,0.09059233449477352
967,244.44068253094545,267,0.05,1e-05,0.3664835711375734,0.3333333333333333,0.10861423220973783,0.45692883895131087,0.10112359550561797
968,121.59552004643626,1000,0.05,1e-05,0.3676752827300638,0.466,0.265,0.217,0.052
969,235.6012654857195,284,0.05,1e-05,0.36469217439076834,0.25,0.15845070422535212,0.45774647887323944,0.13380281690140844
970,290.71934898481004,309,0.05,1e-05,0.3685877478290648,0.49514563106796117,0.18122977346278318,0.2588996763754045,0.06472491909385113
971,214.15533264376523,472,0.05,1e-05,0.3723632250143704,0.19703389830508475,0.12076271186440678,0.5317796610169492,0.1504237288135593
972,238.66045388772724,261,0.05,1e-05,0.36031715771548545,0.19923371647509577,0.19540229885057472,0.4559386973180077,0.14942528735632185
973,240.44687233974147,231,0.05,1e-05,0.3602019070049949,0.30735930735930733,0.14285714285714285,0.4199134199134199,0.12987012987012986
974,273.05674335546456,275,0.05,1e-05,0.36560110172063304,0.27636363636363637,0.09818181818181818,0.509090909090909,0.11636363636363636
975,267.48602435643784,217,0.05,1e-05,0.35250248317375915,0.22580645161290322,0.16129032258064516,0.4700460829493088,0.14285714285714285
976,258.65829897711444,341,0.05,1e-05,0.35516262139724764,0.21700879765395895,0.1495601173020528,0.4662756598240469,0.16715542521994134
977,274.6823807085068,258,0.05,1e-05,0.36132469186343186,0.32945736434108525,0.1124031007751938,0.4496124031007752,0.10852713178294573
978,194.54574812827445,429,0.05,1e-05,0.36727144538986145,0.11421911421911422,0.2727272727272727,0.4988344988344988,0.11421911421911422
979,125.20745704714398,1000,0.05,1e-05,0.36426993406314806,0.038,0.049,0.138,0.775
980,244.64990318692927,228,0.05,1e-05,0.37161916703769804,0.4473684210526316,0.07456140350877193,0.3991228070175439,0.07894736842105263
981,243.53864503256438,312,0.05,1e-05,0.3588861709059513,0.34935897435897434,0.09935897435897435,0.4391025641025641,0.11217948717948718
982,264.4546914930035,187,0.05,1e-05,0.35445532423110115,0.35294117647058826,0.0855614973262032,0.4919786096256685,0.06951871657754011
983,237.05464915215632,417,0.05,1e-05,0.36818625745258166,0.3645083932853717,0.10071942446043165,0.4316546762589928,0.10311750599520383
984,246.07813122594501,189,0.05,1e-05,0.35647645983157306,0.30687830687830686,0.1111111111111111,0.49206349206349204,0.08994708994708994
985,243.73334904563924,256,0.05,1e-05,0.3548127156120857,0.31640625,0.140625,0.4296875,0.11328125
986,250.96511418166259,264,0.05,1e-05,0.3584158394554188,0.07196969696969698,0.07954545454545454,0.38636363636363635,0.4621212121212121
987,265.9876672754874,261,0.05,1e-05,0.3513667711206982,0.31417624521072796,0.13793103448275862,0.4329501915708812,0.11494252873563218
988,173.66562753654654,646,0.05,1e-05,0.35806585007724134,0.10835913312693499,0.2476780185758514,0.5170278637770898,0.12693498452012383
989,247.98311155697183,252,0.05,1e-05,0.34732953100264014,0.3531746031746032,0.08333333333333333,0.4880952380952381,0.07539682539682539
990,240.46673170495222,236,0.05,1e-05,0.35554803033148746,0.06779661016949153,0.3983050847457627,0.4661016949152542,0.06779661016949153
991,256.9533644760526,306,0.05,1e-05,0.3605980619918833,0.46078431372549017,0.11437908496732026,0.369281045751634,0.05555555555555555
992,236.51012484986964,418,0.05,1e-05,0.3626754932750288,0.18421052631578946,0.15550239234449761,0.5,0.16028708133971292
993,281.135919646259,275,0.05,1e-05,0.35475102062407204,0.3563636363636364,0.1709090909090909,0.36363636363636365,0.10909090909090909
994,69.36012660385892,1000,0.05,1e-05,0.35610629664279597,0.26,0.269,0.361,0.11
995,262.3522891839349,219,0.05,1e-05,0.35161520914550093,0.319634703196347,0.091324200913242,0.4703196347031963,0.1187214611872146
996,205.140537762925,559,0.05,1e-05,0.3535670759780746,0.10554561717352415,0.14311270125223613,0.5044722719141324,0.24686940966010734
997,252.17875523035974,265,0.05,1e-05,0.3640422176296485,0.39245283018867927,0.1018867924528302,0.3886792452830189,0.1169811320754717
998,259.3794868848364,276,0.05,1e-05,0.3601351616449988,0.34057971014492755,0.10507246376811594,0.47101449275362317,0.08333333333333333
999,256.95399512205086,204,0.05,1e-05,0.3470937603430762,0.30392156862745096,0.11274509803921569,0.46568627450980393,0.11764705882352941
