Episode,Total_Reward,Steps,Epsilon,Learning_Rate,Average_Loss,Action_0_Percentage,Action_1_Percentage,Action_2_Percentage,Action_3_Percentage
0,-211.79846699376046,71,0.9950195566196387,0.000994896213044336,0.0,0.22535211267605634,0.2112676056338028,0.2676056338028169,0.29577464788732394
1,-190.59853621150666,118,0.9900639180555424,0.0009898184747299606,0.0,0.2796610169491525,0.2627118644067797,0.2457627118644068,0.211864406779661
2,-114.15378989201979,87,0.9851329607687281,0.0009847666521101584,0.0,0.22988505747126436,0.28735632183908044,0.25287356321839083,0.22988505747126436
3,-239.7087103519716,62,0.9802265618354918,0.0009797406129167456,0.0,0.3870967741935484,0.3064516129032258,0.16129032258064516,0.14516129032258066
4,-207.29779090317885,106,0.975344598944344,0.0009747402255566067,0.0,0.19811320754716982,0.20754716981132076,0.33962264150943394,0.25471698113207547
5,-304.12646105847233,103,0.9704869503929605,0.0009697653591082497,0.0,0.2524271844660194,0.24271844660194175,0.2621359223300971,0.24271844660194175
6,-117.5295407869155,85,0.9656534950851489,0.000964815883318378,0.0,0.2,0.23529411764705882,0.24705882352941178,0.3176470588235294
7,-377.4225000634816,122,0.9608441125278293,0.0009598916685984801,0.0,0.28688524590163933,0.27049180327868855,0.21311475409836064,0.22950819672131148
8,-279.3043578120645,91,0.956058682828031,0.0009549925860214364,0.0,0.2857142857142857,0.26373626373626374,0.17582417582417584,0.27472527472527475
9,-114.63884597630228,94,0.9512970866899032,0.0009501185073181442,0.0,0.2765957446808511,0.22340425531914893,0.22340425531914893,0.2765957446808511
10,-75.1426725399441,90,0.9465592054117414,0.0009452693048741588,0.0,0.2222222222222222,0.2111111111111111,0.28888888888888886,0.2777777777777778
11,-346.202566633174,75,0.9418449208830285,0.0009404448517263523,0.0,0.18666666666666668,0.29333333333333333,0.25333333333333335,0.26666666666666666
12,-27.418460054528282,88,0.9371541155814898,0.0009356450215595899,0.0,0.29545454545454547,0.23863636363636365,0.3068181818181818,0.1590909090909091
13,-235.857407816435,104,0.9324866725701636,0.000930869688703422,0.0,0.22115384615384615,0.18269230769230768,0.34615384615384615,0.25
14,-162.60481746898927,95,0.9278424754944864,0.0009261187281287943,0.0,0.21052631578947367,0.2631578947368421,0.24210526315789474,0.28421052631578947
15,-146.27220554597608,89,0.9232214085793918,0.0009213920154447743,0.0,0.25842696629213485,0.23595505617977527,0.21348314606741572,0.29213483146067415
16,-351.1257093711172,132,0.9186233566264248,0.0009166894268952941,0.0,0.22727272727272727,0.26515151515151514,0.26515151515151514,0.24242424242424243
17,-179.5713244477455,101,0.9140482050108695,0.0009120108393559106,0.0,0.22772277227722773,0.25742574257425743,0.25742574257425743,0.25742574257425743
18,-257.7446416892236,121,0.9094958396788919,0.0009073561303305816,0.0,0.2892561983471074,0.19008264462809918,0.256198347107438,0.2644628099173554
19,-92.19163035234092,65,0.904966147144697,0.0009027251779484585,0.0,0.2,0.2153846153846154,0.26153846153846155,0.3230769230769231
20,-108.01193874784828,56,0.9004590144876992,0.0008981178609606956,0.0,0.21428571428571427,0.21428571428571427,0.14285714285714285,0.42857142857142855
21,-256.1767945653006,78,0.8959743293497072,0.0008935340587372753,0.0,0.1794871794871795,0.24358974358974358,0.20512820512820512,0.3717948717948718
22,-98.2278174150125,83,0.8915119799321238,0.0008889736512638504,0.0,0.2289156626506024,0.1927710843373494,0.30120481927710846,0.27710843373493976
23,-151.68915771082848,71,0.8870718549931581,0.0008844365191386009,0.0,0.28169014084507044,0.18309859154929578,0.15492957746478872,0.38028169014084506
24,-163.9780679497892,107,0.8826538438450526,0.0008799225435691082,0.0,0.22429906542056074,0.24299065420560748,0.3364485981308411,0.19626168224299065
25,-422.4741603074777,147,0.878257836351324,0.0008754316063692454,0.0,0.21768707482993196,0.2108843537414966,0.3333333333333333,0.23809523809523808
26,-138.56483941372852,118,0.8738837229240176,0.0008709635899560819,0.0,0.23728813559322035,0.2457627118644068,0.2627118644067797,0.2542372881355932
27,-34.789924183645596,101,0.8695313945209752,0.0008665183773468056,0.0,0.22772277227722773,0.2079207920792079,0.19801980198019803,0.36633663366336633
28,-315.3351636060871,93,0.8652007426431169,0.0008620958521556597,0.0,0.22580645161290322,0.1935483870967742,0.3763440860215054,0.20430107526881722
29,-187.5854992354027,111,0.8608916593317363,0.0008576958985908955,0.0,0.16216216216216217,0.27927927927927926,0.3063063063063063,0.25225225225225223
30,-102.60317999700428,99,0.8566040371658092,0.0008533184014517406,0.0,0.20202020202020202,0.21212121212121213,0.30303030303030304,0.2828282828282828
31,-240.49600782355407,129,0.852337769259316,0.000848963246125383,0.0,0.2868217054263566,0.24031007751937986,0.23255813953488372,0.24031007751937986
32,-80.09437326542134,63,0.8480927492585766,0.0008446303185839699,0.0,0.2698412698412698,0.23809523809523808,0.2222222222222222,0.2698412698412698
33,-308.6801996895566,101,0.8438688713395993,0.0008403195053816226,0.0,0.26732673267326734,0.1485148514851485,0.25742574257425743,0.32673267326732675
34,-581.3334088455342,172,0.8396660302054431,0.0008360306936514657,0.0,0.1569767441860465,0.18604651162790697,0.38953488372093026,0.26744186046511625
35,-286.7476182346919,103,0.8354841210835922,0.0008317637711026725,0.0,0.23300970873786409,0.14563106796116504,0.4854368932038835,0.13592233009708737
36,-285.19412642845634,67,0.8313230397233444,0.0008275186260175247,0.0,0.2537313432835821,0.08955223880597014,0.22388059701492538,0.43283582089552236
37,-157.78064718773368,161,0.8271826823932125,0.0008232951472484873,0.0,0.2422360248447205,0.20496894409937888,0.2670807453416149,0.2857142857142857
38,-112.86588908713388,59,0.8230629458783377,0.0008190932242152989,0.0,0.15254237288135594,0.288135593220339,0.1694915254237288,0.3898305084745763
39,-139.13343688434676,77,0.8189637274779172,0.000814912746902076,0.0,0.19480519480519481,0.16883116883116883,0.24675324675324675,0.38961038961038963
40,-186.0565595780365,148,0.8148849250026439,0.0008107536058544327,0.0,0.22297297297297297,0.20945945945945946,0.3918918918918919,0.17567567567567569
41,-318.86826604815235,97,0.8108264367721583,0.0008066156921766152,0.0,0.25773195876288657,0.17525773195876287,0.29896907216494845,0.26804123711340205
42,-218.34457309762985,79,0.8067881616125144,0.0008024988975286502,0.0,0.13924050632911392,0.20253164556962025,0.22784810126582278,0.43037974683544306
43,-98.75478827690544,73,0.8027699988536575,0.0007984031141235085,0.0,0.2054794520547945,0.2602739726027397,0.1506849315068493,0.3835616438356164
44,-403.970710239438,85,0.7987718483269142,0.0007943282347242834,0.0,0.2235294117647059,0.2235294117647059,0.2,0.35294117647058826
45,-144.85156502946109,197,0.7947936103624954,0.0007902741526413818,0.0,0.2182741116751269,0.19289340101522842,0.3553299492385787,0.233502538071066
46,-385.1872514648707,86,0.7908351857870121,0.0007862407617297322,0.0,0.22093023255813954,0.18604651162790697,0.36046511627906974,0.23255813953488372
47,-335.72102816311565,95,0.7868964759210023,0.0007822279563860046,0.0,0.16842105263157894,0.18947368421052632,0.4421052631578947,0.2
48,-438.164415265747,86,0.7829773825764719,0.0007782356315458458,0.0,0.20930232558139536,0.1511627906976744,0.37209302325581395,0.26744186046511625
49,-128.48444813884666,93,0.7790778080544463,0.000774263682681129,0.0,0.1935483870967742,0.20430107526881722,0.2903225806451613,0.3118279569892473
50,-58.50738020225907,80,0.7751976551425351,0.0007703120057972166,2.091656038216795,0.2125,0.2625,0.175,0.35
51,-196.0944968735659,112,0.771336827112509,0.0007663804974302373,1.6155621559416662,0.13392857142857142,0.3392857142857143,0.2767857142857143,0.25
52,-107.78483726094704,107,0.7674952277178876,0.0007624690546443775,1.3294632021217658,0.22429906542056074,0.22429906542056074,0.37383177570093457,0.17757009345794392
53,-46.608446998449374,70,0.7636727611915411,0.0007585775750291859,1.1738470365748122,0.18571428571428572,0.17142857142857143,0.37142857142857144,0.2714285714285714
54,-101.35695449142801,180,0.7598693322433026,0.0007547059566968927,1.0486120592642107,0.18888888888888888,0.2,0.4166666666666667,0.19444444444444445
55,-167.35556570491195,112,0.7560848460575919,0.000750854098279741,0.979457885858956,0.19642857142857142,0.2767857142857143,0.36607142857142855,0.16071428571428573
56,-130.2881397552291,141,0.7523192082910528,0.0007470218989273339,0.900466357852042,0.1702127659574468,0.19858156028368795,0.4326241134751773,0.19858156028368795
57,-3.9409880640568105,102,0.748572325070201,0.0007432092583039931,0.8349098555728891,0.19607843137254902,0.23529411764705882,0.39215686274509803,0.17647058823529413
58,-104.10634369334097,135,0.7448441029890834,0.0007394160765861323,0.7833667263619616,0.24444444444444444,0.2,0.34814814814814815,0.2074074074074074
59,-125.02047530495256,128,0.7411344491069503,0.0007356422544596437,0.7825470578690876,0.1875,0.2265625,0.390625,0.1953125
60,-72.04924587600034,125,0.7374432709459379,0.0007318876931172971,0.7557377650245919,0.208,0.256,0.344,0.192
61,-189.36027243091905,136,0.7337704764887631,0.000728152294256154,0.7052400993881448,0.19117647058823528,0.17647058823529413,0.38235294117647056,0.25
62,-56.848231390287594,180,0.7301159741764301,0.0007244359600749925,0.7186241373593905,0.24444444444444444,0.16666666666666666,0.4222222222222222,0.16666666666666666
63,-61.8080507477698,103,0.7264796729059471,0.0007207385932717478,0.7239779713015293,0.2524271844660194,0.1262135922330097,0.46601941747572817,0.1553398058252427
64,-163.27976929243823,87,0.7228614820280556,0.0007170600970409636,0.6775389169214973,0.2413793103448276,0.20689655172413793,0.3563218390804598,0.19540229885057472
65,-86.6131971242168,93,0.7192613113449707,0.0007134003750712587,0.6805853120326262,0.13978494623655913,0.1827956989247312,0.44086021505376344,0.23655913978494625
66,-248.31868311643012,130,0.7156790711081327,0.0007097593315428041,0.6751319854156173,0.16153846153846155,0.2076923076923077,0.3153846153846154,0.3153846153846154
67,-142.40487515214534,87,0.712114672015969,0.000706136871124815,0.6835732451150358,0.21839080459770116,0.20689655172413793,0.3448275862068966,0.22988505747126436
68,-166.0656794782559,134,0.708568025211669,0.0007025328989730546,0.6632036231476445,0.15671641791044777,0.22388059701492538,0.3582089552238806,0.26119402985074625
69,-111.08305404752497,130,0.7050390422809678,0.000698947320727351,0.6432572370291251,0.2153846153846154,0.18461538461538463,0.4461538461538462,0.15384615384615385
70,-181.0086712752342,78,0.7015276352499433,0.0006953800425091263,0.6422912831538066,0.16666666666666666,0.2948717948717949,0.24358974358974358,0.2948717948717949
71,-80.29983573699164,70,0.6980337165828222,0.000691830970918939,0.6528352868140455,0.3,0.15714285714285714,0.24285714285714285,0.3
72,-173.24998564540732,113,0.6945571991797983,0.0006883000130340385,1.026303827374983,0.17699115044247787,0.24778761061946902,0.36283185840707965,0.21238938053097345
73,-176.77928047645563,135,0.691097996374861,0.0006847870764059319,1.0222677779128186,0.2074074074074074,0.17777777777777778,0.3333333333333333,0.2814814814814815
74,-191.67227828584146,84,0.6876560219336348,0.0006812920690579639,0.9639239563570108,0.17857142857142858,0.2619047619047619,0.2619047619047619,0.2976190476190476
75,-3.285385665214534,79,0.6842311900512299,0.0006778148994829084,0.970232376646891,0.17721518987341772,0.17721518987341772,0.45569620253164556,0.189873417721519
76,-59.904783167913635,127,0.6808234153501025,0.0006743554766405727,0.9177931947190906,0.16535433070866143,0.18110236220472442,0.4881889763779528,0.16535433070866143
77,-100.06935539251545,126,0.6774326128779271,0.0006709137099554139,0.837483368271703,0.20634920634920634,0.2619047619047619,0.3253968253968254,0.20634920634920634
78,-112.4399508974785,80,0.6740586981054784,0.0006674895093141672,0.8179206823100852,0.1125,0.3125,0.35,0.225
79,5.260151778183058,94,0.670701586924524,0.0006640827850634869,0.7986764503124879,0.11702127659574468,0.18085106382978725,0.40425531914893614,0.2978723404255319
80,-106.65038532128013,142,0.6673611956457279,0.0006606934480075987,0.7705606367463761,0.18309859154929578,0.11971830985915492,0.5140845070422535,0.18309859154929578
81,-97.00070077114727,121,0.6640374409965641,0.0006573214094059647,0.7463584719178512,0.15702479338842976,0.1652892561983471,0.4132231404958678,0.2644628099173554
82,-97.35491622890663,89,0.6607302401192408,0.0006539665809709598,0.7598161774494094,0.15730337078651685,0.2808988764044944,0.4606741573033708,0.10112359550561797
83,-94.20186716262799,106,0.6574395105686344,0.0006506288748655599,0.7454691358679844,0.14150943396226415,0.2641509433962264,0.4339622641509434,0.16037735849056603
84,-83.10302237254766,110,0.6541651703102348,0.0006473082037010426,0.7426615787622578,0.2,0.20909090909090908,0.34545454545454546,0.24545454545454545
85,-75.71482906658295,175,0.6509071377181003,0.0006440044805346987,0.7599983601374977,0.17142857142857143,0.17142857142857143,0.48,0.17714285714285713
86,-107.79666246946951,77,0.6476653315728222,0.0006407176188675564,0.7506686959583192,0.16883116883116883,0.18181818181818182,0.4675324675324675,0.18181818181818182
87,-111.95435589043143,122,0.6444396710595008,0.000637447532642116,0.7196271387672876,0.1885245901639344,0.21311475409836064,0.36065573770491804,0.23770491803278687
88,-112.95173370719158,212,0.6412300757657303,0.0006341941362400969,0.7355891477040148,0.14622641509433962,0.20754716981132076,0.419811320754717,0.22641509433962265
89,-75.79986800114361,110,0.6380364656795943,0.000630957344480196,0.7356192648513064,0.13636363636363635,0.2545454545454545,0.4090909090909091,0.2
90,-49.16716121630764,91,0.6348587611876713,0.0006277370726158575,0.6831503036002619,0.16483516483516483,0.25274725274725274,0.42857142857142855,0.15384615384615385
91,-76.48121497892721,106,0.6316968830730497,0.0006245332363330539,0.6953017033055887,0.12264150943396226,0.2358490566037736,0.5188679245283019,0.12264150943396226
92,-188.70597412080664,186,0.6285507525133537,0.0006213457517480785,0.7282797103462688,0.1881720430107527,0.20430107526881722,0.3817204301075269,0.22580645161290322
93,-96.44796062243731,77,0.6254202910787774,0.0006181745354053494,0.8533089564612506,0.14285714285714285,0.2987012987012987,0.36363636363636365,0.19480519480519481
94,-74.18112958999353,128,0.6223054207301305,0.0006150195042752238,1.481365579547807,0.1875,0.2421875,0.296875,0.2734375
95,-51.60932223329925,138,0.6192060638168921,0.0006118805757518249,1.2785026937331478,0.15942028985507245,0.2028985507246377,0.427536231884058,0.21014492753623187
96,-175.24074987567923,111,0.6161221430752757,0.0006087576676508784,1.0817288093287247,0.10810810810810811,0.32432432432432434,0.3783783783783784,0.1891891891891892
97,-182.59843122668008,171,0.6130535816263024,0.0006056506982075613,1.043045806630204,0.19298245614035087,0.23391812865497075,0.38011695906432746,0.19298245614035087
98,-22.33278117973731,155,0.6100003029738849,0.0006025595860743607,0.9529459325278319,0.14838709677419354,0.16129032258064516,0.45806451612903226,0.23225806451612904
99,-279.0889955232757,117,0.6069622310029202,0.000599484250318944,0.9848104039798019,0.18803418803418803,0.23076923076923078,0.2905982905982906,0.2905982905982906
100,-125.66590221028662,110,0.6039392899773924,0.0005964246104220401,0.9036796833416778,0.2,0.20909090909090908,0.4,0.19090909090909092
101,87.69614783597308,1000,0.6009314045384845,0.000593380586275331,0.8756549328404668,0.252,0.3,0.257,0.191
102,-107.55539257137087,222,0.5979384997026995,0.0005903520981793547,0.819729680492685,0.15765765765765766,0.1891891891891892,0.4774774774774775,0.17567567567567569
103,-41.368650503269976,221,0.5949605008599921,0.0005873390668414179,0.8328532728179261,0.16289592760180996,0.14479638009049775,0.5203619909502263,0.17194570135746606
104,-88.10861088352716,177,0.5919973337719074,0.0005843414133735207,1.1875327063962116,0.2033898305084746,0.23728813559322035,0.3898305084745763,0.1694915254237288
105,-76.24092206115932,91,0.5890489245697316,0.0005813590592902906,1.4920898409544103,0.16483516483516483,0.26373626373626374,0.3956043956043956,0.17582417582417584
106,-67.39955693895074,131,0.5861151997526493,0.0005783919265069276,1.4461027977319363,0.08396946564885496,0.20610687022900764,0.44274809160305345,0.26717557251908397
107,-53.92081445649377,172,0.583196086185912,0.0005754399373371601,1.2731398883605325,0.1511627906976744,0.25,0.4011627906976744,0.19767441860465115
108,-388.61820255916126,265,0.5802915110990148,0.0005725030144912106,1.1698676217312904,0.16981132075471697,0.2,0.42641509433962266,0.2037735849056604
109,-9.907389042008916,82,0.5774014020838818,0.0005695810810737719,1.1659737330986337,0.17073170731707318,0.18292682926829268,0.4146341463414634,0.23170731707317074
110,-82.1220362871411,107,0.5745256870930618,0.0005666740605819945,0.9801685194773302,0.102803738317757,0.2523364485981308,0.4766355140186916,0.16822429906542055
111,121.84775292768762,1000,0.5716642944379317,0.0005637818769034828,0.9676184521867838,0.325,0.197,0.243,0.235
112,-68.79877157396254,116,0.5688171527869094,0.000560904454314303,0.943997142575769,0.14655172413793102,0.25862068965517243,0.27586206896551724,0.31896551724137934
113,-32.14023754617952,144,0.5659841911636758,0.0005580417174769997,0.9158884497540745,0.16666666666666666,0.2152777777777778,0.4027777777777778,0.2152777777777778
114,13.280911719223056,130,0.5631653389454055,0.0005551935914386241,0.8707834901555084,0.12307692307692308,0.13846153846153847,0.6230769230769231,0.11538461538461539
115,-39.74069282030301,186,0.5603605258610059,0.0005523600016287713,0.9335922624586415,0.11290322580645161,0.20967741935483872,0.5053763440860215,0.17204301075268819
116,-40.946676711445406,138,0.5575696819893657,0.0005495408738576278,1.4572676969749596,0.17391304347826086,0.21014492753623187,0.4420289855072464,0.17391304347826086
117,-11.11767268875856,134,0.5547927377576116,0.000546736134314029,1.4154768441361951,0.14925373134328357,0.20149253731343283,0.4626865671641791,0.1865671641791045
118,-21.987917767965243,195,0.5520296239393742,0.0005439457095635269,1.2277631831361333,0.15384615384615385,0.18974358974358974,0.4512820512820513,0.20512820512820512
119,-60.040955987237425,157,0.5492802716530619,0.000541169526546467,1.131697001940339,0.1337579617834395,0.21019108280254778,0.39490445859872614,0.2611464968152866
120,-67.63341849910529,153,0.5465446123601444,0.0005384075125760762,1.0767683203053464,0.13071895424836602,0.16339869281045752,0.48366013071895425,0.2222222222222222
121,-174.32908949920932,92,0.5438225778634432,0.0005356595953365588,1.1753057375954987,0.14130434782608695,0.2717391304347826,0.44565217391304346,0.14130434782608695
122,76.9293514654347,1000,0.5411141003054323,0.0005329257028812037,1.0646730165488099,0.343,0.187,0.249,0.221
123,-95.63747938793549,184,0.5384191121665459,0.0005302057636305005,0.9788960707386356,0.125,0.21195652173913043,0.44565217391304346,0.21739130434782608
124,8.224313492252321,129,0.535737546263496,0.0005274997063702652,0.9359870324013286,0.13953488372093023,0.20155038759689922,0.4496124031007752,0.20930232558139536
125,-37.90424510189921,153,0.533069335747597,0.000524807460249776,0.9834240800863334,0.08496732026143791,0.17647058823529413,0.5163398692810458,0.2222222222222222
126,-112.14490167209453,127,0.5304144141030992,0.000522128954779918,0.9019953565666802,0.12598425196850394,0.16535433070866143,0.48031496062992124,0.2283464566929134
127,-78.76855183268786,196,0.5277727151455311,0.0005194641198313376,1.495782701668425,0.14795918367346939,0.15816326530612246,0.5306122448979592,0.16326530612244897
128,-91.96250169747456,127,0.5251441730200492,0.0005168128856326069,1.4062357072037264,0.23622047244094488,0.2283464566929134,0.31496062992125984,0.2204724409448819
129,-39.59604444682262,163,0.5225287221997962,0.0005141751827683961,1.4231937744357495,0.11042944785276074,0.26380368098159507,0.4110429447852761,0.2147239263803681
130,-47.053733962874944,131,0.5199262974842676,0.0005115509421776565,1.2068149870726452,0.16793893129770993,0.2595419847328244,0.3893129770992366,0.183206106870229
131,-76.82433324670289,196,0.5173368339976863,0.0005089400951518125,1.2343750855242086,0.1377551020408163,0.1989795918367347,0.5051020408163265,0.15816326530612246
132,122.08713453321218,1000,0.5147602671873854,0.0005063425733329622,1.1261869636850452,0.349,0.235,0.24,0.176
133,-29.045935145794246,176,0.512196532822199,0.000503758308712088,1.100526614780177,0.18181818181818182,0.19886363636363635,0.4375,0.18181818181818182
134,7.332321465424386,175,0.5096455669908607,0.0005011872336272758,1.0133860887359478,0.16,0.19428571428571428,0.48,0.1657142857142857
135,40.966531442492794,181,0.5071073061004107,0.0004986292807619435,1.0676897881123013,0.13259668508287292,0.2265193370165746,0.4198895027624309,0.22099447513812154
136,77.39458913867949,1000,0.50458168687461,0.0004960843831430785,1.3054364455568461,0.37,0.193,0.258,0.179
137,-25.196466664871792,96,0.5020686463523638,0.0004935524741394842,1.1642857937789124,0.17708333333333334,0.16666666666666666,0.5520833333333334,0.10416666666666667
138,-15.927984495693337,240,0.49956812188615124,0.0004910334874600353,1.1826336399541415,0.1625,0.2,0.4625,0.175
139,-6.458491703319666,135,0.49708005114046383,0.0004885273571519426,1.080799081319065,0.08148148148148149,0.18518518518518517,0.5703703703703704,0.16296296296296298
140,48.22315415176186,1000,0.49460437209025165,0.0004860340175990254,1.0974717309421804,0.149,0.117,0.257,0.477
141,80.79662436833215,1000,0.492141023019377,0.00048355340351999445,1.320422509606237,0.327,0.203,0.263,0.207
142,-43.052386217278595,199,0.48968994251907594,0.0004810854499667421,1.1693461439184016,0.1407035175879397,0.19095477386934673,0.47738693467336685,0.19095477386934673
143,-67.13278680823282,119,0.4872510694864273,0.000478630092322642,1.2550832221264305,0.15966386554621848,0.25210084033613445,0.42016806722689076,0.16806722689075632
144,-57.75494164565302,186,0.4848243431228297,0.0004761872663008574,1.261513686960026,0.13978494623655913,0.1827956989247312,0.4838709677419355,0.1935483870967742
145,52.44929579597337,1000,0.4824097029324856,0.00047375690794265767,1.1589307832493503,0.319,0.26,0.266,0.155
146,-57.69244151923854,107,0.4800070887208934,0.00047133895361574417,1.1452368018346508,0.17757009345794392,0.17757009345794392,0.48598130841121495,0.1588785046728972
147,-81.88254340453055,65,0.47761644059334696,0.0004689333400125837,1.131674466599051,0.16923076923076924,0.2923076923076923,0.2923076923076923,0.24615384615384617
148,58.86875322993155,1000,0.4752376989534421,0.0004665400041487515,1.3412963150463442,0.241,0.36,0.239,0.16
149,-19.70061757268047,199,0.4728708045015913,0.0004641588833612816,1.2840400923890551,0.12562814070351758,0.16080402010050251,0.5326633165829145,0.18090452261306533
150,-55.30867739371406,89,0.4705156982335452,0.0004617899153070266,1.3296283254493964,0.0898876404494382,0.2247191011235955,0.449438202247191,0.23595505617977527
151,-1.1331287569530843,102,0.4681723214389219,0.00045943303796102536,1.1782343638992,0.19607843137254902,0.14705882352941177,0.5392156862745098,0.11764705882352941
152,-20.14629157373605,152,0.46584061569974305,0.00045708818961487873,1.1979239085755582,0.07894736842105263,0.20394736842105263,0.506578947368421,0.21052631578947367
153,-233.31771781993237,207,0.4635205228889778,0.0004547553088751342,1.1665876673365756,0.13043478260869565,0.28019323671497587,0.40096618357487923,0.18840579710144928
154,8.095627815759215,126,0.4612119851690938,0.00045243433466167824,1.1490279092177302,0.10317460317460317,0.15873015873015872,0.5396825396825397,0.1984126984126984
155,9.120101066123823,203,0.4589149449906151,0.00045012520620613735,1.2285679430153404,0.10344827586206896,0.22660098522167488,0.5024630541871922,0.16748768472906403
156,-34.63111359881317,401,0.4566293450906877,0.0004478278630502868,1.1912240993389143,0.1371571072319202,0.1571072319201995,0.5336658354114713,0.17206982543640897
157,-20.93997916120378,196,0.45435512849165205,0.0004455422450444678,1.3745973282790642,0.15306122448979592,0.17857142857142858,0.5255102040816326,0.14285714285714285
158,-61.30222727442854,396,0.4520922384996226,0.0004432682923460125,1.3865060460241485,0.15151515151515152,0.16666666666666666,0.5050505050505051,0.17676767676767677
159,-11.325055914076913,208,0.44984061870307446,0.00044100594541767737,1.2901047169709867,0.09134615384615384,0.14903846153846154,0.5576923076923077,0.20192307692307693
160,-19.98719313951564,111,0.4476002129714371,0.0004387551450260843,1.2989672121557054,0.11711711711711711,0.1981981981981982,0.5225225225225225,0.16216216216216217
161,4.9984104440857635,244,0.4453709654536952,0.00043651583224016963,1.3421717576065866,0.11065573770491803,0.1762295081967213,0.5,0.21311475409836064
162,-152.5744015586273,261,0.44315282057699623,0.00043428794842964135,1.2798500749496327,0.15708812260536398,0.1417624521072797,0.421455938697318,0.2796934865900383
163,46.65250954041187,1000,0.4409457230452651,0.000432071435263444,1.214637033756208,0.134,0.431,0.308,0.127
164,48.016827831336144,172,0.4387496178378257,0.00042986623470823136,1.1622840584144785,0.09302325581395349,0.20930232558139536,0.4127906976744186,0.28488372093023256
165,-46.434112721687214,162,0.43656445020802925,0.00042767228902684703,1.35035173092608,0.11728395061728394,0.2345679012345679,0.4567901234567901,0.19135802469135801
166,82.86890195979461,1000,0.4343901656818896,0.0004254895407768128,1.303354153109185,0.386,0.167,0.29,0.157
167,73.36732605425024,1000,0.4322267100567252,0.0004233179328088246,1.2129026635617375,0.21,0.407,0.25,0.133
168,-80.88987123560275,435,0.4300740293998078,0.0004211574082652562,1.238924731207395,0.12413793103448276,0.17701149425287357,0.5448275862068965,0.15402298850574714
169,122.65346844859653,1000,0.4279320700470182,0.0004190079105786707,1.3501079188180192,0.453,0.175,0.215,0.157
170,-105.88325615705288,301,0.4258007786015082,0.00041686938347033914,1.2683313817085025,0.11627906976744186,0.16943521594684385,0.5348837209302325,0.17940199335548174
171,99.2855679003826,1000,0.42368010193236966,0.00041474177094876744,1.19918880567962,0.247,0.424,0.201,0.128
172,108.21800034186234,1000,0.4215699871733098,0.00041262501730823006,1.286675235226331,0.319,0.32,0.232,0.129
173,-16.915341998239768,168,0.4194703817213335,0.0004105190671273116,1.236301235041014,0.16666666666666666,0.13690476190476192,0.5059523809523809,0.19047619047619047
174,-25.96320276724977,184,0.41738123323543186,0.0004084238652674558,1.2204240072049988,0.20108695652173914,0.21195652173913043,0.41847826086956524,0.16847826086956522
175,137.02402097275166,1000,0.41530248963527744,0.00040633935687152184,1.2136229388758577,0.461,0.202,0.207,0.13
176,60.02892555221811,1000,0.41323409909992587,0.000404265487362348,1.227454758855162,0.423,0.166,0.277,0.134
177,47.90617703624412,1000,0.4111760100665241,0.00040220220244132287,1.2186763750849847,0.271,0.166,0.409,0.154
178,3.4804083634218017,230,0.4091281712290249,0.00040014944808696346,1.1217726697697568,0.12608695652173912,0.16521739130434782,0.5739130434782609,0.13478260869565217
179,40.252636820872056,167,0.407090531536908,0.000398107170553501,1.09194067647657,0.0658682634730539,0.16766467065868262,0.5988023952095808,0.16766467065868262
180,-88.73205844706388,391,0.40506304019390726,0.00039607531636947366,1.1421338015918727,0.14578005115089515,0.13554987212276215,0.5396419437340153,0.17902813299232737
181,-65.04289735728022,102,0.40304564665674447,0.0003940538323363266,1.2514838032315652,0.1568627450980392,0.13725490196078433,0.5294117647058824,0.17647058823529413
182,39.83891241036815,199,0.40103830063386947,0.00039204266552701896,1.2013957521744179,0.1407035175879397,0.1708542713567839,0.5527638190954773,0.135678391959799
183,43.56653490548827,1000,0.39904095208420615,0.00039004176328463834,1.2087147831291072,0.289,0.155,0.41,0.146
184,129.3064598118639,1000,0.3970535512159053,0.00038805107322102195,1.1543194278705482,0.5,0.143,0.233,0.124
185,-51.40039667128566,173,0.3950760484851031,0.000386070543215385,1.1384574108005885,0.13872832369942195,0.15028901734104047,0.5433526011560693,0.1676300578034682
186,49.21529270638438,1000,0.39310839459468616,0.00038410012141295614,1.186720181919861,0.2,0.13,0.391,0.279
187,140.8346669372662,1000,0.3911505404930626,0.0003821397562236197,1.1394110479366724,0.378,0.172,0.258,0.192
188,-28.798116119292743,356,0.38920243737293914,0.00038018939632056487,1.1081482670606324,0.18258426966292135,0.1404494382022472,0.5168539325842697,0.1601123595505618
189,36.88645182420932,1000,0.3872640366701046,0.00037824899063894216,1.108889796972906,0.191,0.401,0.281,0.127
190,-21.858356761362913,1000,0.385335290062219,0.000376318488374526,1.123785912239392,0.124,0.124,0.384,0.368
191,-125.77696719642279,288,0.38341614946760905,0.0003743978389823848,1.0924762429186177,0.16319444444444445,0.17708333333333334,0.5173611111111112,0.1423611111111111
192,73.84745540137197,1000,0.3815065670440695,0.0003724869921755577,1.1237936433462117,0.313,0.217,0.324,0.146
193,56.01715361333304,1000,0.3796064951876705,0.0003705858979237375,1.1179605498922005,0.176,0.131,0.334,0.359
194,110.7542077031915,1000,0.3777158865315709,0.00036869450645196124,1.1034575475728547,0.325,0.245,0.277,0.153
195,25.849589128071177,1000,0.37583469394483743,0.0003668127682393067,1.1628660869854206,0.176,0.302,0.368,0.154
196,-35.427591800100586,148,0.37396287053126975,0.00036494063401759587,1.1109242595426996,0.10810810810810811,0.24324324324324326,0.42567567567567566,0.22297297297297297
197,114.39833921525491,1000,0.3721003696282314,0.00036307805477010503,1.1138788267492323,0.304,0.216,0.172,0.308
198,-43.392745071112074,98,0.3702471448054865,0.00036122498173028143,1.1492021416116793,0.1326530612244898,0.14285714285714285,0.5408163265306123,0.1836734693877551
199,127.49455212505586,1000,0.3684031498640423,0.0003593813663804664,1.1037864644004343,0.514,0.129,0.186,0.171
200,39.541237912785746,1000,0.3665683388349977,0.000357547160450625,1.0380383721403015,0.333,0.109,0.253,0.305
201,53.92517564116295,1000,0.3647426659783969,0.00035572231591708236,1.0900770498171855,0.295,0.162,0.288,0.255
202,-129.5205778770577,703,0.36292608578208946,0.0003539067850012661,1.0576339856141939,0.1593172119487909,0.3399715504978663,0.38549075391180654,0.11522048364153627
203,-175.4123662992393,152,0.36111855296059564,0.0003521005201684556,1.0494719449251944,0.21052631578947367,0.125,0.5131578947368421,0.1513157894736842
204,65.747318267266,1000,0.3593200224539774,0.0003503034741265373,1.0724702192639681,0.212,0.38,0.289,0.119
205,104.28240096610772,1000,0.3575304494267152,0.00034851559982476644,1.0728913341203776,0.438,0.138,0.296,0.128
206,44.141072646482115,1000,0.3557497892665903,0.0003467368504525353,1.0561224772469981,0.251,0.384,0.267,0.098
207,83.11340347554311,1000,0.35397799758357257,0.0003449671794381476,1.0295217716162568,0.31,0.212,0.325,0.153
208,65.85684897924651,1000,0.3522150302087139,0.0003432065404475989,1.0564726862551348,0.275,0.118,0.226,0.381
209,107.52147484061389,1000,0.35046084319304716,0.0003414548873833638,1.0190608904054965,0.438,0.122,0.239,0.201
210,135.79605565238646,1000,0.3487153928064905,0.0003397121743831888,1.0496441452556728,0.46,0.173,0.197,0.17
211,3.0730149116915015,85,0.34697863553675734,0.0003379783558188916,1.122436729164594,0.10588235294117647,0.18823529411764706,0.5058823529411764,0.2
212,130.16489785892267,1000,0.3452505280882715,0.0003362533862951663,1.0600089967791897,0.468,0.156,0.239,0.137
213,-152.16245531885465,568,0.34353102738108804,0.00033453722064839516,1.0354228841758244,0.14612676056338028,0.1619718309859155,0.5440140845070423,0.14788732394366197
214,13.097832894708993,1000,0.34182009054981916,0.00033282981394546575,1.0593906190161047,0.109,0.37,0.397,0.124
215,-32.11523022548815,150,0.3401176749425658,0.00033113112148259473,1.0516450573681733,0.13333333333333333,0.17333333333333334,0.49333333333333335,0.2
216,128.36074882149805,1000,0.3384237381198542,0.00032944109878415743,1.03587315358146,0.445,0.126,0.272,0.157
217,41.28792860338484,1000,0.33673823785357804,0.0003277597016015232,1.031654975387662,0.323,0.365,0.207,0.105
218,16.636209465719507,1000,0.3350611321259457,0.00032608688591189696,1.0447705177600335,0.167,0.367,0.333,0.133
219,25.218007954104966,1000,0.33339237912843267,0.0003244226079171667,1.0219841519818322,0.236,0.113,0.329,0.322
220,10.583406383052079,193,0.3317319372607396,0.0003227668240427565,1.0682674629382456,0.18652849740932642,0.15544041450777202,0.5025906735751295,0.15544041450777202
221,79.50602413151023,1000,0.3300797651297549,0.00032111949093648594,1.036123660784132,0.353,0.127,0.228,0.292
222,-43.48984954436081,234,0.3284358215485232,0.0003194805654674348,1.002709772618512,0.10256410256410256,0.1581196581196581,0.5641025641025641,0.1752136752136752
223,52.56344711742876,1000,0.32680006553521834,0.00031785000472481386,1.0087576061631258,0.292,0.221,0.223,0.264
224,21.960022106991772,118,0.3251724563121218,0.00031622776601684157,1.0319287715782703,0.1440677966101695,0.1694915254237288,0.6016949152542372,0.0847457627118644
225,92.62396073568199,1000,0.3235529533046063,0.000314613806869626,1.0032201739371598,0.283,0.084,0.179,0.454
226,96.25812522432238,1000,0.32194151614012406,0.00031300808502605297,0.9614479824869638,0.486,0.093,0.191,0.23
227,-27.215463691725574,175,0.32033810464720053,0.0003114105584446796,0.942938329628894,0.22857142857142856,0.13714285714285715,0.45714285714285713,0.17714285714285713
228,145.70856604304717,1000,0.3187426788544329,0.00030982118529863353,0.9586944985583469,0.455,0.171,0.23,0.144
229,-30.268867709156936,92,0.31715519898949374,0.00030823992397451796,0.9609677871915344,0.2391304347826087,0.10869565217391304,0.45652173913043476,0.1956521739130435
230,109.99090762717734,1000,0.31557562547813933,0.0003066667330713219,0.9323881550539481,0.547,0.12,0.2,0.133
231,116.66217659113842,1000,0.3140039189432234,0.0003051015713993363,0.9444186827699325,0.529,0.145,0.191,0.135
232,105.84081779667244,1000,0.3124400402037151,0.00030354439797907574,0.9334854932267441,0.405,0.25,0.216,0.129
233,101.29313345185531,1000,0.3108839502737227,0.0003019951720402052,0.9112614234600016,0.544,0.129,0.228,0.099
234,18.725670318292796,1000,0.30933561036152135,0.00030045385302047284,0.9392991790617803,0.253,0.101,0.309,0.337
235,-212.96124751943353,613,0.3077949818685863,0.0002989204005646479,0.9341702441081997,0.14355628058727568,0.12234910277324633,0.4469820554649266,0.28711256117455136
236,49.70662716316677,1000,0.3062620263886305,0.00029739477452346417,0.905799276298246,0.223,0.48,0.203,0.094
237,-19.294900760419836,72,0.3047367057066472,0.00029587693495256864,0.897523900538266,0.2916666666666667,0.1527777777777778,0.3888888888888889,0.16666666666666666
238,76.44383274898888,1000,0.3032189817979574,0.00029436684211147583,0.9442310610824453,0.22,0.443,0.231,0.106
239,60.23408233427128,1000,0.3017088168272619,0.0002928644564625272,0.9039810109989196,0.355,0.143,0.361,0.141
240,65.17853425145803,1000,0.30020617314769793,0.0002913697386698561,0.9349446556665921,0.355,0.15,0.255,0.24
241,109.8708548351005,1000,0.2987110132999009,0.0002898826495983576,0.9438680644284996,0.574,0.135,0.178,0.113
242,116.03526993286744,1000,0.2972233000110704,0.0002884031503126642,0.8983010194628871,0.398,0.283,0.204,0.115
243,20.653348041633038,76,0.2957429961940411,0.00028693120207612594,0.8789760324726854,0.2236842105263158,0.09210526315789473,0.5526315789473685,0.13157894736842105
244,33.69916065543234,177,0.29427006494635827,0.0002854667663497968,0.946966610288049,0.096045197740113,0.1864406779661017,0.5254237288135594,0.192090395480226
245,57.769808665406096,1000,0.2928044695493577,0.00028400980479142507,0.9200668625885783,0.199,0.098,0.22,0.483
246,213.15740997168734,306,0.2913461734672504,0.00028256027925444986,0.9110124400730689,0.3888888888888889,0.13071895424836602,0.3562091503267974,0.12418300653594772
247,68.90439663995467,1000,0.28989514034621183,0.0002811181517870022,0.8986152213281605,0.309,0.374,0.179,0.138
248,53.50017126409439,1000,0.2884513340134756,0.0002796833846309113,0.9024208819635234,0.284,0.087,0.267,0.362
249,-36.55009626293382,121,0.2870147184764318,0.00027825594022071605,0.9505805060469594,0.2809917355371901,0.12396694214876033,0.4380165289256198,0.15702479338842976
250,129.52578961407892,1000,0.28558525792172956,0.0002768357811826815,0.8902098623654252,0.566,0.12,0.202,0.112
251,47.88335574447069,1000,0.2841629167143845,0.0002754228703338202,0.8809851054720275,0.139,0.461,0.24,0.16
252,115.06353090526677,1000,0.28274765939689017,0.0002740171706809189,0.8579911959249161,0.505,0.105,0.266,0.124
253,-7.85118688545279,108,0.28133945068833427,0.0002726186454195696,0.8118062459442685,0.2037037037037037,0.2222222222222222,0.4537037037037037,0.12037037037037036
254,-3.2557049957955115,101,0.2799382554835191,0.00027122725793320634,0.8777361358676155,0.2871287128712871,0.13861386138613863,0.43564356435643564,0.13861386138613863
255,10.029342871518594,146,0.2785440388520863,0.0002698429717921463,0.8949556602950945,0.1095890410958904,0.17123287671232876,0.5205479452054794,0.19863013698630136
256,-21.63863015885633,112,0.27715676603764633,0.00026846575075263585,0.8168147182264118,0.03571428571428571,0.19642857142857142,0.5357142857142857,0.23214285714285715
257,119.28634299441202,1000,0.27577640245691176,0.00026709555875590197,0.8832139059320098,0.433,0.13,0.299,0.138
258,125.59610516152041,1000,0.2744029136988354,0.00026573235992720774,0.8782982176492078,0.287,0.351,0.236,0.126
259,-2.592041278914536,122,0.2730362655237522,0.00026437611857491343,0.8139866227926489,0.20491803278688525,0.20491803278688525,0.4016393442622951,0.1885245901639344
260,102.21127995643822,1000,0.2716764238625259,0.00026302679918954166,0.8553784047205124,0.452,0.184,0.246,0.118
261,13.88500270583441,128,0.2703233548156995,0.000261684366442848,0.8875608848207245,0.2734375,0.1796875,0.4453125,0.1015625
262,65.29093400360769,1000,0.2689770246526506,0.00026034878518689574,0.8631551052785398,0.091,0.075,0.15,0.684
263,-26.947768691306166,93,0.26763739981075,0.00025902002045313587,0.9154862720363193,0.22580645161290322,0.27956989247311825,0.25806451612903225,0.23655913978494625
264,105.33068839100238,1000,0.2663044468945255,0.0002576980374514913,0.8532682820163107,0.553,0.115,0.221,0.111
265,51.228039195058415,1000,0.2649781326748289,0.0002563828015694461,0.8718646791666804,0.39,0.252,0.243,0.115
266,-37.063006592687984,86,0.26365842408800805,0.00025507427837113934,0.9270656513873008,0.1744186046511628,0.1511627906976744,0.5232558139534884,0.1511627906976744
267,54.94276630963188,156,0.26234528823508246,0.00025377243359646324,0.8534483654580729,0.08974358974358974,0.19230769230769232,0.4807692307692308,0.23717948717948717
268,-4.1479010543211245,115,0.2610386923809231,0.00025247723316016644,0.8108790097689911,0.21739130434782608,0.19130434782608696,0.41739130434782606,0.17391304347826086
269,215.57957746111643,615,0.25973860395343634,0.0002511886431509614,0.8318255998140404,0.4813008130081301,0.12682926829268293,0.2910569105691057,0.1008130081300813
270,25.064983628328363,90,0.25844499054275216,0.0002499066298306366,0.8598219769835167,0.1,0.2111111111111111,0.5444444444444444,0.14444444444444443
271,217.74429413372468,912,0.257157819900416,0.00024863115963317297,0.8381020397543275,0.6052631578947368,0.11842105263157894,0.18311403508771928,0.09320175438596491
272,26.987656635434902,99,0.2558770599385848,0.0002473621991638655,0.830016939620916,0.1111111111111111,0.15151515151515152,0.5656565656565656,0.1717171717171717
273,-8.094510007764555,109,0.25460267872922737,0.0002460997151984486,0.8337187602546864,0.3302752293577982,0.11926605504587157,0.43119266055045874,0.11926605504587157
274,-4.83244562070027,92,0.25333464450332815,0.00024484367468222606,0.921106694377321,0.358695652173913,0.10869565217391304,0.4782608695652174,0.05434782608695652
275,133.4648332266283,1000,0.25207292565009537,0.00024359404472920604,0.8351689224942316,0.491,0.179,0.23,0.1
276,235.94561401120095,545,0.25081749071617304,0.00024235079262123965,0.8322175074334874,0.581651376146789,0.10275229357798166,0.1944954128440367,0.12110091743119267
277,133.3815584399948,1000,0.24956830840485686,0.00024111388580716448,0.8403644167897655,0.65,0.093,0.165,0.092
278,-140.78862923258242,335,0.2483253475753139,0.00023988329190195238,0.8248542413916493,0.13432835820895522,0.4537313432835821,0.3253731343283582,0.08656716417910448
279,95.38872369733954,1000,0.24708857724180652,0.00023865897868586143,0.808391195386924,0.304,0.105,0.177,0.414
280,127.93104025739042,1000,0.24585796657291967,0.0002374409141035924,0.8156734557124067,0.489,0.11,0.191,0.21
281,61.069819606741305,1000,0.24463348489079248,0.00023622906626344953,0.7976138250686878,0.287,0.128,0.425,0.16
282,151.91973094478587,1000,0.2434151016703534,0.0002350234034365054,0.8060986557993538,0.452,0.188,0.253,0.107
283,147.73249166950234,1000,0.2422027865385593,0.00023382389405577036,0.8066432345744783,0.542,0.101,0.207,0.15
284,82.22278657534164,1000,0.24099650927363828,0.00023263050671536593,0.7907632441431462,0.089,0.343,0.187,0.381
285,245.53577882175324,681,0.2397962398043362,0.0002314432101697025,0.7994642454774364,0.4933920704845815,0.11013215859030837,0.2305433186490455,0.16593245227606462
286,-20.384144498069105,168,0.23860194820916716,0.00023026197333266135,0.8078848882643492,0.05357142857142857,0.21428571428571427,0.47023809523809523,0.2619047619047619
287,111.22995938546853,887,0.2374136047156675,0.00022908676527678062,0.7985159330879564,0.2153325817361894,0.2976324689966178,0.3788049605411499,0.10822998872604284
288,-15.70349330581297,96,0.23623117969965363,0.0002279175552324457,0.7925625420931349,0.1875,0.14583333333333334,0.5104166666666666,0.15625
289,3.480959139786023,87,0.23505464368448353,0.00022675431258708346,0.797100598690007,0.21839080459770116,0.1724137931034483,0.5172413793103449,0.09195402298850575
290,57.36457122657133,1000,0.23388396734032196,0.0002255970068843609,0.7851373867290142,0.232,0.362,0.298,0.108
291,132.30187282065634,1000,0.23271912148340923,0.00022444560782338763,0.8082858846197098,0.601,0.186,0.127,0.086
292,-58.68850999511072,150,0.2315600770753337,0.00022330008525792253,0.7864132131691693,0.17333333333333334,0.2866666666666667,0.4066666666666667,0.13333333333333333
293,235.7112906114088,338,0.2304068052223079,0.00022216040919558445,0.8055685827989215,0.4822485207100592,0.15680473372781065,0.2514792899408284,0.10946745562130178
294,214.40527505391412,429,0.22925927717444824,0.000221026549797067,0.7933969588552194,0.4125874125874126,0.24242424242424243,0.22144522144522144,0.12354312354312354
295,125.04772326246255,1000,0.22811746432505836,0.0002198984773753573,0.7796877554175589,0.39,0.381,0.126,0.103
296,7.03269789628709,106,0.2269813382099158,0.00021877616239495854,0.8011939687593068,0.24528301886792453,0.16981132075471697,0.46226415094339623,0.12264150943396226
297,28.422884379311768,116,0.2258508705065627,0.0002176595754711169,0.7888967042872177,0.25862068965517243,0.14655172413793102,0.46551724137931033,0.12931034482758622
298,88.66600934238559,1000,0.22472603303359945,0.000216548687369052,0.7773977457936665,0.16,0.584,0.175,0.081
299,81.16291487210077,1000,0.2236067977499824,0.00021544346900319165,0.777764245302754,0.097,0.574,0.176,0.153
300,241.26055148371358,659,0.22249313675432472,0.00021434389143641013,0.7880619855800891,0.5781487101669196,0.10318664643399089,0.2078907435508346,0.11077389984825493
301,226.0925763927362,922,0.22138502228420082,0.00021324992587927068,0.7831008703417965,0.5932754880694143,0.08893709327548807,0.1681127982646421,0.14967462039045554
302,203.91933777311266,819,0.22028242671545434,0.0002121615436892717,0.7799090591943064,0.2442002442002442,0.4053724053724054,0.2564102564102564,0.09401709401709402
303,-41.51391146206693,103,0.21918532256150944,0.00021107871637009683,0.7610734088541034,0.07766990291262135,0.22330097087378642,0.5145631067961165,0.18446601941747573
304,93.20633884751695,1000,0.21809368247268562,0.00021000141557086878,0.7603694944871051,0.32,0.354,0.175,0.151
305,223.4032562283193,868,0.21700747923551592,0.00020892961308540718,0.7683183436535703,0.4539170506912442,0.27419354838709675,0.18087557603686635,0.09101382488479262
306,97.81747463296794,1000,0.2159266857720685,0.00020786328085148993,0.7642881794208191,0.306,0.384,0.136,0.174
307,33.481945735636714,110,0.21485127513927166,0.00020680239095011854,0.7897909943465123,0.19090909090909092,0.10909090909090909,0.5727272727272728,0.12727272727272726
308,-136.3658514229041,699,0.21378122052824208,0.00020574691560478717,0.7714263526552507,0.0944206008583691,0.6738197424892703,0.17453505007153075,0.05722460658082976
309,-193.74265935835916,812,0.21271649526361663,0.00020469682718075532,0.7684487816789339,0.21674876847290642,0.5369458128078818,0.17980295566502463,0.0665024630541872
310,-0.919090412320756,117,0.21165707280288729,0.00020365209818432435,0.7813167903787115,0.29914529914529914,0.1282051282051282,0.4444444444444444,0.1282051282051282
311,138.85179458480474,1000,0.2106029267357395,0.00020261270126211757,0.7770885708810357,0.527,0.272,0.133,0.068
312,129.2223649455486,1000,0.20955403078339377,0.0002015786092003641,0.7592021829890402,0.527,0.112,0.254,0.107
313,56.846379028774294,84,0.2085103587979506,0.00020054979492418635,0.7351779955554854,0.17857142857142858,0.14285714285714285,0.5833333333333334,0.09523809523809523
314,159.9577664959312,1000,0.20747188476173858,0.00019952623149689116,0.7532921756044467,0.599,0.109,0.132,0.16
315,-12.997880233623604,88,0.2064385827866659,0.0001985078921192645,0.7615110654573111,0.045454545454545456,0.17045454545454544,0.5568181818181818,0.22727272727272727
316,23.757093615370223,149,0.20541042711357488,0.00019749475012886982,0.7237289636444727,0.12080536912751678,0.18791946308724833,0.48322147651006714,0.2080536912751678
317,27.64673708438049,117,0.2043873921115999,0.00019648677899934995,0.7695413309145808,0.1282051282051282,0.2222222222222222,0.452991452991453,0.19658119658119658
318,33.36320220071019,90,0.20336945227752837,0.00019548395233973259,0.7920733246655922,0.17777777777777778,0.12222222222222222,0.5333333333333333,0.16666666666666666
319,248.6841040218124,250,0.20235658223516506,0.0001944862438937394,0.7588223164931003,0.228,0.076,0.28,0.416
320,-1.591728170099401,98,0.2013487567346994,0.0001934936275390984,0.7712634399165168,0.09183673469387756,0.21428571428571427,0.4897959183673469,0.20408163265306123
321,245.79398382778217,342,0.20034595065207608,0.0001925060772868602,0.7405059365892716,0.5935672514619883,0.06725146198830409,0.21929824561403508,0.11988304093567251
322,3.2005237110090974,80,0.19934813898836876,0.00019152356728071747,0.7138509454908588,0.2125,0.125,0.6,0.0625
323,82.2582923379988,1000,0.1983552968691568,0.00019054607179632788,0.7467902900265976,0.183,0.573,0.168,0.076
324,269.7233873887074,680,0.1973673995439052,0.00018957356524064073,0.7608511119990908,0.5411764705882353,0.07058823529411765,0.18970588235294117,0.19852941176470587
325,-39.93952671750016,149,0.19638442238534762,0.0001886060221512268,0.7266841039594921,0.0738255033557047,0.174496644295302,0.4899328859060403,0.26174496644295303
326,107.50293033658687,1000,0.19540634088887243,0.00018764341719561167,0.7313041230100166,0.343,0.372,0.217,0.068
327,272.7284905432124,348,0.1944331306719118,0.00018668572517061246,0.7339359503523976,0.20689655172413793,0.1925287356321839,0.4540229885057471,0.14655172413793102
328,277.94992310672933,303,0.19346476747333397,0.00018573292100167797,0.725851687085006,0.20132013201320131,0.2145214521452145,0.429042904290429,0.1551155115511551
329,260.08097665742156,410,0.19250122715283827,0.0001847849797422322,0.7503057967882799,0.5121951219512195,0.07073170731707316,0.32682926829268294,0.09024390243902439
330,284.54475299355715,937,0.19154248569035348,0.00018384187657302114,0.735171371031382,0.6723585912486659,0.11099252934898612,0.11953041622198506,0.09711846318036287
331,234.97539122506092,590,0.190588519185439,0.00018290358680146294,0.721888343469899,0.6,0.08644067796610169,0.21016949152542372,0.10338983050847457
332,281.0432734089584,239,0.18963930385668903,0.00018197008586100144,0.734775817485072,0.4560669456066946,0.11297071129707113,0.3598326359832636,0.07112970711297072
333,5.81772760964644,95,0.18869481604113966,0.00018104134931046296,0.7175077630305101,0.30526315789473685,0.1368421052631579,0.4421052631578947,0.11578947368421053
334,156.49316318922794,1000,0.1877550321936791,0.00018011735283341638,0.7096375120677494,0.365,0.463,0.098,0.074
335,236.5758694399698,977,0.18681992888646057,0.00017919807223753644,0.718159195584403,0.609007164790174,0.1535312180143296,0.16376663254861823,0.0736949846468782
336,145.78659465836148,1000,0.18588948280831843,0.00017828348345397035,0.7095183957135474,0.661,0.13,0.129,0.08
337,235.03034007951905,690,0.18496367076418696,0.0001773735625367076,0.700529353569922,0.40869565217391307,0.1318840579710145,0.32318840579710145,0.13623188405797101
338,58.639294395453746,1000,0.18404246967452215,0.00017646828566195307,0.7056677357960672,0.206,0.103,0.389,0.302
339,98.1121113828099,1000,0.18312585657472633,0.00017556762912750317,0.6983203472129592,0.376,0.08,0.136,0.408
340,70.09894118303801,1000,0.18221380861457573,0.00017467156935212534,0.6978742378945912,0.261,0.452,0.208,0.079
341,88.63785547036996,1000,0.18130630305765083,0.00017378008287494056,0.6922135028107977,0.247,0.522,0.152,0.079
342,204.37537959335845,616,0.18040331728076958,0.0001728931463548092,0.6998835133289596,0.12012987012987013,0.676948051948052,0.13636363636363635,0.06655844155844155
343,41.42334564000029,90,0.17950482877342336,0.0001720107365697198,0.7084801233216521,0.17777777777777778,0.15555555555555556,0.5333333333333333,0.13333333333333333
344,147.24644096835542,1000,0.17861081513721588,0.00017113283041618108,0.6888508251526141,0.661,0.103,0.119,0.117
345,261.1333319739489,427,0.17772125408530481,0.00017025940490861708,0.6725894809349656,0.550351288056206,0.08899297423887588,0.26697892271662765,0.0936768149882904
346,139.03109508227328,1000,0.17683612344184615,0.00016939043717876533,0.6821215984701803,0.574,0.087,0.109,0.23
347,128.03831291656545,880,0.17595540114144145,0.0001685259044750781,0.6809643447721863,0.21136363636363636,0.14772727272727273,0.5227272727272727,0.11818181818181818
348,53.984125923633144,96,0.17507906522858774,0.0001676657841621267,0.6940181469085553,0.13541666666666666,0.14583333333333334,0.59375,0.125
349,21.41877658572146,198,0.17420709385713018,0.00016681005372000884,0.667721012591651,0.13636363636363635,0.18686868686868688,0.51010101010101,0.16666666666666666
350,-10.372301040339494,124,0.17333946528971744,0.00016595869074375902,0.6895426108081317,0.14516129032258066,0.23387096774193547,0.4838709677419355,0.13709677419354838
351,29.25322103427243,164,0.1724761578972599,0.00016511167294276194,0.7028863659735741,0.12195121951219512,0.17682926829268292,0.5365853658536586,0.16463414634146342
352,225.06987291829557,849,0.17161715015839032,0.0001642689781401688,0.6741449709787083,0.696113074204947,0.12838633686690223,0.12131919905771496,0.05418138987043581
353,169.6633120136867,1000,0.1707624206589275,0.00016343058427231672,0.6724117036925019,0.698,0.086,0.131,0.085
354,237.8420271099018,533,0.16991194809134227,0.0001625964693881511,0.6732155771831747,0.5684803001876173,0.06941838649155722,0.2551594746716698,0.10694183864915573
355,42.31512281162205,99,0.16906571125422645,0.00016176661164865082,0.6692492714669385,0.10101010101010101,0.16161616161616163,0.6161616161616161,0.12121212121212122
356,223.91393266184724,513,0.16822368905176427,0.00016094098932625646,0.656328211642274,0.49707602339181284,0.08187134502923976,0.18908382066276802,0.23196881091617932
357,234.94854527473763,570,0.16738586049320645,0.00016011958080430143,0.6601128124475754,0.5421052631578948,0.12631578947368421,0.18596491228070175,0.1456140350877193
358,251.65796475341529,461,0.16655220469234697,0.00015930236457644602,0.6697705736948524,0.3492407809110629,0.3318872017353579,0.19956616052060738,0.1193058568329718
359,260.6253773107802,365,0.1657227008670024,0.0001584893192461143,0.6601349898361243,0.5013698630136987,0.1232876712328767,0.273972602739726,0.10136986301369863
360,172.39691204311657,507,0.16489732833849374,0.00015768042352593388,0.6579380590207888,0.2682445759368836,0.33925049309664695,0.2781065088757396,0.11439842209072978
361,269.8435608294068,401,0.16407606653113102,0.00015687565623717862,0.6555825484605201,0.36658354114713215,0.12468827930174564,0.33665835411471323,0.17206982543640897
362,11.94999919880641,142,0.16325889497170032,0.00015607499630921405,0.7190485514852943,0.2605633802816901,0.14788732394366197,0.44366197183098594,0.14788732394366197
363,248.27401288494048,217,0.16244579328895342,0.00015527842277894576,0.6464620412105911,0.41935483870967744,0.0967741935483871,0.31797235023041476,0.16589861751152074
364,-17.345088831323494,124,0.16163674121309993,0.00015448591479027047,0.6614681642392674,0.12903225806451613,0.25806451612903225,0.4274193548387097,0.18548387096774194
365,254.25917420748107,325,0.16083171857530196,0.00015369745159353004,0.6791677006799245,0.56,0.11692307692307692,0.23076923076923078,0.09230769230769231
366,65.26324924883868,1000,0.16003070530717145,0.00015291301254496815,0.6671725142765056,0.364,0.176,0.332,0.128
367,268.52893222769137,624,0.1592336814402698,0.00015213257710618982,0.6549228975787142,0.530448717948718,0.09935897435897435,0.1842948717948718,0.1858974358974359
368,5.994330268771748,118,0.15844062710561005,0.00015135612484362367,0.705908510590261,0.11864406779661017,0.19491525423728814,0.5423728813559322,0.1440677966101695
369,47.45511708914392,1000,0.15765152253316161,0.0001505836354279869,0.6703708300965749,0.356,0.23,0.315,0.099
370,214.61977726892587,481,0.15686634805135746,0.00014981508863375306,0.6728676690745077,0.4074844074844075,0.09355509355509356,0.3264033264033264,0.17255717255717257
371,231.3320744809722,415,0.15608508408660363,0.00014905046433862245,0.6647918870367616,0.2987951807228916,0.18313253012048192,0.41204819277108434,0.10602409638554217
372,135.15313350550198,1000,0.15530771116279135,0.0001482897425229953,0.664796943164185,0.674,0.119,0.134,0.073
373,221.87322644277006,501,0.15453420990081157,0.00014753290326944765,0.6544308153437217,0.5508982035928144,0.16367265469061876,0.17764471057884232,0.10778443113772455
374,221.3448163347615,735,0.1537645610180717,0.0001467799267622098,0.6552773083794476,0.39727891156462586,0.3564625850340136,0.16054421768707483,0.08571428571428572
375,138.09096283635432,576,0.15299874532801508,0.00014603079328664748,0.6458339250620083,0.050347222222222224,0.13368055555555555,0.4565972222222222,0.359375
376,262.0993993967202,463,0.15223674373964258,0.0001452854832287458,0.6685139655013834,0.5226781857451404,0.14038876889848811,0.22894168466522677,0.1079913606911447
377,215.58301019468655,741,0.15147853725703672,0.00014454397707459556,0.6556208986694417,0.4534412955465587,0.06342780026990553,0.15519568151147098,0.32793522267206476
378,245.95185294521582,316,0.1507241069788881,0.0001438062554098824,0.6480484176388944,0.46835443037974683,0.12658227848101267,0.2879746835443038,0.11708860759493671
379,240.83121510885553,681,0.14997343409802424,0.00014307229891937854,0.6451584094366064,0.6064610866372981,0.09104258443465492,0.16152716593245228,0.14096916299559473
380,67.6005825268794,1000,0.1492264999009407,0.00014234208838643692,0.6569075944026456,0.189,0.074,0.226,0.511
381,276.9843182102149,196,0.14848328576733458,0.00014161560469248824,0.6398290225422704,0.4489795918367347,0.08673469387755102,0.3520408163265306,0.11224489795918367
382,88.22435702210414,1000,0.14774377316964035,0.00014089282881654024,0.6507690308361397,0.208,0.578,0.162,0.052
383,248.24104093594133,424,0.147007943672568,0.00014017374183467976,0.6500676668976489,0.5731132075471698,0.07783018867924528,0.21933962264150944,0.12971698113207547
384,281.1752192456833,367,0.14627577893264343,0.0001394583249195773,0.6590936166290292,0.49591280653950953,0.07356948228882834,0.19618528610354224,0.23433242506811988
385,32.95412607311829,90,0.14554726069775115,0.00013874655933999398,0.7080585314778532,0.26666666666666666,0.1111111111111111,0.5333333333333333,0.08888888888888889
386,16.15989983138269,132,0.1448223708066793,0.00013803842646029123,0.6853095736671773,0.23484848484848486,0.15151515151515152,0.4621212121212121,0.15151515151515152
387,268.89768766598314,482,0.14410109118866696,0.0001373339077399428,0.6640583439006599,0.6307053941908713,0.08506224066390042,0.17012448132780084,0.11410788381742738
388,183.89424094889836,936,0.14338340386295353,0.00013663298473304928,0.6503543387930153,0.17414529914529914,0.6848290598290598,0.10042735042735043,0.0405982905982906
389,123.34476962871602,1000,0.1426692909383306,0.0001359356390878553,0.6536386117078709,0.52,0.284,0.157,0.039
390,122.90374259554842,1000,0.14195873461269595,0.00013524185254626883,0.6435994546123709,0.315,0.05,0.143,0.492
391,256.69654819940524,327,0.14125171717260968,0.00013455160694338334,0.64142694061663,0.581039755351682,0.08256880733944955,0.19877675840978593,0.13761467889908258
392,165.54726115045705,1000,0.1405482209928527,0.00013386488420700205,0.6538685614760097,0.307,0.123,0.157,0.413
393,87.80029059654275,1000,0.13984822853598727,0.00013318166635716485,0.6650320986400634,0.098,0.32,0.163,0.419
394,253.70641673667052,568,0.13915172235191997,0.00013250193550567755,0.6630083121606435,0.6267605633802817,0.056338028169014086,0.14084507042253522,0.176056338028169
395,262.256303147857,768,0.13845868507746648,0.00013182567385564342,0.6584291557616219,0.6236979166666666,0.19791666666666666,0.12760416666666666,0.05078125
396,285.3137484064219,357,0.1377690994359189,0.00013115286370099735,0.6506015058394526,0.3025210084033613,0.22128851540616246,0.27450980392156865,0.20168067226890757
397,25.798811907204126,183,0.13708294823661493,0.00013048348742604221,0.6539338270255085,0.1366120218579235,0.16393442622950818,0.5245901639344263,0.17486338797814208
398,252.92023908174417,192,0.13640021437450947,0.00012981752750498761,0.6613600855472525,0.3645833333333333,0.13541666666666666,0.40625,0.09375
399,243.35321167283809,347,0.1357208808297481,0.0001291549665014911,0.6453012514001104,0.5619596541786743,0.10086455331412104,0.19596541786743515,0.14121037463976946
400,266.3589574556555,207,0.13504493066724277,0.00012849578706820153,0.6434542023396074,0.391304347826087,0.14009661835748793,0.36231884057971014,0.10628019323671498
401,231.52595999937722,639,0.13437234703624976,0.00012783997194630505,0.6464963101956847,0.6400625978090767,0.11267605633802817,0.18153364632237873,0.06572769953051644
402,237.01469263433265,270,0.13370311316994946,0.00012718750396507303,0.6341126441050263,0.4074074074074074,0.15555555555555556,0.32592592592592595,0.1111111111111111
403,201.99032996942793,605,0.1330372123850285,0.0001265383660414126,0.6457538078293572,0.13388429752066117,0.08264462809917356,0.32727272727272727,0.456198347107438
404,186.37183030680967,930,0.13237462808126377,0.0001258925411794194,0.6624420751570335,0.12365591397849462,0.7075268817204301,0.12365591397849462,0.04516129032258064
405,253.41351833935278,154,0.13171534374110866,0.00012525001246993246,0.6561718860329482,0.3961038961038961,0.045454545454545456,0.4805194805194805,0.07792207792207792
406,38.36486096758958,131,0.13105934292928123,0.00012461076309009165,0.6532112017118077,0.11450381679389313,0.22137404580152673,0.4198473282442748,0.24427480916030533
407,238.18326412820215,400,0.1304066092923546,0.00012397477630289708,0.6544964687949292,0.5125,0.155,0.2475,0.085
408,215.06381667745794,454,0.12975712655834912,0.00012334203545677095,0.6590521712732417,0.3722466960352423,0.10352422907488987,0.27312775330396477,0.2511013215859031
409,35.39636614671929,114,0.12911087853632688,0.00012271252398512162,0.6681819121113266,0.07017543859649122,0.12280701754385964,0.631578947368421,0.17543859649122806
410,59.17351170268188,132,0.128467849115988,0.00012208622540590974,0.6642699999557676,0.11363636363636363,0.22727272727272727,0.44696969696969696,0.21212121212121213
411,-29.408060167897546,1000,0.12782802226726903,0.00012146312332121679,0.651312869532033,0.093,0.162,0.569,0.176
412,275.4441150102985,901,0.12719138203994332,0.00012084320141681574,0.6394101396443648,0.5338512763596004,0.29633740288568255,0.11764705882352941,0.05216426193118757
413,264.44862844319664,371,0.1265579125632235,0.0001202264434617439,0.6320290145402654,0.1320754716981132,0.25336927223719674,0.38005390835579517,0.23450134770889489
414,129.2590417693695,1000,0.12592759804536563,0.00011961283330787796,0.6552506259241127,0.523,0.303,0.1,0.074
415,133.33813219843512,1000,0.1253004227732758,0.00011900235488951118,0.6485664580928112,0.392,0.447,0.104,0.057
416,261.40523377789367,688,0.12467637111211817,0.00011839499222293278,0.6412521546941681,0.6366279069767442,0.09593023255813954,0.1569767441860465,0.11046511627906977
417,209.66300570011754,286,0.12405542750492535,0.00011779072940600942,0.6327643891385412,0.25524475524475526,0.28321678321678323,0.33916083916083917,0.12237762237762238
418,279.7717053788964,466,0.12343757647221056,0.00011718955061776886,0.6396639773201167,0.572961373390558,0.10944206008583691,0.22103004291845493,0.09656652360515021
419,81.44356862023167,1000,0.1228228026115817,0.00011659144011798575,0.6515501335256838,0.397,0.385,0.159,0.059
420,53.78556604369393,93,0.12221109059735742,0.00011599638224676948,0.6423587872462,0.053763440860215055,0.15053763440860216,0.6881720430107527,0.10752688172043011
421,297.9626199802486,338,0.12160242518018508,0.00011540436142415419,0.636930230615039,0.40236686390532544,0.16272189349112426,0.2869822485207101,0.14792899408284024
422,287.160306350491,535,0.12099679118666054,0.00011481536214969084,0.6351489458480186,0.42990654205607476,0.15327102803738318,0.19813084112149532,0.21869158878504674
423,270.5437217189054,497,0.12039417351894997,0.0001142293690020414,0.621230600169427,0.5211267605633803,0.10462776659959759,0.25553319919517103,0.11871227364185111
424,73.72095378241985,100,0.11979455715441345,0.00011364636663857504,0.6203912016676715,0.16,0.12,0.6,0.12
425,202.09151924273607,665,0.11919792714523043,0.00011306633979496645,0.6270402511893707,0.2511278195488722,0.5263157894736842,0.17443609022556392,0.0481203007518797
426,263.1990265628175,314,0.11860426861802718,0.0001124892732847962,0.632944032987809,0.6019108280254777,0.09554140127388536,0.2356687898089172,0.06687898089171974
427,253.9168189597119,354,0.11801356677350594,0.00011191515199915312,0.6277163127823395,0.4548022598870056,0.14689265536723164,0.2853107344632768,0.11299435028248588
428,269.34095208207566,230,0.11742580688607601,0.00011134396090623867,0.6197315303965836,0.43043478260869567,0.1,0.3826086956521739,0.08695652173913043
429,123.83386530644341,1000,0.11684097430348667,0.00011077568505097344,0.6184210531142181,0.447,0.07,0.14,0.343
430,256.4985585601621,299,0.1162590544464619,0.00011021030955460552,0.6215651745757772,0.4882943143812709,0.10033444816053512,0.32441471571906355,0.08695652173913043
431,251.064464224295,658,0.11568003280833696,0.00010964781961432101,0.6196526786787723,0.6793313069908815,0.09422492401215805,0.15501519756838905,0.07142857142857142
432,287.5923836970712,423,0.1151038949546967,0.00010908820050285642,0.6238679157742165,0.4988179669030733,0.12293144208037825,0.26004728132387706,0.1182033096926714
433,85.32793172256602,1000,0.11453062652301578,0.00010853143756811307,0.6158053224638302,0.269,0.044,0.115,0.572
434,252.19158920422979,224,0.1139602132223006,0.00010797751623277346,0.6076303213386429,0.29910714285714285,0.12053571428571429,0.45982142857142855,0.12053571428571429
435,249.29062908086138,432,0.11339264083273302,0.00010742642199391962,0.6159309445663231,0.5717592592592593,0.07175925925925926,0.2777777777777778,0.0787037037037037
436,251.08485965834777,367,0.11282789520531596,0.00010687814042265338,0.620919649883111,0.5640326975476839,0.09264305177111716,0.2506811989100817,0.09264305177111716
437,236.75405300981757,228,0.11226596226152054,0.0001063326571637186,0.6159360412121461,0.31140350877192985,0.12280701754385964,0.4517543859649123,0.11403508771929824
438,251.86693093813525,208,0.11170682799293526,0.00010578995793512529,0.6114042221165956,0.39903846153846156,0.09134615384615384,0.3942307692307692,0.11538461538461539
439,55.12686258924791,170,0.11115047846091669,0.00010525002852777575,0.6080022698674844,0.06470588235294118,0.19411764705882353,0.5882352941176471,0.15294117647058825
440,233.65869874937897,414,0.11059689979624203,0.0001047128548050924,0.6167295385583083,0.49033816425120774,0.08454106280193237,0.32367149758454106,0.10144927536231885
441,245.51103154238754,336,0.11004607819876336,0.00010417842270264782,0.6304017086413713,0.5773809523809523,0.09226190476190477,0.24107142857142858,0.08928571428571429
442,246.30456255149696,232,0.1094979999370636,0.00010364671822779637,0.6152490605242902,0.3879310344827586,0.09913793103448276,0.41810344827586204,0.09482758620689655
443,127.01771523234092,1000,0.10895265134811426,0.00010311772745930794,0.6129180234904131,0.367,0.46,0.118,0.055
444,55.631217889448465,1000,0.10841001883693473,0.0001025914365470034,0.6036246670138273,0.312,0.115,0.35,0.223
445,163.3334752048853,533,0.10787008887625348,0.00010206783171139196,0.6196845461532787,0.16322701688555347,0.10318949343339587,0.324577861163227,0.4090056285178236
446,58.27678547648361,1000,0.10733284800617075,0.00010154689924331044,0.6161686597162548,0.308,0.442,0.189,0.061
447,252.826969003126,229,0.10679828283382309,0.00010102862550356429,0.6169251484164147,0.314410480349345,0.17903930131004367,0.3318777292576419,0.17467248908296942
448,296.65357328112077,369,0.10626638003304942,0.00010051299692257053,0.6172980053974522,0.23577235772357724,0.20596205962059622,0.2764227642276423,0.28184281842818426
449,283.39640790203384,248,0.10573712634405887,0.0001000000000000024,0.6188027127400962,0.21370967741935484,0.22580645161290322,0.3709677419354839,0.18951612903225806
450,230.10050477673687,196,0.10521050857310017,9.948962130443598e-05,0.6044623135422774,0.4030612244897959,0.07142857142857142,0.4489795918367347,0.07653061224489796
451,250.84456824218034,269,0.10468651359213282,9.898184747299844e-05,0.6098370267207842,0.23048327137546468,0.2379182156133829,0.3643122676579926,0.16728624535315986
452,258.9790059925518,290,0.10416512833849978,9.847666521101821e-05,0.6212766636303316,0.5137931034482759,0.04827586206896552,0.3413793103448276,0.09655172413793103
453,63.01872623314394,1000,0.1036463398146018,9.797406129167691e-05,0.6085736222625346,0.242,0.54,0.175,0.043
454,149.14935587135778,641,0.1031301350875735,9.747402255566301e-05,0.6035416628719257,0.18876755070202808,0.27301092043681746,0.44461778471138846,0.093603744149766
455,259.0055815103158,256,0.10261650128896083,9.69765359108273e-05,0.6162119358247828,0.484375,0.07421875,0.3515625,0.08984375
456,251.55088818868305,245,0.10210542561440039,9.648158833184013e-05,0.6185954374963082,0.4530612244897959,0.061224489795918366,0.40408163265306124,0.08163265306122448
457,230.1231433310488,439,0.10159689532330018,9.598916685985032e-05,0.602238717353837,0.07517084282460136,0.5968109339407744,0.23917995444191345,0.0888382687927107
458,19.700359146265498,137,0.10109089773852199,9.549925860214595e-05,0.6066189525047412,0.1678832116788321,0.17518248175182483,0.49635036496350365,0.16058394160583941
459,289.43439433146506,408,0.10058742024606539,9.501185073181671e-05,0.6035968469122368,0.2426470588235294,0.19117647058823528,0.40931372549019607,0.1568627450980392
460,169.813158276891,972,0.10008645029475326,9.452693048741816e-05,0.6106963676983611,0.23765432098765432,0.07098765432098765,0.24279835390946503,0.448559670781893
461,247.38059610557502,259,0.09958797539591889,9.404448517263751e-05,0.6245556056513013,0.1274131274131274,0.13127413127413126,0.41312741312741313,0.3281853281853282
462,99.15093194137184,1000,0.0990919831230947,9.356450215596125e-05,0.6065455073290245,0.521,0.329,0.095,0.055
463,274.12020161311557,232,0.09859846111170241,9.308696887034445e-05,0.6051372047165194,0.28448275862068967,0.13793103448275862,0.45689655172413796,0.1206896551724138
464,266.1377109245641,542,0.09810739705874481,9.261187281288167e-05,0.6030824564286741,0.07749077490774908,0.05904059040590406,0.16605166051660517,0.6974169741697417
465,247.62436388893454,362,0.0976187787224991,9.213920154447967e-05,0.5908750743608322,0.4530386740331492,0.13259668508287292,0.2983425414364641,0.11602209944751381
466,266.147792572987,276,0.09713259392221169,9.166894268953164e-05,0.5831810487902778,0.4528985507246377,0.10869565217391304,0.3333333333333333,0.10507246376811594
467,227.25661082781932,362,0.09664883053779448,9.120108393559328e-05,0.5947615504299496,0.1298342541436464,0.09116022099447514,0.3314917127071823,0.44751381215469616
468,234.33861818216653,342,0.09616747650952286,9.073561303306037e-05,0.6058950284720729,0.49707602339181284,0.09064327485380116,0.30701754385964913,0.10526315789473684
469,226.82230350544205,642,0.09568851983773495,9.027251779484805e-05,0.598316873478104,0.6588785046728972,0.06697819314641744,0.16199376947040497,0.11214953271028037
470,272.0100098880761,297,0.09521194858253253,8.981178609607174e-05,0.596967662294237,0.5084175084175084,0.08417508417508418,0.32323232323232326,0.08417508417508418
471,220.0840900773423,494,0.09473775086348335,8.935340587372971e-05,0.5945394425523619,0.15182186234817813,0.10526315789473684,0.4089068825910931,0.3340080971659919
472,230.94870376371702,210,0.09426591485932499,8.88973651263872e-05,0.587418338909086,0.3047619047619048,0.1,0.5047619047619047,0.09047619047619047
473,236.6714717275164,246,0.09379642880767017,8.844365191386223e-05,0.5818136211291439,0.3130081300813008,0.11788617886178862,0.44308943089430897,0.12601626016260162
474,247.149795740823,810,0.09332928100471348,8.799225435691295e-05,0.6023563983484561,0.5123456790123457,0.09259259259259259,0.18395061728395062,0.2111111111111111
475,234.5416372841334,442,0.09286445980493968,8.754316063692666e-05,0.595433448244191,0.24434389140271492,0.10407239819004525,0.4683257918552036,0.1832579185520362
476,29.024557235686018,130,0.09240195362083334,8.70963589956103e-05,0.5957545629846174,0.12307692307692308,0.15384615384615385,0.5923076923076923,0.13076923076923078
477,269.05876811982785,339,0.09194175092259001,8.665183773468267e-05,0.5897410220108585,0.5221238938053098,0.06784660766961652,0.3392330383480826,0.07079646017699115
478,-179.54393831561177,723,0.09148384023782877,8.620958521556806e-05,0.5879297819079182,0.10511756569847856,0.15629322268326418,0.5435684647302904,0.1950207468879668
479,81.83208482232071,1000,0.09102821015130624,8.576958985909162e-05,0.5988365129061888,0.16,0.654,0.138,0.048
480,227.00230470291916,312,0.09057484930463203,8.533184014517613e-05,0.589486236023494,0.08012820512820513,0.09935897435897435,0.24358974358974358,0.5769230769230769
481,248.11720386848637,265,0.09012374639598555,8.489632461254036e-05,0.5888642343284987,0.37735849056603776,0.12830188679245283,0.39622641509433965,0.09811320754716982
482,241.39460584173756,280,0.08967489017983431,8.446303185839905e-05,0.603208424782826,0.11428571428571428,0.1357142857142857,0.48928571428571427,0.26071428571428573
483,255.91919452505957,245,0.08922826946665352,8.40319505381643e-05,0.5963414407010166,0.3877551020408163,0.06938775510204082,0.4163265306122449,0.12653061224489795
484,260.3728882972251,224,0.08878387312264722,8.36030693651486e-05,0.5941053602408627,0.49107142857142855,0.07589285714285714,0.3482142857142857,0.08482142857142858
485,260.09997351467933,492,0.0883416900694707,8.317637711026927e-05,0.6018272047693858,0.29065040650406504,0.241869918699187,0.27439024390243905,0.19308943089430894
486,211.53151741411696,339,0.08790170928395427,8.275186260175448e-05,0.6007819676481205,0.3185840707964602,0.11504424778761062,0.45722713864306785,0.10914454277286136
487,-25.362986403014347,114,0.08746391979782855,8.232951472485073e-05,0.6171307516738576,0.32456140350877194,0.14912280701754385,0.38596491228070173,0.14035087719298245
488,112.64684234738074,1000,0.08702831069745101,8.190932242153187e-05,0.5922213775289681,0.193,0.027,0.164,0.616
489,272.50728563032504,268,0.08659487112353387,8.149127469020957e-05,0.5834584525675262,0.3880597014925373,0.17537313432835822,0.3805970149253731,0.055970149253731345
490,4.530364248925906,238,0.08616359027087342,8.107536058544523e-05,0.5853946896437644,0.18487394957983194,0.09663865546218488,0.5462184873949579,0.1722689075630252
491,249.48348463321645,301,0.08573445738808068,8.066156921766346e-05,0.5967312715069437,0.18272425249169436,0.09966777408637874,0.42524916943521596,0.292358803986711
492,223.4209034060926,313,0.08530746177731334,8.024988975286695e-05,0.5869286294450404,0.20447284345047922,0.0926517571884984,0.46006389776357826,0.24281150159744408
493,46.054730443502734,113,0.0848825927940091,7.984031141235278e-05,0.5968066427567116,0.12389380530973451,0.168141592920354,0.5929203539823009,0.11504424778761062
494,286.9981622723873,409,0.08445983984662027,7.943282347243025e-05,0.6129002588748339,0.20048899755501223,0.29584352078239606,0.30073349633251834,0.20293398533007334
495,83.26586673912352,1000,0.0840391923963498,7.902741526414009e-05,0.600156470843036,0.497,0.315,0.146,0.042
496,236.28764556974622,338,0.0836206399568885,7.862407617297512e-05,0.5987935583290174,0.33136094674556216,0.08579881656804733,0.4822485207100592,0.10059171597633136
497,271.134610554617,235,0.08320417209415364,7.822279563860235e-05,0.5861239644408128,0.40425531914893614,0.06808510638297872,0.451063829787234,0.07659574468085106
498,249.8398436577189,286,0.08278977842602886,7.782356315458647e-05,0.5800727110938924,0.16083916083916083,0.06643356643356643,0.2972027972027972,0.4755244755244755
499,269.790269527398,519,0.08237744862210536,7.742636826811479e-05,0.6030852804071064,0.3834296724470135,0.06936416184971098,0.4007707129094412,0.1464354527938343
500,240.86872918507692,357,0.08196717240342434,7.703120057972354e-05,0.5812884719687753,0.42857142857142855,0.06442577030812324,0.3585434173669468,0.1484593837535014
501,243.5855900166072,581,0.08155893954222078,7.66380497430256e-05,0.5798857145132945,0.2719449225473322,0.11876075731497418,0.4044750430292599,0.20481927710843373
502,222.83857330986405,450,0.08115273986166843,7.624690546443961e-05,0.5933934583029863,0.21777777777777776,0.06666666666666667,0.35555555555555557,0.36
503,249.84038465813916,379,0.08074856323562621,7.585775750292045e-05,0.5780214093407032,0.41424802110817943,0.08179419525065963,0.42216358839050133,0.08179419525065963
504,171.01424309205333,486,0.08034639958838564,7.547059566969111e-05,0.6013458154206717,0.1111111111111111,0.5390946502057613,0.2962962962962963,0.053497942386831275
505,227.66589786260127,435,0.0799462388944198,7.508540982797593e-05,0.5967297668700733,0.3954022988505747,0.06666666666666667,0.42298850574712643,0.11494252873563218
506,249.95561034300485,258,0.07954807117813331,7.470218989273521e-05,0.5923173549388567,0.37209302325581395,0.10852713178294573,0.3875968992248062,0.13178294573643412
507,4.143566240827113,165,0.07915188651361367,7.432092583040112e-05,0.6188338824440387,0.16363636363636364,0.1393939393939394,0.5636363636363636,0.13333333333333333
508,242.5014032838629,253,0.07875767502438383,7.394160765861504e-05,0.5826787285790551,0.35177865612648224,0.1067193675889328,0.44664031620553357,0.09486166007905138
509,262.3761437923479,796,0.078365426883156,7.356422544596616e-05,0.5829446592156341,0.3756281407035176,0.21231155778894473,0.21608040201005024,0.19597989949748743
510,255.52296597151974,587,0.07797513231158659,7.318876931173151e-05,0.5910428289886152,0.444633730834753,0.07495741056218058,0.3373083475298126,0.14310051107325383
511,32.0480717538025,1000,0.07758678158003256,7.281522942561718e-05,0.5896581778829636,0.272,0.081,0.355,0.292
512,202.85133655678206,460,0.07720036500730874,7.244359600750101e-05,0.5849117360927625,0.24347826086956523,0.13260869565217392,0.49130434782608695,0.13260869565217392
513,251.17550618757886,531,0.07681587296044662,7.207385932717653e-05,0.5766054653484038,0.3578154425612053,0.11864406779661017,0.4067796610169492,0.1167608286252354
514,212.92744529249745,746,0.07643329585445409,7.170600970409811e-05,0.5669442060697408,0.31769436997319034,0.39812332439678283,0.19168900804289543,0.09249329758713137
515,226.77611965318462,437,0.07605262415207657,7.134003750712762e-05,0.5815638252186404,0.425629290617849,0.08237986270022883,0.37986270022883295,0.11212814645308924
516,247.0517960862916,324,0.07567384836355925,7.097593315428215e-05,0.5757215860619777,0.33641975308641975,0.08333333333333333,0.47530864197530864,0.10493827160493827
517,235.36142795302032,290,0.0752969590464105,7.061368711248323e-05,0.5689662862740561,0.31724137931034485,0.08620689655172414,0.46551724137931033,0.1310344827586207
518,208.9469187287689,370,0.07492194680516646,7.025328989730719e-05,0.5825434534244168,0.3081081081081081,0.062162162162162166,0.5324324324324324,0.0972972972972973
519,4.847711488524948,1000,0.07454880229115689,6.989473207273681e-05,0.5778539410710787,0.218,0.151,0.534,0.097
520,261.33032448788174,290,0.07417751620227203,6.953800425091434e-05,0.5754055139750166,0.41379310344827586,0.05862068965517241,0.46206896551724136,0.06551724137931035
521,37.51011552319372,198,0.07380807928273078,6.91830970918956e-05,0.5740013761785715,0.09595959595959595,0.15151515151515152,0.5959595959595959,0.15656565656565657
522,225.4994430001184,368,0.07344048232284993,6.883000130340553e-05,0.5772276133952225,0.2418478260869565,0.22282608695652173,0.4320652173913043,0.10326086956521739
523,258.8863284259978,315,0.07307471615881456,6.847870764059486e-05,0.5781016468404389,0.44126984126984126,0.08888888888888889,0.3682539682539683,0.10158730158730159
524,222.2367532414587,737,0.0727107716724496,6.812920690579805e-05,0.5888898797559019,0.38670284938941657,0.2496607869742198,0.27951153324287653,0.08412483039348712
525,232.9654047802764,297,0.07234863979099258,6.778148994829249e-05,0.5895205040624795,0.3333333333333333,0.13131313131313133,0.3838383838383838,0.15151515151515152
526,-144.89689481315997,708,0.07198831148686739,6.743554766405891e-05,0.5762041023898273,0.0635593220338983,0.1694915254237288,0.5819209039548022,0.1850282485875706
527,123.05421429976894,704,0.07162977777745924,6.709137099554301e-05,0.584923112095555,0.12073863636363637,0.18323863636363635,0.4431818181818182,0.2528409090909091
528,-91.09958456365503,1000,0.07127302972489075,6.674895093141833e-05,0.5827313920056378,0.097,0.157,0.543,0.203
529,226.6019457845911,300,0.07091805843579913,6.64082785063503e-05,0.586333485119888,0.35333333333333333,0.08,0.47333333333333333,0.09333333333333334
530,213.18579289727762,469,0.07056485506111447,6.606934480076148e-05,0.5835626608953154,0.1791044776119403,0.3837953091684435,0.3411513859275053,0.09594882729211088
531,53.51440622587954,1000,0.07021341079583919,6.573214094059807e-05,0.5874882841697807,0.117,0.221,0.297,0.365
532,242.91996153510243,376,0.06986371687882846,6.539665809709758e-05,0.5669356215317993,0.28191489361702127,0.09042553191489362,0.5053191489361702,0.12234042553191489
533,257.6799816004053,275,0.06951576459257186,6.506288748655759e-05,0.5781443039823264,0.3781818181818182,0.11636363636363636,0.3563636363636364,0.14909090909090908
534,220.08507763317107,353,0.06916954526297603,6.473082037010584e-05,0.564099864982756,0.24645892351274787,0.1274787535410765,0.48158640226628896,0.14447592067988668
535,221.385048651156,462,0.06882505025914844,6.440044805347146e-05,0.5829236490461782,0.24675324675324675,0.15800865800865802,0.4588744588744589,0.13636363636363635
536,144.32338305056578,1000,0.06848227099318223,6.407176188675723e-05,0.5804874019578494,0.77,0.095,0.103,0.032
537,96.3707982428772,1000,0.06814119891994212,6.374475326421318e-05,0.5861880446231252,0.623,0.164,0.168,0.045
538,200.9146115404742,459,0.06780182553685142,6.341941362401126e-05,0.5910062318356101,0.18518518518518517,0.0784313725490196,0.46405228758169936,0.27233115468409586
539,226.38988407162955,669,0.06746414238368,6.309573444802116e-05,0.5838964897277368,0.4170403587443946,0.17638266068759342,0.27802690582959644,0.12855007473841554
540,229.21163858826577,705,0.06712814104233344,6.27737072615873e-05,0.5693988410894836,0.2822695035460993,0.49645390070921985,0.16879432624113475,0.0524822695035461
541,212.68973334377816,485,0.06679381313664319,6.245332363330693e-05,0.5839039273666955,0.24329896907216494,0.1360824742268041,0.5010309278350515,0.11958762886597939
542,229.93510949061363,296,0.0664611503321577,6.213457517480939e-05,0.586998285044661,0.40202702702702703,0.0945945945945946,0.38513513513513514,0.11824324324324324
543,246.3944484931842,168,0.06613014433593471,6.181745354053646e-05,0.589672593139561,0.2916666666666667,0.09523809523809523,0.42857142857142855,0.18452380952380953
544,231.46846311593555,352,0.06580078689633446,6.150195042752389e-05,0.5683685986057174,0.23011363636363635,0.16477272727272727,0.45738636363636365,0.14772727272727273
545,140.32084537550514,417,0.06547306980281405,6.1188057575184e-05,0.5786403120240806,0.19664268585131894,0.13908872901678657,0.4676258992805755,0.19664268585131894
546,280.2254174855759,225,0.0651469848857227,6.0875766765089345e-05,0.5738184101520173,0.27111111111111114,0.13333333333333333,0.37333333333333335,0.2222222222222222
547,250.39864928078157,231,0.0648225240160981,6.056506982075763e-05,0.5793591879431865,0.24242424242424243,0.12554112554112554,0.5108225108225108,0.12121212121212122
548,255.1178811753656,343,0.06449967910546381,6.0255958607437554e-05,0.5694896422743865,0.42857142857142855,0.12244897959183673,0.2944606413994169,0.15451895043731778
549,27.708770055196936,227,0.06417844210562758,5.994842503189588e-05,0.5834730409857104,0.1762114537444934,0.18502202643171806,0.4977973568281938,0.14096916299559473
550,242.39789852978265,621,0.0638588050084807,5.964246104220548e-05,0.5829568135385217,0.34782608695652173,0.16586151368760063,0.33494363929146537,0.15136876006441224
551,234.3187223182444,309,0.06354075984579843,5.933805862753456e-05,0.5686098612369612,0.31715210355987056,0.11003236245954692,0.45307443365695793,0.11974110032362459
552,264.94614950372653,218,0.0632242986890413,5.9035209817936916e-05,0.5928238863977274,0.25688073394495414,0.0963302752293578,0.5137614678899083,0.13302752293577982
553,249.21059989611382,291,0.06290941364915748,5.873390668414323e-05,0.5677712806815466,0.3161512027491409,0.06872852233676977,0.5085910652920962,0.10652920962199312
554,231.25413434940475,397,0.06259609687638612,5.8434141337353506e-05,0.5700906631109692,0.345088161209068,0.10327455919395466,0.3778337531486146,0.17380352644836272
555,233.4170564133895,333,0.06228434056006167,5.813590592903049e-05,0.5768210211040035,0.3993993993993994,0.0990990990990991,0.43243243243243246,0.06906906906906907
556,-237.79208140920213,755,0.061974136928419146,5.7839192650694185e-05,0.5746246741343819,0.13509933774834437,0.21456953642384105,0.5298013245033113,0.1205298013245033
557,220.37692718698733,385,0.06166547824840039,5.7543993733717426e-05,0.5739801414654117,0.24935064935064935,0.15844155844155844,0.42077922077922075,0.17142857142857143
558,229.0894798558097,330,0.061358356825461334,5.725030144912246e-05,0.5485448358778892,0.45151515151515154,0.13636363636363635,0.32727272727272727,0.08484848484848485
559,259.54307463833766,365,0.06105276500338012,5.695810810737859e-05,0.5620407419148572,0.4,0.08493150684931507,0.43561643835616437,0.07945205479452055
560,261.7627498691892,198,0.06074869516406628,5.666740605820084e-05,0.5673389144467645,0.25757575757575757,0.12121212121212122,0.46464646464646464,0.15656565656565657
561,251.2633667468014,469,0.06044613972737082,5.637818769034967e-05,0.5745703658756472,0.3304904051172708,0.09808102345415778,0.373134328358209,0.19829424307036247
562,237.17880112511634,312,0.060145091150897244,5.609044543143168e-05,0.5746066228830866,0.47435897435897434,0.09615384615384616,0.34615384615384615,0.08333333333333333
563,244.30653201839408,447,0.059845541929813534,5.580417174770135e-05,0.5731177486385953,0.31767337807606266,0.3333333333333333,0.21700223713646533,0.1319910514541387
564,203.90233017738274,943,0.05954748459666506,5.551935914386379e-05,0.5581125974675125,0.256627783669141,0.5079533404029692,0.17709437963944857,0.05832449628844114
565,224.89208491075766,692,0.05925091172118844,5.5236000162878504e-05,0.5605172025792462,0.37283236994219654,0.09826589595375723,0.40895953757225434,0.1199421965317919
566,229.89261660118476,306,0.058955815910126275,5.495408738576414e-05,0.5493732479077945,0.39869281045751637,0.13725490196078433,0.3300653594771242,0.13398692810457516
567,256.4875521941185,399,0.05866218980704289,5.467361343140425e-05,0.5679820085283349,0.40350877192982454,0.13784461152882205,0.3483709273182957,0.11027568922305764
568,263.49999394016197,231,0.058370026092140904,5.439457095635402e-05,0.5366229917082938,0.23376623376623376,0.1341991341991342,0.47186147186147187,0.16017316017316016
569,255.5376197513497,230,0.058079317482078785,5.4116952654648034e-05,0.563950407432425,0.2782608695652174,0.11739130434782609,0.4652173913043478,0.1391304347826087
570,290.77075662876894,257,0.05779005672978926,5.3840751257608944e-05,0.5492000826930814,0.3735408560311284,0.10894941634241245,0.38132295719844356,0.13618677042801555
571,202.57690633632728,466,0.05750223662429868,5.35659595336572e-05,0.5404777029814543,0.06223175965665236,0.12875536480686695,0.4892703862660944,0.3197424892703863
572,196.86614490690107,492,0.05721584999054722,5.329257028812169e-05,0.5441515817420751,0.25,0.12601626016260162,0.4735772357723577,0.15040650406504066
573,250.4082257163262,316,0.056930889689210055,5.302057636305136e-05,0.53907489957292,0.27531645569620256,0.1550632911392405,0.40822784810126583,0.16139240506329114
574,271.95367628085046,253,0.05664734861651935,5.2749970637027824e-05,0.5352977732803021,0.48616600790513836,0.05928853754940711,0.3794466403162055,0.07509881422924901
575,275.5247024197902,244,0.056365219704087186,5.248074602497889e-05,0.5500384038602778,0.3237704918032787,0.11475409836065574,0.4098360655737705,0.15163934426229508
576,210.91518978383974,392,0.056084495918729355,5.221289547799308e-05,0.5463527415669156,0.2602040816326531,0.12244897959183673,0.5,0.11734693877551021
577,244.51774398334376,342,0.05580517026229002,5.1946411983135046e-05,0.5231162722373317,0.39473684210526316,0.09649122807017543,0.39473684210526316,0.11403508771929824
578,251.31469113129685,189,0.05552723577146726,5.1681288563261965e-05,0.5456396863123572,0.25925925925925924,0.1164021164021164,0.49206349206349204,0.13227513227513227
579,285.713781235924,224,0.055250685517639495,5.141751827684087e-05,0.5138217504566104,0.29017857142857145,0.13839285714285715,0.38839285714285715,0.18303571428571427
580,236.3295281056572,276,0.05497551260669274,5.11550942177669e-05,0.5083913553521614,0.38405797101449274,0.09057971014492754,0.42028985507246375,0.10507246376811594
581,156.9341852546235,551,0.05470171017884877,5.08940095151825e-05,0.5213020325852131,0.13611615245009073,0.11433756805807622,0.33212341197822143,0.41742286751361163
582,241.49706545862688,213,0.05442927140849408,5.063425733329746e-05,0.5289275387524175,0.38028169014084506,0.08450704225352113,0.40375586854460094,0.13145539906103287
583,248.2041351322349,262,0.05415818950400976,5.0375830871210034e-05,0.5186995131811075,0.2786259541984733,0.14122137404580154,0.3893129770992366,0.19083969465648856
584,238.74453285276945,436,0.053888457707602165,5.011872336272881e-05,0.5306440942298417,0.31422018348623854,0.11467889908256881,0.44724770642201833,0.12385321100917432
585,-9.490108541151443,250,0.05362006929513446,4.986292807619558e-05,0.5207955161953527,0.12,0.14,0.596,0.144
586,139.2708800338237,1000,0.05335301757595899,4.960843831430907e-05,0.5189770174387643,0.766,0.034,0.106,0.094
587,269.0378314585224,383,0.053087295892750505,4.935524741394963e-05,0.5042589202114893,0.2898172323759791,0.10966057441253264,0.48825065274151436,0.1122715404699739
588,263.3423927614834,333,0.052822897621340174,4.910334874600474e-05,0.5121564974796124,0.16516516516516516,0.18618618618618618,0.35735735735735735,0.2912912912912913
589,218.75716465715007,437,0.052559816170550465,4.885273571519545e-05,0.5196816194635341,0.3135011441647597,0.11441647597254005,0.41647597254004576,0.15560640732265446
590,283.73468712938217,215,0.05229804498203084,4.860340175990373e-05,0.5117326029317767,0.3813953488372093,0.10232558139534884,0.3767441860465116,0.13953488372093023
591,256.01839901757944,344,0.05203757753009425,4.8355340352000625e-05,0.5151921108091344,0.29069767441860467,0.18895348837209303,0.42441860465116277,0.09593023255813954
592,292.02969792187923,238,0.051778407321554455,4.810854499667538e-05,0.5107413650503313,0.6596638655462185,0.05042016806722689,0.23529411764705882,0.0546218487394958
593,233.51684990175426,372,0.05152052789556417,4.786300923226537e-05,0.5000077627147245,0.16129032258064516,0.1639784946236559,0.5188172043010753,0.15591397849462366
594,212.73637062274153,296,0.051263932823453984,4.76187266300869e-05,0.4957811019815462,0.28040540540540543,0.11486486486486487,0.3918918918918919,0.21283783783783783
595,151.50009317379943,1000,0.051008615708572125,4.737569079426693e-05,0.5209002765102698,0.55,0.038,0.149,0.263
596,194.42387643395443,528,0.050754570186124975,4.713389536157557e-05,0.5099310056665014,0.058712121212121215,0.10227272727272728,0.4185606060606061,0.42045454545454547
597,251.84674177635927,413,0.0505017899230184,4.689333400125952e-05,0.511778733781322,0.41646489104116224,0.25181598062953997,0.23002421307506055,0.1016949152542373
598,226.2337175109741,226,0.050250268617699906,4.665400041487629e-05,0.5149343076489064,0.3893805309734513,0.11061946902654868,0.3938053097345133,0.10619469026548672
599,251.7839171658403,211,0.05000000000000151,4.6415888336129295e-05,0.5103103008669159,0.32701421800947866,0.05687203791469194,0.5023696682464455,0.11374407582938388
600,222.4033670542912,318,0.05,4.617899153070379e-05,0.4949423396707504,0.3553459119496855,0.09433962264150944,0.4591194968553459,0.09119496855345911
601,250.4879419356516,793,0.05,4.594330379610366e-05,0.5041796081928229,0.3493064312736444,0.308953341740227,0.2572509457755359,0.08448928121059268
602,274.02906156342834,222,0.05,4.5708818961488994e-05,0.4910261506218297,0.2702702702702703,0.11711711711711711,0.46396396396396394,0.14864864864864866
603,163.35973219522342,494,0.05,4.547553088751453e-05,0.5065324641848122,0.13562753036437247,0.11336032388663968,0.46558704453441296,0.2854251012145749
604,146.872334764024,1000,0.05,4.524343346616893e-05,0.4980420695892708,0.451,0.049,0.168,0.332
605,237.6505363995087,461,0.05,4.501252062061484e-05,0.49694830459557193,0.14316702819956617,0.5097613882863341,0.25162689804772237,0.09544468546637744
606,232.29579433914162,356,0.05,4.478278630502978e-05,0.4927273587180988,0.3089887640449438,0.10955056179775281,0.47752808988764045,0.10393258426966293
607,275.62251725809887,290,0.05,4.4554224504447877e-05,0.48911196828771325,0.20689655172413793,0.16206896551724137,0.46551724137931033,0.16551724137931034
608,279.15341833947485,210,0.05,4.4326829234602346e-05,0.5022791562966433,0.23333333333333334,0.11904761904761904,0.5047619047619047,0.14285714285714285
609,227.69233698127618,349,0.05,4.410059454176883e-05,0.48978137197877475,0.40114613180515757,0.12034383954154727,0.39255014326647564,0.08595988538681948
610,254.14010952757124,217,0.05,4.387551450260952e-05,0.49444856907752804,0.391705069124424,0.07834101382488479,0.4470046082949309,0.08294930875576037
611,243.306022645315,190,0.05,4.3651583224018043e-05,0.506855846675794,0.38421052631578945,0.07368421052631578,0.4473684210526316,0.09473684210526316
612,183.96720774077016,421,0.05,4.3428794842965214e-05,0.4817788935682172,0.07600950118764846,0.16864608076009502,0.501187648456057,0.25415676959619954
613,274.44744307133,196,0.05,4.320714352634547e-05,0.5008173514271244,0.25,0.10714285714285714,0.5204081632653061,0.12244897959183673
614,253.4306984431625,197,0.05,4.29866234708242e-05,0.5022112040688819,0.350253807106599,0.08121827411167512,0.4416243654822335,0.12690355329949238
615,235.3951186679182,321,0.05,4.276722890268576e-05,0.4914612776153177,0.3364485981308411,0.11526479750778816,0.43613707165109034,0.11214953271028037
616,246.5324981695121,527,0.05,4.254895407768233e-05,0.49786497624210113,0.4174573055028463,0.09867172675521822,0.3225806451612903,0.16129032258064516
617,275.46759878637886,230,0.05,4.23317932808835e-05,0.4996053344569146,0.5260869565217391,0.034782608695652174,0.3869565217391304,0.05217391304347826
618,151.50916103986702,1000,0.05,4.2115740826526656e-05,0.4946946826824553,0.689,0.147,0.117,0.047
619,221.00566561665602,204,0.05,4.19007910578681e-05,0.4932842262293202,0.11274509803921569,0.4166666666666667,0.4019607843137255,0.06862745098039216
620,237.6299886187152,962,0.05,4.168693834703494e-05,0.4898233859096832,0.3264033264033264,0.0550935550935551,0.19022869022869024,0.4282744282744283
621,274.7154846189875,205,0.05,4.147417709487777e-05,0.48257742072867615,0.35121951219512193,0.11219512195121951,0.424390243902439,0.11219512195121951
622,111.53388049363645,1000,0.05,4.126250173082403e-05,0.48029885343252837,0.321,0.038,0.115,0.526
623,286.04109001231393,232,0.05,4.1051906712732176e-05,0.49355048666501744,0.34051724137931033,0.11206896551724138,0.40948275862068967,0.13793103448275862
624,250.72752079157158,315,0.05,4.084238652674659e-05,0.48353473129354824,0.1873015873015873,0.1523809523809524,0.5079365079365079,0.1523809523809524
625,250.17506398542403,271,0.05,4.063393568715319e-05,0.4867737983163446,0.26199261992619927,0.14760147601476015,0.4575645756457565,0.13284132841328414
626,286.1194989504849,213,0.05,4.04265487362358e-05,0.4635980974770894,0.30985915492957744,0.10328638497652583,0.41784037558685444,0.16901408450704225
627,271.0259402618209,282,0.05,4.022022024413328e-05,0.48234480990097267,0.5035460992907801,0.08865248226950355,0.33687943262411346,0.07092198581560284
628,131.27313286951863,1000,0.05,4.001494480869733e-05,0.4752630643340893,0.464,0.038,0.132,0.366
629,292.14310561809145,222,0.05,3.981071705535108e-05,0.4681033051626162,0.34234234234234234,0.08108108108108109,0.4594594594594595,0.11711711711711711
630,303.0027950611733,212,0.05,3.960753163694834e-05,0.4710571094278841,0.25,0.10377358490566038,0.49056603773584906,0.15566037735849056
631,254.86039097861607,162,0.05,3.940538323363363e-05,0.4622798640909139,0.2654320987654321,0.11728395061728394,0.43209876543209874,0.18518518518518517
632,274.8589025806335,229,0.05,3.920426655270286e-05,0.45059525508497045,0.38427947598253276,0.07423580786026202,0.4279475982532751,0.11353711790393013
633,259.52983235536203,305,0.05,3.90041763284648e-05,0.4552040764180603,0.47540983606557374,0.07868852459016394,0.3344262295081967,0.11147540983606558
634,100.69401476335804,1000,0.05,3.8805107322103155e-05,0.47013352894433036,0.477,0.039,0.143,0.341
635,-13.698811505985205,195,0.05,3.860705432153946e-05,0.46163155725150556,0.2,0.11282051282051282,0.5538461538461539,0.13333333333333333
636,296.40026591197454,335,0.05,3.841001214129657e-05,0.45828232729365476,0.3641791044776119,0.12835820895522387,0.2716417910447761,0.23582089552238805
637,233.63061886387788,227,0.05,3.8213975622362915e-05,0.4520485483179492,0.41409691629955947,0.06607929515418502,0.4052863436123348,0.1145374449339207
638,219.9717936558528,916,0.05,3.801893963205743e-05,0.4640228023528533,0.30240174672489084,0.056768558951965066,0.1943231441048035,0.4465065502183406
639,276.7833999035115,473,0.05,3.782489906389515e-05,0.4556474955571762,0.3107822410147992,0.14799154334038056,0.3361522198731501,0.20507399577167018
640,261.63624649172255,224,0.05,3.763184883745353e-05,0.4492435156359055,0.25892857142857145,0.13839285714285715,0.4375,0.16517857142857142
641,214.09381633934976,243,0.05,3.743978389823941e-05,0.46206402411527064,0.11522633744855967,0.3662551440329218,0.3868312757201646,0.13168724279835392
642,233.0241127335419,194,0.05,3.724869921755669e-05,0.47102095327968135,0.3402061855670103,0.08762886597938144,0.4175257731958763,0.15463917525773196
643,285.226111553314,253,0.05,3.7058589792374664e-05,0.46202571818278626,0.25691699604743085,0.1541501976284585,0.4308300395256917,0.15810276679841898
644,242.667229202474,664,0.05,3.686945064519703e-05,0.46534879214904984,0.6460843373493976,0.12951807228915663,0.17921686746987953,0.045180722891566265
645,296.086322495,210,0.05,3.668127682393157e-05,0.4477843123078278,0.2571428571428571,0.11428571428571428,0.5,0.12857142857142856
646,289.7529320918703,214,0.05,3.6494063401760485e-05,0.4675800713344486,0.3925233644859813,0.0794392523364486,0.4205607476635514,0.10747663551401869
647,268.79726840557663,401,0.05,3.63078054770114e-05,0.4581384802287163,0.4089775561097257,0.10473815461346633,0.40648379052369077,0.0798004987531172
648,120.4443267661005,1000,0.05,3.612249817302904e-05,0.45711860715245517,0.426,0.036,0.159,0.379
649,296.1109983274592,280,0.05,3.593813663804753e-05,0.45581849201648766,0.2892857142857143,0.1392857142857143,0.42857142857142855,0.14285714285714285
650,241.35404137336167,224,0.05,3.575471604506339e-05,0.4633815505465116,0.12946428571428573,0.42410714285714285,0.38392857142857145,0.0625
651,247.8076508821587,219,0.05,3.557223159170912e-05,0.4365552626852175,0.5342465753424658,0.0502283105022831,0.3561643835616438,0.0593607305936073
652,289.65091922417963,307,0.05,3.5390678500127486e-05,0.4602242049473677,0.2768729641693811,0.13029315960912052,0.4788273615635179,0.11400651465798045
653,302.797225898314,228,0.05,3.5210052016846434e-05,0.4721336597190064,0.35964912280701755,0.06578947368421052,0.39035087719298245,0.18421052631578946
654,89.2162601016727,1000,0.05,3.5030347412654595e-05,0.4535148789117252,0.228,0.053,0.149,0.57
655,269.09776161982995,245,0.05,3.4851559982477505e-05,0.46381666017353984,0.42448979591836733,0.09795918367346938,0.37142857142857144,0.10612244897959183
656,245.65964406931016,224,0.05,3.467368504525439e-05,0.4465859166416335,0.4375,0.11160714285714286,0.34375,0.10714285714285714
657,285.8717260554455,208,0.05,3.4496717943815614e-05,0.45986760326138515,0.30288461538461536,0.125,0.40865384615384615,0.16346153846153846
658,259.03325414404856,183,0.05,3.4320654044760744e-05,0.45755579313096856,0.28415300546448086,0.11475409836065574,0.44808743169398907,0.15300546448087432
659,212.31465695287682,599,0.05,3.414548873833723e-05,0.4530225047077437,0.44407345575959933,0.2003338898163606,0.27545909849749584,0.08013355592654424
660,28.026598791428484,126,0.05,3.397121743831973e-05,0.4611638416061086,0.3492063492063492,0.1111111111111111,0.47619047619047616,0.06349206349206349
661,261.98284274252654,266,0.05,3.379783558189e-05,0.4504981292120209,0.34962406015037595,0.09398496240601503,0.46616541353383456,0.09022556390977443
662,238.79474737229907,349,0.05,3.3625338629517463e-05,0.4497487209316127,0.14613180515759314,0.1346704871060172,0.47564469914040114,0.24355300859598855
663,274.88163595784647,296,0.05,3.345372206484034e-05,0.4616851739840226,0.5337837837837838,0.0777027027027027,0.30405405405405406,0.08445945945945946
664,280.7794208552113,231,0.05,3.328298139454739e-05,0.44736853710090463,0.38961038961038963,0.09090909090909091,0.39826839826839827,0.12121212121212122
665,250.52937326137268,247,0.05,3.311311214826029e-05,0.4552289018832962,0.4008097165991903,0.0728744939271255,0.4048582995951417,0.1214574898785425
666,205.32379037040462,394,0.05,3.2944109878416555e-05,0.45245219442957796,0.3604060913705584,0.10152284263959391,0.39086294416243655,0.14720812182741116
667,246.02281849491635,313,0.05,3.2775970160153124e-05,0.4601212017836369,0.21725239616613418,0.1853035143769968,0.3354632587859425,0.26198083067092653
668,272.7228259135175,203,0.05,3.26086885911905e-05,0.45913934902914033,0.2561576354679803,0.1330049261083744,0.41379310344827586,0.19704433497536947
669,188.3732423525567,161,0.05,3.2442260791717464e-05,0.45141556489483664,0.11180124223602485,0.37888198757763975,0.4161490683229814,0.09316770186335403
670,186.0707328580395,283,0.05,3.227668240427644e-05,0.4593607130195571,0.045936395759717315,0.1696113074204947,0.43462897526501765,0.3498233215547703
671,237.5918532399451,286,0.05,3.211194909364938e-05,0.4707227265184465,0.36363636363636365,0.1048951048951049,0.42657342657342656,0.1048951048951049
672,289.39176211254903,235,0.05,3.194805654674426e-05,0.4672900722639964,0.14468085106382977,0.1829787234042553,0.4723404255319149,0.2
673,287.303146393985,164,0.05,3.178500047248217e-05,0.46104607700494765,0.29878048780487804,0.09146341463414634,0.4695121951219512,0.1402439024390244
674,282.31380759390237,202,0.05,3.1622776601684934e-05,0.43304488660478335,0.21782178217821782,0.12871287128712872,0.46534653465346537,0.18811881188118812
675,117.61566521610322,1000,0.05,3.1461380686963373e-05,0.45453950246951536,0.418,0.044,0.117,0.421
676,305.1479309205082,241,0.05,3.1300808502606066e-05,0.45278464818677144,0.1825726141078838,0.16182572614107885,0.47717842323651455,0.17842323651452283
677,279.2953559884169,273,0.05,3.1141055844468724e-05,0.44467349152007857,0.326007326007326,0.13553113553113552,0.38461538461538464,0.15384615384615385
678,128.20587392459652,1000,0.05,3.0982118529864115e-05,0.45007680357674507,0.465,0.039,0.146,0.35
679,260.6745968220804,181,0.05,3.082399239745255e-05,0.43175483857568864,0.32044198895027626,0.11049723756906077,0.4088397790055249,0.16022099447513813
680,292.0163872376235,275,0.05,3.066667330713294e-05,0.45395319349657587,0.2290909090909091,0.21818181818181817,0.29818181818181816,0.2545454545454545
681,143.68606402905021,1000,0.05,3.0510157139934383e-05,0.4551596323988657,0.513,0.043,0.097,0.347
682,282.90378572881053,290,0.05,3.035443979790832e-05,0.4329779097024701,0.3413793103448276,0.07931034482758621,0.4862068965517241,0.09310344827586207
683,267.9047720162825,179,0.05,3.0199517204021263e-05,0.44737099447826506,0.27932960893854747,0.10614525139664804,0.46368715083798884,0.15083798882681565
684,237.39940388239881,357,0.05,3.0045385302048023e-05,0.4479485470823405,0.1092436974789916,0.11764705882352941,0.3865546218487395,0.3865546218487395
685,123.38002594128383,1000,0.05,2.9892040056465527e-05,0.44322906576847304,0.382,0.057,0.165,0.396
686,293.3149024609692,250,0.05,2.9739477452347147e-05,0.44486595509857135,0.24,0.12,0.508,0.132
687,141.19151159867073,1000,0.05,2.9587693495257588e-05,0.448410200194909,0.616,0.046,0.127,0.211
688,280.8465838211815,198,0.05,2.9436684211148304e-05,0.44839793863341276,0.3181818181818182,0.10101010101010101,0.42424242424242425,0.15656565656565657
689,274.4195970484011,258,0.05,2.928644564625344e-05,0.4451270215491731,0.3062015503875969,0.13178294573643412,0.2713178294573643,0.29069767441860467
690,294.00729846213244,214,0.05,2.9136973866986325e-05,0.4361506658794055,0.19158878504672897,0.1588785046728972,0.3925233644859813,0.2570093457943925
691,251.31163706389253,280,0.05,2.898826495983647e-05,0.44354740906048984,0.3464285714285714,0.1,0.4357142857142857,0.11785714285714285
692,273.52035977009615,235,0.05,2.8840315031267124e-05,0.4401507157595954,0.3617021276595745,0.11063829787234042,0.37446808510638296,0.15319148936170213
693,306.1919025341094,274,0.05,2.8693120207613298e-05,0.43836733885445334,0.23722627737226276,0.15328467153284672,0.42700729927007297,0.18248175182481752
694,-23.04141394378361,158,0.05,2.8546676634980377e-05,0.4575441985022756,0.2088607594936709,0.17088607594936708,0.4620253164556962,0.15822784810126583
695,264.6861230862654,218,0.05,2.84009804791432e-05,0.45264237312603917,0.3532110091743119,0.11467889908256881,0.37155963302752293,0.16055045871559634
696,248.10321866878422,465,0.05,2.8256027925445676e-05,0.44679320690266366,0.13333333333333333,0.043010752688172046,0.2817204301075269,0.5419354838709678
697,293.2180039442944,194,0.05,2.8111815178700904e-05,0.4466194745343387,0.27319587628865977,0.11855670103092783,0.44329896907216493,0.16494845360824742
698,238.03784281128048,651,0.05,2.796833846309181e-05,0.4362441784036772,0.32872503840245776,0.22887864823348694,0.21505376344086022,0.22734254992319508
699,242.05918465599683,354,0.05,2.7825594022072283e-05,0.43907384289411044,0.480225988700565,0.1694915254237288,0.2655367231638418,0.0847457627118644
700,285.5825231663889,221,0.05,2.7683578118268825e-05,0.44524197411824923,0.3438914027149321,0.07239819004524888,0.48868778280542985,0.09502262443438914
701,275.50871706374966,309,0.05,2.7542287033382697e-05,0.4437372665985662,0.39158576051779936,0.11974110032362459,0.37216828478964403,0.11650485436893204
702,229.5492044373057,267,0.05,2.740171706809256e-05,0.4340611090554969,0.47191011235955055,0.11235955056179775,0.299625468164794,0.11610486891385768
703,264.88334088779294,259,0.05,2.726186454195763e-05,0.4386184716015636,0.28185328185328185,0.10810810810810811,0.44015444015444016,0.16988416988416988
704,287.7565797262782,192,0.05,2.7122725793321306e-05,0.44322091538582287,0.1875,0.11458333333333333,0.4895833333333333,0.20833333333333334
705,284.9435930701413,282,0.05,2.6984297179215296e-05,0.4461871833252147,0.3971631205673759,0.07446808510638298,0.4432624113475177,0.0851063829787234
706,248.01124711568096,233,0.05,2.684657507526425e-05,0.4145964302749232,0.34763948497854075,0.0815450643776824,0.4678111587982833,0.10300429184549356
707,297.20094039034626,225,0.05,2.670955587559086e-05,0.43296319979040093,0.2577777777777778,0.12,0.4888888888888889,0.13333333333333333
708,313.0148020959967,266,0.05,2.6573235992721436e-05,0.43974640136095433,0.36466165413533835,0.11278195488721804,0.3308270676691729,0.19172932330827067
709,275.7106901428433,374,0.05,2.6437611857491997e-05,0.4443842477027406,0.36363636363636365,0.339572192513369,0.22727272727272727,0.06951871657754011
710,233.75268860919672,418,0.05,2.6302679918954817e-05,0.4320490109665043,0.145933014354067,0.09569377990430622,0.5023923444976076,0.25598086124401914
711,-8.124107852070566,207,0.05,2.6168436644285447e-05,0.43511940131841037,0.2028985507246377,0.18357487922705315,0.47342995169082125,0.14009661835748793
712,304.43305794725364,253,0.05,2.603487851869022e-05,0.43174531832652274,0.2885375494071146,0.11462450592885376,0.4426877470355731,0.1541501976284585
713,244.46666984166586,596,0.05,2.590200204531423e-05,0.44682378987375354,0.4697986577181208,0.026845637583892617,0.12248322147651007,0.3808724832214765
714,218.79499428105376,454,0.05,2.5769803745149768e-05,0.43930342114351234,0.3964757709251101,0.07268722466960352,0.31938325991189426,0.21145374449339208
715,241.29064382133623,244,0.05,2.5638280156945248e-05,0.42588260189549976,0.4180327868852459,0.11065573770491803,0.3237704918032787,0.14754098360655737
716,255.31785924082277,234,0.05,2.5507427837114567e-05,0.44172725246217037,0.4444444444444444,0.12393162393162394,0.3547008547008547,0.07692307692307693
717,266.14332914690357,223,0.05,2.5377243359646956e-05,0.4383413990577807,0.22869955156950672,0.14349775784753363,0.43946188340807174,0.18834080717488788
718,274.5866176457511,404,0.05,2.5247723316017274e-05,0.43126420776255214,0.42574257425742573,0.2747524752475248,0.21534653465346534,0.08415841584158416
719,278.6067744138396,241,0.05,2.5118864315096767e-05,0.42756228237968064,0.3070539419087137,0.12448132780082988,0.4315352697095436,0.13692946058091288
720,261.91031270255303,300,0.05,2.4990662983064277e-05,0.44784940135429013,0.54,0.1,0.26666666666666666,0.09333333333333334
721,296.85776276865954,185,0.05,2.4863115963317916e-05,0.436935272491799,0.2810810810810811,0.08648648648648649,0.4972972972972973,0.13513513513513514
722,298.58690008721476,222,0.05,2.473621991638717e-05,0.4380635484306239,0.24324324324324326,0.12162162162162163,0.42792792792792794,0.2072072072072072
723,273.56982155152826,242,0.05,2.4609971519845472e-05,0.4509444492906679,0.2024793388429752,0.1652892561983471,0.45454545454545453,0.17768595041322313
724,240.76733751718137,166,0.05,2.448436746822322e-05,0.41974305764700676,0.18072289156626506,0.13855421686746988,0.4759036144578313,0.20481927710843373
725,283.36255770764353,250,0.05,2.4359404472921215e-05,0.4194136509677738,0.228,0.112,0.548,0.112
726,250.04917920341973,180,0.05,2.4235079262124575e-05,0.4429608728815229,0.3055555555555556,0.09444444444444444,0.48333333333333334,0.11666666666666667
727,196.4245687872771,662,0.05,2.4111388580717055e-05,0.43585262865316826,0.3580060422960725,0.0634441087613293,0.20694864048338368,0.3716012084592145
728,225.80811433108417,340,0.05,2.3988329190195842e-05,0.4322616445405496,0.4470588235294118,0.20294117647058824,0.27647058823529413,0.07352941176470588
729,280.26952833535734,256,0.05,2.3865897868586744e-05,0.4313177808505686,0.31640625,0.109375,0.4453125,0.12890625
730,255.19498182389412,398,0.05,2.3744091410359837e-05,0.43364997604384314,0.16331658291457288,0.09547738693467336,0.44974874371859297,0.2914572864321608
731,304.716239817878,177,0.05,2.3622906626345543e-05,0.4274864345591949,0.21468926553672316,0.14124293785310735,0.4576271186440678,0.1864406779661017
732,268.9641167403148,451,0.05,2.350234034365113e-05,0.43015600939812376,0.43237250554323725,0.1197339246119734,0.3436807095343681,0.10421286031042129
733,288.9983823090889,235,0.05,2.3382389405577622e-05,0.4404957458105495,0.3404255319148936,0.08936170212765958,0.42127659574468085,0.14893617021276595
734,240.00204087891296,538,0.05,2.3263050671537174e-05,0.4268434622977166,0.32899628252788105,0.046468401486988845,0.16728624535315986,0.45724907063197023
735,264.41238663852437,191,0.05,2.314432101697083e-05,0.43117131870657244,0.28272251308900526,0.11518324607329843,0.4083769633507853,0.193717277486911
736,118.35792997427538,1000,0.05,2.302619733326671e-05,0.43492805291941294,0.364,0.029,0.118,0.489
737,247.6687842332889,191,0.05,2.2908676527678637e-05,0.41562012014865546,0.2356020942408377,0.14659685863874344,0.450261780104712,0.16753926701570682
738,207.22321649506176,502,0.05,2.279175552324514e-05,0.42607265040138215,0.5956175298804781,0.08764940239043825,0.23705179282868527,0.0796812749003984
739,220.48210961355412,212,0.05,2.2675431258708915e-05,0.41844508543713654,0.33490566037735847,0.10377358490566038,0.46226415094339623,0.09905660377358491
740,248.19721136023276,226,0.05,2.2559700688436657e-05,0.42215071581129393,0.3584070796460177,0.08849557522123894,0.43805309734513276,0.11504424778761062
741,282.48246843396385,240,0.05,2.2444560782339324e-05,0.43951027323834435,0.2833333333333333,0.1125,0.4041666666666667,0.2
742,305.1361561293619,306,0.05,2.233000852579281e-05,0.4310241299465882,0.238562091503268,0.1437908496732026,0.2908496732026144,0.32679738562091504
743,307.07073362025005,228,0.05,2.2216040919558996e-05,0.4289518561857979,0.2850877192982456,0.13596491228070176,0.37719298245614036,0.20175438596491227
744,235.97355727326263,349,0.05,2.210265497970725e-05,0.43029336847018984,0.4154727793696275,0.09742120343839542,0.37822349570200575,0.10888252148997135
745,267.08424945143724,304,0.05,2.1989847737536276e-05,0.42618470434794603,0.4309210526315789,0.07894736842105263,0.40131578947368424,0.08881578947368421
746,258.6767720508511,244,0.05,2.1877616239496397e-05,0.41894087089875015,0.38524590163934425,0.09836065573770492,0.38114754098360654,0.13524590163934427
747,282.35110283139977,203,0.05,2.176595754711223e-05,0.43790494113837625,0.21182266009852216,0.12807881773399016,0.49261083743842365,0.16748768472906403
748,257.8223707826327,165,0.05,2.1654868736905736e-05,0.41693597440408947,0.3212121212121212,0.07878787878787878,0.47878787878787876,0.12121212121212122
749,141.89781974356205,1000,0.05,2.1544346900319697e-05,0.4268309152233374,0.415,0.054,0.151,0.38
750,266.8228370635537,224,0.05,2.143438914364154e-05,0.4319614678348587,0.42857142857142855,0.13839285714285715,0.3794642857142857,0.05357142857142857
751,27.936152735692502,215,0.05,2.1324992587927593e-05,0.4280613181351703,0.16744186046511628,0.11162790697674418,0.5627906976744186,0.15813953488372093
752,254.28080408676882,221,0.05,2.1216154368927693e-05,0.4135118293960225,0.35294117647058826,0.12669683257918551,0.40271493212669685,0.11764705882352941
753,261.56598839794987,199,0.05,2.1107871637010202e-05,0.4145034780773472,0.271356783919598,0.10552763819095477,0.47738693467336685,0.1457286432160804
754,252.1896928275054,243,0.05,2.1000141557087397e-05,0.4241782288075274,0.3374485596707819,0.102880658436214,0.43621399176954734,0.12345679012345678
755,261.7858462872134,227,0.05,2.0892961308541232e-05,0.41871826246466803,0.42731277533039647,0.07929515418502203,0.36123348017621143,0.13215859030837004
756,272.92698756309994,193,0.05,2.0786328085149503e-05,0.4348614919882682,0.40414507772020725,0.08808290155440414,0.38341968911917096,0.12435233160621761
757,171.18651850682502,397,0.05,2.0680239095012362e-05,0.42688918802167136,0.28967254408060455,0.345088161209068,0.30730478589420657,0.05793450881612091
758,273.30977927251354,227,0.05,2.057469156047922e-05,0.43739889602752885,0.2599118942731278,0.13215859030837004,0.45374449339207046,0.15418502202643172
759,285.44660397930426,462,0.05,2.0469682718076032e-05,0.43013483769012395,0.5411255411255411,0.049783549783549784,0.3268398268398268,0.08225108225108226
760,251.9994785549368,413,0.05,2.036520981843293e-05,0.42216694643431835,0.19854721549636803,0.19612590799031476,0.2542372881355932,0.35108958837772397
761,295.9941914913319,266,0.05,2.026127012621225e-05,0.4241831742532896,0.2669172932330827,0.15413533834586465,0.39473684210526316,0.18421052631578946
762,235.71118802709316,380,0.05,2.01578609200369e-05,0.4385096283468232,0.15263157894736842,0.11578947368421053,0.43157894736842106,0.3
763,276.31922126910956,252,0.05,2.0054979492419124e-05,0.4163264587926014,0.3968253968253968,0.10317460317460317,0.35714285714285715,0.14285714285714285
764,260.07416480068423,188,0.05,1.9952623149689603e-05,0.4297058704492438,0.4521276595744681,0.09574468085106383,0.3723404255319149,0.0797872340425532
765,275.58902501890543,208,0.05,1.9850789211926935e-05,0.4218375621772467,0.34134615384615385,0.10576923076923077,0.4326923076923077,0.1201923076923077
766,261.027119643211,237,0.05,1.9749475012887463e-05,0.41426578935398145,0.32489451476793246,0.10126582278481013,0.4430379746835443,0.1308016877637131
767,259.6943439458207,232,0.05,1.964867789993547e-05,0.42336497800240663,0.38362068965517243,0.09913793103448276,0.43103448275862066,0.08620689655172414
768,260.3511873931524,240,0.05,1.9548395233973733e-05,0.4265240030601467,0.32083333333333336,0.1125,0.38333333333333336,0.18333333333333332
769,39.1314967901761,153,0.05,1.944862438937441e-05,0.4132870379493884,0.1568627450980392,0.1895424836601307,0.48366013071895425,0.16993464052287582
770,275.4253993857627,254,0.05,1.934936275391031e-05,0.4168490428548097,0.3031496062992126,0.10236220472440945,0.4330708661417323,0.16141732283464566
771,160.74222028219856,1000,0.05,1.9250607728686487e-05,0.4200751592325907,0.635,0.04,0.161,0.164
772,201.87802106137138,224,0.05,1.915235672807221e-05,0.4341330165863858,0.08035714285714286,0.15625,0.46875,0.29464285714285715
773,250.57921810362106,172,0.05,1.905460717963325e-05,0.4422747662362674,0.22674418604651161,0.14534883720930233,0.45930232558139533,0.1686046511627907
774,230.20031667001513,196,0.05,1.895735652406453e-05,0.4338069220748182,0.39285714285714285,0.08163265306122448,0.3826530612244898,0.14285714285714285
775,258.2849006177436,176,0.05,1.8860602215123135e-05,0.42203538036056076,0.2215909090909091,0.16477272727272727,0.42613636363636365,0.1875
776,202.589603368427,399,0.05,1.876434171956162e-05,0.42850983169887646,0.10526315789473684,0.09273182957393483,0.42355889724310775,0.37844611528822053
777,272.0325956649019,236,0.05,1.8668572517061694e-05,0.4349060991296766,0.3559322033898305,0.08898305084745763,0.4322033898305085,0.1228813559322034
778,270.0547932957659,427,0.05,1.8573292100168245e-05,0.42647824782389077,0.38875878220140514,0.15456674473067916,0.2857142857142857,0.17096018735362997
779,240.62748619962773,301,0.05,1.8478497974223667e-05,0.41460540009972874,0.5116279069767442,0.10963455149501661,0.2956810631229236,0.08305647840531562
780,316.15931073891943,187,0.05,1.8384187657302558e-05,0.42661745826562353,0.21390374331550802,0.12299465240641712,0.48663101604278075,0.17647058823529413
781,96.04049843970498,1000,0.05,1.8290358680146737e-05,0.4246033301831259,0.397,0.042,0.13,0.431
782,271.46597322073524,236,0.05,1.8197008586100586e-05,0.4316234383963831,0.2966101694915254,0.11440677966101695,0.4406779661016949,0.1483050847457627
783,277.0845091573925,219,0.05,1.8104134931046738e-05,0.4113014308282354,0.3698630136986301,0.1187214611872146,0.3515981735159817,0.1598173515981735
784,283.13401056328405,247,0.05,1.8011735283342077e-05,0.4412021405216098,0.2631578947368421,0.15384615384615385,0.44129554655870445,0.1417004048582996
785,246.06390522654826,320,0.05,1.791980722375408e-05,0.42550637301281746,0.421875,0.15,0.303125,0.125
786,160.62453331084845,1000,0.05,1.782834834539747e-05,0.42339728193405324,0.48,0.381,0.095,0.044
787,274.37411749466867,178,0.05,1.7737356253671193e-05,0.41002314751575764,0.34831460674157305,0.08426966292134831,0.4550561797752809,0.11235955056179775
788,280.21305178892055,150,0.05,1.7646828566195736e-05,0.4515004462083446,0.24666666666666667,0.10666666666666667,0.5066666666666667,0.14
789,228.74389622815914,227,0.05,1.7556762912750744e-05,0.4328335437677488,0.41409691629955947,0.10572687224669604,0.3744493392070485,0.10572687224669604
790,277.16752712558423,296,0.05,1.7467156935212957e-05,0.42863497464791056,0.543918918918919,0.06418918918918919,0.28040540540540543,0.11148648648648649
791,277.53048872823814,273,0.05,1.737800828749448e-05,0.42660907544473575,0.23809523809523808,0.11721611721611722,0.5201465201465202,0.12454212454212454
792,243.45285029995384,275,0.05,1.728931463548134e-05,0.4185191715713959,0.5054545454545455,0.10181818181818182,0.28,0.11272727272727273
793,271.6788452733721,240,0.05,1.7201073656972398e-05,0.4149886348899202,0.3541666666666667,0.11666666666666667,0.4083333333333333,0.12083333333333333
794,287.1904004068425,241,0.05,1.7113283041618525e-05,0.4218728075326557,0.24896265560165975,0.1037344398340249,0.5477178423236515,0.0995850622406639
795,280.82098093650825,457,0.05,1.7025940490862124e-05,0.42661704086655505,0.37199124726477023,0.2647702407002188,0.17286652078774617,0.19037199124726478
796,283.904095314296,265,0.05,1.6939043717876946e-05,0.420896254277957,0.2943396226415094,0.12830188679245283,0.4528301886792453,0.12452830188679245
797,263.8893663174678,250,0.05,1.6852590447508222e-05,0.4233063774343567,0.372,0.068,0.48,0.08
798,281.8831404022386,282,0.05,1.676657841621308e-05,0.43630243765301385,0.3049645390070922,0.11702127659574468,0.4219858156028369,0.15602836879432624
799,228.7745716452584,199,0.05,1.668100537200129e-05,0.42085621919143257,0.271356783919598,0.1306532663316583,0.4371859296482412,0.16080402010050251
800,266.69767883943337,220,0.05,1.6595869074376306e-05,0.42860792457793695,0.35454545454545455,0.09545454545454546,0.4,0.15
801,229.9436376901676,249,0.05,1.6511167294276595e-05,0.4279215010221554,0.17269076305220885,0.09236947791164658,0.41767068273092367,0.3172690763052209
802,258.09113813458293,254,0.05,1.642689781401728e-05,0.42562790299891134,0.2755905511811024,0.11023622047244094,0.48031496062992124,0.13385826771653545
803,219.87850628496037,268,0.05,1.634305842723207e-05,0.4282011111895671,0.30597014925373134,0.11940298507462686,0.4664179104477612,0.10820895522388059
804,284.96650741337794,171,0.05,1.6259646938815505e-05,0.4191253448271285,0.27485380116959063,0.08187134502923976,0.52046783625731,0.12280701754385964
805,264.79705642450807,338,0.05,1.6176661164865473e-05,0.42341000954059055,0.40828402366863903,0.07988165680473373,0.40828402366863903,0.10355029585798817
806,264.7876555132067,317,0.05,1.6094098932626033e-05,0.4284797095018597,0.4037854889589905,0.0914826498422713,0.43217665615141954,0.07255520504731862
807,259.22979840531457,308,0.05,1.601195808043053e-05,0.4233342777822764,0.31493506493506496,0.1266233766233766,0.4512987012987013,0.10714285714285714
808,284.5249613795461,250,0.05,1.5930236457644987e-05,0.3949259060908668,0.452,0.084,0.324,0.14
809,253.62090040625097,356,0.05,1.5848931924611812e-05,0.42315491956077717,0.5365168539325843,0.14606741573033707,0.22191011235955055,0.09550561797752809
810,241.82725887910166,349,0.05,1.576804235259377e-05,0.4266773115303309,0.5845272206303725,0.09455587392550144,0.23782234957020057,0.0830945558739255
811,249.7544195660512,186,0.05,1.568756562371824e-05,0.4153163943010808,0.43548387096774194,0.08064516129032258,0.3548387096774194,0.12903225806451613
812,294.46806562486483,377,0.05,1.560749963092178e-05,0.4137127410979285,0.48010610079575594,0.09283819628647215,0.33156498673740054,0.09549071618037135
813,146.79377188838694,1000,0.05,1.5527842277894948e-05,0.42143784659870814,0.585,0.029,0.106,0.28
814,272.1976700637708,185,0.05,1.5448591479027417e-05,0.41440945792444045,0.4864864864864865,0.043243243243243246,0.3837837837837838,0.08648648648648649
815,273.6226683508154,328,0.05,1.536974515935337e-05,0.41452164983399276,0.2652439024390244,0.1402439024390244,0.4420731707317073,0.1524390243902439
816,311.5747992327547,247,0.05,1.529130125449718e-05,0.41384605777713546,0.31983805668016196,0.0931174089068826,0.3360323886639676,0.25101214574898784
817,272.05998952285273,286,0.05,1.5213257710619348e-05,0.4109102219421512,0.2972027972027972,0.08741258741258741,0.4965034965034965,0.11888111888111888
818,263.29513652524696,191,0.05,1.5135612484362732e-05,0.3996340295857329,0.28272251308900526,0.14136125654450263,0.4397905759162304,0.13612565445026178
819,240.39161423691812,208,0.05,1.5058363542799053e-05,0.40927742139115797,0.4375,0.07692307692307693,0.39903846153846156,0.08653846153846154
820,283.5149675222556,261,0.05,1.4981508863375668e-05,0.4144080059338569,0.367816091954023,0.08045977011494253,0.48659003831417624,0.06513409961685823
821,303.7367819503412,235,0.05,1.4905046433862605e-05,0.42267876883121336,0.2297872340425532,0.13191489361702127,0.502127659574468,0.13617021276595745
822,275.4936209136606,599,0.05,1.4828974252299889e-05,0.4116219767078478,0.1419031719532554,0.4073455759599332,0.2604340567612688,0.19031719532554256
823,269.3499972335782,283,0.05,1.4753290326945122e-05,0.41994400514200786,0.5265017667844523,0.1166077738515901,0.27208480565371024,0.08480565371024736
824,33.662509627587895,144,0.05,1.4677992676221332e-05,0.4069688932471852,0.4305555555555556,0.05555555555555555,0.4444444444444444,0.06944444444444445
825,261.8150817444887,193,0.05,1.4603079328665099e-05,0.40398235153699646,0.5025906735751295,0.09326424870466321,0.33678756476683935,0.06735751295336788
826,230.04502053517425,361,0.05,1.4528548322874929e-05,0.4225117218934608,0.19113573407202217,0.07756232686980609,0.44321329639889195,0.2880886426592798
827,264.2778184015141,261,0.05,1.4454397707459904e-05,0.41820686463079115,0.3065134099616858,0.11494252873563218,0.4444444444444444,0.13409961685823754
828,25.21023218524246,110,0.05,1.4380625540988587e-05,0.38705419969585053,0.35454545454545455,0.06363636363636363,0.509090909090909,0.07272727272727272
829,9.171038855423646,151,0.05,1.43072298919382e-05,0.40976603546943285,0.1986754966887417,0.15894039735099338,0.5231788079470199,0.11920529801324503
830,283.5422232524836,257,0.05,1.4234208838644037e-05,0.4367704374794784,0.2723735408560311,0.12062256809338522,0.5097276264591439,0.09727626459143969
831,271.88558132564026,308,0.05,1.4161560469249165e-05,0.4076515388874233,0.3246753246753247,0.1038961038961039,0.4642857142857143,0.10714285714285714
832,273.66299430647507,249,0.05,1.4089282881654362e-05,0.41485201708063263,0.5100401606425703,0.0963855421686747,0.26506024096385544,0.1285140562248996
833,294.61291087374934,521,0.05,1.4017374183468312e-05,0.41048785222383505,0.46449136276391556,0.05182341650671785,0.2744721689059501,0.2092130518234165
834,280.6073287176756,312,0.05,1.3945832491958063e-05,0.4026116260470907,0.34615384615384615,0.07051282051282051,0.47435897435897434,0.10897435897435898
835,31.752706072875156,253,0.05,1.3874655933999729e-05,0.4127520314106449,0.14624505928853754,0.13438735177865613,0.5612648221343873,0.15810276679841898
836,275.62943516124596,254,0.05,1.3803842646029452e-05,0.4061981675683955,0.31496062992125984,0.11023622047244094,0.4763779527559055,0.0984251968503937
837,241.88888226352248,505,0.05,1.3733390773994606e-05,0.4139191199792091,0.3782178217821782,0.047524752475247525,0.19207920792079208,0.3821782178217822
838,280.31328681767116,345,0.05,1.3663298473305255e-05,0.41930980078744245,0.463768115942029,0.11594202898550725,0.19710144927536233,0.22318840579710145
839,191.06435697715182,202,0.05,1.3593563908785854e-05,0.41047703383568834,0.15346534653465346,0.40594059405940597,0.3564356435643564,0.08415841584158416
840,298.7799746586938,181,0.05,1.3524185254627205e-05,0.42102281674518827,0.20994475138121546,0.11049723756906077,0.5303867403314917,0.14917127071823205
841,11.836702529590312,142,0.05,1.3455160694338653e-05,0.40558952809659843,0.2676056338028169,0.09859154929577464,0.5211267605633803,0.11267605633802817
842,272.8431546689489,270,0.05,1.3386488420700523e-05,0.3939999193639057,0.4222222222222222,0.06296296296296296,0.37037037037037035,0.14444444444444443
843,24.267311575377462,137,0.05,1.3318166635716802e-05,0.4095408399211346,0.39416058394160586,0.072992700729927,0.45255474452554745,0.08029197080291971
844,235.67398702999242,187,0.05,1.3250193550568068e-05,0.40856332195341477,0.45989304812834225,0.06417112299465241,0.35294117647058826,0.12299465240641712
845,254.97382481292615,169,0.05,1.3182567385564654e-05,0.4064781488011304,0.28402366863905326,0.1242603550295858,0.40236686390532544,0.1893491124260355
846,263.68814374497435,240,0.05,1.3115286370100045e-05,0.3996360849483417,0.3333333333333333,0.10416666666666667,0.425,0.1375
847,267.49778287805765,211,0.05,1.3048348742604528e-05,0.412754407181937,0.5023696682464455,0.04739336492890995,0.36492890995260663,0.08530805687203792
848,266.7669761588472,765,0.05,1.2981752750499066e-05,0.40576563440889174,0.3660130718954248,0.24052287581699347,0.28104575163398693,0.11241830065359477
849,266.2608405191854,290,0.05,1.2915496650149411e-05,0.40823226642302274,0.27586206896551724,0.13793103448275862,0.4862068965517241,0.1
850,253.4780284121239,164,0.05,1.2849578706820454e-05,0.40360185609642263,0.4024390243902439,0.07317073170731707,0.4146341463414634,0.10975609756097561
851,130.594506187712,1000,0.05,1.2783997194630804e-05,0.4112734327903924,0.513,0.302,0.141,0.044
852,36.45766488509685,106,0.05,1.2718750396507599e-05,0.40285548359597784,0.24528301886792453,0.12264150943396226,0.5283018867924528,0.10377358490566038
853,148.29703104753196,1000,0.05,1.2653836604141555e-05,0.40863734968739457,0.389,0.034,0.149,0.428
854,268.01722983608164,259,0.05,1.2589254117942232e-05,0.40277337635549326,0.4092664092664093,0.0888030888030888,0.39768339768339767,0.10424710424710425
855,268.48791109953737,212,0.05,1.2525001246993537e-05,0.3922159626909839,0.24528301886792453,0.13679245283018868,0.44339622641509435,0.17452830188679244
856,29.245907587792203,105,0.05,1.2461076309009455e-05,0.4037555184576168,0.2,0.12380952380952381,0.5619047619047619,0.11428571428571428
857,284.71288375763913,252,0.05,1.2397477630289996e-05,0.4152463369734478,0.2698412698412698,0.1349206349206349,0.5,0.09523809523809523
858,277.9732995952812,215,0.05,1.2334203545677384e-05,0.39717518956184916,0.29767441860465116,0.08837209302325581,0.5162790697674419,0.09767441860465116
859,267.91144425292566,293,0.05,1.227125239851245e-05,0.3970908313707676,0.2627986348122867,0.10238907849829351,0.5119453924914675,0.12286689419795221
860,285.6673881486587,281,0.05,1.2208622540591259e-05,0.40074839053976885,0.2775800711743772,0.12811387900355872,0.49110320284697506,0.10320284697508897
861,248.96741701064838,767,0.05,1.2146312332121961e-05,0.4082801018480491,0.3533246414602347,0.36114732724902215,0.23076923076923078,0.054758800521512385
862,46.571467320565034,99,0.05,1.2084320141681855e-05,0.40384863477380073,0.1717171717171717,0.1111111111111111,0.5858585858585859,0.13131313131313133
863,41.10165010657474,151,0.05,1.2022644346174669e-05,0.41069627182553403,0.16556291390728478,0.15894039735099338,0.5298013245033113,0.1456953642384106
864,286.20864808549476,210,0.05,1.1961283330788072e-05,0.4028799332135704,0.49047619047619045,0.0761904761904762,0.29523809523809524,0.1380952380952381
865,282.87571460458565,444,0.05,1.1900235488951392e-05,0.39655652977808586,0.36261261261261263,0.08783783783783784,0.2905405405405405,0.25900900900900903
866,278.6708821436409,187,0.05,1.1839499222293551e-05,0.4101009541075458,0.48663101604278075,0.06417112299465241,0.33689839572192515,0.11229946524064172
867,274.9952396883083,257,0.05,1.1779072940601213e-05,0.4075001174927982,0.2490272373540856,0.12062256809338522,0.5369649805447471,0.0933852140077821
868,281.73840793542433,253,0.05,1.1718955061777156e-05,0.40196474916124275,0.3201581027667984,0.1067193675889328,0.47035573122529645,0.10276679841897234
869,274.23410251384826,299,0.05,1.1659144011798844e-05,0.4095166020597108,0.31438127090301005,0.13043478260869565,0.43812709030100333,0.11705685618729098
870,51.758502669272275,143,0.05,1.1599638224677214e-05,0.3941671211245171,0.3076923076923077,0.11888111888111888,0.4405594405594406,0.13286713286713286
871,272.7922246458374,249,0.05,1.1540436142415684e-05,0.4069931175367676,0.26506024096385544,0.1285140562248996,0.4899598393574297,0.11646586345381527
872,-28.92442993432961,308,0.05,1.1481536214969347e-05,0.4164119715625205,0.2824675324675325,0.1038961038961039,0.487012987012987,0.1266233766233766
873,256.41829439290217,433,0.05,1.1422936900204401e-05,0.39297909781363943,0.48267898383371827,0.06235565819861432,0.18244803695150116,0.27251732101616627
874,-68.4933178689626,227,0.05,1.1364636663857762e-05,0.4137283910054376,0.19383259911894274,0.11013215859030837,0.5066079295154186,0.1894273127753304
875,276.00864399619115,282,0.05,1.1306633979496903e-05,0.40265656832148977,0.25177304964539005,0.13829787234042554,0.4929078014184397,0.11702127659574468
876,283.4635284575421,348,0.05,1.1248927328479877e-05,0.4102030462776303,0.3735632183908046,0.12931034482758622,0.40804597701149425,0.08908045977011494
877,41.27481482697445,198,0.05,1.1191515199915568e-05,0.40979677280457144,0.2474747474747475,0.14646464646464646,0.4393939393939394,0.16666666666666666
878,278.13549227076214,298,0.05,1.1134396090624121e-05,0.40143267902538265,0.3288590604026846,0.13758389261744966,0.43288590604026844,0.10067114093959731
879,271.80286330958484,217,0.05,1.1077568505097596e-05,0.39109315340029577,0.46543778801843316,0.11981566820276497,0.2764976958525346,0.1382488479262673
880,43.2651384919605,96,0.05,1.1021030955460803e-05,0.3925152286832885,0.1875,0.125,0.5416666666666666,0.14583333333333334
881,269.38461854779376,160,0.05,1.0964781961432352e-05,0.4025511309904063,0.29375,0.075,0.50625,0.125
882,26.053609764858933,156,0.05,1.090882005028589e-05,0.41014104552115094,0.15384615384615385,0.15384615384615385,0.5256410256410257,0.16666666666666666
883,279.0675054020421,197,0.05,1.0853143756811554e-05,0.3991628118979927,0.19796954314720813,0.19796954314720813,0.37055837563451777,0.233502538071066
884,-0.9329743221426128,107,0.05,1.0797751623277591e-05,0.414220131974199,0.2803738317757009,0.12149532710280374,0.4485981308411215,0.14953271028037382
885,231.38380816635276,293,0.05,1.0742642199392206e-05,0.40835807743101715,0.4812286689419795,0.15017064846416384,0.2832764505119454,0.08532423208191127
886,258.369368016881,405,0.05,1.068781404226558e-05,0.40704046880858574,0.36790123456790125,0.06419753086419754,0.291358024691358,0.2765432098765432
887,21.169270826708185,130,0.05,1.06332657163721e-05,0.40793795509052344,0.3153846153846154,0.1076923076923077,0.46923076923076923,0.1076923076923077
888,257.02290049304924,293,0.05,1.057899579351277e-05,0.40577159138581725,0.35494880546075086,0.11262798634812286,0.4334470989761092,0.09897610921501707
889,267.3801749608268,231,0.05,1.0525002852777813e-05,0.39759863633069037,0.23376623376623376,0.13852813852813853,0.47186147186147187,0.15584415584415584
890,280.2252998314546,613,0.05,1.0471285480509478e-05,0.4095526625349176,0.3964110929853181,0.0636215334420881,0.13376835236541598,0.4061990212071778
891,240.09720611387385,244,0.05,1.0417842270265019e-05,0.4189165153530112,0.2786885245901639,0.11475409836065574,0.4672131147540984,0.13934426229508196
892,286.1564863252422,231,0.05,1.0364671822779873e-05,0.4116472400181061,0.3116883116883117,0.09090909090909091,0.48484848484848486,0.11255411255411256
893,132.8306281894515,1000,0.05,1.0311772745931029e-05,0.401341812301908,0.474,0.315,0.169,0.042
894,204.96960469285506,392,0.05,1.0259143654700573e-05,0.39607945927391774,0.24489795918367346,0.40816326530612246,0.28316326530612246,0.06377551020408163
895,278.27841523975576,254,0.05,1.0206783171139428e-05,0.4033872841785334,0.35039370078740156,0.1062992125984252,0.4566929133858268,0.08661417322834646
896,272.04746555435764,263,0.05,1.0154689924331274e-05,0.41201978511304105,0.2661596958174905,0.12167300380228137,0.49049429657794674,0.12167300380228137
897,30.06075780503042,208,0.05,1.0102862550356658e-05,0.4108765558863637,0.22596153846153846,0.1201923076923077,0.5192307692307693,0.1346153846153846
898,53.366650329852746,97,0.05,1.005129969225728e-05,0.3884330625625168,0.23711340206185566,0.07216494845360824,0.5670103092783505,0.12371134020618557
899,310.28727001493917,292,0.05,1.0000000000000467e-05,0.3966279081365934,0.386986301369863,0.10273972602739725,0.2910958904109589,0.2191780821917808
900,272.52339753549967,255,0.05,1e-05,0.4023457994809035,0.4196078431372549,0.09411764705882353,0.3411764705882353,0.1450980392156863
901,33.22157156415392,132,0.05,1e-05,0.38159345224269947,0.21212121212121213,0.10606060606060606,0.553030303030303,0.12878787878787878
902,18.369785651860155,103,0.05,1e-05,0.4045694326806662,0.1941747572815534,0.14563106796116504,0.5242718446601942,0.13592233009708737
903,12.429661618108582,156,0.05,1e-05,0.39219939621909233,0.3333333333333333,0.1282051282051282,0.4166666666666667,0.12179487179487179
904,67.37037336506731,99,0.05,1e-05,0.4155516414667235,0.10101010101010101,0.16161616161616163,0.5858585858585859,0.15151515151515152
905,14.557622584551027,122,0.05,1e-05,0.39547687399619386,0.32786885245901637,0.10655737704918032,0.45081967213114754,0.11475409836065574
906,-51.16171350216989,265,0.05,1e-05,0.4012301862726795,0.10943396226415095,0.1509433962264151,0.5471698113207547,0.19245283018867926
907,44.812528082353595,118,0.05,1e-05,0.39638003166509633,0.15254237288135594,0.1694915254237288,0.5338983050847458,0.1440677966101695
908,155.32082438405553,1000,0.05,1e-05,0.40093468036771934,0.561,0.252,0.15,0.037
909,36.89417882750456,125,0.05,1e-05,0.4062422220559777,0.392,0.104,0.408,0.096
910,31.49008470397709,205,0.05,1e-05,0.40952874039975473,0.25365853658536586,0.0975609756097561,0.5219512195121951,0.12682926829268293
911,41.4696791329045,89,0.05,1e-05,0.3962411147252217,0.1348314606741573,0.15730337078651685,0.550561797752809,0.15730337078651685
912,263.7998333212208,275,0.05,1e-05,0.40706744767170044,0.2727272727272727,0.11272727272727273,0.49818181818181817,0.11636363636363636
913,9.529458578434344,150,0.05,1e-05,0.39457822932179343,0.21333333333333335,0.17333333333333334,0.3933333333333333,0.22
914,40.714845481320964,201,0.05,1e-05,0.40310889304064695,0.2885572139303483,0.10945273631840796,0.472636815920398,0.12935323383084577
915,57.85363892744539,129,0.05,1e-05,0.38121544930241924,0.10077519379844961,0.13953488372093023,0.6124031007751938,0.14728682170542637
916,133.4109483050113,1000,0.05,1e-05,0.3998253201065006,0.49,0.321,0.154,0.035
917,-11.474491722999716,151,0.05,1e-05,0.43424386130494935,0.10596026490066225,0.152317880794702,0.5496688741721855,0.19205298013245034
918,0.8583138086538042,124,0.05,1e-05,0.41983377122541593,0.25806451612903225,0.1693548387096774,0.41935483870967744,0.1532258064516129
919,292.9783893770673,371,0.05,1e-05,0.4075764872596771,0.48517520215633425,0.1078167115902965,0.32345013477088946,0.08355795148247978
920,38.17753924794221,166,0.05,1e-05,0.3905207449821693,0.18674698795180722,0.13253012048192772,0.536144578313253,0.14457831325301204
921,7.040937894061827,142,0.05,1e-05,0.408668597815111,0.20422535211267606,0.13380281690140844,0.4788732394366197,0.18309859154929578
922,50.2948601263308,128,0.05,1e-05,0.3989103355359912,0.3359375,0.1171875,0.4375,0.109375
923,260.2261033111251,322,0.05,1e-05,0.4184841046837762,0.2515527950310559,0.10869565217391304,0.5217391304347826,0.11801242236024845
924,286.67922506028316,267,0.05,1e-05,0.40584431534901294,0.3895131086142322,0.18726591760299627,0.3146067415730337,0.10861423220973783
925,213.69193029969455,360,0.05,1e-05,0.39515638221043314,0.175,0.09444444444444444,0.48333333333333334,0.24722222222222223
926,19.092052330484833,110,0.05,1e-05,0.3968153150466457,0.15454545454545454,0.18181818181818182,0.4818181818181818,0.18181818181818182
927,274.6158765404651,400,0.05,1e-05,0.40516684574037043,0.29,0.125,0.375,0.21
928,16.59719826412234,111,0.05,1e-05,0.4065269187653121,0.13513513513513514,0.1981981981981982,0.46846846846846846,0.1981981981981982
929,34.94248004347921,114,0.05,1e-05,0.4092989838735429,0.32456140350877194,0.12280701754385964,0.41228070175438597,0.14035087719298245
930,260.93111822396105,679,0.05,1e-05,0.39721333956953725,0.6627393225331369,0.048600883652430045,0.21649484536082475,0.07216494845360824
931,278.6261842389695,293,0.05,1e-05,0.409967340424765,0.3651877133105802,0.1296928327645051,0.4061433447098976,0.09897610921501707
932,19.25005545521809,99,0.05,1e-05,0.40441965758964293,0.2828282828282828,0.09090909090909091,0.5050505050505051,0.12121212121212122
933,23.666811659404416,123,0.05,1e-05,0.4215823363361292,0.35772357723577236,0.08130081300813008,0.43902439024390244,0.12195121951219512
934,-50.098526060869006,232,0.05,1e-05,0.40881577103987315,0.2801724137931034,0.10775862068965517,0.47844827586206895,0.1336206896551724
935,4.6306203491505755,116,0.05,1e-05,0.3940009560012726,0.3017241379310345,0.12931034482758622,0.4224137931034483,0.14655172413793102
936,73.26645820606461,134,0.05,1e-05,0.39303292516521,0.3656716417910448,0.1044776119402985,0.41044776119402987,0.11940298507462686
937,256.05561277843253,267,0.05,1e-05,0.40792476118651244,0.27715355805243447,0.13108614232209737,0.4794007490636704,0.11235955056179775
938,258.79909080611117,538,0.05,1e-05,0.4071663246565562,0.19888475836431227,0.14312267657992564,0.516728624535316,0.1412639405204461
939,263.0418988987275,449,0.05,1e-05,0.41341428140014813,0.35634743875278396,0.21380846325167038,0.3028953229398664,0.12694877505567928
940,15.638021227697848,125,0.05,1e-05,0.4094288117435513,0.4,0.08,0.448,0.072
941,6.148720066711803,95,0.05,1e-05,0.40734372558121773,0.2736842105263158,0.11578947368421053,0.49473684210526314,0.11578947368421053
942,-21.74335592066494,270,0.05,1e-05,0.40388214159883395,0.1,0.15555555555555556,0.5592592592592592,0.18518518518518517
943,122.67431110712657,1000,0.05,1e-05,0.4057861958633067,0.511,0.286,0.159,0.044
944,44.91098866255277,125,0.05,1e-05,0.4150315351884855,0.264,0.152,0.456,0.128
945,15.20997626949351,94,0.05,1e-05,0.3801082379804719,0.22340425531914893,0.14893617021276595,0.5,0.1276595744680851
946,36.16289011084993,96,0.05,1e-05,0.4198975791927209,0.15625,0.15625,0.5104166666666666,0.17708333333333334
947,138.7206395679545,1000,0.05,1e-05,0.4042327307255064,0.38,0.427,0.146,0.047
948,255.79287700157718,272,0.05,1e-05,0.4048514630074648,0.09926470588235294,0.13970588235294118,0.5,0.2610294117647059
949,48.8791148727083,87,0.05,1e-05,0.41902664204236373,0.25287356321839083,0.09195402298850575,0.5402298850574713,0.11494252873563218
950,18.741252518675665,97,0.05,1e-05,0.3860451193444491,0.20618556701030927,0.16494845360824742,0.5051546391752577,0.12371134020618557
951,247.54876201202524,727,0.05,1e-05,0.3964560970588168,0.4442916093535076,0.3246217331499312,0.18982118294360384,0.04126547455295736
952,236.30392172772432,219,0.05,1e-05,0.400232230787882,0.4292237442922374,0.0684931506849315,0.4292237442922374,0.0730593607305936
953,11.034239415608724,104,0.05,1e-05,0.4000070904903414,0.2692307692307692,0.125,0.49038461538461536,0.11538461538461539
954,40.395804095654086,95,0.05,1e-05,0.39069137708584617,0.21052631578947367,0.12631578947368421,0.5473684210526316,0.11578947368421053
955,269.54779021959337,372,0.05,1e-05,0.3986412262821083,0.5053763440860215,0.08333333333333333,0.3064516129032258,0.10483870967741936
956,4.555241198178649,112,0.05,1e-05,0.40353234757819617,0.1875,0.1875,0.42857142857142855,0.19642857142857142
957,205.05066645032127,615,0.05,1e-05,0.4017065493551421,0.20650406504065041,0.1886178861788618,0.5056910569105691,0.0991869918699187
958,31.895979288375628,158,0.05,1e-05,0.41274278893446376,0.310126582278481,0.12025316455696203,0.44936708860759494,0.12025316455696203
959,-8.761392419953964,161,0.05,1e-05,0.3982967788269084,0.2670807453416149,0.14285714285714285,0.422360248447205,0.16770186335403728
960,207.34842969721453,358,0.05,1e-05,0.4104203213726937,0.09217877094972067,0.43854748603351956,0.3435754189944134,0.12569832402234637
961,22.16976747499055,96,0.05,1e-05,0.4157643499306724,0.13541666666666666,0.19791666666666666,0.5104166666666666,0.15625
962,7.138152234368192,152,0.05,1e-05,0.3922420822175035,0.20394736842105263,0.19078947368421054,0.40131578947368424,0.20394736842105263
963,-142.19313348891393,303,0.05,1e-05,0.4104243048956152,0.2739273927392739,0.1188118811881188,0.43234323432343236,0.17491749174917492
964,218.13137382517843,420,0.05,1e-05,0.4058998074038818,0.24523809523809523,0.33095238095238094,0.3404761904761905,0.08333333333333333
965,13.691471955878498,164,0.05,1e-05,0.40610784036436276,0.18902439024390244,0.12195121951219512,0.5670731707317073,0.12195121951219512
966,123.18578939041114,1000,0.05,1e-05,0.40963857206616,0.226,0.552,0.173,0.049
967,45.091819835383575,129,0.05,1e-05,0.3888696732591517,0.16279069767441862,0.23255813953488372,0.3953488372093023,0.20930232558139536
968,24.93436737529683,112,0.05,1e-05,0.4077455755779238,0.125,0.20535714285714285,0.4732142857142857,0.19642857142857142
969,19.566943160122875,102,0.05,1e-05,0.42180782932403277,0.058823529411764705,0.18627450980392157,0.5588235294117647,0.19607843137254902
970,154.59816439528913,1000,0.05,1e-05,0.40327852013067866,0.479,0.313,0.161,0.047
971,39.827142778896246,95,0.05,1e-05,0.39773431733023695,0.12631578947368421,0.14736842105263157,0.5578947368421052,0.16842105263157894
972,14.291581790501453,122,0.05,1e-05,0.4192027548328727,0.23770491803278687,0.1885245901639344,0.4016393442622951,0.1721311475409836
973,194.74776228212505,1000,0.05,1e-05,0.40006433391582197,0.595,0.056,0.182,0.167
974,26.276466328024497,102,0.05,1e-05,0.4075791485247566,0.2549019607843137,0.12745098039215685,0.4803921568627451,0.13725490196078433
975,25.666715140253245,195,0.05,1e-05,0.39372808844297463,0.2358974358974359,0.12307692307692308,0.5128205128205128,0.1282051282051282
976,32.58634107874542,102,0.05,1e-05,0.41427145015821415,0.12745098039215685,0.13725490196078433,0.5784313725490197,0.1568627450980392
977,9.460547312538026,122,0.05,1e-05,0.41037796484198497,0.14754098360655737,0.2459016393442623,0.3770491803278688,0.22950819672131148
978,34.05353477049783,126,0.05,1e-05,0.3970820440249662,0.18253968253968253,0.14285714285714285,0.5396825396825397,0.1349206349206349
979,12.671014946805414,176,0.05,1e-05,0.4075893384526139,0.3068181818181818,0.13636363636363635,0.4375,0.11931818181818182
980,33.345805938628985,113,0.05,1e-05,0.4146067119193618,0.18584070796460178,0.10619469026548672,0.6017699115044248,0.10619469026548672
981,21.762819193859784,181,0.05,1e-05,0.4009346430101641,0.15469613259668508,0.16574585635359115,0.5138121546961326,0.16574585635359115
982,5.542247063512036,107,0.05,1e-05,0.4195380265830009,0.2616822429906542,0.1308411214953271,0.4672897196261682,0.14018691588785046
983,0.49097347326222973,167,0.05,1e-05,0.3831954779151147,0.20359281437125748,0.12574850299401197,0.5209580838323353,0.1497005988023952
984,44.547673519073044,102,0.05,1e-05,0.4060205923090799,0.20588235294117646,0.10784313725490197,0.5490196078431373,0.13725490196078433
985,65.21774456297854,138,0.05,1e-05,0.40739002745253117,0.2826086956521739,0.15217391304347827,0.41304347826086957,0.15217391304347827
986,47.17810507118071,101,0.05,1e-05,0.4094918262853311,0.2079207920792079,0.0891089108910891,0.6039603960396039,0.09900990099009901
987,304.5939208495618,213,0.05,1e-05,0.3861999466514827,0.2535211267605634,0.1267605633802817,0.38497652582159625,0.2347417840375587
988,47.49178935247244,136,0.05,1e-05,0.3931536657162127,0.29411764705882354,0.1323529411764706,0.4338235294117647,0.13970588235294118
989,35.40501129630175,303,0.05,1e-05,0.4051582856238097,0.18811881188118812,0.24752475247524752,0.43564356435643564,0.12871287128712872
990,0.7883167093051497,92,0.05,1e-05,0.4048209210890834,0.05434782608695652,0.22826086956521738,0.5217391304347826,0.1956521739130435
991,239.453392101086,260,0.05,1e-05,0.40576167522576273,0.06923076923076923,0.11153846153846154,0.48846153846153845,0.33076923076923076
992,31.38670842877019,129,0.05,1e-05,0.3983515275661834,0.3798449612403101,0.08527131782945736,0.43410852713178294,0.10077519379844961
993,36.53182161530273,135,0.05,1e-05,0.41920352167025454,0.42962962962962964,0.06666666666666667,0.4222222222222222,0.08148148148148149
994,9.419374455434706,139,0.05,1e-05,0.4066737940301752,0.2949640287769784,0.09352517985611511,0.4892086330935252,0.1223021582733813
995,27.028136793098938,119,0.05,1e-05,0.3904699802103,0.25210084033613445,0.14285714285714285,0.46218487394957986,0.14285714285714285
996,29.213736675476326,135,0.05,1e-05,0.4175244496569694,0.37777777777777777,0.0962962962962963,0.42962962962962964,0.0962962962962963
997,39.96726384322267,125,0.05,1e-05,0.4141502597951313,0.288,0.136,0.432,0.144
998,32.62069862345439,182,0.05,1e-05,0.41681560496443437,0.16483516483516483,0.16483516483516483,0.5439560439560439,0.12637362637362637
999,38.82006059046569,133,0.05,1e-05,0.41523860222446385,0.3007518796992481,0.12781954887218044,0.45112781954887216,0.12030075187969924
