Episode,Total_Reward,Steps,Epsilon,Learning_Rate,Average_Loss,Action_0_Percentage,Action_1_Percentage,Action_2_Percentage,Action_3_Percentage
0,-73.7101232566433,83,0.9950195566196387,0.000994896213044336,0.0,0.21686746987951808,0.2891566265060241,0.3132530120481928,0.18072289156626506
1,-104.11986158564338,95,0.9900639180555424,0.0009898184747299606,0.0,0.28421052631578947,0.24210526315789474,0.2,0.2736842105263158
2,-89.69731525497924,85,0.9851329607687281,0.0009847666521101584,0.0,0.2823529411764706,0.27058823529411763,0.15294117647058825,0.29411764705882354
3,-107.66582204421474,128,0.9802265618354918,0.0009797406129167456,0.0,0.2421875,0.21875,0.25,0.2890625
4,-3.2292485035073355,113,0.975344598944344,0.0009747402255566067,0.0,0.2831858407079646,0.17699115044247787,0.30973451327433627,0.23008849557522124
5,-121.08026148899887,79,0.9704869503929605,0.0009697653591082497,0.0,0.20253164556962025,0.26582278481012656,0.25316455696202533,0.27848101265822783
6,4.802615589760606,130,0.9656534950851489,0.000964815883318378,0.0,0.25384615384615383,0.24615384615384617,0.24615384615384617,0.25384615384615383
7,-117.94965787603189,130,0.9608441125278293,0.0009598916685984801,0.0,0.23846153846153847,0.2153846153846154,0.2846153846153846,0.26153846153846155
8,-465.75122917900023,91,0.956058682828031,0.0009549925860214364,0.0,0.23076923076923078,0.23076923076923078,0.25274725274725274,0.2857142857142857
9,-112.00690114233896,60,0.9512970866899032,0.0009501185073181442,0.0,0.23333333333333334,0.38333333333333336,0.21666666666666667,0.16666666666666666
10,-367.9638758938587,80,0.9465592054117414,0.0009452693048741588,0.0,0.2125,0.225,0.35,0.2125
11,-496.8456836201142,165,0.9418449208830285,0.0009404448517263523,0.0,0.21818181818181817,0.2545454545454545,0.32727272727272727,0.2
12,-340.71214403093177,147,0.9371541155814898,0.0009356450215595899,0.0,0.19047619047619047,0.2789115646258503,0.30612244897959184,0.22448979591836735
13,-107.11532707501193,93,0.9324866725701636,0.000930869688703422,0.0,0.20430107526881722,0.3010752688172043,0.21505376344086022,0.27956989247311825
14,-129.45048573877105,99,0.9278424754944864,0.0009261187281287943,0.0,0.25252525252525254,0.2727272727272727,0.25252525252525254,0.2222222222222222
15,-137.97524624431378,83,0.9232214085793918,0.0009213920154447743,0.0,0.24096385542168675,0.3253012048192771,0.3132530120481928,0.12048192771084337
16,-170.34765364097365,115,0.9186233566264248,0.0009166894268952941,0.0,0.2956521739130435,0.16521739130434782,0.3130434782608696,0.22608695652173913
17,-442.1035569678058,112,0.9140482050108695,0.0009120108393559106,0.0,0.16071428571428573,0.25,0.3392857142857143,0.25
18,-405.13856263055396,104,0.9094958396788919,0.0009073561303305816,0.0,0.22115384615384615,0.2403846153846154,0.33653846153846156,0.20192307692307693
19,-309.1862459192507,86,0.904966147144697,0.0009027251779484585,0.0,0.29069767441860467,0.2441860465116279,0.23255813953488372,0.23255813953488372
20,-279.9700732843909,149,0.9004590144876992,0.0008981178609606956,0.0,0.2214765100671141,0.20134228187919462,0.3624161073825503,0.21476510067114093
21,-140.35790215354805,133,0.8959743293497072,0.0008935340587372753,0.0,0.19548872180451127,0.24812030075187969,0.3458646616541353,0.21052631578947367
22,-110.50737360560271,83,0.8915119799321238,0.0008889736512638504,0.0,0.20481927710843373,0.20481927710843373,0.3855421686746988,0.20481927710843373
23,-192.97427954472326,119,0.8870718549931581,0.0008844365191386009,0.0,0.20168067226890757,0.31932773109243695,0.24369747899159663,0.23529411764705882
24,-79.92458228110644,83,0.8826538438450526,0.0008799225435691082,0.0,0.20481927710843373,0.2289156626506024,0.3253012048192771,0.24096385542168675
25,-109.96924737587585,66,0.878257836351324,0.0008754316063692454,0.0,0.24242424242424243,0.30303030303030304,0.18181818181818182,0.2727272727272727
26,-278.59399601267575,86,0.8738837229240176,0.0008709635899560819,0.0,0.16279069767441862,0.2441860465116279,0.2558139534883721,0.3372093023255814
27,-95.6275524931169,94,0.8695313945209752,0.0008665183773468056,0.0,0.20212765957446807,0.14893617021276595,0.3404255319148936,0.30851063829787234
28,-85.53688201538546,73,0.8652007426431169,0.0008620958521556597,0.0,0.2191780821917808,0.3561643835616438,0.2054794520547945,0.2191780821917808
29,-83.37579843072831,80,0.8608916593317363,0.0008576958985908955,0.0,0.225,0.2375,0.2875,0.25
30,-94.07242166253006,74,0.8566040371658092,0.0008533184014517406,0.0,0.21621621621621623,0.32432432432432434,0.25675675675675674,0.20270270270270271
31,-119.24919390944952,72,0.852337769259316,0.000848963246125383,0.0,0.20833333333333334,0.3333333333333333,0.2777777777777778,0.18055555555555555
32,-49.551504227723,166,0.8480927492585766,0.0008446303185839699,0.0,0.1746987951807229,0.21686746987951808,0.39759036144578314,0.21084337349397592
33,-277.6927585442354,105,0.8438688713395993,0.0008403195053816226,0.0,0.23809523809523808,0.21904761904761905,0.3619047619047619,0.18095238095238095
34,-119.17890661077764,95,0.8396660302054431,0.0008360306936514657,0.0,0.14736842105263157,0.29473684210526313,0.3684210526315789,0.18947368421052632
35,-183.50085145115497,69,0.8354841210835922,0.0008317637711026725,0.0,0.2318840579710145,0.391304347826087,0.2028985507246377,0.17391304347826086
36,-165.53341583249454,91,0.8313230397233444,0.0008275186260175247,0.0,0.2087912087912088,0.3516483516483517,0.21978021978021978,0.21978021978021978
37,-119.34503067658076,147,0.8271826823932125,0.0008232951472484873,0.0,0.25170068027210885,0.17006802721088435,0.3333333333333333,0.24489795918367346
38,-323.9479090870156,103,0.8230629458783377,0.0008190932242152989,0.0,0.27184466019417475,0.21359223300970873,0.3300970873786408,0.18446601941747573
39,-219.83853458895652,131,0.8189637274779172,0.000814912746902076,0.0,0.183206106870229,0.21374045801526717,0.31297709923664124,0.2900763358778626
40,-213.80201932152266,93,0.8148849250026439,0.0008107536058544327,0.0,0.22580645161290322,0.3225806451612903,0.23655913978494625,0.21505376344086022
41,-402.29546722137985,100,0.8108264367721583,0.0008066156921766152,0.0,0.19,0.34,0.3,0.17
42,-386.41027113577985,150,0.8067881616125144,0.0008024988975286502,0.0,0.23333333333333334,0.16,0.44666666666666666,0.16
43,-84.90999917169907,67,0.8027699988536575,0.0007984031141235085,0.0,0.2537313432835821,0.373134328358209,0.19402985074626866,0.1791044776119403
44,-218.97633271159222,152,0.7987718483269142,0.0007943282347242834,0.0,0.24342105263157895,0.18421052631578946,0.3684210526315789,0.20394736842105263
45,-409.1194043032278,149,0.7947936103624954,0.0007902741526413818,0.0,0.2080536912751678,0.30201342281879195,0.3087248322147651,0.18120805369127516
46,-160.09968331933408,63,0.7908351857870121,0.0007862407617297322,0.0,0.14285714285714285,0.47619047619047616,0.1746031746031746,0.20634920634920634
47,-389.5606790124687,85,0.7868964759210023,0.0007822279563860046,0.0,0.21176470588235294,0.2,0.4588235294117647,0.12941176470588237
48,-325.26326901682256,155,0.7829773825764719,0.0007782356315458458,1.7726118900307286,0.23225806451612904,0.14838709677419354,0.432258064516129,0.1870967741935484
49,-138.02524363929572,66,0.7790778080544463,0.000774263682681129,1.4352015542639356,0.21212121212121213,0.19696969696969696,0.2878787878787879,0.30303030303030304
50,-140.64322569408012,132,0.7751976551425351,0.0007703120057972166,1.3005121516949156,0.21212121212121213,0.26515151515151514,0.29545454545454547,0.22727272727272727
51,-87.82740704102638,104,0.771336827112509,0.0007663804974302373,1.1362893514911117,0.1346153846153846,0.22115384615384615,0.4519230769230769,0.19230769230769232
52,-126.10504754837982,130,0.7674952277178876,0.0007624690546443775,1.0078309035859427,0.16923076923076924,0.18461538461538463,0.4461538461538462,0.2
53,-195.21019377913763,94,0.7636727611915411,0.0007585775750291859,0.9486495957761073,0.22340425531914893,0.19148936170212766,0.2872340425531915,0.2978723404255319
54,-36.24368231568057,112,0.7598693322433026,0.0007547059566968927,0.8899154966689249,0.17857142857142858,0.17857142857142858,0.4375,0.20535714285714285
55,9.171780234700122,124,0.7560848460575919,0.000750854098279741,0.8422606503724522,0.20161290322580644,0.18548387096774194,0.4274193548387097,0.18548387096774194
56,-114.89780925621628,123,0.7523192082910528,0.0007470218989273339,0.8327409800704891,0.21951219512195122,0.21951219512195122,0.37398373983739835,0.18699186991869918
57,-35.77101121177628,95,0.748572325070201,0.0007432092583039931,0.8332793447165289,0.15789473684210525,0.2,0.43157894736842106,0.21052631578947367
58,-103.87350323654759,109,0.7448441029890834,0.0007394160765861323,0.7935603851954626,0.1651376146788991,0.22935779816513763,0.46788990825688076,0.13761467889908258
59,-258.0036481949621,165,0.7411344491069503,0.0007356422544596437,0.7910922467909642,0.1393939393939394,0.24848484848484848,0.3878787878787879,0.22424242424242424
60,-116.47424855895709,164,0.7374432709459379,0.0007318876931172971,0.7530491204472515,0.2073170731707317,0.1951219512195122,0.4024390243902439,0.1951219512195122
61,-48.07223789116084,85,0.7337704764887631,0.000728152294256154,0.7900654650141178,0.25882352941176473,0.17647058823529413,0.4,0.16470588235294117
62,-50.03488477153586,133,0.7301159741764301,0.0007244359600749925,0.7499169653000851,0.21804511278195488,0.19548872180451127,0.46616541353383456,0.12030075187969924
63,-45.64785882458132,126,0.7264796729059471,0.0007207385932717478,0.7463420436759773,0.19047619047619047,0.1746031746031746,0.42857142857142855,0.20634920634920634
64,-69.46026705804537,103,0.7228614820280556,0.0007170600970409636,0.7759647763727262,0.1650485436893204,0.27184466019417475,0.33980582524271846,0.22330097087378642
65,-85.74388555568297,120,0.7192613113449707,0.0007134003750712587,0.7415917015015856,0.15833333333333333,0.25,0.4,0.19166666666666668
66,-169.80842368620904,125,0.7156790711081327,0.0007097593315428041,0.7238252427182105,0.136,0.24,0.304,0.32
67,-91.13042838202523,153,0.712114672015969,0.000706136871124815,0.7081898552532294,0.1503267973856209,0.16339869281045752,0.477124183006536,0.20915032679738563
68,-210.84125663017556,117,0.708568025211669,0.0007025328989730546,0.7483019562521263,0.1111111111111111,0.27350427350427353,0.29914529914529914,0.3162393162393162
69,-86.2194304071076,120,0.7050390422809678,0.000698947320727351,1.1410417213758441,0.20833333333333334,0.175,0.4583333333333333,0.15833333333333333
70,-73.36489047053354,109,0.7015276352499433,0.0006953800425091263,1.0210933629795507,0.1926605504587156,0.1743119266055046,0.5137614678899083,0.11926605504587157
71,-186.10822953905603,118,0.6980337165828222,0.000691830970918939,0.9070052576143555,0.1271186440677966,0.2288135593220339,0.4491525423728814,0.19491525423728814
72,-134.78593397491176,113,0.6945571991797983,0.0006883000130340385,0.9356731835494849,0.20353982300884957,0.20353982300884957,0.36283185840707965,0.23008849557522124
73,-138.15628085101451,124,0.691097996374861,0.0006847870764059319,0.8534142586354045,0.12096774193548387,0.20161290322580644,0.4838709677419355,0.1935483870967742
74,-246.0025082092799,123,0.6876560219336348,0.0006812920690579639,0.8463563400589846,0.15447154471544716,0.2032520325203252,0.34959349593495936,0.2926829268292683
75,-63.82758405537335,75,0.6842311900512299,0.0006778148994829084,0.8641625838995431,0.2,0.16,0.41333333333333333,0.22666666666666666
76,-73.82688442991667,90,0.6808234153501025,0.0006743554766405727,0.7886035879852774,0.2111111111111111,0.18888888888888888,0.43333333333333335,0.16666666666666666
77,-101.20392344575436,84,0.6774326128779271,0.0006709137099554139,0.80744319820324,0.19047619047619047,0.21428571428571427,0.44047619047619047,0.15476190476190477
78,-110.52016679204142,135,0.6740586981054784,0.0006674895093141672,0.8305699661551463,0.17037037037037037,0.18518518518518517,0.4074074074074074,0.23703703703703705
79,-89.75506628971613,177,0.670701586924524,0.0006640827850634869,0.7902967745618066,0.1751412429378531,0.21468926553672316,0.4293785310734463,0.1807909604519774
80,-21.027014781722542,140,0.6673611956457279,0.0006606934480075987,0.7747165365723044,0.14285714285714285,0.2,0.42142857142857143,0.2357142857142857
81,-32.76170453821722,107,0.6640374409965641,0.0006573214094059647,0.7851455982170826,0.1588785046728972,0.14953271028037382,0.5046728971962616,0.18691588785046728
82,-121.4875590483137,93,0.6607302401192408,0.0006539665809709598,0.7833797237064081,0.1935483870967742,0.15053763440860216,0.46236559139784944,0.1935483870967742
83,-132.53112888091283,94,0.6574395105686344,0.0006506288748655599,0.779870103390384,0.20212765957446807,0.19148936170212766,0.39361702127659576,0.2127659574468085
84,-127.19109293173375,128,0.6541651703102348,0.0006473082037010426,0.7776691265979692,0.171875,0.25,0.3359375,0.2421875
85,-114.48481078786,89,0.6509071377181003,0.0006440044805346987,0.7584864108469046,0.1348314606741573,0.19101123595505617,0.4157303370786517,0.25842696629213485
86,-88.06770858169105,111,0.6476653315728222,0.0006407176188675564,0.7294203345630478,0.2072072072072072,0.2702702702702703,0.3153153153153153,0.2072072072072072
87,-201.7517854986073,133,0.6444396710595008,0.000637447532642116,0.7508530776524325,0.18796992481203006,0.21052631578947367,0.42857142857142855,0.17293233082706766
88,-127.51657856222374,82,0.6412300757657303,0.0006341941362400969,0.7626076605462409,0.14634146341463414,0.24390243902439024,0.3170731707317073,0.2926829268292683
89,-36.28277090911614,103,0.6380364656795943,0.000630957344480196,0.7460792928889635,0.17475728155339806,0.21359223300970873,0.47572815533980584,0.13592233009708737
90,-108.2967485143195,119,0.6348587611876713,0.0006277370726158575,0.7378050926044839,0.17647058823529413,0.24369747899159663,0.4117647058823529,0.16806722689075632
91,-77.66790030733958,101,0.6316968830730497,0.0006245332363330539,1.099239407076208,0.1485148514851485,0.297029702970297,0.33663366336633666,0.21782178217821782
92,-92.93747474515693,134,0.6285507525133537,0.0006213457517480785,1.2493092358480835,0.208955223880597,0.21641791044776118,0.39552238805970147,0.1791044776119403
93,-43.81623675347559,167,0.6254202910787774,0.0006181745354053494,1.040718627800773,0.09580838323353294,0.23353293413173654,0.4431137724550898,0.2275449101796407
94,-97.50936111083976,154,0.6223054207301305,0.0006150195042752238,0.9882591745525461,0.13636363636363635,0.2662337662337662,0.34415584415584416,0.2532467532467532
95,-69.6307925068226,213,0.6192060638168921,0.0006118805757518249,0.9997894335899673,0.15023474178403756,0.13615023474178403,0.5164319248826291,0.19718309859154928
96,-81.11643509760542,137,0.6161221430752757,0.0006087576676508784,0.8962545568338219,0.16058394160583941,0.15328467153284672,0.45255474452554745,0.23357664233576642
97,10.061730543242561,138,0.6130535816263024,0.0006056506982075613,0.8405539228354578,0.15942028985507245,0.16666666666666666,0.5289855072463768,0.14492753623188406
98,-69.10469365425378,93,0.6100003029738849,0.0006025595860743607,0.8133909111461568,0.13978494623655913,0.1827956989247312,0.4838709677419355,0.1935483870967742
99,-132.94007858144352,105,0.6069622310029202,0.000599484250318944,0.90621638788432,0.1619047619047619,0.2,0.42857142857142855,0.20952380952380953
100,-41.93454076521054,108,0.6039392899773924,0.0005964246104220401,0.8658602262351388,0.1388888888888889,0.18518518518518517,0.5370370370370371,0.1388888888888889
101,-11.755623182651007,189,0.6009314045384845,0.000593380586275331,0.8220348518776589,0.1693121693121693,0.15873015873015872,0.47619047619047616,0.19576719576719576
102,-16.043032776928612,104,0.5979384997026995,0.0005903520981793547,0.9215001711918162,0.125,0.18269230769230768,0.4807692307692308,0.21153846153846154
103,-62.88709014580154,79,0.5949605008599921,0.0005873390668414179,0.7872150435334369,0.11392405063291139,0.17721518987341772,0.45569620253164556,0.25316455696202533
104,-111.9060102242093,165,0.5919973337719074,0.0005843414133735207,0.773707189692873,0.2,0.18181818181818182,0.48484848484848486,0.13333333333333333
105,-84.54539514274009,154,0.5890489245697316,0.0005813590592902906,0.8191053983450656,0.19480519480519481,0.19480519480519481,0.43506493506493504,0.17532467532467533
106,-87.1336701227249,71,0.5861151997526493,0.0005783919265069276,0.8128759833578945,0.16901408450704225,0.30985915492957744,0.30985915492957744,0.2112676056338028
107,-151.868789511866,156,0.583196086185912,0.0005754399373371601,0.8169372756629574,0.14102564102564102,0.1858974358974359,0.5064102564102564,0.16666666666666666
108,-165.84584173422883,98,0.5802915110990148,0.0005725030144912106,0.773254968389104,0.12244897959183673,0.24489795918367346,0.37755102040816324,0.25510204081632654
109,-99.75916196504939,143,0.5774014020838818,0.0005695810810737719,0.8123545390999888,0.15384615384615385,0.20279720279720279,0.46153846153846156,0.18181818181818182
110,-275.6895895682351,324,0.5745256870930618,0.0005666740605819945,1.31849630337426,0.1388888888888889,0.13580246913580246,0.5123456790123457,0.21296296296296297
111,-5.88688759297041,138,0.5716642944379317,0.0005637818769034828,1.0540185736442549,0.13768115942028986,0.2318840579710145,0.391304347826087,0.2391304347826087
112,-181.86437760373218,215,0.5688171527869094,0.000560904454314303,1.0817062019381947,0.13023255813953488,0.22790697674418606,0.4046511627906977,0.2372093023255814
113,-14.490644601278731,207,0.5659841911636758,0.0005580417174769997,0.9514123248058263,0.14492753623188406,0.17391304347826086,0.5169082125603864,0.1642512077294686
114,-112.75682969927198,214,0.5631653389454055,0.0005551935914386241,1.0066677316271664,0.17289719626168223,0.20093457943925233,0.4532710280373832,0.17289719626168223
115,-36.35893446168093,270,0.5603605258610059,0.0005523600016287713,0.9595137726884184,0.12962962962962962,0.15555555555555556,0.5148148148148148,0.2
116,-111.50411737463082,145,0.5575696819893657,0.0005495408738576278,0.8925319376041058,0.14482758620689656,0.21379310344827587,0.4068965517241379,0.23448275862068965
117,2.6052756561192467,180,0.5547927377576116,0.000546736134314029,0.9030678998683496,0.1111111111111111,0.21666666666666667,0.4444444444444444,0.22777777777777777
118,-72.57547958879795,92,0.5520296239393742,0.0005439457095635269,0.8922937228759804,0.07608695652173914,0.25,0.5217391304347826,0.15217391304347827
119,-70.66624556238365,98,0.5492802716530619,0.000541169526546467,0.9311102899792967,0.1326530612244898,0.19387755102040816,0.3979591836734694,0.2755102040816326
120,-31.726167504761904,251,0.5465446123601444,0.0005384075125760762,0.8737565213087927,0.13147410358565736,0.19123505976095617,0.5139442231075697,0.16334661354581673
121,45.21896753166067,1000,0.5438225778634432,0.0005356595953365588,1.0725533418592528,0.15,0.186,0.46,0.204
122,-26.89619978953766,86,0.5411141003054323,0.0005329257028812037,1.0373274197751752,0.12790697674418605,0.1744186046511628,0.45348837209302323,0.2441860465116279
123,-232.86391955279817,256,0.5384191121665459,0.0005302057636305005,1.0656599924228842,0.15625,0.17578125,0.46875,0.19921875
124,80.00024821869651,1000,0.535737546263496,0.0005274997063702652,1.025540402055025,0.163,0.229,0.336,0.272
125,-88.54512999187654,160,0.533069335747597,0.000524807460249776,1.0404405718333547,0.1375,0.225,0.45,0.1875
126,-14.393410127898832,136,0.5304144141030992,0.000522128954779918,1.0199845584929477,0.09558823529411764,0.13970588235294118,0.5735294117647058,0.19117647058823528
127,-170.1400956653219,123,0.5277727151455311,0.0005194641198313376,1.0106577334186118,0.13821138211382114,0.25203252032520324,0.3333333333333333,0.2764227642276423
128,-53.68956554857016,162,0.5251441730200492,0.0005168128856326069,1.1727249351836169,0.19753086419753085,0.1419753086419753,0.5308641975308642,0.12962962962962962
129,-85.05504018994812,200,0.5225287221997962,0.0005141751827683961,1.5113712418323564,0.175,0.14,0.51,0.175
130,-39.30267216557783,155,0.5199262974842676,0.0005115509421776565,1.38016957736224,0.16129032258064516,0.17419354838709677,0.4967741935483871,0.16774193548387098
131,-0.3253532957214986,141,0.5173368339976863,0.0005089400951518125,1.3230095411229548,0.10638297872340426,0.23404255319148937,0.4397163120567376,0.2198581560283688
132,-32.21340553675819,78,0.5147602671873854,0.0005063425733329622,1.2561350427595397,0.1282051282051282,0.21794871794871795,0.4358974358974359,0.21794871794871795
133,40.64729271198374,159,0.512196532822199,0.000503758308712088,1.2666169549028112,0.1069182389937107,0.22012578616352202,0.5220125786163522,0.1509433962264151
134,52.22772326070202,1000,0.5096455669908607,0.0005011872336272758,1.2244493952109636,0.173,0.172,0.224,0.431
135,-29.97768685566632,173,0.5071073061004107,0.0004986292807619435,1.141591369804227,0.16184971098265896,0.2254335260115607,0.42196531791907516,0.1907514450867052
136,-72.30832113821023,172,0.50458168687461,0.0004960843831430785,1.119313085225892,0.14534883720930233,0.1686046511627907,0.5290697674418605,0.1569767441860465
137,71.93754976472634,1000,0.5020686463523638,0.0004935524741394842,1.3199925378970223,0.208,0.181,0.226,0.385
138,15.767943538996832,130,0.49956812188615124,0.0004910334874600353,1.3526511319955514,0.1,0.11538461538461539,0.5846153846153846,0.2
139,-17.663682415437535,157,0.49708005114046383,0.0004885273571519426,1.318952599538822,0.16560509554140126,0.14012738853503184,0.5222929936305732,0.17197452229299362
140,-87.44598253172289,102,0.49460437209025165,0.0004860340175990254,1.2568378501421187,0.24509803921568626,0.1568627450980392,0.4019607843137255,0.19607843137254902
141,-92.05189806184836,145,0.492141023019377,0.00048355340351999445,1.3543997385817619,0.1103448275862069,0.22758620689655173,0.46206896551724136,0.2
142,113.55415841201966,1000,0.48968994251907594,0.0004810854499667421,1.2458534115784359,0.177,0.251,0.268,0.304
143,-10.067231739294058,140,0.4872510694864273,0.000478630092322642,1.1541754476125614,0.15714285714285714,0.20714285714285716,0.39285714285714285,0.24285714285714285
144,104.33527505091817,1000,0.4848243431228297,0.0004761872663008574,1.3813433505255186,0.23,0.27,0.279,0.221
145,-88.87470312917607,176,0.4824097029324856,0.00047375690794265767,1.3867136640494107,0.1534090909090909,0.1875,0.42045454545454547,0.23863636363636365
146,-47.863369954988315,299,0.4800070887208934,0.00047133895361574417,1.2951350267159134,0.12040133779264214,0.16722408026755853,0.5183946488294314,0.1939799331103679
147,-54.79558452617897,122,0.47761644059334696,0.0004689333400125837,1.2626919647434194,0.16393442622950818,0.22131147540983606,0.36885245901639346,0.2459016393442623
148,-2.8330135579549136,169,0.4752376989534421,0.0004665400041487515,1.2240538225507156,0.16568047337278108,0.21301775147928995,0.4319526627218935,0.1893491124260355
149,119.66792635715433,1000,0.4728708045015913,0.0004641588833612816,1.2340209942611637,0.282,0.278,0.224,0.216
150,24.68297342648207,1000,0.4705156982335452,0.0004617899153070266,1.3939758736811945,0.133,0.392,0.308,0.167
151,37.88954946834356,1000,0.4681723214389219,0.00045943303796102536,1.2771453989133046,0.242,0.171,0.236,0.351
152,-33.49135699604638,140,0.46584061569974305,0.00045708818961487873,1.250809459003967,0.14285714285714285,0.18571428571428572,0.4357142857142857,0.2357142857142857
153,61.57200574521331,1000,0.4635205228889778,0.0004547553088751342,1.38913158298884,0.235,0.178,0.329,0.258
154,-24.895295133605345,280,0.4612119851690938,0.00045243433466167824,1.2715621148859013,0.11785714285714285,0.175,0.5535714285714286,0.15357142857142858
155,-22.476061558186444,309,0.4589149449906151,0.00045012520620613735,1.3095180190883657,0.14563106796116504,0.13268608414239483,0.5663430420711975,0.1553398058252427
156,9.071504890001624,1000,0.4566293450906877,0.0004478278630502868,1.2549498039495002,0.156,0.372,0.339,0.133
157,40.328138091287975,1000,0.45435512849165205,0.0004455422450444678,1.321566497850538,0.212,0.168,0.427,0.193
158,-25.942321848074513,194,0.4520922384996226,0.0004432682923460125,1.2656832478864988,0.12371134020618557,0.20103092783505155,0.4690721649484536,0.20618556701030927
159,1.4348955033649489,1000,0.44984061870307446,0.00044100594541767737,1.2779017109948696,0.159,0.161,0.239,0.441
160,-47.32172008946109,80,0.4476002129714371,0.0004387551450260843,1.3318934025136326,0.1625,0.2625,0.4375,0.1375
161,-25.72973521890607,467,0.4453709654536952,0.00043651583224016963,1.2253916411482073,0.11563169164882227,0.17987152034261242,0.5353319057815846,0.16916488222698073
162,-46.15792261846519,336,0.44315282057699623,0.00043428794842964135,1.3393295690029194,0.11904761904761904,0.17857142857142858,0.5029761904761905,0.19940476190476192
163,52.98672304170569,1000,0.4409457230452651,0.000432071435263444,1.2476856358967956,0.216,0.361,0.262,0.161
164,23.796146250003538,1000,0.4387496178378257,0.00042986623470823136,1.2412492847680432,0.231,0.252,0.25,0.267
165,-29.083140227836125,162,0.43656445020802925,0.00042767228902684703,1.2032050383655348,0.14814814814814814,0.17901234567901234,0.4567901234567901,0.21604938271604937
166,-13.77053967489114,409,0.4343901656818896,0.0004254895407768128,1.2994723260120706,0.1393643031784841,0.15158924205378974,0.5452322738386308,0.16381418092909536
167,-78.99402134372184,271,0.4322267100567252,0.0004233179328088246,1.2585545391917607,0.11439114391143912,0.18081180811808117,0.5350553505535055,0.16974169741697417
168,-55.22646658510012,142,0.4300740293998078,0.0004211574082652562,1.1733194140275969,0.11971830985915492,0.14788732394366197,0.5,0.2323943661971831
169,52.9453021720294,1000,0.4279320700470182,0.0004190079105786707,1.1836500300340917,0.312,0.217,0.288,0.183
170,125.56224400925049,1000,0.4258007786015082,0.00041686938347033914,1.213311303296667,0.244,0.414,0.21,0.132
171,46.99351273238627,1000,0.42368010193236966,0.00041474177094876744,1.1774667847585116,0.191,0.243,0.416,0.15
172,-78.5981327030576,671,0.4215699871733098,0.00041262501730823006,1.1650450451941887,0.13710879284649777,0.15499254843517138,0.555886736214605,0.15201192250372578
173,124.68827779901261,1000,0.4194703817213335,0.0004105190671273116,1.162968895375931,0.311,0.166,0.276,0.247
174,123.40843081880503,1000,0.41738123323543186,0.0004084238652674558,1.155001169395616,0.148,0.113,0.178,0.561
175,4.04652809167554,174,0.41530248963527744,0.00040633935687152184,1.109378386113637,0.12643678160919541,0.16666666666666666,0.5287356321839081,0.1781609195402299
176,93.45268267455968,1000,0.41323409909992587,0.000404265487362348,1.1324995186393654,0.242,0.43,0.194,0.134
177,-30.536868989127015,380,0.4111760100665241,0.00040220220244132287,1.211738309790985,0.13157894736842105,0.1631578947368421,0.5236842105263158,0.18157894736842106
178,-57.688226637103774,630,0.4091281712290249,0.00040014944808696346,1.1346699958474877,0.14603174603174604,0.1349206349206349,0.5698412698412698,0.1492063492063492
179,-18.305445173974746,105,0.407090531536908,0.000398107170553501,1.1088008248259726,0.11428571428571428,0.1523809523809524,0.6095238095238096,0.12380952380952381
180,111.02205237216918,1000,0.40506304019390726,0.00039607531636947366,1.1296862018009501,0.269,0.216,0.339,0.176
181,107.71200633274569,1000,0.40304564665674447,0.0003940538323363266,1.1541717971215701,0.196,0.464,0.162,0.178
182,14.95099807676182,116,0.40103830063386947,0.00039204266552701896,1.13715273462479,0.12931034482758622,0.1206896551724138,0.6379310344827587,0.11206896551724138
183,59.540870881150724,1000,0.39904095208420615,0.00039004176328463834,1.1111654474094446,0.237,0.193,0.412,0.158
184,-97.06322735414327,168,0.3970535512159053,0.00038805107322102195,1.0662492289317544,0.125,0.19642857142857142,0.4642857142857143,0.21428571428571427
185,-120.11761521594647,439,0.3950760484851031,0.000386070543215385,1.0876323578219544,0.1571753986332574,0.16400911161731208,0.5216400911161732,0.1571753986332574
186,-63.2659867500316,176,0.39310839459468616,0.00038410012141295614,1.1341181910007192,0.07954545454545454,0.22727272727272727,0.5113636363636364,0.18181818181818182
187,5.3479198331447435,126,0.3911505404930626,0.0003821397562236197,1.1235385223897065,0.11904761904761904,0.19047619047619047,0.47619047619047616,0.21428571428571427
188,-45.61055257547544,334,0.38920243737293914,0.00038018939632056487,1.1433756857247992,0.1467065868263473,0.16167664670658682,0.5389221556886228,0.15269461077844312
189,70.75937473832202,1000,0.3872640366701046,0.00037824899063894216,1.1166698711222542,0.297,0.202,0.348,0.153
190,-112.6488724899804,462,0.385335290062219,0.000376318488374526,1.0421617618690566,0.12121212121212122,0.15367965367965367,0.5497835497835498,0.17532467532467533
191,-4.9398293408636675,123,0.38341614946760905,0.0003743978389823848,1.0659467711819142,0.08943089430894309,0.17073170731707318,0.5284552845528455,0.21138211382113822
192,-89.68287172070475,452,0.3815065670440695,0.0003724869921755577,1.1291660841686941,0.13053097345132744,0.14601769911504425,0.5553097345132744,0.168141592920354
193,19.69399630057937,106,0.3796064951876705,0.0003705858979237375,1.0907947198541348,0.08490566037735849,0.16981132075471697,0.6037735849056604,0.14150943396226415
194,-94.3513099821153,632,0.3777158865315709,0.00036869450645196124,1.0917811030797842,0.0949367088607595,0.16930379746835442,0.5664556962025317,0.16930379746835442
195,-85.33316728330942,727,0.37583469394483743,0.0003668127682393067,1.0778756868754016,0.12379642365887207,0.1609353507565337,0.5639614855570839,0.15130674002751032
196,85.56840716424776,1000,0.37396287053126975,0.00036494063401759587,1.0602259494395556,0.288,0.265,0.309,0.138
197,145.43608165532314,1000,0.3721003696282314,0.00036307805477010503,1.0523348016823098,0.423,0.242,0.182,0.153
198,78.35605641392269,1000,0.3702471448054865,0.00036122498173028143,1.0376921284364,0.23,0.216,0.225,0.329
199,125.35945211896474,1000,0.3684031498640423,0.0003593813663804664,1.0783551403611062,0.341,0.265,0.25,0.144
200,19.89957673794613,1000,0.3665683388349977,0.000357547160450625,1.0343286034282642,0.208,0.146,0.505,0.141
201,-12.586409137395512,1000,0.3647426659783969,0.00035572231591708236,1.0322608250116385,0.158,0.151,0.547,0.144
202,126.57956670706139,1000,0.36292608578208946,0.0003539067850012661,1.0591677122653407,0.26,0.477,0.162,0.101
203,115.90355944623757,1000,0.36111855296059564,0.0003521005201684556,1.0062330663206167,0.456,0.172,0.194,0.178
204,117.36531384574532,1000,0.3593200224539774,0.0003503034741265373,1.0021024604376694,0.397,0.17,0.199,0.234
205,-81.43404014615885,161,0.3575304494267152,0.00034851559982476644,0.9856524845998207,0.14285714285714285,0.19875776397515527,0.484472049689441,0.17391304347826086
206,-29.218676912517594,391,0.3557497892665903,0.0003467368504525353,1.0128482736901028,0.16112531969309463,0.1585677749360614,0.5191815856777494,0.16112531969309463
207,35.940385277656155,1000,0.35397799758357257,0.0003449671794381476,0.9630071641221388,0.31,0.169,0.376,0.145
208,46.60347552910866,1000,0.3522150302087139,0.0003432065404475989,1.0225836628566842,0.129,0.41,0.268,0.193
209,37.851650145121994,1000,0.35046084319304716,0.0003414548873833638,0.9776084327237078,0.234,0.136,0.467,0.163
210,-30.863090072152445,163,0.3487153928064905,0.0003397121743831888,0.9400890185745147,0.15950920245398773,0.09202453987730061,0.44171779141104295,0.3067484662576687
211,23.092725393876062,1000,0.34697863553675734,0.0003379783558188916,0.9580171416371777,0.238,0.162,0.46,0.14
212,106.93191074136195,1000,0.3452505280882715,0.0003362533862951663,0.93467322482983,0.346,0.272,0.181,0.201
213,37.12320425254854,1000,0.34353102738108804,0.00033453722064839516,0.9280589529786073,0.162,0.192,0.33,0.316
214,90.91955178879932,1000,0.34182009054981916,0.00033282981394546575,1.0356238091132994,0.287,0.113,0.204,0.396
215,-14.96345649547905,125,0.3401176749425658,0.00033113112148259473,0.9606910534732198,0.152,0.16,0.52,0.168
216,-35.09359469919757,142,0.3384237381198542,0.00032944109878415743,1.0001091966795348,0.06338028169014084,0.21830985915492956,0.5704225352112676,0.14788732394366197
217,76.07140014230885,1000,0.33673823785357804,0.0003277597016015232,0.9865508924927517,0.327,0.187,0.308,0.178
218,120.48087605626236,1000,0.3350611321259457,0.00032608688591189696,0.9926856362568792,0.439,0.152,0.225,0.184
219,79.79306609098263,1000,0.33339237912843267,0.0003244226079171667,0.9720655568905079,0.422,0.155,0.277,0.146
220,65.97281947506988,1000,0.3317319372607396,0.0003227668240427565,0.9781487149358364,0.258,0.162,0.29,0.29
221,-93.31964995183296,118,0.3300797651297549,0.00032111949093648594,0.9351093618126266,0.0847457627118644,0.2457627118644068,0.5169491525423728,0.15254237288135594
222,-22.696824743262518,1000,0.3284358215485232,0.0003194805654674348,0.9343165389890953,0.138,0.195,0.479,0.188
223,6.529371157522377,120,0.32680006553521834,0.00031785000472481386,0.9084697866943434,0.11666666666666667,0.18333333333333332,0.48333333333333334,0.21666666666666667
224,180.48867315077706,709,0.3251724563121218,0.00031622776601684157,0.9244157801366093,0.1777150916784203,0.25952045133991536,0.4400564174894217,0.1227080394922426
225,81.91434011285969,1000,0.3235529533046063,0.000314613806869626,0.9316589429728653,0.368,0.167,0.322,0.143
226,94.50864924664957,1000,0.32194151614012406,0.00031300808502605297,0.9305301241965803,0.247,0.383,0.223,0.147
227,113.54706646795601,1000,0.32033810464720053,0.0003114105584446796,0.9126174804888951,0.477,0.159,0.232,0.132
228,82.61528598513914,1000,0.3187426788544329,0.00030982118529863353,0.9154959163617272,0.403,0.159,0.29,0.148
229,126.80024464235065,1000,0.31715519898949374,0.00030823992397451796,0.8786487347737636,0.495,0.13,0.233,0.142
230,71.89115226068421,1000,0.31557562547813933,0.0003066667330713219,0.8899711242584368,0.242,0.104,0.218,0.436
231,34.65626756459221,126,0.3140039189432234,0.0003051015713993363,0.8814405882556539,0.07142857142857142,0.12698412698412698,0.6428571428571429,0.15873015873015872
232,106.03803756481643,1000,0.3124400402037151,0.00030354439797907574,0.8506887884721277,0.446,0.143,0.261,0.15
233,17.45998224207952,1000,0.3108839502737227,0.0003019951720402052,0.8660574616311584,0.214,0.121,0.345,0.32
234,40.06027277743543,1000,0.30933561036152135,0.00030045385302047284,0.8206371636269008,0.09,0.274,0.338,0.298
235,-5.938322323781449,166,0.3077949818685863,0.0002989204005646479,0.8171543741914064,0.13253012048192772,0.18674698795180722,0.46987951807228917,0.21084337349397592
236,-1.8485502405539762,492,0.3062620263886305,0.00029739477452346417,0.8555299059985761,0.12601626016260162,0.16463414634146342,0.5467479674796748,0.16260162601626016
237,85.42998044018815,1000,0.3047367057066472,0.00029587693495256864,0.8391468074171378,0.382,0.129,0.253,0.236
238,240.8848788074054,651,0.3032189817979574,0.00029436684211147583,0.8493965171777503,0.3978494623655914,0.14746543778801843,0.3348694316436252,0.11981566820276497
239,69.36040891882722,1000,0.3017088168272619,0.0002928644564625272,0.8274240683645119,0.43,0.112,0.279,0.179
240,76.98456689407071,1000,0.30020617314769793,0.0002913697386698561,0.8033919607945977,0.427,0.117,0.289,0.167
241,24.194882403700788,180,0.2987110132999009,0.0002898826495983576,0.7674051192969716,0.07777777777777778,0.2111111111111111,0.5055555555555555,0.20555555555555555
242,105.14071317724287,1000,0.2972233000110704,0.0002884031503126642,0.8093963144799671,0.49,0.137,0.246,0.127
243,65.37008654679784,1000,0.2957429961940411,0.00028693120207612594,0.7939359092143465,0.357,0.196,0.329,0.118
244,71.02189111358017,1000,0.29427006494635827,0.0002854667663497968,0.8164944631200439,0.181,0.489,0.208,0.122
245,222.56744990105392,728,0.2928044695493577,0.00028400980479142507,0.7973607655060224,0.44368131868131866,0.1401098901098901,0.2706043956043956,0.14560439560439561
246,129.53824403472558,1000,0.2913461734672504,0.00028256027925444986,0.8017325719073504,0.593,0.112,0.177,0.118
247,68.33562110955476,1000,0.28989514034621183,0.0002811181517870022,0.8000311327349688,0.44,0.168,0.214,0.178
248,95.98208531852566,1000,0.2884513340134756,0.0002796833846309113,0.7952679536941527,0.475,0.085,0.256,0.184
249,28.99718081661223,156,0.2870147184764318,0.00027825594022071605,0.7969118305923413,0.1858974358974359,0.19230769230769232,0.46794871794871795,0.15384615384615385
250,-224.71590022370083,517,0.28558525792172956,0.0002768357811826815,0.7907443365611362,0.13539651837524178,0.36363636363636365,0.36363636363636365,0.13733075435203096
251,103.77878006912884,1000,0.2841629167143845,0.0002754228703338202,0.8045931464920547,0.087,0.691,0.156,0.066
252,108.97374265373873,1000,0.28274765939689017,0.0002740171706809189,0.7730953591749815,0.109,0.679,0.133,0.079
253,-21.287786627379717,78,0.28133945068833427,0.0002726186454195696,0.7716398477971484,0.038461538461538464,0.15384615384615385,0.5897435897435898,0.21794871794871795
254,130.96117137736923,1000,0.2799382554835191,0.00027122725793320634,0.7780842139467743,0.589,0.126,0.192,0.093
255,115.1285686324087,1000,0.2785440388520863,0.0002698429717921463,0.7652316042212386,0.485,0.119,0.267,0.129
256,120.86781289512479,1000,0.27715676603764633,0.00026846575075263585,0.7583033217429223,0.579,0.159,0.148,0.114
257,40.46422509877712,1000,0.27577640245691176,0.00026709555875590197,0.7603677737232584,0.104,0.638,0.175,0.083
258,120.24907417871329,1000,0.2744029136988354,0.00026573235992720774,0.7572795643847083,0.228,0.495,0.188,0.089
259,-0.8896207212255705,1000,0.2730362655237522,0.00026437611857491343,0.7889041610864642,0.097,0.126,0.239,0.538
260,123.3190155298368,1000,0.2716764238625259,0.00026302679918954166,0.7499659131582999,0.616,0.095,0.185,0.104
261,52.55505033528313,1000,0.2703233548156995,0.000261684366442848,0.7842510740610846,0.09,0.598,0.214,0.098
262,101.38798040835405,1000,0.2689770246526506,0.00026034878518689574,0.7821255239884192,0.098,0.107,0.203,0.592
263,243.42617160033262,657,0.26763739981075,0.00025902002045313587,0.7821263450085495,0.4474885844748858,0.2267884322678843,0.2054794520547945,0.1202435312024353
264,154.33241727742336,1000,0.2663044468945255,0.0002576980374514913,0.7662976156071724,0.447,0.308,0.138,0.107
265,236.78140338205841,896,0.2649781326748289,0.0002563828015694461,0.7561898692431103,0.546875,0.09709821428571429,0.18526785714285715,0.17075892857142858
266,-19.501753738337527,366,0.26365842408800805,0.00025507427837113934,0.7230940285678689,0.11475409836065574,0.1721311475409836,0.5300546448087432,0.1830601092896175
267,-26.09969059098634,171,0.26234528823508246,0.00025377243359646324,0.7523788094990981,0.08187134502923976,0.22807017543859648,0.5146198830409356,0.17543859649122806
268,135.50565886365263,1000,0.2610386923809231,0.00025247723316016644,0.7289323999845722,0.571,0.133,0.192,0.104
269,119.67775919022262,1000,0.25973860395343634,0.0002511886431509614,0.7215519565088963,0.587,0.146,0.161,0.106
270,198.7037222765696,854,0.25844499054275216,0.0002499066298306366,0.7178393571463358,0.5573770491803278,0.10070257611241218,0.24121779859484777,0.10070257611241218
271,77.26514284054794,1000,0.257157819900416,0.00024863115963317297,0.6941813609353138,0.367,0.296,0.24,0.097
272,24.78989829130917,248,0.2558770599385848,0.0002473621991638655,0.6551507900224236,0.0967741935483871,0.18951612903225806,0.5564516129032258,0.15725806451612903
273,90.84151639146654,1000,0.25460267872922737,0.0002460997151984486,0.6821353415271327,0.142,0.619,0.152,0.087
274,130.0951568637185,1000,0.25333464450332815,0.00024484367468222606,0.70199170811992,0.464,0.137,0.272,0.127
275,245.8070109097021,328,0.25207292565009537,0.00024359404472920604,0.6766154500616728,0.49085365853658536,0.11585365853658537,0.2865853658536585,0.10670731707317073
276,59.746577675194814,1000,0.25081749071617304,0.00024235079262123965,0.6772220113283197,0.204,0.121,0.264,0.411
277,120.33146557577209,1000,0.24956830840485686,0.00024111388580716448,0.6782058744735556,0.408,0.36,0.144,0.088
278,-129.41008608022372,498,0.2483253475753139,0.00023988329190195238,0.6783735599719042,0.10843373493975904,0.12449799196787148,0.4819277108433735,0.285140562248996
279,54.92105690700137,1000,0.24708857724180652,0.00023865897868586143,0.6748404192106515,0.226,0.229,0.315,0.23
280,121.85900203785324,1000,0.24585796657291967,0.0002374409141035924,0.6818282385070645,0.602,0.109,0.157,0.132
281,101.8294427611205,1000,0.24463348489079248,0.00023622906626344953,0.6613771224561943,0.514,0.117,0.238,0.131
282,-195.47015040645067,650,0.2434151016703534,0.0002350234034365054,0.6522154956854965,0.08461538461538462,0.42615384615384616,0.36615384615384616,0.12307692307692308
283,90.48517538906503,1000,0.2422027865385593,0.00023382389405577036,0.6765277113683683,0.544,0.111,0.213,0.132
284,248.20517767179334,337,0.24099650927363828,0.00023263050671536593,0.6450747123116346,0.456973293768546,0.12166172106824925,0.29080118694362017,0.13056379821958458
285,128.14669055979238,1000,0.2397962398043362,0.0002314432101697025,0.6480021360256714,0.569,0.082,0.153,0.196
286,120.5656090531755,1000,0.23860194820916716,0.00023026197333266135,0.6443412091943389,0.526,0.108,0.221,0.145
287,8.836670577310969,103,0.2374136047156675,0.00022908676527678062,0.6803245952689783,0.08737864077669903,0.17475728155339806,0.5631067961165048,0.17475728155339806
288,18.04939042023166,95,0.23623117969965363,0.0002279175552324457,0.6228709024372796,0.10526315789473684,0.23157894736842105,0.5684210526315789,0.09473684210526316
289,149.45456468265502,1000,0.23505464368448353,0.00022675431258708346,0.6398432260005609,0.498,0.14,0.179,0.183
290,119.26785664506663,1000,0.23388396734032196,0.0002255970068843609,0.6380630281316917,0.62,0.133,0.157,0.09
291,204.620425077131,464,0.23271912148340923,0.00022444560782338763,0.6584296241020967,0.09482758620689655,0.5646551724137931,0.24568965517241378,0.09482758620689655
292,224.74107522078137,498,0.2315600770753337,0.00022330008525792253,0.641490423238482,0.44779116465863456,0.13855421686746988,0.3032128514056225,0.11044176706827309
293,205.53901958214263,844,0.2304068052223079,0.00022216040919558445,0.6503070677028997,0.16113744075829384,0.44075829383886256,0.1457345971563981,0.2523696682464455
294,237.8100456322048,383,0.22925927717444824,0.000221026549797067,0.6390049427505406,0.4281984334203655,0.10966057441253264,0.34986945169712796,0.1122715404699739
295,111.45146846742779,1000,0.22811746432505836,0.0002198984773753573,0.6457829817902225,0.222,0.075,0.143,0.56
296,4.493831713694632,1000,0.2269813382099158,0.00021877616239495854,0.6548419564401581,0.106,0.234,0.324,0.336
297,62.38110947030976,1000,0.2258508705065627,0.0002176595754711169,0.6427538691759498,0.309,0.101,0.318,0.272
298,223.21901367869106,470,0.22472603303359945,0.000216548687369052,0.658037635045565,0.3446808510638298,0.1127659574468085,0.40425531914893614,0.13829787234042554
299,74.60974437658223,1000,0.2236067977499824,0.00021544346900319165,0.6442063002144446,0.206,0.577,0.147,0.07
300,90.94984720312704,1000,0.22249313675432472,0.00021434389143641013,0.6434963771643766,0.346,0.426,0.151,0.077
301,125.98202413012812,1000,0.22138502228420082,0.00021324992587927068,0.6305623502314881,0.528,0.165,0.221,0.086
302,-2.3452051664804827,79,0.22028242671545434,0.0002121615436892717,0.6265588284994282,0.08860759493670886,0.13924050632911392,0.6075949367088608,0.16455696202531644
303,96.11162402259204,1000,0.21918532256150944,0.00021107871637009683,0.6291138372349426,0.329,0.085,0.155,0.431
304,99.94921753245744,1000,0.21809368247268562,0.00021000141557086878,0.6441942785460273,0.159,0.061,0.146,0.634
305,226.13400055927463,374,0.21700747923551592,0.00020892961308540718,0.6227073341162813,0.4679144385026738,0.20588235294117646,0.22727272727272727,0.09893048128342247
306,-19.690520446343672,1000,0.2159266857720685,0.00020786328085148993,0.6325691994931986,0.124,0.441,0.314,0.121
307,-165.2247323956234,589,0.21485127513927166,0.00020680239095011854,0.6320571052862546,0.11884550084889643,0.4159592529711375,0.3395585738539898,0.12563667232597622
308,195.80895875380565,596,0.21378122052824208,0.00020574691560478717,0.6246744557665852,0.3624161073825503,0.09228187919463088,0.1761744966442953,0.3691275167785235
309,-60.20202174654065,148,0.21271649526361663,0.00020469682718075532,0.6438542241474979,0.12837837837837837,0.20270270270270271,0.46621621621621623,0.20270270270270271
310,292.57417107850745,758,0.21165707280288729,0.00020365209818432435,0.6231868272978264,0.6279683377308707,0.08839050131926121,0.15963060686015831,0.12401055408970976
311,94.70703727978453,1000,0.2106029267357395,0.00020261270126211757,0.6326595921116523,0.531,0.076,0.161,0.232
312,258.3780664764535,673,0.20955403078339377,0.0002015786092003641,0.6243769437762622,0.4442793462109955,0.15601783060921248,0.27786032689450224,0.12184249628528974
313,239.13400604074323,494,0.2085103587979506,0.00020054979492418635,0.6083460545028017,0.4676113360323887,0.18218623481781376,0.27530364372469635,0.07489878542510121
314,96.54383622294174,1000,0.20747188476173858,0.00019952623149689116,0.6170759194220659,0.486,0.097,0.265,0.152
315,61.77273429983335,1000,0.2064385827866659,0.0001985078921192645,0.6222543709257181,0.1,0.093,0.23,0.577
316,209.47894730343853,475,0.20541042711357488,0.00019749475012886982,0.61195454981484,0.40842105263157896,0.14526315789473684,0.35157894736842105,0.09473684210526316
317,113.50134712392239,1000,0.2043873921115999,0.00019648677899934995,0.618071188622195,0.409,0.343,0.175,0.073
318,4.1986532392366485,88,0.20336945227752837,0.00019548395233973259,0.6110076754724374,0.18181818181818182,0.11363636363636363,0.5568181818181818,0.14772727272727273
319,169.38889064893792,664,0.20235658223516506,0.0001944862438937394,0.6065380298837717,0.12650602409638553,0.31626506024096385,0.45933734939759036,0.09789156626506024
320,272.91734547854037,442,0.2013487567346994,0.0001934936275390984,0.5942488613812403,0.5158371040723982,0.08597285067873303,0.2918552036199095,0.10633484162895927
321,38.08633731603039,1000,0.20034595065207608,0.0001925060772868602,0.607867191996885,0.355,0.253,0.282,0.11
322,215.54963250157326,659,0.19934813898836876,0.00019152356728071747,0.6022264438205478,0.17147192716236723,0.1062215477996965,0.49013657056145676,0.2321699544764795
323,110.77315695081433,1000,0.1983552968691568,0.00019054607179632788,0.6056527671660515,0.307,0.06,0.144,0.489
324,176.54046829392962,1000,0.1973673995439052,0.00018957356524064073,0.5988649837696143,0.445,0.314,0.148,0.093
325,231.753506241229,444,0.19638442238534762,0.0001886060221512268,0.5999033637751544,0.536036036036036,0.13513513513513514,0.23873873873873874,0.09009009009009009
326,186.52940585823666,864,0.19540634088887243,0.00018764341719561167,0.6032832169328413,0.3738425925925926,0.06712962962962964,0.1724537037037037,0.38657407407407407
327,270.8865312981186,564,0.1944331306719118,0.00018668572517061246,0.6007138367006879,0.5443262411347518,0.12056737588652482,0.1950354609929078,0.1400709219858156
328,134.24126276385698,1000,0.19346476747333397,0.00018573292100167797,0.5962351063833881,0.661,0.13,0.127,0.082
329,267.20361982555363,255,0.19250122715283827,0.0001847849797422322,0.5907518396602531,0.403921568627451,0.12156862745098039,0.3686274509803922,0.10588235294117647
330,108.94835433428335,1000,0.19154248569035348,0.00018384187657302114,0.5971300554951426,0.472,0.208,0.221,0.099
331,239.38209071313554,368,0.190588519185439,0.00018290358680146294,0.5964107678057112,0.18478260869565216,0.1331521739130435,0.532608695652174,0.14945652173913043
332,7.561254103848115,1000,0.18963930385668903,0.00018197008586100144,0.6019227603431122,0.123,0.371,0.307,0.199
333,148.6417494025109,1000,0.18869481604113966,0.00018104134931046296,0.5843122333622023,0.329,0.428,0.158,0.085
334,40.42750652475732,103,0.1877550321936791,0.00018011735283341638,0.5753428782476115,0.1262135922330097,0.11650485436893204,0.6019417475728155,0.1553398058252427
335,105.86950263052947,1000,0.18681992888646057,0.00017919807223753644,0.5833417511046035,0.361,0.41,0.158,0.071
336,-0.04595245398125769,127,0.18588948280831843,0.00017828348345397035,0.5798683563270514,0.10236220472440945,0.2204724409448819,0.47244094488188976,0.2047244094488189
337,284.8242921703799,436,0.18496367076418696,0.0001773735625367076,0.5888753467270034,0.4426605504587156,0.10779816513761468,0.30275229357798167,0.14678899082568808
338,250.99605669922423,425,0.18404246967452215,0.00017646828566195307,0.5735193190427949,0.4,0.08,0.4329411764705882,0.08705882352941176
339,250.51125415513388,505,0.18312585657472633,0.00017556762912750317,0.5885515602648818,0.4613861386138614,0.08316831683168317,0.25346534653465347,0.201980198019802
340,29.65470148097853,103,0.18221380861457573,0.00017467156935212534,0.5376150194301008,0.20388349514563106,0.1262135922330097,0.5533980582524272,0.11650485436893204
341,-35.117602239762675,149,0.18130630305765083,0.00017378008287494056,0.560133452466283,0.2080536912751678,0.18791946308724833,0.5033557046979866,0.10067114093959731
342,134.04186960812027,1000,0.18040331728076958,0.0001728931463548092,0.5732083744827393,0.501,0.086,0.226,0.187
343,86.86853175000405,1000,0.17950482877342336,0.0001720107365697198,0.5748011737723584,0.193,0.488,0.238,0.081
344,229.60471815949955,777,0.17861081513721588,0.00017113283041618108,0.5711164954780438,0.4697554697554698,0.17503217503217502,0.2676962676962677,0.08751608751608751
345,114.30289358258474,1000,0.17772125408530481,0.00017025940490861708,0.575694108323272,0.08,0.084,0.228,0.608
346,139.5378874506638,692,0.17683612344184615,0.00016939043717876533,0.5704553836189691,0.2615606936416185,0.18063583815028902,0.4479768786127168,0.10982658959537572
347,177.30031110481656,796,0.17595540114144145,0.0001685259044750781,0.5774895663958062,0.14321608040201006,0.10552763819095477,0.24874371859296482,0.5025125628140703
348,178.0290373122417,422,0.17507906522858774,0.0001676657841621267,0.5622141355351652,0.0995260663507109,0.14928909952606634,0.476303317535545,0.27488151658767773
349,125.49181449396518,1000,0.17420709385713018,0.00016681005372000884,0.5706373820893246,0.563,0.121,0.146,0.17
350,251.20710281167692,430,0.17333946528971744,0.00016595869074375902,0.5715927227834161,0.37906976744186044,0.1186046511627907,0.34651162790697676,0.1558139534883721
351,99.24384217898367,1000,0.1724761578972599,0.00016511167294276194,0.5702461061571571,0.43,0.046,0.135,0.389
352,45.25925078810133,1000,0.17161715015839032,0.0001642689781401688,0.5698801185327613,0.103,0.074,0.187,0.636
353,246.462765164391,712,0.1707624206589275,0.00016343058427231672,0.5668787214128541,0.42275280898876405,0.09691011235955056,0.16853932584269662,0.31179775280898875
354,144.27894860695136,776,0.16991194809134227,0.0001625964693881511,0.5664644876240499,0.18170103092783504,0.11469072164948453,0.38788659793814434,0.31572164948453607
355,-16.769231707619255,107,0.16906571125422645,0.00016176661164865082,0.5302802813162405,0.18691588785046728,0.14953271028037382,0.5046728971962616,0.1588785046728972
356,238.65837283229826,331,0.16822368905176427,0.00016094098932625646,0.5683875119526497,0.4471299093655589,0.14803625377643503,0.3293051359516616,0.0755287009063444
357,96.39262538718945,1000,0.16738586049320645,0.00016011958080430143,0.5566855737182141,0.211,0.059,0.117,0.613
358,203.6320382727817,742,0.16655220469234697,0.00015930236457644602,0.5444405938539238,0.4110512129380054,0.10242587601078167,0.3113207547169811,0.1752021563342318
359,117.73716133337624,1000,0.1657227008670024,0.0001584893192461143,0.5457668345836199,0.309,0.056,0.121,0.514
360,235.1903653894092,546,0.16489732833849374,0.00015768042352593388,0.5323408262768204,0.6355311355311355,0.08974358974358974,0.18315018315018314,0.09157509157509157
361,256.95358849632123,827,0.16407606653113102,0.00015687565623717862,0.5319537312731166,0.6154776299879081,0.10157194679564692,0.1596130592503023,0.12333736396614269
362,91.86837635298578,1000,0.16325889497170032,0.00015607499630921405,0.5414551797356687,0.272,0.099,0.209,0.42
363,161.6913210519524,1000,0.16244579328895342,0.00015527842277894576,0.545090188364986,0.476,0.11,0.12,0.294
364,76.20662077926916,1000,0.16163674121309993,0.00015448591479027047,0.5355496210689792,0.168,0.211,0.163,0.458
365,57.80824917669352,148,0.16083171857530196,0.00015369745159353004,0.535976337504141,0.05405405405405406,0.20945945945945946,0.5743243243243243,0.16216216216216217
366,134.18170756562003,1000,0.16003070530717145,0.00015291301254496815,0.5482020314436233,0.426,0.384,0.108,0.082
367,37.76791574840172,122,0.1592336814402698,0.00015213257710618982,0.5472190721040368,0.11475409836065574,0.1557377049180328,0.6065573770491803,0.12295081967213115
368,164.75830972265527,521,0.15844062710561005,0.00015135612484362367,0.5361851570214561,0.08061420345489444,0.35892514395393477,0.42226487523992323,0.1381957773512476
369,263.33713274346917,420,0.15765152253316161,0.0001505836354279869,0.5330072016563449,0.4738095238095238,0.11190476190476191,0.32142857142857145,0.09285714285714286
370,129.27806692201943,1000,0.15686634805135746,0.00014981508863375306,0.5469865801066549,0.602,0.097,0.186,0.115
371,281.43679611304964,362,0.15608508408660363,0.00014905046433862245,0.5460293644732294,0.30662983425414364,0.1574585635359116,0.4143646408839779,0.12154696132596685
372,64.43457748455253,1000,0.15530771116279135,0.0001482897425229953,0.5445168717230414,0.334,0.165,0.423,0.078
373,250.25624343774444,735,0.15453420990081157,0.00014753290326944765,0.5340771912074069,0.4489795918367347,0.1564625850340136,0.2748299319727891,0.11972789115646258
374,233.9292128619099,493,0.1537645610180717,0.0001467799267622098,0.541770182332702,0.6328600405679513,0.10141987829614604,0.17038539553752535,0.09533468559837728
375,237.46711083996357,353,0.15299874532801508,0.00014603079328664748,0.5357778058230932,0.5042492917847026,0.10198300283286119,0.29461756373937675,0.09915014164305949
376,24.838361730648813,1000,0.15223674373964258,0.0001452854832287458,0.5462738356604165,0.091,0.087,0.27,0.552
377,260.02325493568185,213,0.15147853725703672,0.00014454397707459556,0.549480173117185,0.22065727699530516,0.11737089201877934,0.5211267605633803,0.14084507042253522
378,-12.656978144951353,164,0.1507241069788881,0.0001438062554098824,0.560169793169833,0.29878048780487804,0.10975609756097561,0.4817073170731707,0.10975609756097561
379,248.20746917963967,431,0.14997343409802424,0.00014307229891937854,0.5535731370336311,0.37122969837587005,0.11600928074245939,0.37819025522041766,0.1345707656612529
380,266.6223065630463,304,0.1492264999009407,0.00014234208838643692,0.5475660694241382,0.4868421052631579,0.08552631578947369,0.34539473684210525,0.08223684210526316
381,250.96249109715146,367,0.14848328576733458,0.00014161560469248824,0.5608976905300564,0.3896457765667575,0.14986376021798364,0.3106267029972752,0.14986376021798364
382,188.01063810291913,445,0.14774377316964035,0.00014089282881654024,0.53382203607046,0.2292134831460674,0.14157303370786517,0.47415730337078654,0.1550561797752809
383,103.79306378207067,1000,0.147007943672568,0.00014017374183467976,0.5499625579259485,0.381,0.451,0.123,0.045
384,216.4190366241054,602,0.14627577893264343,0.0001394583249195773,0.569653306242134,0.5780730897009967,0.07807308970099668,0.23920265780730898,0.10465116279069768
385,-14.08353024866808,1000,0.14554726069775115,0.00013874655933999398,0.5655685125982997,0.202,0.116,0.558,0.124
386,145.85900802905417,1000,0.1448223708066793,0.00013803842646029123,0.5563747099174519,0.376,0.062,0.175,0.387
387,88.66208529471004,1000,0.14410109118866696,0.0001373339077399428,0.5475283969840078,0.371,0.299,0.252,0.078
388,87.87960914515973,1000,0.14338340386295353,0.00013663298473304928,0.5575559368516836,0.172,0.058,0.124,0.646
389,100.54013628214571,1000,0.1426692909383306,0.0001359356390878553,0.5444941553569931,0.543,0.055,0.259,0.143
390,115.28815468694526,1000,0.14195873461269595,0.00013524185254626883,0.5448230841322307,0.379,0.045,0.104,0.472
391,3.3902489829762317,127,0.14125171717260968,0.00013455160694338334,0.5609099204828962,0.14173228346456693,0.14960629921259844,0.5748031496062992,0.13385826771653545
392,249.9619993581251,262,0.1405482209928527,0.00013386488420700205,0.5456091517461116,0.33587786259541985,0.13740458015267176,0.45038167938931295,0.07633587786259542
393,85.48683109336898,1000,0.13984822853598727,0.00013318166635716485,0.5401227052793877,0.489,0.062,0.131,0.318
394,235.9238667380654,275,0.13915172235191997,0.00013250193550567755,0.5478913263492375,0.3527272727272727,0.16363636363636364,0.37454545454545457,0.10909090909090909
395,230.70482899210657,323,0.13845868507746648,0.00013182567385564342,0.5276912365613546,0.2631578947368421,0.17027863777089783,0.25696594427244585,0.30959752321981426
396,234.46771003574918,567,0.1377690994359189,0.00013115286370099735,0.5245865495065712,0.36155202821869487,0.1128747795414462,0.3421516754850088,0.18342151675485008
397,212.84512015963458,416,0.13708294823661493,0.00013048348742604221,0.5433787482335327,0.2932692307692308,0.1201923076923077,0.46875,0.11778846153846154
398,92.97977873669906,1000,0.13640021437450947,0.00012981752750498761,0.5348038987655356,0.402,0.073,0.235,0.29
399,237.72850688449893,429,0.1357208808297481,0.0001291549665014911,0.5276642949126579,0.05827505827505827,0.07459207459207459,0.2937062937062937,0.5734265734265734
400,170.14445146510405,478,0.13504493066724277,0.00012849578706820153,0.523255490054535,0.17154811715481172,0.38284518828451886,0.2719665271966527,0.17364016736401675
401,230.5428010432685,318,0.13437234703624976,0.00012783997194630505,0.5308194933555034,0.11635220125786164,0.5974842767295597,0.22955974842767296,0.05660377358490566
402,152.90963607670363,875,0.13370311316994946,0.00012718750396507303,0.5249421258494573,0.23085714285714284,0.39085714285714285,0.28,0.09828571428571428
403,245.42860987332284,251,0.1330372123850285,0.0001265383660414126,0.5261151242213754,0.3745019920318725,0.12350597609561753,0.4262948207171315,0.07569721115537849
404,245.42955042873245,973,0.13237462808126377,0.0001258925411794194,0.5325232203201787,0.5570400822199383,0.08530318602261049,0.1747173689619733,0.1829393627954779
405,233.1381550962299,612,0.13171534374110866,0.00012525001246993246,0.521441523910832,0.4362745098039216,0.14869281045751634,0.2908496732026144,0.12418300653594772
406,249.41003538567668,330,0.13105934292928123,0.00012461076309009165,0.5143623961668309,0.4575757575757576,0.10909090909090909,0.23939393939393938,0.19393939393939394
407,174.325340557753,476,0.1304066092923546,0.00012397477630289708,0.5283579819914893,0.16596638655462184,0.25210084033613445,0.46638655462184875,0.11554621848739496
408,207.83802251555468,341,0.12975712655834912,0.00012334203545677095,0.5109830979956737,0.093841642228739,0.3724340175953079,0.4222873900293255,0.11143695014662756
409,270.33368654528795,328,0.12911087853632688,0.00012271252398512162,0.5440061471085322,0.3597560975609756,0.11280487804878049,0.4024390243902439,0.125
410,263.58238308106763,259,0.128467849115988,0.00012208622540590974,0.5277350834947119,0.3436293436293436,0.138996138996139,0.32432432432432434,0.19305019305019305
411,291.2348992823569,328,0.12782802226726903,0.00012146312332121679,0.5283876112785512,0.3170731707317073,0.14329268292682926,0.39939024390243905,0.1402439024390244
412,263.59950977841095,356,0.12719138203994332,0.00012084320141681574,0.5324517734287518,0.6067415730337079,0.03089887640449438,0.22752808988764045,0.1348314606741573
413,220.82484576612117,198,0.1265579125632235,0.0001202264434617439,0.5132621130777365,0.16161616161616163,0.4090909090909091,0.40404040404040403,0.025252525252525252
414,231.52078693552173,543,0.12592759804536563,0.00011961283330787796,0.536385715679549,0.5156537753222836,0.09944751381215469,0.22099447513812154,0.16390423572744015
415,59.504583353145335,128,0.1253004227732758,0.00011900235488951118,0.5244490551074474,0.1171875,0.125,0.6171875,0.140625
416,240.45111206880594,386,0.12467637111211817,0.00011839499222293278,0.530149342053731,0.37823834196891193,0.32642487046632124,0.22797927461139897,0.06735751295336788
417,161.96876751737247,875,0.12405542750492535,0.00011779072940600942,0.5320945738358299,0.08685714285714285,0.13142857142857142,0.21714285714285714,0.5645714285714286
418,231.05780949134342,377,0.12343757647221056,0.00011718955061776886,0.5304488362290125,0.06896551724137931,0.06631299734748011,0.27851458885941643,0.5862068965517241
419,293.51292126138674,328,0.1228228026115817,0.00011659144011798575,0.5264777626610037,0.3231707317073171,0.13719512195121952,0.4268292682926829,0.11280487804878049
420,-10.491342545709188,119,0.12221109059735742,0.00011599638224676948,0.5134398563999015,0.14285714285714285,0.2184873949579832,0.40336134453781514,0.23529411764705882
421,261.9802339640343,242,0.12160242518018508,0.00011540436142415419,0.5254220217241137,0.4132231404958678,0.1115702479338843,0.35537190082644626,0.11983471074380166
422,17.97645367363205,1000,0.12099679118666054,0.00011481536214969084,0.5211046882284334,0.155,0.361,0.364,0.12
423,211.74415367943072,244,0.12039417351894997,0.0001142293690020414,0.5120042169481923,0.15163934426229508,0.06967213114754098,0.45081967213114754,0.32786885245901637
424,195.06598200189177,441,0.11979455715441345,0.00011364636663857504,0.5009224109976624,0.528344671201814,0.10430839002267574,0.2743764172335601,0.09297052154195011
425,233.17310146936308,314,0.11919792714523043,0.00011306633979496645,0.5176756067654932,0.4554140127388535,0.12738853503184713,0.321656050955414,0.09554140127388536
426,280.6509230898672,349,0.11860426861802718,0.0001124892732847962,0.5277305524196035,0.27793696275071633,0.14326647564469913,0.4355300859598854,0.14326647564469913
427,226.21018403511582,688,0.11801356677350594,0.00011191515199915312,0.5268766784001188,0.436046511627907,0.3648255813953488,0.16279069767441862,0.036337209302325583
428,12.893505719815238,152,0.11742580688607601,0.00011134396090623867,0.5349904108051119,0.08552631578947369,0.21710526315789475,0.47368421052631576,0.2236842105263158
429,198.72113382288617,288,0.11684097430348667,0.00011077568505097344,0.5228656322546261,0.12152777777777778,0.07291666666666667,0.4444444444444444,0.3611111111111111
430,239.91618287122782,479,0.1162590544464619,0.00011021030955460552,0.5247581871332413,0.3903966597077244,0.2860125260960334,0.24634655532359082,0.07724425887265135
431,274.6527875828546,257,0.11568003280833696,0.00010964781961432101,0.5228667038949443,0.32684824902723736,0.1867704280155642,0.29571984435797666,0.19066147859922178
432,177.4597090458647,1000,0.1151038949546967,0.00010908820050285642,0.5240203966984118,0.517,0.298,0.106,0.079
433,293.42532104510457,256,0.11453062652301578,0.00010853143756811307,0.5205342255173042,0.25390625,0.21484375,0.390625,0.140625
434,66.22437819723609,1000,0.1139602132223006,0.00010797751623277346,0.5152531682447807,0.228,0.209,0.395,0.168
435,264.905295977633,236,0.11339264083273302,0.00010742642199391962,0.5222674306166102,0.2923728813559322,0.1652542372881356,0.3940677966101695,0.1483050847457627
436,247.51411536658128,216,0.11282789520531596,0.00010687814042265338,0.5154514610126173,0.22685185185185186,0.14351851851851852,0.37962962962962965,0.25
437,248.9399881424896,315,0.11226596226152054,0.0001063326571637186,0.5162471540732244,0.15555555555555556,0.13968253968253969,0.5714285714285714,0.13333333333333333
438,27.207679591518186,123,0.11170682799293526,0.00010578995793512529,0.5346834948677593,0.11382113821138211,0.11382113821138211,0.6666666666666666,0.10569105691056911
439,236.24389990028868,271,0.11115047846091669,0.00010525002852777575,0.5146744764996007,0.41697416974169743,0.08856088560885608,0.3763837638376384,0.11808118081180811
440,238.2770385229503,420,0.11059689979624203,0.0001047128548050924,0.5222496776148565,0.4642857142857143,0.07857142857142857,0.2642857142857143,0.19285714285714287
441,97.96633003574681,1000,0.11004607819876336,0.00010417842270264782,0.5075674943074266,0.496,0.259,0.198,0.047
442,128.5307680632823,1000,0.1094979999370636,0.00010364671822779637,0.5110495787931776,0.39,0.388,0.158,0.064
443,237.69570306758985,345,0.10895265134811426,0.00010311772745930794,0.5131744594767756,0.5826086956521739,0.06666666666666667,0.2463768115942029,0.10434782608695652
444,-156.41468927234482,212,0.10841001883693473,0.0001025914365470034,0.5094641897651007,0.18396226415094338,0.37735849056603776,0.3867924528301887,0.05188679245283019
445,271.12403066027605,560,0.10787008887625348,0.00010206783171139196,0.508180963840413,0.6232142857142857,0.13392857142857142,0.17142857142857143,0.07142857142857142
446,182.13321354203742,710,0.10733284800617075,0.00010154689924331044,0.5053732087056265,0.2380281690140845,0.4028169014084507,0.2830985915492958,0.07605633802816901
447,283.1992990118977,297,0.10679828283382309,0.00010102862550356429,0.4931841269252918,0.18181818181818182,0.12794612794612795,0.41414141414141414,0.2760942760942761
448,228.70229392156187,495,0.10626638003304942,0.00010051299692257053,0.5191660016408959,0.4444444444444444,0.23434343434343435,0.25656565656565655,0.06464646464646465
449,261.86176922401825,373,0.10573712634405887,0.0001000000000000024,0.5209676793427087,0.4075067024128686,0.16621983914209115,0.30294906166219837,0.12332439678284182
450,164.00587176338604,756,0.10521050857310017,9.948962130443598e-05,0.5130057420423129,0.2751322751322751,0.39021164021164023,0.2526455026455027,0.082010582010582
451,95.78358097956634,1000,0.10468651359213282,9.898184747299844e-05,0.5128623001063896,0.418,0.379,0.159,0.044
452,187.02705715440516,353,0.10416512833849978,9.847666521101821e-05,0.5300210961991244,0.059490084985835696,0.43626062322946174,0.3909348441926346,0.11331444759206799
453,222.517885306479,233,0.1036463398146018,9.797406129167691e-05,0.5128679621385547,0.21030042918454936,0.21030042918454936,0.43776824034334766,0.14163090128755365
454,258.29336922517473,242,0.1031301350875735,9.747402255566301e-05,0.4961972428827169,0.3677685950413223,0.11983471074380166,0.3884297520661157,0.12396694214876033
455,227.54510442934603,602,0.10261650128896083,9.69765359108273e-05,0.5185940526206205,0.15282392026578073,0.06976744186046512,0.19435215946843853,0.5830564784053156
456,305.80345648198545,400,0.10210542561440039,9.648158833184013e-05,0.5077406688769941,0.26,0.26,0.25,0.23
457,223.74078869371922,312,0.10159689532330018,9.598916685985032e-05,0.5197840828664516,0.3173076923076923,0.13141025641025642,0.3301282051282051,0.22115384615384615
458,196.48938919969572,461,0.10109089773852199,9.549925860214595e-05,0.5082530988281774,0.18872017353579176,0.1735357917570499,0.3470715835140998,0.29067245119305857
459,269.5217958549207,612,0.10058742024606539,9.501185073181671e-05,0.5125802910369874,0.28431372549019607,0.49019607843137253,0.1503267973856209,0.07516339869281045
460,286.15546765012465,250,0.10008645029475326,9.452693048741816e-05,0.5171820811642651,0.216,0.232,0.424,0.128
461,289.07432199177606,259,0.09958797539591889,9.404448517263751e-05,0.5252243448081083,0.5096525096525096,0.05405405405405406,0.32432432432432434,0.11196911196911197
462,240.61033909953804,386,0.0990919831230947,9.356450215596125e-05,0.508313768788201,0.4948186528497409,0.10621761658031088,0.3005181347150259,0.09844559585492228
463,184.02064301047443,379,0.09859846111170241,9.308696887034445e-05,0.519250659604945,0.09762532981530343,0.2928759894459103,0.45910290237467016,0.1503957783641161
464,0.8908339494071811,174,0.09810739705874481,9.261187281288167e-05,0.5156179726895062,0.1724137931034483,0.1781609195402299,0.4885057471264368,0.16091954022988506
465,208.8020050661042,879,0.0976187787224991,9.213920154447967e-05,0.5054369857332939,0.41751990898748575,0.2707622298065984,0.2366325369738339,0.07508532423208192
466,289.4929338935367,434,0.09713259392221169,9.166894268953164e-05,0.5074856315013042,0.5668202764976958,0.0967741935483871,0.22811059907834103,0.10829493087557604
467,151.78474628754216,1000,0.09664883053779448,9.120108393559328e-05,0.5032300070704142,0.513,0.323,0.111,0.053
468,220.73884242209195,316,0.09616747650952286,9.073561303306037e-05,0.5000423631890102,0.11392405063291139,0.49683544303797467,0.26582278481012656,0.12341772151898735
469,192.15863612115993,423,0.09568851983773495,9.027251779484805e-05,0.5168645896522069,0.13711583924349882,0.07092198581560284,0.31678486997635935,0.475177304964539
470,278.05904537145875,277,0.09521194858253253,8.981178609607174e-05,0.5018615733825985,0.22382671480144403,0.1552346570397112,0.35379061371841153,0.26714801444043323
471,-27.50748767642351,135,0.09473775086348335,8.935340587372971e-05,0.5018877367281427,0.26666666666666666,0.14074074074074075,0.4962962962962963,0.0962962962962963
472,201.18539621957893,662,0.09426591485932499,8.88973651263872e-05,0.5082484908366248,0.30966767371601206,0.2990936555891239,0.297583081570997,0.09365558912386707
473,229.39483142795018,198,0.09379642880767017,8.844365191386223e-05,0.511863797035866,0.35858585858585856,0.1414141414141414,0.37373737373737376,0.12626262626262627
474,200.05257375862922,246,0.09332928100471348,8.799225435691295e-05,0.5017564784213958,0.34552845528455284,0.12195121951219512,0.42276422764227645,0.10975609756097561
475,160.7792924503754,640,0.09286445980493968,8.754316063692666e-05,0.5101434385780195,0.1328125,0.1453125,0.2328125,0.4890625
476,229.91687783365947,372,0.09240195362083334,8.70963589956103e-05,0.4983877078565272,0.48118279569892475,0.18548387096774194,0.24731182795698925,0.08602150537634409
477,283.6723210484813,284,0.09194175092259001,8.665183773468267e-05,0.5067659630887013,0.23943661971830985,0.1443661971830986,0.43309859154929575,0.18309859154929578
478,-6.172021692491228,121,0.09148384023782877,8.620958521556806e-05,0.5231810585090362,0.15702479338842976,0.12396694214876033,0.5950413223140496,0.12396694214876033
479,97.44933875619743,671,0.09102821015130624,8.576958985909162e-05,0.5036759614193891,0.09836065573770492,0.4157973174366617,0.3591654247391952,0.12667660208643816
480,215.67300290606525,456,0.09057484930463203,8.533184014517613e-05,0.4957942356222831,0.23464912280701755,0.28289473684210525,0.25219298245614036,0.23026315789473684
481,201.7019574447541,444,0.09012374639598555,8.489632461254036e-05,0.5075235817367135,0.5067567567567568,0.2545045045045045,0.19369369369369369,0.04504504504504504
482,278.3924962337839,411,0.08967489017983431,8.446303185839905e-05,0.5037624198914558,0.35279805352798055,0.22871046228710462,0.2895377128953771,0.12895377128953772
483,49.38099150979093,1000,0.08922826946665352,8.40319505381643e-05,0.49555675328967336,0.041,0.713,0.177,0.069
484,204.5734540923689,435,0.08878387312264722,8.36030693651486e-05,0.49921220791281445,0.26436781609195403,0.4091954022988506,0.26436781609195403,0.06206896551724138
485,78.88561274179615,1000,0.0883416900694707,8.317637711026927e-05,0.49806106400059397,0.243,0.03,0.116,0.611
486,300.0951125618558,203,0.08790170928395427,8.275186260175448e-05,0.49898958120808024,0.29064039408866993,0.2660098522167488,0.33004926108374383,0.11330049261083744
487,255.38612957721492,467,0.08746391979782855,8.232951472485073e-05,0.4993540206221601,0.29764453961456105,0.47109207708779444,0.17558886509635974,0.055674518201284794
488,19.826836657330333,146,0.08702831069745101,8.190932242153187e-05,0.5045478460682034,0.2191780821917808,0.1643835616438356,0.4657534246575342,0.1506849315068493
489,-18.56187085362403,114,0.08659487112353387,8.149127469020957e-05,0.49359839545034195,0.11403508771929824,0.21052631578947367,0.5175438596491229,0.15789473684210525
490,194.88705205333355,696,0.08616359027087342,8.107536058544523e-05,0.4982005876371175,0.27729885057471265,0.3936781609195402,0.2413793103448276,0.08764367816091954
491,235.70958772235736,413,0.08573445738808068,8.066156921766346e-05,0.49602531125863586,0.3801452784503632,0.15254237288135594,0.36803874092009686,0.09927360774818401
492,240.75034640155314,187,0.08530746177731334,8.024988975286695e-05,0.4862412794400984,0.31016042780748665,0.1497326203208556,0.40106951871657753,0.13903743315508021
493,177.4122481485039,294,0.0848825927940091,7.984031141235278e-05,0.5110972033529038,0.07482993197278912,0.47619047619047616,0.3843537414965986,0.06462585034013606
494,208.1505044377629,677,0.08445983984662027,7.943282347243025e-05,0.4954547099816217,0.44756277695716395,0.08714918759231906,0.2511078286558346,0.21418020679468242
495,292.2881241992196,320,0.0840391923963498,7.902741526414009e-05,0.4955542099597151,0.2,0.403125,0.290625,0.10625
496,136.0675767668488,1000,0.0836206399568885,7.862407617297512e-05,0.4974150348667047,0.274,0.514,0.16,0.052
497,-10.16978222450615,200,0.08320417209415364,7.822279563860235e-05,0.49464582107145655,0.025,0.245,0.56,0.17
498,284.71035867387553,364,0.08278977842602886,7.782356315458647e-05,0.5033325172090168,0.5384615384615384,0.13736263736263737,0.24175824175824176,0.08241758241758242
499,209.428677079821,709,0.08237744862210536,7.742636826811479e-05,0.500504194316515,0.3709449929478138,0.231311706629055,0.24823695345557123,0.14950634696755993
500,269.7868208538177,326,0.08196717240342434,7.703120057972354e-05,0.4949489504934331,0.48466257668711654,0.1165644171779141,0.34049079754601225,0.05828220858895705
501,252.07377801674807,230,0.08155893954222078,7.66380497430256e-05,0.4938076990812892,0.4260869565217391,0.08695652173913043,0.3695652173913043,0.11739130434782609
502,225.15152994525366,278,0.08115273986166843,7.624690546443961e-05,0.49364622381305767,0.46402877697841727,0.1510791366906475,0.2733812949640288,0.11151079136690648
503,227.8978107779995,339,0.08074856323562621,7.585775750292045e-05,0.48925749490812415,0.48672566371681414,0.10914454277286136,0.27728613569321536,0.12684365781710916
504,219.4699030597481,195,0.08034639958838564,7.547059566969111e-05,0.49825008808344395,0.3435897435897436,0.1076923076923077,0.4564102564102564,0.09230769230769231
505,237.93270188300386,320,0.0799462388944198,7.508540982797593e-05,0.5039253481854034,0.584375,0.090625,0.240625,0.084375
506,198.2795602211501,319,0.07954807117813331,7.470218989273521e-05,0.4889628094745839,0.2946708463949843,0.26959247648902823,0.3322884012539185,0.10344827586206896
507,-20.202090781995935,109,0.07915188651361367,7.432092583040112e-05,0.4779234037926615,0.14678899082568808,0.21100917431192662,0.47706422018348627,0.1651376146788991
508,174.71870722277424,536,0.07875767502438383,7.394160765861504e-05,0.4909847659418168,0.2462686567164179,0.31529850746268656,0.3619402985074627,0.07649253731343283
509,246.6471366911363,289,0.078365426883156,7.356422544596616e-05,0.4974173141842171,0.19377162629757785,0.05190311418685121,0.28719723183391005,0.4671280276816609
510,235.77816322950247,255,0.07797513231158659,7.318876931173151e-05,0.48804036401343437,0.06274509803921569,0.09411764705882353,0.4235294117647059,0.4196078431372549
511,236.16619471067096,254,0.07758678158003256,7.281522942561718e-05,0.5029371922036708,0.452755905511811,0.11023622047244094,0.2952755905511811,0.14173228346456693
512,257.5453021808794,399,0.07720036500730874,7.244359600750101e-05,0.49799190256674775,0.5288220551378446,0.17794486215538846,0.21052631578947367,0.08270676691729323
513,254.84563705920715,196,0.07681587296044662,7.207385932717653e-05,0.49512602979253684,0.32653061224489793,0.0663265306122449,0.41836734693877553,0.18877551020408162
514,-24.986391920839765,170,0.07643329585445409,7.170600970409811e-05,0.502067488888414,0.2823529411764706,0.1,0.5470588235294118,0.07058823529411765
515,261.6543491803776,198,0.07605262415207657,7.134003750712762e-05,0.5167865995130582,0.40404040404040403,0.10606060606060606,0.4090909090909091,0.08080808080808081
516,256.1313793234594,430,0.07567384836355925,7.097593315428215e-05,0.4948593893751401,0.541860465116279,0.08837209302325581,0.26046511627906976,0.10930232558139535
517,241.3517061468651,294,0.0752969590464105,7.061368711248323e-05,0.4990861874073264,0.46598639455782315,0.1360544217687075,0.3231292517006803,0.07482993197278912
518,15.00035982687966,123,0.07492194680516646,7.025328989730719e-05,0.47709432158007337,0.0975609756097561,0.17073170731707318,0.6178861788617886,0.11382113821138211
519,203.47608536825632,405,0.07454880229115689,6.989473207273681e-05,0.4881120028120535,0.1506172839506173,0.4123456790123457,0.3111111111111111,0.1259259259259259
520,256.3819291235086,188,0.07417751620227203,6.953800425091434e-05,0.4734755946576594,0.2127659574468085,0.16489361702127658,0.5053191489361702,0.11702127659574468
521,209.008191610275,347,0.07380807928273078,6.91830970918956e-05,0.47764853456076306,0.09798270893371758,0.6253602305475504,0.1988472622478386,0.07780979827089338
522,157.74138540374634,507,0.07344048232284993,6.883000130340553e-05,0.48407909528769766,0.20118343195266272,0.07297830374753451,0.5128205128205128,0.21301775147928995
523,180.1838089186446,667,0.07307471615881456,6.847870764059486e-05,0.49025535742454524,0.24287856071964017,0.2383808095952024,0.3598200899550225,0.15892053973013492
524,273.86853262486454,298,0.0727107716724496,6.812920690579805e-05,0.4684507815603934,0.1610738255033557,0.07718120805369127,0.32550335570469796,0.436241610738255
525,120.0998795696454,642,0.07234863979099258,6.778148994829249e-05,0.4868948908047677,0.13239875389408098,0.22585669781931464,0.5171339563862928,0.12461059190031153
526,280.47525274643124,241,0.07198831148686739,6.743554766405891e-05,0.4627823756257706,0.46473029045643155,0.0995850622406639,0.3775933609958506,0.058091286307053944
527,260.70168120527296,262,0.07162977777745924,6.709137099554301e-05,0.4601480620480003,0.04961832061068702,0.5152671755725191,0.3435114503816794,0.0916030534351145
528,136.95500781297147,991,0.07127302972489075,6.674895093141833e-05,0.48332647139634405,0.24318869828456105,0.10494450050454086,0.15136226034308778,0.5005045408678103
529,186.00928690539774,233,0.07091805843579913,6.64082785063503e-05,0.4848351329772506,0.0815450643776824,0.4721030042918455,0.3562231759656652,0.09012875536480687
530,234.82568467085434,365,0.07056485506111447,6.606934480076148e-05,0.47657663422823404,0.1726027397260274,0.26301369863013696,0.23013698630136986,0.33424657534246577
531,246.79391870364253,300,0.07021341079583919,6.573214094059807e-05,0.48532259842720826,0.5833333333333334,0.09333333333333334,0.25666666666666665,0.06666666666666667
532,142.68841944493403,1000,0.06986371687882846,6.539665809709758e-05,0.4773772455352633,0.171,0.048,0.105,0.676
533,281.61382895755924,629,0.06951576459257186,6.506288748655759e-05,0.49065408384651343,0.5166931637519873,0.29093799682034976,0.14467408585055644,0.04769475357710652
534,182.48989709755915,645,0.06916954526297603,6.473082037010584e-05,0.47716578815269783,0.22790697674418606,0.04496124031007752,0.17209302325581396,0.5550387596899224
535,267.2424019386589,232,0.06882505025914844,6.440044805347146e-05,0.47462706961238327,0.44396551724137934,0.08189655172413793,0.36637931034482757,0.10775862068965517
536,253.90719835610315,209,0.06848227099318223,6.407176188675723e-05,0.4777783243858731,0.3827751196172249,0.1339712918660287,0.3588516746411483,0.12440191387559808
537,21.600778447775596,89,0.06814119891994212,6.374475326421318e-05,0.47913059818770404,0.056179775280898875,0.15730337078651685,0.6292134831460674,0.15730337078651685
538,219.9587298853083,265,0.06780182553685142,6.341941362401126e-05,0.4808690917883795,0.3584905660377358,0.1018867924528302,0.4528301886792453,0.08679245283018867
539,187.79443662941142,293,0.06746414238368,6.309573444802116e-05,0.4747233068018675,0.10238907849829351,0.09215017064846416,0.3515358361774744,0.4539249146757679
540,273.8798619798601,286,0.06712814104233344,6.27737072615873e-05,0.4888768087622113,0.3111888111888112,0.23426573426573427,0.3181818181818182,0.13636363636363635
541,150.89054922972917,487,0.06679381313664319,6.245332363330693e-05,0.4723854796042045,0.1601642710472279,0.19301848049281314,0.5030800821355236,0.1437371663244353
542,106.80581015291204,1000,0.0664611503321577,6.213457517480939e-05,0.47691800467852474,0.26,0.034,0.123,0.583
543,257.3064273160311,286,0.06613014433593471,6.181745354053646e-05,0.47079167731123867,0.33916083916083917,0.0944055944055944,0.4370629370629371,0.12937062937062938
544,182.40185196286313,457,0.06580078689633446,6.150195042752389e-05,0.4614428288149648,0.3282275711159737,0.12253829321663019,0.43544857768052514,0.1137855579868709
545,-16.301327576289395,159,0.06547306980281405,6.1188057575184e-05,0.4649713107548051,0.16981132075471697,0.1509433962264151,0.5345911949685535,0.14465408805031446
546,234.8344874084202,186,0.0651469848857227,6.0875766765089345e-05,0.47549420462366215,0.3010752688172043,0.12903225806451613,0.44623655913978494,0.12365591397849462
547,245.61308450702887,197,0.0648225240160981,6.056506982075763e-05,0.4797956387080932,0.25380710659898476,0.08629441624365482,0.5177664974619289,0.14213197969543148
548,248.61790673798401,265,0.06449967910546381,6.0255958607437554e-05,0.46866754114347303,0.43018867924528303,0.12075471698113208,0.3169811320754717,0.1320754716981132
549,213.78382931502952,311,0.06417844210562758,5.994842503189588e-05,0.4594984035332644,0.2090032154340836,0.12218649517684887,0.5144694533762058,0.15434083601286175
550,306.28947170194044,230,0.0638588050084807,5.964246104220548e-05,0.4646134424758578,0.28695652173913044,0.23043478260869565,0.3391304347826087,0.14347826086956522
551,262.45279726453856,195,0.06354075984579843,5.933805862753456e-05,0.4761217541916453,0.2205128205128205,0.11794871794871795,0.5538461538461539,0.1076923076923077
552,249.8047615288694,477,0.0632242986890413,5.9035209817936916e-05,0.4583018081593081,0.1278825995807128,0.07127882599580712,0.2222222222222222,0.5786163522012578
553,277.4093066127617,183,0.06290941364915748,5.873390668414323e-05,0.44362426497703217,0.30601092896174864,0.09836065573770492,0.5245901639344263,0.07103825136612021
554,137.1736847835388,597,0.06259609687638612,5.8434141337353506e-05,0.4571633157229156,0.1490787269681742,0.19932998324958123,0.4991624790619765,0.152428810720268
555,118.70912718226674,594,0.06228434056006167,5.813590592903049e-05,0.4419094166691309,0.1414141414141414,0.32154882154882153,0.4377104377104377,0.09932659932659933
556,257.529138648805,906,0.061974136928419146,5.7839192650694185e-05,0.43789397693132387,0.7461368653421634,0.06070640176600441,0.09492273730684327,0.09823399558498896
557,259.9361642868902,267,0.06166547824840039,5.7543993733717426e-05,0.44670374449320543,0.1797752808988764,0.14606741573033707,0.45692883895131087,0.21722846441947566
558,175.45711019964887,675,0.061358356825461334,5.725030144912246e-05,0.44089982889055235,0.14074074074074075,0.38222222222222224,0.38814814814814813,0.08888888888888889
559,314.0470727501707,240,0.06105276500338012,5.695810810737859e-05,0.43846710547184364,0.22083333333333333,0.2375,0.3458333333333333,0.19583333333333333
560,274.5370788083346,434,0.06074869516406628,5.666740605820084e-05,0.4453675762303186,0.4032258064516129,0.3064516129032258,0.2304147465437788,0.059907834101382486
561,268.09329723520773,891,0.06044613972737082,5.637818769034967e-05,0.43820308043425377,0.4713804713804714,0.31313131313131315,0.14927048260381592,0.06621773288439955
562,249.6427906242118,402,0.060145091150897244,5.609044543143168e-05,0.45046527315373625,0.39552238805970147,0.2263681592039801,0.3009950248756219,0.07711442786069651
563,246.97677135801996,281,0.059845541929813534,5.580417174770135e-05,0.44610500242455325,0.11387900355871886,0.6654804270462633,0.2099644128113879,0.010676156583629894
564,231.17047785112712,345,0.05954748459666506,5.551935914386379e-05,0.43540224412814577,0.45217391304347826,0.1246376811594203,0.3333333333333333,0.08985507246376812
565,234.32865785550172,517,0.05925091172118844,5.5236000162878504e-05,0.44600180683161905,0.5493230174081238,0.16054158607350097,0.2379110251450677,0.05222437137330754
566,235.62861506867065,358,0.058955815910126275,5.495408738576414e-05,0.42992336957752825,0.06983240223463687,0.06424581005586592,0.2709497206703911,0.5949720670391061
567,-39.848952325713825,1000,0.05866218980704289,5.467361343140425e-05,0.4335147920635178,0.141,0.141,0.578,0.14
568,239.9155708951612,231,0.058370026092140904,5.439457095635402e-05,0.4371983229003395,0.2987012987012987,0.17316017316017315,0.42424242424242425,0.1038961038961039
569,251.15674895209233,390,0.058079317482078785,5.4116952654648034e-05,0.4322333196129238,0.4666666666666667,0.2282051282051282,0.23333333333333334,0.07179487179487179
570,221.5424011342694,298,0.05779005672978926,5.3840751257608944e-05,0.4348575798158719,0.28859060402684567,0.12416107382550336,0.4664429530201342,0.12080536912751678
571,285.139088302213,235,0.05750223662429868,5.35659595336572e-05,0.442889070942625,0.425531914893617,0.13191489361702127,0.31063829787234043,0.13191489361702127
572,277.32579693387686,229,0.05721584999054722,5.329257028812169e-05,0.4390460725031564,0.38427947598253276,0.19213973799126638,0.314410480349345,0.1091703056768559
573,174.86427036516676,531,0.056930889689210055,5.302057636305136e-05,0.43968449031642304,0.09227871939736347,0.2448210922787194,0.5084745762711864,0.1544256120527307
574,274.23208291840444,235,0.05664734861651935,5.2749970637027824e-05,0.44354089704347344,0.3829787234042553,0.15319148936170213,0.31063829787234043,0.15319148936170213
575,276.145914372566,362,0.056365219704087186,5.248074602497889e-05,0.43936970337876396,0.12154696132596685,0.27071823204419887,0.2900552486187845,0.31767955801104975
576,263.16150868990167,307,0.056084495918729355,5.221289547799308e-05,0.44179267822206236,0.4201954397394137,0.23127035830618892,0.28338762214983715,0.06514657980456026
577,286.5611816770805,249,0.05580517026229002,5.1946411983135046e-05,0.4318817137799755,0.22088353413654618,0.14859437751004015,0.4578313253012048,0.17269076305220885
578,209.16000177435927,304,0.05552723577146726,5.1681288563261965e-05,0.4311123914639802,0.08223684210526316,0.0756578947368421,0.3519736842105263,0.4901315789473684
579,220.88514763827436,754,0.055250685517639495,5.141751827684087e-05,0.4369525640962962,0.4297082228116711,0.4005305039787798,0.1246684350132626,0.04509283819628647
580,278.28960761859105,200,0.05497551260669274,5.11550942177669e-05,0.4343278969709361,0.25,0.11,0.525,0.115
581,275.73907017338956,316,0.05470171017884877,5.08940095151825e-05,0.43921923838105337,0.17405063291139242,0.11708860759493671,0.4462025316455696,0.2626582278481013
582,285.7040275591843,261,0.05442927140849408,5.063425733329746e-05,0.43134254947699013,0.367816091954023,0.1685823754789272,0.29118773946360155,0.1724137931034483
583,163.41715080154307,460,0.05415818950400976,5.0375830871210034e-05,0.43117861481590647,0.1108695652173913,0.27608695652173915,0.49130434782608695,0.12173913043478261
584,20.234170048193477,138,0.053888457707602165,5.011872336272881e-05,0.43906021478624113,0.2318840579710145,0.2246376811594203,0.42028985507246375,0.12318840579710146
585,252.57925367102024,274,0.05362006929513446,4.986292807619558e-05,0.42363497029015246,0.33941605839416056,0.043795620437956206,0.41605839416058393,0.20072992700729927
586,262.68592536088113,315,0.05335301757595899,4.960843831430907e-05,0.4154682576999975,0.2761904761904762,0.11746031746031746,0.42857142857142855,0.17777777777777778
587,269.9534747898342,196,0.053087295892750505,4.935524741394963e-05,0.4309645950861456,0.25510204081632654,0.19387755102040816,0.39285714285714285,0.15816326530612246
588,227.65254255228962,227,0.052822897621340174,4.910334874600474e-05,0.43956624688921203,0.46255506607929514,0.06607929515418502,0.4052863436123348,0.06607929515418502
589,294.59607101296615,189,0.052559816170550465,4.885273571519545e-05,0.4328894339382994,0.21164021164021163,0.19047619047619047,0.43386243386243384,0.164021164021164
590,77.29271300346149,949,0.05229804498203084,4.860340175990373e-05,0.42434019306290877,0.11275026343519494,0.4183350895679663,0.3719704952581665,0.09694415173867228
591,185.44863364025656,284,0.05203757753009425,4.8355340352000625e-05,0.43475874158284417,0.13380281690140844,0.08450704225352113,0.3732394366197183,0.4084507042253521
592,237.77818129651894,357,0.051778407321554455,4.810854499667538e-05,0.4364155715590366,0.5126050420168067,0.09803921568627451,0.2773109243697479,0.11204481792717087
593,271.59241668406776,233,0.05152052789556417,4.786300923226537e-05,0.42207556431149335,0.20600858369098712,0.13733905579399142,0.48068669527896996,0.1759656652360515
594,223.58862937964417,326,0.051263932823453984,4.76187266300869e-05,0.4424092528674917,0.294478527607362,0.0950920245398773,0.49693251533742333,0.11349693251533742
595,242.484406651612,333,0.051008615708572125,4.737569079426693e-05,0.43507720818065443,0.5705705705705706,0.07207207207207207,0.2882882882882883,0.06906906906906907
596,258.2723013075615,209,0.050754570186124975,4.713389536157557e-05,0.43275221691381366,0.2679425837320574,0.22488038277511962,0.3588516746411483,0.14832535885167464
597,-98.68315157735621,1000,0.0505017899230184,4.689333400125952e-05,0.431874174467335,0.226,0.09,0.586,0.098
598,76.35171457282385,152,0.050250268617699906,4.665400041487629e-05,0.4316151523629386,0.05263157894736842,0.21710526315789475,0.5328947368421053,0.19736842105263158
599,221.05093684728985,983,0.05000000000000151,4.6415888336129295e-05,0.43233413602978943,0.49643947100712105,0.030518819938962362,0.1861648016276704,0.28687690742624616
600,241.35335014780617,354,0.05,4.617899153070379e-05,0.44168456888741836,0.288135593220339,0.12146892655367232,0.4943502824858757,0.096045197740113
601,311.26083366435535,205,0.05,4.594330379610366e-05,0.4335129388995693,0.2146341463414634,0.2146341463414634,0.4146341463414634,0.15609756097560976
602,289.5543203247792,308,0.05,4.5708818961488994e-05,0.43257657065853167,0.18831168831168832,0.11688311688311688,0.32792207792207795,0.36688311688311687
603,231.22300440323474,403,0.05,4.547553088751453e-05,0.437918796510883,0.19851116625310175,0.18858560794044665,0.4491315136476427,0.16377171215880892
604,254.07409861622568,268,0.05,4.524343346616893e-05,0.43901295481402064,0.458955223880597,0.1044776119402985,0.332089552238806,0.1044776119402985
605,250.53731083581602,270,0.05,4.501252062061484e-05,0.4392915082782227,0.3925925925925926,0.12222222222222222,0.31851851851851853,0.16666666666666666
606,253.1112450447181,201,0.05,4.478278630502978e-05,0.43736017966524793,0.23383084577114427,0.09950248756218906,0.47761194029850745,0.1890547263681592
607,230.31450916838372,306,0.05,4.4554224504447877e-05,0.43691364184853565,0.3137254901960784,0.08823529411764706,0.5,0.09803921568627451
608,231.32614300994507,243,0.05,4.4326829234602346e-05,0.4192609902680981,0.2962962962962963,0.17695473251028807,0.411522633744856,0.11522633744855967
609,262.0403739675853,245,0.05,4.410059454176883e-05,0.4360097876726763,0.2653061224489796,0.09387755102040816,0.4857142857142857,0.15510204081632653
610,184.9050422578412,975,0.05,4.387551450260952e-05,0.43868162446422365,0.40205128205128204,0.3528205128205128,0.19179487179487179,0.05333333333333334
611,235.55913336799412,423,0.05,4.3651583224018043e-05,0.45052104194486625,0.09692671394799054,0.40425531914893614,0.3404255319148936,0.15839243498817968
612,253.73351562810674,242,0.05,4.3428794842965214e-05,0.4381292390407584,0.24793388429752067,0.1322314049586777,0.5082644628099173,0.1115702479338843
613,275.3462127176264,209,0.05,4.320714352634547e-05,0.4475638673550202,0.24880382775119617,0.15789473684210525,0.4449760765550239,0.14832535885167464
614,271.0252727806671,191,0.05,4.29866234708242e-05,0.44134601341980045,0.25654450261780104,0.17801047120418848,0.4083769633507853,0.15706806282722513
615,263.4349441197994,297,0.05,4.276722890268576e-05,0.4332417648739504,0.29292929292929293,0.10774410774410774,0.4983164983164983,0.10101010101010101
616,266.5231431522094,172,0.05,4.254895407768233e-05,0.43786534294970836,0.23837209302325582,0.20348837209302326,0.38953488372093026,0.1686046511627907
617,248.72820837497085,235,0.05,4.23317932808835e-05,0.43780671737530746,0.2765957446808511,0.12340425531914893,0.46808510638297873,0.13191489361702127
618,132.91752291787776,1000,0.05,4.2115740826526656e-05,0.4324202676269658,0.539,0.312,0.116,0.033
619,224.7378769122571,306,0.05,4.19007910578681e-05,0.44736941776219835,0.39215686274509803,0.11764705882352941,0.4019607843137255,0.08823529411764706
620,228.07609118909446,212,0.05,4.168693834703494e-05,0.4509998666776702,0.22169811320754718,0.15566037735849056,0.47641509433962265,0.14622641509433962
621,261.39513863835384,219,0.05,4.147417709487777e-05,0.4378248386815604,0.3972602739726027,0.1461187214611872,0.3242009132420091,0.1324200913242009
622,284.9975573327864,292,0.05,4.126250173082403e-05,0.4404626122279843,0.3287671232876712,0.2363013698630137,0.3047945205479452,0.13013698630136986
623,263.3095586381183,269,0.05,4.1051906712732176e-05,0.43976043354603095,0.3048327137546468,0.17843866171003717,0.39776951672862454,0.11895910780669144
624,244.51528026761366,213,0.05,4.084238652674659e-05,0.4313337759681342,0.17370892018779344,0.1784037558685446,0.48826291079812206,0.1596244131455399
625,228.50940062448342,307,0.05,4.063393568715319e-05,0.44850897327600564,0.33876221498371334,0.12052117263843648,0.4364820846905538,0.10423452768729642
626,153.39223411888608,479,0.05,4.04265487362358e-05,0.450172262166119,0.2045929018789144,0.1315240083507307,0.4968684759916493,0.16701461377870563
627,272.6653022756427,236,0.05,4.022022024413328e-05,0.42531532530769456,0.2838983050847458,0.13135593220338984,0.4364406779661017,0.1483050847457627
628,243.71734600159928,509,0.05,4.001494480869733e-05,0.4398921202064836,0.41453831041257366,0.2966601178781925,0.21414538310412573,0.07465618860510806
629,268.47447237993305,211,0.05,3.981071705535108e-05,0.42364378691682525,0.2796208530805687,0.09004739336492891,0.5639810426540285,0.06635071090047394
630,268.2740393825772,223,0.05,3.960753163694834e-05,0.42673805230879097,0.29596412556053814,0.12556053811659193,0.4439461883408072,0.13452914798206278
631,225.63133264901694,297,0.05,3.940538323363363e-05,0.4443410926398748,0.2760942760942761,0.09764309764309764,0.5117845117845118,0.11447811447811448
632,98.31204622157742,1000,0.05,3.920426655270286e-05,0.44145349028206987,0.478,0.3,0.169,0.053
633,259.9692652949815,275,0.05,3.90041763284648e-05,0.4525794237798775,0.2690909090909091,0.11272727272727273,0.46545454545454545,0.15272727272727274
634,282.62562273575054,256,0.05,3.8805107322103155e-05,0.4312918385883821,0.30859375,0.1484375,0.4140625,0.12890625
635,255.53241919750639,281,0.05,3.860705432153946e-05,0.4352850992785779,0.2669039145907473,0.10676156583629894,0.5195729537366548,0.10676156583629894
636,220.23471525478448,260,0.05,3.841001214129657e-05,0.43943570258525977,0.3038461538461538,0.09615384615384616,0.49615384615384617,0.10384615384615385
637,232.06022380035276,980,0.05,3.8213975622362915e-05,0.429324287687219,0.3693877551020408,0.4061224489795918,0.1663265306122449,0.058163265306122446
638,-22.935057235001214,1000,0.05,3.801893963205743e-05,0.43807137846863486,0.156,0.133,0.572,0.139
639,284.11569376658696,294,0.05,3.782489906389515e-05,0.43647897106920486,0.42857142857142855,0.07482993197278912,0.4387755102040816,0.05782312925170068
640,105.65742926423432,1000,0.05,3.763184883745353e-05,0.4347701659215686,0.737,0.036,0.131,0.096
641,274.57522375392654,909,0.05,3.743978389823941e-05,0.4313725799064523,0.7953795379537953,0.0781078107810781,0.10121012101210121,0.025302530253025302
642,279.2903484691126,164,0.05,3.724869921755669e-05,0.43742656364132476,0.21341463414634146,0.1402439024390244,0.5,0.14634146341463414
643,251.72759396049136,372,0.05,3.7058589792374664e-05,0.43470361498185867,0.21505376344086022,0.1478494623655914,0.478494623655914,0.1586021505376344
644,158.98655443668667,1000,0.05,3.686945064519703e-05,0.4309745388236797,0.637,0.042,0.127,0.194
645,260.85409744984713,200,0.05,3.668127682393157e-05,0.43474787712191953,0.265,0.145,0.475,0.115
646,226.99288375480592,225,0.05,3.6494063401760485e-05,0.43487419462240096,0.30666666666666664,0.13333333333333333,0.44,0.12
647,231.2681700201438,485,0.05,3.63078054770114e-05,0.43495688041291747,0.5092783505154639,0.20412371134020618,0.22268041237113403,0.06391752577319587
648,-155.7463047581048,637,0.05,3.612249817302904e-05,0.43572803636735796,0.03767660910518053,0.19937205651491366,0.5620094191522763,0.20094191522762953
649,240.2320074036979,337,0.05,3.593813663804753e-05,0.43882601814921085,0.20178041543026706,0.16023738872403562,0.456973293768546,0.18100890207715134
650,267.5483237173214,353,0.05,3.575471604506339e-05,0.4260609094613681,0.48441926345609065,0.056657223796033995,0.39660056657223797,0.06232294617563739
651,129.6071277648497,1000,0.05,3.557223159170912e-05,0.4267178561898405,0.556,0.032,0.104,0.308
652,259.04585868253696,216,0.05,3.5390678500127486e-05,0.42823905894055286,0.2222222222222222,0.10185185185185185,0.5138888888888888,0.16203703703703703
653,192.3134514217221,457,0.05,3.5210052016846434e-05,0.43194722607766095,0.17943107221006566,0.22975929978118162,0.49452954048140046,0.0962800875273523
654,289.1048375922603,207,0.05,3.5030347412654595e-05,0.44106075710330606,0.2753623188405797,0.15942028985507245,0.4444444444444444,0.12077294685990338
655,201.76656578692968,232,0.05,3.4851559982477505e-05,0.43269792037971366,0.13793103448275862,0.09482758620689655,0.46120689655172414,0.30603448275862066
656,254.90061804685448,320,0.05,3.467368504525439e-05,0.4339529178413214,0.4375,0.146875,0.340625,0.075
657,246.60924592662082,196,0.05,3.4496717943815614e-05,0.4232153436825278,0.4030612244897959,0.09183673469387756,0.34183673469387754,0.16326530612244897
658,249.3253268260074,366,0.05,3.4320654044760744e-05,0.41586486367793735,0.2786885245901639,0.06830601092896176,0.4207650273224044,0.23224043715846995
659,258.71114943224234,202,0.05,3.414548873833723e-05,0.42300222794178377,0.2871287128712871,0.10891089108910891,0.5198019801980198,0.08415841584158416
660,232.73937021487367,308,0.05,3.397121743831973e-05,0.4244044989018509,0.1396103896103896,0.09740259740259741,0.4675324675324675,0.29545454545454547
661,252.56264769401136,365,0.05,3.379783558189e-05,0.4156038232932748,0.3726027397260274,0.04657534246575343,0.3726027397260274,0.20821917808219179
662,187.2238488308646,876,0.05,3.3625338629517463e-05,0.4325971639172942,0.2865296803652968,0.0821917808219178,0.5365296803652968,0.09474885844748858
663,217.16942585176923,378,0.05,3.345372206484034e-05,0.43037544836063824,0.1746031746031746,0.08465608465608465,0.4973544973544973,0.24338624338624337
664,250.43780727808075,194,0.05,3.328298139454739e-05,0.4272022246283517,0.20103092783505155,0.16494845360824742,0.4948453608247423,0.13917525773195877
665,124.65893657573226,1000,0.05,3.311311214826029e-05,0.4262250202240498,0.653,0.048,0.162,0.137
666,-89.32283773166388,410,0.05,3.2944109878416555e-05,0.4171807454760993,0.046341463414634146,0.17560975609756097,0.5829268292682926,0.1951219512195122
667,268.6543023068584,367,0.05,3.2775970160153124e-05,0.4226813465176647,0.329700272479564,0.3188010899182561,0.26975476839237056,0.08174386920980926
668,247.8118691673585,281,0.05,3.26086885911905e-05,0.4230585139563232,0.3167259786476868,0.12455516014234876,0.45195729537366547,0.10676156583629894
669,263.8859962573583,235,0.05,3.2442260791717464e-05,0.4318605758568406,0.30638297872340425,0.11063829787234042,0.46808510638297873,0.1148936170212766
670,254.2600380475177,238,0.05,3.227668240427644e-05,0.41472046103727334,0.3403361344537815,0.16806722689075632,0.3697478991596639,0.12184873949579832
671,284.4105766990048,290,0.05,3.211194909364938e-05,0.4298529184752116,0.33448275862068966,0.07586206896551724,0.5137931034482759,0.07586206896551724
672,173.68762852454202,1000,0.05,3.194805654674426e-05,0.4266270044301269,0.542,0.261,0.109,0.088
673,309.62932931073624,223,0.05,3.178500047248217e-05,0.4436668498540818,0.20179372197309417,0.242152466367713,0.43946188340807174,0.11659192825112108
674,267.1580496863339,258,0.05,3.1622776601684934e-05,0.43325838056998023,0.29069767441860467,0.10465116279069768,0.4573643410852713,0.14728682170542637
675,128.3967517671468,1000,0.05,3.1461380686963373e-05,0.418478836499435,0.214,0.542,0.197,0.047
676,277.705715483768,352,0.05,3.1300808502606066e-05,0.4331236031524823,0.2215909090909091,0.11931818181818182,0.5255681818181818,0.13352272727272727
677,256.78962465785276,221,0.05,3.1141055844468724e-05,0.41857523268524477,0.29411764705882354,0.1493212669683258,0.43891402714932126,0.11764705882352941
678,197.30502955284976,703,0.05,3.0982118529864115e-05,0.4190655797401215,0.2332859174964438,0.11948790896159317,0.5234708392603129,0.12375533428165007
679,292.45454000423285,203,0.05,3.082399239745255e-05,0.411271209308248,0.15270935960591134,0.24630541871921183,0.4482758620689655,0.15270935960591134
680,293.5542865903432,230,0.05,3.066667330713294e-05,0.41314583435146235,0.1956521739130435,0.08260869565217391,0.45217391304347826,0.26956521739130435
681,225.85310333978458,197,0.05,3.0510157139934383e-05,0.42359553164800284,0.3553299492385787,0.1319796954314721,0.3756345177664975,0.13705583756345177
682,130.17799610948882,1000,0.05,3.035443979790832e-05,0.4192803205978531,0.647,0.223,0.094,0.036
683,246.30155323690198,578,0.05,3.0199517204021263e-05,0.41938502405097816,0.3633217993079585,0.28719723183391005,0.2837370242214533,0.0657439446366782
684,254.5848175853568,207,0.05,3.0045385302048023e-05,0.4072777360335397,0.3188405797101449,0.09178743961352658,0.5024154589371981,0.08695652173913043
685,255.38704448387844,370,0.05,2.9892040056465527e-05,0.42236957229435745,0.4189189189189189,0.11621621621621622,0.37567567567567567,0.0891891891891892
686,213.7307158690753,237,0.05,2.9739477452347147e-05,0.4115730061613523,0.21518987341772153,0.2869198312236287,0.3881856540084388,0.10970464135021098
687,262.14376671458564,255,0.05,2.9587693495257588e-05,0.41711171125957935,0.35294117647058826,0.13333333333333333,0.38823529411764707,0.12549019607843137
688,278.1223100204071,333,0.05,2.9436684211148304e-05,0.4153874439435445,0.3153153153153153,0.10810810810810811,0.4744744744744745,0.1021021021021021
689,209.15616887215197,424,0.05,2.928644564625344e-05,0.4123400334528759,0.2783018867924528,0.13679245283018868,0.49292452830188677,0.09198113207547169
690,275.9746248536918,293,0.05,2.9136973866986325e-05,0.42197120567294616,0.3174061433447099,0.10238907849829351,0.47440273037542663,0.10580204778156997
691,242.78074316330932,282,0.05,2.898826495983647e-05,0.41396233979928354,0.36524822695035464,0.11347517730496454,0.40425531914893614,0.11702127659574468
692,210.2287920192589,510,0.05,2.8840315031267124e-05,0.42074292884002634,0.29411764705882354,0.16470588235294117,0.44509803921568625,0.09607843137254903
693,250.414648036432,251,0.05,2.8693120207613298e-05,0.41987755675579586,0.3426294820717131,0.10756972111553785,0.4541832669322709,0.09561752988047809
694,220.60488394920753,522,0.05,2.8546676634980377e-05,0.41835687918805725,0.3888888888888889,0.3831417624521073,0.18007662835249041,0.04789272030651341
695,266.18689547612115,224,0.05,2.84009804791432e-05,0.41735087337590265,0.24553571428571427,0.12053571428571429,0.46875,0.16517857142857142
696,248.28436882861308,396,0.05,2.8256027925445676e-05,0.41036223244897924,0.11363636363636363,0.26515151515151514,0.4065656565656566,0.21464646464646464
697,271.0334284829383,240,0.05,2.8111815178700904e-05,0.41606026721483835,0.325,0.12083333333333333,0.42083333333333334,0.13333333333333333
698,298.8669061327289,223,0.05,2.796833846309181e-05,0.429518723627771,0.26905829596412556,0.09417040358744394,0.4618834080717489,0.17488789237668162
699,259.01067482816404,282,0.05,2.7825594022072283e-05,0.40159721241393576,0.3333333333333333,0.10283687943262411,0.4645390070921986,0.09929078014184398
700,258.633890322957,208,0.05,2.7683578118268825e-05,0.4101871101463388,0.3125,0.15384615384615385,0.4230769230769231,0.11057692307692307
701,267.038504474468,221,0.05,2.7542287033382697e-05,0.40381435489269263,0.3212669683257919,0.12669683257918551,0.43891402714932126,0.11312217194570136
702,267.264241178691,273,0.05,2.740171706809256e-05,0.40160854484699754,0.30036630036630035,0.11355311355311355,0.4652014652014652,0.12087912087912088
703,198.71532487103428,467,0.05,2.726186454195763e-05,0.399726268021562,0.284796573875803,0.11563169164882227,0.4860813704496788,0.11349036402569593
704,256.872519261913,314,0.05,2.7122725793321306e-05,0.4081979909926219,0.321656050955414,0.10191082802547771,0.39171974522292996,0.18471337579617833
705,208.49861956225857,608,0.05,2.6984297179215296e-05,0.4033403586641288,0.21875,0.28289473684210525,0.42598684210526316,0.07236842105263158
706,271.7707062579342,174,0.05,2.684657507526425e-05,0.4071191586668447,0.25287356321839083,0.10919540229885058,0.5114942528735632,0.12643678160919541
707,257.60709669701555,202,0.05,2.670955587559086e-05,0.418337422607551,0.3069306930693069,0.12376237623762376,0.4405940594059406,0.12871287128712872
708,237.70538135309766,280,0.05,2.6573235992721436e-05,0.401015149031458,0.4107142857142857,0.08928571428571429,0.4107142857142857,0.08928571428571429
709,222.28159702683962,410,0.05,2.6437611857491997e-05,0.40844608725140713,0.29024390243902437,0.13902439024390245,0.4634146341463415,0.1073170731707317
710,227.58746175522202,346,0.05,2.6302679918954817e-05,0.40962915552125445,0.36127167630057805,0.08670520231213873,0.45375722543352603,0.09826589595375723
711,246.45949947328756,375,0.05,2.6168436644285447e-05,0.4088305827398852,0.3546666666666667,0.08533333333333333,0.344,0.216
712,286.7876908520029,214,0.05,2.603487851869022e-05,0.40784784948908837,0.16822429906542055,0.14018691588785046,0.5514018691588785,0.14018691588785046
713,231.57024699816787,232,0.05,2.590200204531423e-05,0.40653532351653515,0.2801724137931034,0.08620689655172414,0.4956896551724138,0.13793103448275862
714,237.56749653867064,261,0.05,2.5769803745149768e-05,0.41220903293914474,0.04597701149425287,0.10344827586206896,0.5095785440613027,0.34099616858237547
715,282.2370871817032,245,0.05,2.5638280156945248e-05,0.4062761260471057,0.3469387755102041,0.19591836734693877,0.3551020408163265,0.10204081632653061
716,261.72889722392125,245,0.05,2.5507427837114567e-05,0.41848410449786233,0.31020408163265306,0.12653061224489795,0.4448979591836735,0.11836734693877551
717,261.91858130569216,258,0.05,2.5377243359646956e-05,0.39875312289189596,0.22868217054263565,0.14728682170542637,0.4844961240310077,0.13953488372093023
718,-26.16159554206311,1000,0.05,2.5247723316017274e-05,0.4129763637785105,0.133,0.144,0.579,0.144
719,242.42236471610175,191,0.05,2.5118864315096767e-05,0.400489510603788,0.3403141361256545,0.08376963350785341,0.4712041884816754,0.10471204188481675
720,115.42322731310264,1000,0.05,2.4990662983064277e-05,0.40507949198970833,0.527,0.287,0.145,0.041
721,265.0467941642997,197,0.05,2.4863115963317916e-05,0.3990718161769919,0.26903553299492383,0.116751269035533,0.5025380710659898,0.1116751269035533
722,95.41488118209054,1000,0.05,2.473621991638717e-05,0.4079463140841427,0.32,0.418,0.206,0.056
723,141.96932753268845,1000,0.05,2.4609971519845472e-05,0.41029689574247036,0.591,0.044,0.126,0.239
724,120.00773609767097,1000,0.05,2.448436746822322e-05,0.40815601160955584,0.298,0.487,0.163,0.052
725,222.8506258818583,394,0.05,2.4359404472921215e-05,0.4054597462435926,0.26903553299492383,0.11928934010152284,0.5228426395939086,0.08883248730964467
726,280.1089709509855,432,0.05,2.4235079262124575e-05,0.3994292535727157,0.2523148148148148,0.09953703703703703,0.3888888888888889,0.25925925925925924
727,98.87850217571378,1000,0.05,2.4111388580717055e-05,0.407590739321358,0.378,0.275,0.288,0.059
728,246.39540837468863,590,0.05,2.3988329190195842e-05,0.4123023323367722,0.5677966101694916,0.2016949152542373,0.17627118644067796,0.05423728813559322
729,187.55324085906665,517,0.05,2.3865897868586744e-05,0.4085189625006973,0.21470019342359767,0.12379110251450677,0.5357833655705996,0.12572533849129594
730,256.47507200940686,243,0.05,2.3744091410359837e-05,0.4154217393898617,0.4074074074074074,0.0823045267489712,0.43209876543209874,0.07818930041152264
731,276.2027171485918,268,0.05,2.3622906626345543e-05,0.41465812884207626,0.3917910447761194,0.09328358208955224,0.43283582089552236,0.08208955223880597
732,213.41092737538276,700,0.05,2.350234034365113e-05,0.40635764969719146,0.2042857142857143,0.12142857142857143,0.55,0.12428571428571429
733,182.02013459787838,561,0.05,2.3382389405577622e-05,0.41138175091578993,0.12834224598930483,0.22281639928698752,0.5222816399286988,0.1265597147950089
734,235.61623643616036,261,0.05,2.3263050671537174e-05,0.4168208098774314,0.3103448275862069,0.12643678160919541,0.4367816091954023,0.12643678160919541
735,244.42033300191966,205,0.05,2.314432101697083e-05,0.4125414049024593,0.2926829268292683,0.11707317073170732,0.4585365853658537,0.13170731707317074
736,234.28857288399212,334,0.05,2.302619733326671e-05,0.40786930801174354,0.17664670658682635,0.1467065868263473,0.5179640718562875,0.15868263473053892
737,273.2406750405058,204,0.05,2.2908676527678637e-05,0.4107688476598757,0.22549019607843138,0.12745098039215685,0.4950980392156863,0.15196078431372548
738,227.53559071908256,460,0.05,2.279175552324514e-05,0.4017385239767372,0.12608695652173912,0.22608695652173913,0.5043478260869565,0.14347826086956522
739,248.11739278933865,261,0.05,2.2675431258708915e-05,0.4094117822066673,0.2950191570881226,0.10344827586206896,0.48659003831417624,0.11494252873563218
740,252.17880359848309,367,0.05,2.2559700688436657e-05,0.41485402043025876,0.3542234332425068,0.11444141689373297,0.4196185286103542,0.11171662125340599
741,265.948249122997,178,0.05,2.2444560782339324e-05,0.411229848851341,0.33146067415730335,0.06741573033707865,0.5224719101123596,0.07865168539325842
742,251.0782034506446,238,0.05,2.233000852579281e-05,0.39203870648929284,0.24789915966386555,0.1722689075630252,0.42436974789915966,0.15546218487394958
743,237.82011981013153,311,0.05,2.2216040919558996e-05,0.40964758744892654,0.24115755627009647,0.10289389067524116,0.5273311897106109,0.12861736334405144
744,262.92772434807034,264,0.05,2.210265497970725e-05,0.4146693962753731,0.3068181818181818,0.125,0.4356060606060606,0.13257575757575757
745,-48.60048989015105,349,0.05,2.1989847737536276e-05,0.40799396417952233,0.21203438395415472,0.12034383954154727,0.5587392550143266,0.10888252148997135
746,247.94009168651155,243,0.05,2.1877616239496397e-05,0.4033464414081182,0.3168724279835391,0.12757201646090535,0.4567901234567901,0.09876543209876543
747,239.45910187666937,448,0.05,2.176595754711223e-05,0.39980194474140385,0.2700892857142857,0.13169642857142858,0.484375,0.11383928571428571
748,247.89325439193192,255,0.05,2.1654868736905736e-05,0.4033050682229725,0.3254901960784314,0.11372549019607843,0.4627450980392157,0.09803921568627451
749,281.3810217088202,218,0.05,2.1544346900319697e-05,0.4056258162596776,0.3348623853211009,0.0963302752293578,0.47706422018348627,0.09174311926605505
750,278.2745543624724,342,0.05,2.143438914364154e-05,0.4111328035574047,0.26608187134502925,0.1023391812865497,0.52046783625731,0.1111111111111111
751,224.65067189190773,369,0.05,2.1324992587927593e-05,0.4013907792457631,0.051490514905149054,0.6043360433604336,0.23577235772357724,0.10840108401084012
752,236.79546488373842,208,0.05,2.1216154368927693e-05,0.4058094945091736,0.3173076923076923,0.10096153846153846,0.46153846153846156,0.1201923076923077
753,244.14358863534875,288,0.05,2.1107871637010202e-05,0.4016118846718284,0.3506944444444444,0.13194444444444445,0.3854166666666667,0.13194444444444445
754,211.7931403531242,465,0.05,2.1000141557087397e-05,0.4028099252578252,0.23010752688172043,0.13763440860215054,0.47956989247311826,0.15268817204301074
755,281.1626370171581,272,0.05,2.0892961308541232e-05,0.4090275521398521,0.3088235294117647,0.09191176470588236,0.48161764705882354,0.11764705882352941
756,191.7741828618506,677,0.05,2.0786328085149503e-05,0.40117906978845086,0.43131462333825704,0.172821270310192,0.31610044313146235,0.07976366322008863
757,303.0584344170005,194,0.05,2.0680239095012362e-05,0.40402142511778666,0.17525773195876287,0.23711340206185566,0.4536082474226804,0.13402061855670103
758,207.15865351166855,409,0.05,2.057469156047922e-05,0.4071855071070065,0.03667481662591687,0.1198044009779951,0.4254278728606357,0.4180929095354523
759,260.28304664173936,380,0.05,2.0469682718076032e-05,0.398446241633015,0.21052631578947367,0.14473684210526316,0.5289473684210526,0.11578947368421053
760,256.8304619999608,314,0.05,2.036520981843293e-05,0.41105301945821127,0.40764331210191085,0.08280254777070063,0.4171974522292994,0.09235668789808917
761,248.79429738892193,183,0.05,2.026127012621225e-05,0.4066845952547475,0.19672131147540983,0.2677595628415301,0.4371584699453552,0.09836065573770492
762,271.06349223173936,180,0.05,2.01578609200369e-05,0.39261023217753527,0.2,0.14444444444444443,0.5277777777777778,0.12777777777777777
763,279.58605640540463,482,0.05,2.0054979492419124e-05,0.4088053051420707,0.12863070539419086,0.2074688796680498,0.2053941908713693,0.45850622406639
764,290.114099015006,211,0.05,1.9952623149689603e-05,0.4192418797981617,0.3127962085308057,0.15165876777251186,0.41232227488151657,0.12322274881516587
765,235.053415762987,295,0.05,1.9850789211926935e-05,0.4047341394868036,0.39661016949152544,0.09152542372881356,0.423728813559322,0.08813559322033898
766,185.77919990866295,738,0.05,1.9749475012887463e-05,0.40799760806591306,0.3807588075880759,0.07452574525745258,0.26422764227642276,0.2804878048780488
767,245.42448203143482,640,0.05,1.964867789993547e-05,0.40660436783000853,0.375,0.1625,0.359375,0.103125
768,238.8773121262185,278,0.05,1.9548395233973733e-05,0.4035861811157759,0.1906474820143885,0.20863309352517986,0.4568345323741007,0.14388489208633093
769,232.37822478039203,374,0.05,1.944862438937441e-05,0.411282134803006,0.32887700534759357,0.09893048128342247,0.4625668449197861,0.10962566844919786
770,268.3209949969361,264,0.05,1.934936275391031e-05,0.4115395133787338,0.24242424242424243,0.15151515151515152,0.44696969696969696,0.1590909090909091
771,236.9330263738308,564,0.05,1.9250607728686487e-05,0.40723923791624855,0.48226950354609927,0.05319148936170213,0.225177304964539,0.2393617021276596
772,-27.721054349902094,1000,0.05,1.915235672807221e-05,0.40836722326185326,0.177,0.13,0.561,0.132
773,244.26241895210086,856,0.05,1.905460717963325e-05,0.40024995879895064,0.4030373831775701,0.04205607476635514,0.16238317757009346,0.3925233644859813
774,233.1718668512704,334,0.05,1.895735652406453e-05,0.4030241985609341,0.31137724550898205,0.11377245508982035,0.47305389221556887,0.10179640718562874
775,242.26648338452696,253,0.05,1.8860602215123135e-05,0.4106034498798232,0.3557312252964427,0.07905138339920949,0.4743083003952569,0.09090909090909091
776,230.65643581858615,388,0.05,1.876434171956162e-05,0.4115728212999483,0.33762886597938147,0.2551546391752577,0.30412371134020616,0.10309278350515463
777,286.79429040265546,246,0.05,1.8668572517061694e-05,0.40869928006429584,0.2886178861788618,0.13414634146341464,0.4634146341463415,0.11382113821138211
778,243.41727438020294,323,0.05,1.8573292100168245e-05,0.4020820802557627,0.3065015479876161,0.11455108359133127,0.47678018575851394,0.1021671826625387
779,235.58552690719497,195,0.05,1.8478497974223667e-05,0.4065314888238897,0.3076923076923077,0.09230769230769231,0.4717948717948718,0.1282051282051282
780,190.00014574400012,975,0.05,1.8384187657302558e-05,0.4027322545706744,0.5046153846153846,0.07282051282051281,0.25846153846153846,0.1641025641025641
781,235.02252326298873,230,0.05,1.8290358680146737e-05,0.3992618381656237,0.26956521739130435,0.11304347826086956,0.508695652173913,0.10869565217391304
782,263.8459778800884,409,0.05,1.8197008586100586e-05,0.39912513824046764,0.21515892420537897,0.3251833740831296,0.2762836185819071,0.18337408312958436
783,244.7507497013428,328,0.05,1.8104134931046738e-05,0.3966609483195895,0.22865853658536586,0.1402439024390244,0.49085365853658536,0.1402439024390244
784,235.04818587742488,242,0.05,1.8011735283342077e-05,0.41277385688339724,0.32644628099173556,0.09090909090909091,0.4834710743801653,0.09917355371900827
785,157.09990887792281,1000,0.05,1.791980722375408e-05,0.4065962913882778,0.56,0.284,0.121,0.035
786,260.2489986945732,294,0.05,1.782834834539747e-05,0.4019430955444446,0.37755102040816324,0.09863945578231292,0.3979591836734694,0.12585034013605442
787,263.3460365431944,315,0.05,1.7737356253671193e-05,0.4109197106207164,0.15555555555555556,0.27936507936507937,0.473015873015873,0.09206349206349207
788,208.8032456597299,538,0.05,1.7646828566195736e-05,0.40490777436723396,0.21189591078066913,0.11152416356877323,0.44423791821561337,0.23234200743494424
789,186.8461062066787,530,0.05,1.7556762912750744e-05,0.4043714558875127,0.1018867924528302,0.38113207547169814,0.4075471698113208,0.10943396226415095
790,263.2800760711325,650,0.05,1.7467156935212957e-05,0.40953795267178983,0.42615384615384616,0.34307692307692306,0.17384615384615384,0.05692307692307692
791,179.4210673017813,632,0.05,1.737800828749448e-05,0.41416629561476037,0.15664556962025317,0.12183544303797468,0.4936708860759494,0.22784810126582278
792,244.88240590536896,303,0.05,1.728931463548134e-05,0.4179687777166416,0.29042904290429045,0.09900990099009901,0.49504950495049505,0.11551155115511551
793,227.55563757636475,292,0.05,1.7201073656972398e-05,0.40055255042456966,0.2671232876712329,0.1232876712328767,0.476027397260274,0.13356164383561644
794,278.8926470101635,236,0.05,1.7113283041618525e-05,0.3966651980460048,0.18220338983050846,0.15677966101694915,0.5338983050847458,0.1271186440677966
795,-94.82957974007103,1000,0.05,1.7025940490862124e-05,0.40772044701626303,0.102,0.161,0.581,0.156
796,242.6320826450006,254,0.05,1.6939043717876946e-05,0.4063142586251137,0.051181102362204724,0.14960629921259844,0.4448818897637795,0.3543307086614173
797,220.44788539973382,339,0.05,1.6852590447508222e-05,0.4091049327548073,0.2920353982300885,0.17699115044247787,0.40412979351032446,0.12684365781710916
798,229.8728892719166,247,0.05,1.676657841621308e-05,0.40378045306466276,0.27125506072874495,0.14979757085020243,0.4493927125506073,0.12955465587044535
799,274.87722266735636,173,0.05,1.668100537200129e-05,0.3977498343032825,0.2658959537572254,0.20809248554913296,0.4508670520231214,0.07514450867052024
800,281.3786752967849,434,0.05,1.6595869074376306e-05,0.4054256611645169,0.4861751152073733,0.08525345622119816,0.315668202764977,0.11290322580645161
801,208.92602380746723,662,0.05,1.6511167294276595e-05,0.4097940633396706,0.1933534743202417,0.2280966767371601,0.47129909365558914,0.10725075528700906
802,271.7865726125902,249,0.05,1.642689781401728e-05,0.4123132207495234,0.1927710843373494,0.1686746987951807,0.4899598393574297,0.14859437751004015
803,-23.63273086348549,1000,0.05,1.634305842723207e-05,0.40766022648770067,0.18,0.123,0.572,0.125
804,0.37523332199427273,184,0.05,1.6259646938815505e-05,0.40695153170859516,0.19021739130434784,0.14673913043478262,0.5,0.16304347826086957
805,257.50862314411626,894,0.05,1.6176661164865473e-05,0.41510311468386973,0.5749440715883669,0.23937360178970918,0.1331096196868009,0.052572706935123045
806,158.03837643604996,1000,0.05,1.6094098932626033e-05,0.4097075784233028,0.368,0.446,0.135,0.051
807,243.81620446514512,237,0.05,1.601195808043053e-05,0.39822339676537527,0.2911392405063291,0.10126582278481013,0.510548523206751,0.0970464135021097
808,284.6065173756065,322,0.05,1.5930236457644987e-05,0.4098056253478883,0.22981366459627328,0.13664596273291926,0.4937888198757764,0.13975155279503104
809,215.1925818008244,382,0.05,1.5848931924611812e-05,0.39377396881206717,0.0968586387434555,0.3403141361256545,0.45549738219895286,0.10732984293193717
810,216.54424877801148,818,0.05,1.576804235259377e-05,0.406831865090375,0.4034229828850856,0.38141809290953543,0.15647921760391198,0.05867970660146699
811,219.33785565041745,663,0.05,1.568756562371824e-05,0.40011841581913893,0.2458521870286576,0.530920060331825,0.1583710407239819,0.06485671191553545
812,110.63886893341586,1000,0.05,1.560749963092178e-05,0.40409242415453,0.425,0.035,0.132,0.408
813,266.51290720773886,219,0.05,1.5527842277894948e-05,0.39366010026282733,0.2511415525114155,0.1050228310502283,0.5662100456621004,0.0776255707762557
814,222.44955768741002,359,0.05,1.5448591479027417e-05,0.40843293727847046,0.14763231197771587,0.11142061281337047,0.45403899721448465,0.28690807799442897
815,149.79455150916672,644,0.05,1.536974515935337e-05,0.3995486328395461,0.13509316770186336,0.11801242236024845,0.4720496894409938,0.2748447204968944
816,129.92893485591588,1000,0.05,1.529130125449718e-05,0.39433498005909556,0.544,0.306,0.115,0.035
817,285.9758716693125,216,0.05,1.5213257710619348e-05,0.3939098187305888,0.19907407407407407,0.11574074074074074,0.5231481481481481,0.16203703703703703
818,240.75523833122878,672,0.05,1.5135612484362732e-05,0.4024140714628964,0.3125,0.05803571428571429,0.18303571428571427,0.44642857142857145
819,259.9027842857361,211,0.05,1.5058363542799053e-05,0.39645409069497906,0.2037914691943128,0.23222748815165878,0.44549763033175355,0.11848341232227488
820,235.63281067442594,278,0.05,1.4981508863375668e-05,0.3926502539970402,0.4316546762589928,0.09352517985611511,0.38489208633093525,0.08992805755395683
821,125.99915047566896,1000,0.05,1.4905046433862605e-05,0.39480773563049143,0.733,0.114,0.115,0.038
822,241.1744717114802,329,0.05,1.4828974252299889e-05,0.38920572053946006,0.13677811550151975,0.24620060790273557,0.49544072948328266,0.12158054711246201
823,251.4954017651769,440,0.05,1.4753290326945122e-05,0.4018408229128783,0.16818181818181818,0.08409090909090909,0.275,0.4727272727272727
824,248.710122941066,488,0.05,1.4677992676221332e-05,0.39194904829813365,0.5040983606557377,0.22540983606557377,0.21311475409836064,0.05737704918032787
825,249.74464027922934,277,0.05,1.4603079328665099e-05,0.3991759660224601,0.3285198555956679,0.1407942238267148,0.4223826714801444,0.10830324909747292
826,28.613132737928957,1000,0.05,1.4528548322874929e-05,0.3917485649435853,0.318,0.128,0.444,0.11
827,-175.50064051649176,920,0.05,1.4454397707459904e-05,0.39965466080261125,0.08478260869565217,0.16847826086956522,0.5815217391304348,0.16521739130434782
828,238.43377473095057,280,0.05,1.4380625540988587e-05,0.41032858067951017,0.43214285714285716,0.13214285714285715,0.34285714285714286,0.09285714285714286
829,254.6101664334618,267,0.05,1.43072298919382e-05,0.39945089891655916,0.3857677902621723,0.08239700374531835,0.4344569288389513,0.09737827715355805
830,245.19187013175753,256,0.05,1.4234208838644037e-05,0.39749639546617777,0.17578125,0.10546875,0.4765625,0.2421875
831,290.77727811497334,246,0.05,1.4161560469249165e-05,0.3938691823501215,0.22357723577235772,0.32113821138211385,0.32926829268292684,0.12601626016260162
832,236.0184841028976,251,0.05,1.4089282881654362e-05,0.3893874427268124,0.41832669322709165,0.099601593625498,0.3944223107569721,0.08764940239043825
833,276.5193564737609,193,0.05,1.4017374183468312e-05,0.38880065672487035,0.22279792746113988,0.15025906735751296,0.49222797927461137,0.13471502590673576
834,237.56156040935787,241,0.05,1.3945832491958063e-05,0.4040581874704907,0.33195020746887965,0.08713692946058091,0.46473029045643155,0.11618257261410789
835,65.67766495234008,128,0.05,1.3874655933999729e-05,0.40567495260828124,0.015625,0.2109375,0.5703125,0.203125
836,227.95998661418173,395,0.05,1.3803842646029452e-05,0.3955060109910664,0.189873417721519,0.1569620253164557,0.4936708860759494,0.15949367088607594
837,195.191206581732,656,0.05,1.3733390773994606e-05,0.38484979575700584,0.19817073170731708,0.4573170731707317,0.2820121951219512,0.0625
838,273.5288913794631,197,0.05,1.3663298473305255e-05,0.39337240705397775,0.29949238578680204,0.1218274111675127,0.5177664974619289,0.06091370558375635
839,289.0866662707629,370,0.05,1.3593563908785854e-05,0.39901974201844465,0.41081081081081083,0.11351351351351352,0.3837837837837838,0.0918918918918919
840,134.9610269378932,1000,0.05,1.3524185254627205e-05,0.3866638577696575,0.41,0.399,0.136,0.055
841,234.95757755655643,275,0.05,1.3455160694338653e-05,0.4086710324783318,0.15636363636363637,0.08363636363636363,0.38181818181818183,0.3781818181818182
842,258.6200914924623,196,0.05,1.3386488420700523e-05,0.4064582161846569,0.2755102040816326,0.11734693877551021,0.5204081632653061,0.08673469387755102
843,216.41783955331766,864,0.05,1.3318166635716802e-05,0.39681744921569784,0.4236111111111111,0.32407407407407407,0.13425925925925927,0.11805555555555555
844,287.56997809560823,236,0.05,1.3250193550568068e-05,0.39491963150534654,0.288135593220339,0.16101694915254236,0.3008474576271186,0.25
845,236.7365536842301,201,0.05,1.3182567385564654e-05,0.39127665797622696,0.31343283582089554,0.09950248756218906,0.4925373134328358,0.0945273631840796
846,-187.19310912380058,978,0.05,1.3115286370100045e-05,0.3902094501878556,0.09304703476482618,0.1687116564417178,0.5685071574642127,0.16973415132924335
847,247.40946383577034,711,0.05,1.3048348742604528e-05,0.3997544426257339,0.3558368495077356,0.41631504922644164,0.18565400843881857,0.04219409282700422
848,3.7021479339192647,1000,0.05,1.2981752750499066e-05,0.399690409943191,0.158,0.18,0.535,0.127
849,215.72581212020515,376,0.05,1.2915496650149411e-05,0.4023423897671563,0.18882978723404256,0.26063829787234044,0.45478723404255317,0.09574468085106383
850,277.8690659893081,911,0.05,1.2849578706820454e-05,0.4000061038618403,0.446761800219539,0.4138309549945115,0.09440175631174534,0.04500548847420417
851,281.5407894475436,521,0.05,1.2783997194630804e-05,0.402778053126528,0.2053742802303263,0.46065259117082535,0.18234165067178504,0.15163147792706333
852,279.5473235455333,219,0.05,1.2718750396507599e-05,0.39284992551425163,0.3013698630136986,0.1095890410958904,0.4657534246575342,0.1232876712328767
853,222.02931493846148,382,0.05,1.2653836604141555e-05,0.3930364897731184,0.3717277486910995,0.08638743455497382,0.3717277486910995,0.17015706806282724
854,-56.56800124059967,1000,0.05,1.2589254117942232e-05,0.39225157158716345,0.203,0.111,0.562,0.124
855,253.9213345084595,267,0.05,1.2525001246993537e-05,0.39178835659475586,0.31835205992509363,0.1198501872659176,0.45692883895131087,0.10486891385767791
856,-48.20369737682498,1000,0.05,1.2461076309009455e-05,0.3896000736606721,0.139,0.148,0.562,0.151
857,225.3109797427936,216,0.05,1.2397477630289996e-05,0.39403003688462873,0.3055555555555556,0.08796296296296297,0.49074074074074076,0.11574074074074074
858,245.66007899837052,224,0.05,1.2334203545677384e-05,0.39772239811039867,0.22767857142857142,0.12053571428571429,0.4955357142857143,0.15625
859,255.2029719345406,243,0.05,1.227125239851245e-05,0.39013320749028385,0.31275720164609055,0.10699588477366255,0.4691358024691358,0.1111111111111111
860,291.55640587392145,258,0.05,1.2208622540591259e-05,0.3931521315187594,0.20155038759689922,0.13565891472868216,0.4883720930232558,0.1744186046511628
861,224.88136724318719,286,0.05,1.2146312332121961e-05,0.38921686848769405,0.2517482517482518,0.16083916083916083,0.46153846153846156,0.1258741258741259
862,246.86659791635313,261,0.05,1.2084320141681855e-05,0.39217449840423796,0.3486590038314176,0.09578544061302682,0.39846743295019155,0.15708812260536398
863,259.10706931585423,555,0.05,1.2022644346174669e-05,0.38857537209020393,0.3387387387387387,0.34054054054054056,0.25045045045045045,0.07027027027027027
864,-66.02697069554388,1000,0.05,1.1961283330788072e-05,0.3950242752683572,0.125,0.153,0.563,0.159
865,154.66145164336623,1000,0.05,1.1900235488951392e-05,0.39340266767564935,0.606,0.226,0.143,0.025
866,262.5192374030687,242,0.05,1.1839499222293551e-05,0.38710566119220435,0.3140495867768595,0.08677685950413223,0.512396694214876,0.08677685950413223
867,264.93765419402416,353,0.05,1.1779072940601213e-05,0.3867740447283667,0.35127478753541075,0.12181303116147309,0.39943342776203966,0.1274787535410765
868,235.98954584259084,630,0.05,1.1718955061777156e-05,0.38776913920721257,0.4444444444444444,0.06507936507936508,0.18253968253968253,0.30793650793650795
869,265.89945653191364,195,0.05,1.1659144011798844e-05,0.3871843648962866,0.2,0.13846153846153847,0.5076923076923077,0.15384615384615385
870,238.68067406543332,231,0.05,1.1599638224677214e-05,0.39179490696207336,0.35064935064935066,0.15151515151515152,0.354978354978355,0.14285714285714285
871,285.60929943956273,298,0.05,1.1540436142415684e-05,0.3819852103238206,0.2550335570469799,0.27181208053691275,0.2986577181208054,0.174496644295302
872,-63.686858142489484,1000,0.05,1.1481536214969347e-05,0.38524565837156943,0.196,0.119,0.564,0.121
873,313.62396284911006,178,0.05,1.1422936900204401e-05,0.387091223047897,0.15168539325842698,0.12921348314606743,0.4438202247191011,0.2752808988764045
874,229.40600617214164,362,0.05,1.1364636663857762e-05,0.3914923371377859,0.14917127071823205,0.16574585635359115,0.5303867403314917,0.15469613259668508
875,251.34824451669948,229,0.05,1.1306633979496903e-05,0.3724459963309254,0.3231441048034934,0.10043668122270742,0.4366812227074236,0.13973799126637554
876,120.76387440602477,1000,0.05,1.1248927328479877e-05,0.38155493990775036,0.685,0.162,0.112,0.041
877,263.0790127907933,256,0.05,1.1191515199915568e-05,0.3893723449616684,0.34375,0.08203125,0.453125,0.12109375
878,269.93774257986206,263,0.05,1.1134396090624121e-05,0.38943563786138774,0.4296577946768061,0.08745247148288973,0.40304182509505704,0.07984790874524715
879,208.75925082606665,354,0.05,1.1077568505097596e-05,0.38562249315013,0.06779661016949153,0.1327683615819209,0.4887005649717514,0.3107344632768362
880,234.64011549416247,461,0.05,1.1021030955460803e-05,0.39196197906159547,0.17787418655097614,0.18004338394793926,0.4880694143167028,0.1540130151843818
881,263.99375116612646,257,0.05,1.0964781961432352e-05,0.3911863560370885,0.3035019455252918,0.10116731517509728,0.4785992217898833,0.11673151750972763
882,241.17312973595693,213,0.05,1.090882005028589e-05,0.37722773613421795,0.39906103286384975,0.07511737089201878,0.4788732394366197,0.046948356807511735
883,274.018047713115,255,0.05,1.0853143756811554e-05,0.3854014533734479,0.2196078431372549,0.13725490196078433,0.38823529411764707,0.2549019607843137
884,270.17226147431535,207,0.05,1.0797751623277591e-05,0.3649357477208453,0.28019323671497587,0.13526570048309178,0.463768115942029,0.12077294685990338
885,-80.8650862096752,1000,0.05,1.0742642199392206e-05,0.38029572748435325,0.062,0.188,0.557,0.193
886,157.7998301260276,1000,0.05,1.068781404226558e-05,0.37988791044933007,0.481,0.353,0.12,0.046
887,254.9973021375483,329,0.05,1.06332657163721e-05,0.37881124021803225,0.14285714285714285,0.0972644376899696,0.3404255319148936,0.4194528875379939
888,262.17934433184814,214,0.05,1.057899579351277e-05,0.38841654860525093,0.4205607476635514,0.06542056074766354,0.4205607476635514,0.09345794392523364
889,303.6876402570971,299,0.05,1.0525002852777813e-05,0.38969498001183117,0.34448160535117056,0.11036789297658862,0.41471571906354515,0.13043478260869565
890,265.8047720963849,305,0.05,1.0471285480509478e-05,0.38752588321220344,0.23278688524590163,0.2262295081967213,0.4065573770491803,0.13442622950819672
891,221.09373053294527,434,0.05,1.0417842270265019e-05,0.3869377115573267,0.29723502304147464,0.0967741935483871,0.4976958525345622,0.10829493087557604
892,264.42017631469776,224,0.05,1.0364671822779873e-05,0.3855874058930539,0.41517857142857145,0.049107142857142856,0.4955357142857143,0.04017857142857143
893,242.57981438439768,247,0.05,1.0311772745931029e-05,0.3860021914634532,0.32388663967611336,0.10931174089068826,0.44534412955465585,0.1214574898785425
894,243.7650142329255,198,0.05,1.0259143654700573e-05,0.3788359975180348,0.2777777777777778,0.10101010101010101,0.4797979797979798,0.1414141414141414
895,251.49191982086313,241,0.05,1.0206783171139428e-05,0.37356240464795676,0.21991701244813278,0.17427385892116182,0.45228215767634855,0.15352697095435686
896,253.0686865668597,246,0.05,1.0154689924331274e-05,0.3885837026221575,0.23577235772357724,0.13821138211382114,0.5,0.12601626016260162
897,238.4409127714829,201,0.05,1.0102862550356658e-05,0.383057079760239,0.30845771144278605,0.1044776119402985,0.4626865671641791,0.12437810945273632
898,255.90747727984012,756,0.05,1.005129969225728e-05,0.3823564366395335,0.38756613756613756,0.04497354497354497,0.1931216931216931,0.37433862433862436
899,235.13078085769345,184,0.05,1.0000000000000467e-05,0.38216102273951813,0.29347826086956524,0.09239130434782608,0.47282608695652173,0.14130434782608695
900,315.3649413595986,274,0.05,1e-05,0.3856204306975729,0.24087591240875914,0.38686131386861317,0.2846715328467153,0.08759124087591241
901,226.05417097154216,243,0.05,1e-05,0.38096444084315567,0.345679012345679,0.06995884773662552,0.5020576131687243,0.0823045267489712
902,282.3118859917323,199,0.05,1e-05,0.3786717998628221,0.36683417085427134,0.08542713567839195,0.48743718592964824,0.06030150753768844
903,34.302663692898946,1000,0.05,1e-05,0.37910220194548594,0.262,0.142,0.485,0.111
904,247.9261546289626,203,0.05,1e-05,0.38153027441562815,0.270935960591133,0.1477832512315271,0.4482758620689655,0.1330049261083744
905,242.8437908326257,746,0.05,1e-05,0.37927754720896295,0.3418230563002681,0.03753351206434316,0.13404825737265416,0.4865951742627346
906,257.58098604640134,198,0.05,1e-05,0.37850854495526576,0.35353535353535354,0.09090909090909091,0.4898989898989899,0.06565656565656566
907,253.46338988578884,324,0.05,1e-05,0.38327167929845973,0.39814814814814814,0.08333333333333333,0.3148148148148148,0.2037037037037037
908,264.8692739780827,232,0.05,1e-05,0.3810212740541529,0.27155172413793105,0.09913793103448276,0.5129310344827587,0.11637931034482758
909,183.7670504477064,742,0.05,1e-05,0.37789767034371785,0.1778975741239892,0.16307277628032346,0.5094339622641509,0.1495956873315364
910,165.90828001223161,1000,0.05,1e-05,0.3841386858240594,0.348,0.484,0.117,0.051
911,210.06814966274612,464,0.05,1e-05,0.37930455151818365,0.21982758620689655,0.125,0.5129310344827587,0.14224137931034483
912,268.9530140320525,253,0.05,1e-05,0.37925459101387593,0.2766798418972332,0.11067193675889328,0.5019762845849802,0.11067193675889328
913,247.14435078654807,229,0.05,1e-05,0.3919300689841523,0.3318777292576419,0.11790393013100436,0.4148471615720524,0.13537117903930132
914,255.17467709081336,253,0.05,1e-05,0.3916242392522644,0.2134387351778656,0.1422924901185771,0.4980237154150198,0.14624505928853754
915,229.02378304790494,284,0.05,1e-05,0.38247535970015867,0.3380281690140845,0.0880281690140845,0.49295774647887325,0.08098591549295775
916,259.16356393391254,215,0.05,1e-05,0.3730653739315728,0.3581395348837209,0.09767441860465116,0.46511627906976744,0.07906976744186046
917,-73.70666564948037,662,0.05,1e-05,0.3749956981410623,0.22054380664652568,0.13444108761329304,0.5392749244712991,0.10574018126888217
918,245.53106058436487,223,0.05,1e-05,0.38428539050323796,0.2600896860986547,0.18834080717488788,0.4439461883408072,0.10762331838565023
919,235.72448447440672,243,0.05,1e-05,0.3712742227891075,0.2716049382716049,0.10699588477366255,0.5061728395061729,0.11522633744855967
920,238.46682622352998,209,0.05,1e-05,0.3797584852376507,0.2583732057416268,0.14832535885167464,0.47368421052631576,0.11961722488038277
921,288.9384368901697,324,0.05,1e-05,0.3890855460006609,0.17592592592592593,0.10802469135802469,0.36419753086419754,0.35185185185185186
922,274.79958201711514,174,0.05,1e-05,0.3717032437301112,0.3850574712643678,0.040229885057471264,0.4827586206896552,0.09195402298850575
923,-87.55562663117787,1000,0.05,1e-05,0.37312841705078725,0.105,0.166,0.562,0.167
924,29.776379869444515,1000,0.05,1e-05,0.3825354841741207,0.249,0.107,0.385,0.259
925,109.4395724693553,762,0.05,1e-05,0.3784057968617228,0.08923884514435695,0.15616797900262466,0.49081364829396323,0.2637795275590551
926,241.53110845781953,211,0.05,1e-05,0.379043863659968,0.3412322274881517,0.13270142180094788,0.43601895734597157,0.09004739336492891
927,236.3030187939087,223,0.05,1e-05,0.394484250784734,0.3094170403587444,0.09865470852017937,0.3811659192825112,0.21076233183856502
928,215.16931166396765,256,0.05,1e-05,0.3867117279722037,0.28515625,0.10546875,0.47265625,0.13671875
929,299.67912154126566,253,0.05,1e-05,0.37609126411966337,0.4782608695652174,0.13438735177865613,0.30434782608695654,0.08300395256916997
930,154.64016579652636,1000,0.05,1e-05,0.3807963558948089,0.602,0.044,0.133,0.221
931,269.4905738563526,276,0.05,1e-05,0.3758602909104964,0.47101449275362317,0.05434782608695652,0.3333333333333333,0.14130434782608695
932,234.4778364446023,382,0.05,1e-05,0.382853919319726,0.39528795811518325,0.22774869109947643,0.306282722513089,0.07068062827225131
933,132.91438969809593,927,0.05,1e-05,0.37732517809851235,0.19956850053937433,0.1348435814455232,0.52319309600863,0.1423948220064725
934,277.064027362492,221,0.05,1e-05,0.3809470047824751,0.2669683257918552,0.09049773755656108,0.5429864253393665,0.09954751131221719
935,246.99346631389488,267,0.05,1e-05,0.38757425723024985,0.34831460674157305,0.13108614232209737,0.4344569288389513,0.08614232209737828
936,276.48634404935615,209,0.05,1e-05,0.3864595546419821,0.41626794258373206,0.07177033492822966,0.45454545454545453,0.05741626794258373
937,273.47657481292856,281,0.05,1e-05,0.3735637029664733,0.21708185053380782,0.16370106761565836,0.4804270462633452,0.1387900355871886
938,266.5550822706464,280,0.05,1e-05,0.3768924254591395,0.45,0.07857142857142857,0.38571428571428573,0.08571428571428572
939,238.7639653556586,265,0.05,1e-05,0.3804477732614682,0.2490566037735849,0.12830188679245283,0.4867924528301887,0.13584905660377358
940,233.39447758638758,310,0.05,1e-05,0.3838703622190573,0.25161290322580643,0.10967741935483871,0.4967741935483871,0.14193548387096774
941,263.65129680937656,219,0.05,1e-05,0.37479743011964783,0.3333333333333333,0.1095890410958904,0.4429223744292237,0.1141552511415525
942,232.55656737895498,303,0.05,1e-05,0.3762077125913861,0.14521452145214522,0.16501650165016502,0.49834983498349833,0.19141914191419143
943,271.5758810197035,320,0.05,1e-05,0.3700580845507669,0.56875,0.059375,0.315625,0.05625
944,287.00415996774143,228,0.05,1e-05,0.38127737659668864,0.2719298245614035,0.14912280701754385,0.4298245614035088,0.14912280701754385
945,188.8355747152766,963,0.05,1e-05,0.373653632005184,0.21079958463136034,0.5908618899273105,0.15991692627206647,0.03842159916926272
946,242.42970450943764,437,0.05,1e-05,0.37581545604771616,0.18077803203661327,0.1853546910755149,0.4759725400457666,0.15789473684210525
947,-49.76959776204744,1000,0.05,1e-05,0.37737186496543457,0.118,0.158,0.562,0.162
948,163.51360935120073,1000,0.05,1e-05,0.38040894101421413,0.528,0.314,0.123,0.035
949,215.52278034664462,362,0.05,1e-05,0.38298037454055905,0.281767955801105,0.09392265193370165,0.4696132596685083,0.15469613259668508
950,117.91655736416965,1000,0.05,1e-05,0.37577598404794166,0.464,0.041,0.116,0.379
951,257.2880912953152,384,0.05,1e-05,0.3703618169907858,0.3255208333333333,0.07291666666666667,0.3125,0.2890625
952,70.8579898382793,1000,0.05,1e-05,0.37675015403839,0.19,0.392,0.335,0.083
953,102.34796790891488,1000,0.05,1e-05,0.3748266122528878,0.141,0.668,0.155,0.036
954,284.34696020237266,201,0.05,1e-05,0.3781725444511981,0.19402985074626866,0.10945273631840796,0.47761194029850745,0.21890547263681592
955,257.7999232167962,207,0.05,1e-05,0.37537713830141023,0.2222222222222222,0.14009661835748793,0.5217391304347826,0.11594202898550725
956,230.2379298241214,297,0.05,1e-05,0.37499595796278423,0.3265993265993266,0.20202020202020202,0.367003367003367,0.10437710437710437
957,181.8283910068634,1000,0.05,1e-05,0.378542908366037,0.692,0.186,0.092,0.03
958,297.0972602227597,535,0.05,1e-05,0.3747462339846027,0.30654205607476637,0.09719626168224299,0.21682242990654205,0.3794392523364486
959,258.3153193207322,338,0.05,1e-05,0.3641799882186753,0.25443786982248523,0.09467455621301775,0.5443786982248521,0.10650887573964497
960,209.25706449847212,442,0.05,1e-05,0.37226258120890116,0.22850678733031674,0.12895927601809956,0.502262443438914,0.14027149321266968
961,283.66304852645544,285,0.05,1e-05,0.3757551412522239,0.20350877192982456,0.11578947368421053,0.5403508771929825,0.14035087719298245
962,269.79185298529706,236,0.05,1e-05,0.37619740120885015,0.11440677966101695,0.11440677966101695,0.423728813559322,0.3474576271186441
963,123.52140550114044,1000,0.05,1e-05,0.3703284705592307,0.444,0.05,0.145,0.361
964,246.61428464230207,387,0.05,1e-05,0.3761066462240635,0.2997416020671835,0.11886304909560723,0.4702842377260982,0.1111111111111111
965,270.65757710244657,249,0.05,1e-05,0.37676426041650535,0.09236947791164658,0.3453815261044177,0.42971887550200805,0.13253012048192772
966,201.29945375397457,931,0.05,1e-05,0.3704966425974999,0.26745435016111707,0.4113856068743287,0.2588614393125671,0.06229860365198711
967,278.1647459513998,227,0.05,1e-05,0.3791660295913142,0.3876651982378855,0.07488986784140969,0.46255506607929514,0.07488986784140969
968,226.76963146889892,349,0.05,1e-05,0.37491639355312284,0.5329512893982808,0.09742120343839542,0.28653295128939826,0.0830945558739255
969,219.56648169350308,352,0.05,1e-05,0.3751553799330239,0.14204545454545456,0.26136363636363635,0.4659090909090909,0.13068181818181818
970,231.46856328774308,347,0.05,1e-05,0.3706194713454298,0.12680115273775217,0.38904899135446686,0.3919308357348703,0.09221902017291066
971,276.5968276567192,250,0.05,1e-05,0.373201817911188,0.268,0.144,0.424,0.164
972,222.33644230236726,258,0.05,1e-05,0.3784679544130604,0.15891472868217055,0.24031007751937986,0.5155038759689923,0.08527131782945736
973,281.4052195703782,230,0.05,1e-05,0.37542501827997043,0.3521739130434783,0.14347826086956522,0.3826086956521739,0.12173913043478261
974,248.6351043899241,682,0.05,1e-05,0.37219484632661193,0.40615835777126097,0.21407624633431085,0.27712609970674484,0.10263929618768329
975,229.7780657069568,374,0.05,1e-05,0.37870323095253355,0.09358288770053476,0.13903743315508021,0.48663101604278075,0.2807486631016043
976,273.6638433487699,174,0.05,1e-05,0.37197390040389317,0.3103448275862069,0.10919540229885058,0.5459770114942529,0.034482758620689655
977,222.65554911494826,533,0.05,1e-05,0.3669161713768438,0.1951219512195122,0.18198874296435272,0.46716697936210133,0.15572232645403378
978,226.58461660382204,256,0.05,1e-05,0.37211050163385195,0.33203125,0.171875,0.3828125,0.11328125
979,222.20966942086199,237,0.05,1e-05,0.3766584465431451,0.0759493670886076,0.07172995780590717,0.5358649789029536,0.31645569620253167
980,259.3457187175603,835,0.05,1e-05,0.37554143619846214,0.4167664670658683,0.4095808383233533,0.1437125748502994,0.029940119760479042
981,259.55604411816284,563,0.05,1e-05,0.3671972073935851,0.5719360568383659,0.05150976909413854,0.1811722912966252,0.19538188277087035
982,253.25368125971394,210,0.05,1e-05,0.3658905280693232,0.23809523809523808,0.13333333333333333,0.48095238095238096,0.14761904761904762
983,-51.62813307382133,1000,0.05,1e-05,0.37566965288567156,0.182,0.153,0.536,0.129
984,292.9065907071507,279,0.05,1e-05,0.36867227737235175,0.40860215053763443,0.12186379928315412,0.3655913978494624,0.1039426523297491
985,175.7991294660705,1000,0.05,1e-05,0.37764368022293193,0.593,0.274,0.101,0.032
986,197.80533185246838,524,0.05,1e-05,0.3744449772983302,0.2366412213740458,0.13549618320610687,0.47900763358778625,0.14885496183206107
987,119.6922260171907,1000,0.05,1e-05,0.3694600524330076,0.108,0.684,0.166,0.042
988,-28.886382401499414,1000,0.05,1e-05,0.3705357349843262,0.101,0.164,0.568,0.167
989,256.97272176919483,625,0.05,1e-05,0.36813538198672563,0.568,0.04,0.16,0.232
990,267.11848507808554,201,0.05,1e-05,0.36865423456242535,0.3482587064676617,0.0845771144278607,0.4527363184079602,0.11442786069651742
991,275.2579518748376,316,0.05,1e-05,0.3753662801352167,0.3987341772151899,0.1550632911392405,0.3449367088607595,0.10126582278481013
992,150.36779126952973,1000,0.05,1e-05,0.3674473653408015,0.502,0.27,0.131,0.097
993,211.98274761042347,367,0.05,1e-05,0.37844470031372557,0.2615803814713896,0.11989100817438691,0.49318801089918257,0.12534059945504086
994,125.65327180897346,1000,0.05,1e-05,0.37084496074411616,0.396,0.027,0.104,0.473
995,242.29324508993724,948,0.05,1e-05,0.3669840944485818,0.4873417721518987,0.18459915611814345,0.20991561181434598,0.11814345991561181
996,253.05434168560322,313,0.05,1e-05,0.3650175148250589,0.3354632587859425,0.14696485623003194,0.3961661341853035,0.12140575079872204
997,261.3953546875154,177,0.05,1e-05,0.3569123386246191,0.327683615819209,0.07909604519774012,0.5028248587570622,0.0903954802259887
998,240.26864722606024,228,0.05,1e-05,0.3756780561350034,0.37719298245614036,0.09649122807017543,0.4517543859649123,0.07456140350877193
999,218.71700208852053,528,0.05,1e-05,0.36879145329842605,0.18181818181818182,0.0928030303030303,0.2727272727272727,0.45265151515151514
