Episode,Total_Reward,Steps,Epsilon,Learning_Rate,Average_Loss,Action_0_Percentage,Action_1_Percentage,Action_2_Percentage,Action_3_Percentage
0,-73.19435733821499,88,0.9950195566196387,0.000994896213044336,0.0,0.2727272727272727,0.22727272727272727,0.2840909090909091,0.2159090909090909
1,-287.6587654006064,92,0.9900639180555424,0.0009898184747299606,0.0,0.29347826086956524,0.21739130434782608,0.2391304347826087,0.25
2,-104.4150174687047,113,0.9851329607687281,0.0009847666521101584,0.0,0.23008849557522124,0.23008849557522124,0.24778761061946902,0.2920353982300885
3,-105.77659064501849,87,0.9802265618354918,0.0009797406129167456,0.0,0.21839080459770116,0.21839080459770116,0.26436781609195403,0.2988505747126437
4,-176.4966720400043,75,0.975344598944344,0.0009747402255566067,0.0,0.32,0.14666666666666667,0.26666666666666666,0.26666666666666666
5,-378.2706913843751,100,0.9704869503929605,0.0009697653591082497,0.0,0.26,0.17,0.28,0.29
6,-207.36754583157384,72,0.9656534950851489,0.000964815883318378,0.0,0.20833333333333334,0.2361111111111111,0.25,0.3055555555555556
7,-188.18016803675488,83,0.9608441125278293,0.0009598916685984801,0.0,0.26506024096385544,0.24096385542168675,0.3253012048192771,0.1686746987951807
8,-163.29762234921168,106,0.956058682828031,0.0009549925860214364,0.0,0.24528301886792453,0.24528301886792453,0.27358490566037735,0.2358490566037736
9,-180.54436105137972,142,0.9512970866899032,0.0009501185073181442,0.0,0.19718309859154928,0.2112676056338028,0.31690140845070425,0.2746478873239437
10,-95.3195903504833,111,0.9465592054117414,0.0009452693048741588,0.0,0.17117117117117117,0.2702702702702703,0.3063063063063063,0.25225225225225223
11,-439.1626891241423,112,0.9418449208830285,0.0009404448517263523,0.0,0.23214285714285715,0.2767857142857143,0.29464285714285715,0.19642857142857142
12,-245.95026157244814,94,0.9371541155814898,0.0009356450215595899,0.0,0.23404255319148937,0.22340425531914893,0.26595744680851063,0.2765957446808511
13,-457.11735888506706,95,0.9324866725701636,0.000930869688703422,0.0,0.24210526315789474,0.2,0.28421052631578947,0.2736842105263158
14,-81.41167978208385,76,0.9278424754944864,0.0009261187281287943,0.0,0.25,0.21052631578947367,0.32894736842105265,0.21052631578947367
15,-196.11268607350087,82,0.9232214085793918,0.0009213920154447743,0.0,0.23170731707317074,0.2804878048780488,0.24390243902439024,0.24390243902439024
16,-128.7972598830251,96,0.9186233566264248,0.0009166894268952941,0.0,0.22916666666666666,0.22916666666666666,0.3333333333333333,0.20833333333333334
17,-385.8823270801735,101,0.9140482050108695,0.0009120108393559106,0.0,0.22772277227722773,0.2376237623762376,0.22772277227722773,0.3069306930693069
18,-75.08573647023857,108,0.9094958396788919,0.0009073561303305816,0.0,0.26851851851851855,0.2037037037037037,0.3425925925925926,0.18518518518518517
19,-1.5431687704085277,104,0.904966147144697,0.0009027251779484585,0.0,0.23076923076923078,0.2403846153846154,0.2980769230769231,0.23076923076923078
20,-178.08098769876224,72,0.9004590144876992,0.0008981178609606956,0.0,0.2638888888888889,0.25,0.2361111111111111,0.25
21,-88.2420804674205,146,0.8959743293497072,0.0008935340587372753,0.0,0.2876712328767123,0.2054794520547945,0.3150684931506849,0.1917808219178082
22,-148.124831935313,82,0.8915119799321238,0.0008889736512638504,0.0,0.12195121951219512,0.34146341463414637,0.3048780487804878,0.23170731707317074
23,-307.02289529042474,112,0.8870718549931581,0.0008844365191386009,0.0,0.15178571428571427,0.25892857142857145,0.29464285714285715,0.29464285714285715
24,-173.95965237277116,87,0.8826538438450526,0.0008799225435691082,0.0,0.1839080459770115,0.19540229885057472,0.40229885057471265,0.21839080459770116
25,-92.62224589713507,81,0.878257836351324,0.0008754316063692454,0.0,0.3333333333333333,0.24691358024691357,0.24691358024691357,0.1728395061728395
26,-552.1275615144036,114,0.8738837229240176,0.0008709635899560819,0.0,0.2807017543859649,0.13157894736842105,0.3508771929824561,0.23684210526315788
27,-317.51689045827595,93,0.8695313945209752,0.0008665183773468056,0.0,0.20430107526881722,0.20430107526881722,0.34408602150537637,0.24731182795698925
28,-66.74942466551191,122,0.8652007426431169,0.0008620958521556597,0.0,0.2459016393442623,0.23770491803278687,0.28688524590163933,0.22950819672131148
29,-90.29584716450582,80,0.8608916593317363,0.0008576958985908955,0.0,0.275,0.1875,0.275,0.2625
30,-62.8143172289519,88,0.8566040371658092,0.0008533184014517406,0.0,0.29545454545454547,0.19318181818181818,0.3409090909090909,0.17045454545454544
31,-282.6781089568037,98,0.852337769259316,0.000848963246125383,0.0,0.1836734693877551,0.3163265306122449,0.23469387755102042,0.2653061224489796
32,-445.0962936732931,82,0.8480927492585766,0.0008446303185839699,0.0,0.23170731707317074,0.15853658536585366,0.2926829268292683,0.3170731707317073
33,-216.20784565546464,98,0.8438688713395993,0.0008403195053816226,0.0,0.15306122448979592,0.15306122448979592,0.47959183673469385,0.21428571428571427
34,-389.4531497992181,102,0.8396660302054431,0.0008360306936514657,0.0,0.19607843137254902,0.18627450980392157,0.45098039215686275,0.16666666666666666
35,-324.31175271606594,81,0.8354841210835922,0.0008317637711026725,0.0,0.2222222222222222,0.1728395061728395,0.3950617283950617,0.20987654320987653
36,-478.7595873890174,113,0.8313230397233444,0.0008275186260175247,0.0,0.19469026548672566,0.21238938053097345,0.336283185840708,0.25663716814159293
37,-142.87782446856068,72,0.8271826823932125,0.0008232951472484873,0.0,0.20833333333333334,0.2361111111111111,0.3472222222222222,0.20833333333333334
38,-164.02238970117227,162,0.8230629458783377,0.0008190932242152989,0.0,0.1728395061728395,0.18518518518518517,0.3765432098765432,0.2654320987654321
39,-106.92586752330051,78,0.8189637274779172,0.000814912746902076,0.0,0.3076923076923077,0.19230769230769232,0.3076923076923077,0.19230769230769232
40,-110.31029885948338,81,0.8148849250026439,0.0008107536058544327,0.0,0.2839506172839506,0.24691358024691357,0.32098765432098764,0.14814814814814814
41,-374.7532140479438,129,0.8108264367721583,0.0008066156921766152,0.0,0.21705426356589147,0.17829457364341086,0.3643410852713178,0.24031007751937986
42,-206.97006137307523,99,0.8067881616125144,0.0008024988975286502,0.0,0.20202020202020202,0.23232323232323232,0.36363636363636365,0.20202020202020202
43,-390.87315044990225,87,0.8027699988536575,0.0007984031141235085,0.0,0.1839080459770115,0.25287356321839083,0.3448275862068966,0.21839080459770116
44,-338.958751992575,84,0.7987718483269142,0.0007943282347242834,0.0,0.16666666666666666,0.27380952380952384,0.44047619047619047,0.11904761904761904
45,-250.92507442461275,163,0.7947936103624954,0.0007902741526413818,0.0,0.17791411042944785,0.2392638036809816,0.4110429447852761,0.17177914110429449
46,-274.64779522679135,105,0.7908351857870121,0.0007862407617297322,0.0,0.22857142857142856,0.26666666666666666,0.3047619047619048,0.2
47,-438.82415542352396,92,0.7868964759210023,0.0007822279563860046,0.0,0.20652173913043478,0.20652173913043478,0.2608695652173913,0.32608695652173914
48,-403.3027569779497,102,0.7829773825764719,0.0007782356315458458,0.0,0.28431372549019607,0.22549019607843138,0.28431372549019607,0.20588235294117646
49,-513.7161200046105,84,0.7790778080544463,0.000774263682681129,0.0,0.11904761904761904,0.23809523809523808,0.2976190476190476,0.34523809523809523
50,-84.48772156819778,113,0.7751976551425351,0.0007703120057972166,1.935982545572374,0.168141592920354,0.21238938053097345,0.4247787610619469,0.19469026548672566
51,-268.3999680179843,141,0.771336827112509,0.0007663804974302373,1.418349009349503,0.24113475177304963,0.22695035460992907,0.3120567375886525,0.2198581560283688
52,-70.31903006302262,96,0.7674952277178876,0.0007624690546443775,1.0420211065088851,0.19791666666666666,0.19791666666666666,0.4270833333333333,0.17708333333333334
53,-205.6044169461219,144,0.7636727611915411,0.0007585775750291859,0.9886307632014613,0.22916666666666666,0.2361111111111111,0.3263888888888889,0.20833333333333334
54,-167.12855171940996,89,0.7598693322433026,0.0007547059566968927,0.9546136591170362,0.1797752808988764,0.2247191011235955,0.3707865168539326,0.2247191011235955
55,-25.77141382979717,113,0.7560848460575919,0.000750854098279741,0.9240847174733733,0.1504424778761062,0.17699115044247787,0.45132743362831856,0.22123893805309736
56,-195.96807902400502,112,0.7523192082910528,0.0007470218989273339,0.8718556637174366,0.23214285714285715,0.22321428571428573,0.26785714285714285,0.2767857142857143
57,-254.1870159596228,143,0.748572325070201,0.0007432092583039931,0.8665058883599068,0.23076923076923078,0.23776223776223776,0.32167832167832167,0.2097902097902098
58,-58.780526123047,95,0.7448441029890834,0.0007394160765861323,0.8355060959148823,0.14736842105263157,0.21052631578947367,0.47368421052631576,0.16842105263157894
59,-96.44433294658332,110,0.7411344491069503,0.0007356422544596437,0.7778286462366495,0.2,0.24545454545454545,0.39090909090909093,0.16363636363636364
60,-124.22073848684236,154,0.7374432709459379,0.0007318876931172971,0.7574637324604098,0.11038961038961038,0.22077922077922077,0.4155844155844156,0.2532467532467532
61,-160.78225766129484,97,0.7337704764887631,0.000728152294256154,0.7246478100546553,0.2268041237113402,0.2268041237113402,0.32989690721649484,0.21649484536082475
62,-180.37691257091274,141,0.7301159741764301,0.0007244359600749925,0.6891804184581988,0.22695035460992907,0.2198581560283688,0.3333333333333333,0.2198581560283688
63,-111.57470664891034,108,0.7264796729059471,0.0007207385932717478,0.7149612221524213,0.19444444444444445,0.2037037037037037,0.37037037037037035,0.23148148148148148
64,-130.36943146455155,228,0.7228614820280556,0.0007170600970409636,0.706140542400046,0.11403508771929824,0.3157894736842105,0.36403508771929827,0.20614035087719298
65,-176.54187521043823,120,0.7192613113449707,0.0007134003750712587,0.7242231412207687,0.11666666666666667,0.30833333333333335,0.325,0.25
66,-25.434451367949777,134,0.7156790711081327,0.0007097593315428041,0.7011871084661949,0.13432835820895522,0.2462686567164179,0.39552238805970147,0.22388059701492538
67,-67.75621769244552,152,0.712114672015969,0.000706136871124815,0.694671535828443,0.14473684210526316,0.17763157894736842,0.4605263157894737,0.21710526315789475
68,-127.50411904422882,197,0.708568025211669,0.0007025328989730546,0.686213923235625,0.2233502538071066,0.16751269035532995,0.43147208121827413,0.17766497461928935
69,-51.02433937983282,140,0.7050390422809678,0.000698947320727351,0.9229458707873075,0.20714285714285716,0.20714285714285716,0.39285714285714285,0.19285714285714287
70,-132.63675365666793,132,0.7015276352499433,0.0006953800425091263,1.0753556233493202,0.17424242424242425,0.19696969696969696,0.36363636363636365,0.26515151515151514
71,-166.27872551069086,145,0.6980337165828222,0.000691830970918939,0.9575987743673001,0.1724137931034483,0.2,0.38620689655172413,0.2413793103448276
72,-167.39080668757302,138,0.6945571991797983,0.0006883000130340385,0.9249632132515162,0.15217391304347827,0.17391304347826086,0.4420289855072464,0.2318840579710145
73,-120.81525429827718,99,0.691097996374861,0.0006847870764059319,0.8263909731773691,0.1919191919191919,0.21212121212121213,0.3333333333333333,0.26262626262626265
74,-156.28897905852446,190,0.6876560219336348,0.0006812920690579639,0.8524790220153174,0.20526315789473684,0.1736842105263158,0.4842105263157895,0.1368421052631579
75,-34.55691225276301,136,0.6842311900512299,0.0006778148994829084,0.7937783670001837,0.16176470588235295,0.21323529411764705,0.4117647058823529,0.21323529411764705
76,-161.234769059082,178,0.6808234153501025,0.0006743554766405727,0.8155470761159678,0.16853932584269662,0.21910112359550563,0.398876404494382,0.21348314606741572
77,-75.38252130789945,106,0.6774326128779271,0.0006709137099554139,0.7929515124772664,0.20754716981132076,0.16037735849056603,0.41509433962264153,0.2169811320754717
78,-83.14318323585938,106,0.6740586981054784,0.0006674895093141672,0.7847716424203302,0.14150943396226415,0.20754716981132076,0.44339622641509435,0.20754716981132076
79,-211.38565360978433,160,0.670701586924524,0.0006640827850634869,0.7755969364989946,0.13125,0.28125,0.31875,0.26875
80,-47.1458688710278,194,0.6673611956457279,0.0006606934480075987,0.7355243617455316,0.15979381443298968,0.18041237113402062,0.4793814432989691,0.18041237113402062
81,-39.728100479004155,95,0.6640374409965641,0.0006573214094059647,0.703558218282854,0.2,0.2,0.37894736842105264,0.22105263157894736
82,-165.5646994119893,126,0.6607302401192408,0.0006539665809709598,0.7271580925624308,0.15079365079365079,0.20634920634920634,0.3888888888888889,0.25396825396825395
83,-75.5887074653256,87,0.6574395105686344,0.0006506288748655599,0.7846192161257417,0.14942528735632185,0.1839080459770115,0.42528735632183906,0.2413793103448276
84,-78.19813460112616,129,0.6541651703102348,0.0006473082037010426,0.7244010977422903,0.23255813953488372,0.18604651162790697,0.35658914728682173,0.2248062015503876
85,-109.41279687142159,122,0.6509071377181003,0.0006440044805346987,0.7358224964974452,0.13934426229508196,0.22950819672131148,0.36065573770491804,0.27049180327868855
86,-90.56529496653766,126,0.6476653315728222,0.0006407176188675564,0.7244807653538493,0.16666666666666666,0.2222222222222222,0.47619047619047616,0.1349206349206349
87,-96.82693230821202,125,0.6444396710595008,0.000637447532642116,0.6835995658131331,0.144,0.256,0.384,0.216
88,-195.49716482524224,104,0.6412300757657303,0.0006341941362400969,1.070236785241359,0.125,0.28846153846153844,0.4230769230769231,0.16346153846153846
89,-103.5242466906543,140,0.6380364656795943,0.000630957344480196,1.209650689162287,0.1357142857142857,0.19285714285714287,0.4857142857142857,0.18571428571428572
90,-119.27857808969216,149,0.6348587611876713,0.0006277370726158575,1.1637172654565915,0.1610738255033557,0.2080536912751678,0.3959731543624161,0.2348993288590604
91,-120.04583633306423,111,0.6316968830730497,0.0006245332363330539,0.9878451367730061,0.15315315315315314,0.24324324324324326,0.42342342342342343,0.18018018018018017
92,-152.5493752454998,158,0.6285507525133537,0.0006213457517480785,1.0002529652614494,0.20253164556962025,0.17721518987341772,0.4430379746835443,0.17721518987341772
93,-10.317203315687735,200,0.6254202910787774,0.0006181745354053494,0.8826504473575153,0.14,0.185,0.475,0.2
94,-371.5734722644695,153,0.6223054207301305,0.0006150195042752238,0.9008623605877129,0.1503267973856209,0.22875816993464052,0.39215686274509803,0.22875816993464052
95,-52.79944696150801,81,0.6192060638168921,0.0006118805757518249,0.8667136167540318,0.16049382716049382,0.09876543209876543,0.5061728395061729,0.2345679012345679
96,-11.035234247896824,160,0.6161221430752757,0.0006087576676508784,0.8442515180102795,0.125,0.16875,0.5,0.20625
97,-148.24706149767445,87,0.6130535816263024,0.0006056506982075613,0.8032323199001056,0.06896551724137931,0.26436781609195403,0.3448275862068966,0.3218390804597701
98,-77.17193012069703,108,0.6100003029738849,0.0006025595860743607,0.8204809347986787,0.1574074074074074,0.16666666666666666,0.4722222222222222,0.2037037037037037
99,-0.7692104151751664,272,0.6069622310029202,0.000599484250318944,0.7794788515988945,0.1323529411764706,0.16176470588235295,0.5330882352941176,0.17279411764705882
100,-78.33885482645437,120,0.6039392899773924,0.0005964246104220401,0.7988499044633574,0.11666666666666667,0.31666666666666665,0.35,0.21666666666666667
101,-88.11332812290806,135,0.6009314045384845,0.000593380586275331,0.7976828091962139,0.1925925925925926,0.17037037037037037,0.4888888888888889,0.14814814814814814
102,-103.54979196878439,111,0.5979384997026995,0.0005903520981793547,0.7434103701964538,0.11711711711711711,0.2702702702702703,0.3153153153153153,0.2972972972972973
103,-101.94507474604013,140,0.5949605008599921,0.0005873390668414179,0.7810448763429652,0.17857142857142858,0.17857142857142858,0.38571428571428573,0.2571428571428571
104,-88.5687248741128,146,0.5919973337719074,0.0005843414133735207,0.8060829490977038,0.17123287671232876,0.18493150684931506,0.5068493150684932,0.136986301369863
105,-86.73653776401963,125,0.5890489245697316,0.0005813590592902906,0.8120848286707327,0.112,0.232,0.416,0.24
106,-221.32888248472977,170,0.5861151997526493,0.0005783919265069276,1.264343127293444,0.16470588235294117,0.16470588235294117,0.47058823529411764,0.2
107,-180.50340169610226,125,0.583196086185912,0.0005754399373371601,1.2128178694391567,0.176,0.248,0.312,0.264
108,-101.91597842491979,132,0.5802915110990148,0.0005725030144912106,1.1565710765682944,0.09848484848484848,0.25757575757575757,0.32575757575757575,0.3181818181818182
109,-46.28301291350445,117,0.5774014020838818,0.0005695810810737719,1.2364265998987485,0.1452991452991453,0.11965811965811966,0.5384615384615384,0.19658119658119658
110,-152.08968695523117,170,0.5745256870930618,0.0005666740605819945,0.9986001290685038,0.14705882352941177,0.16470588235294117,0.4647058823529412,0.2235294117647059
111,-88.92175484579991,83,0.5716642944379317,0.0005637818769034828,0.9169549621218465,0.24096385542168675,0.14457831325301204,0.4819277108433735,0.13253012048192772
112,-12.521273865694624,155,0.5688171527869094,0.000560904454314303,0.9347430797609552,0.16129032258064516,0.16774193548387098,0.49032258064516127,0.18064516129032257
113,-74.13519897382753,319,0.5659841911636758,0.0005580417174769997,0.9022759198229575,0.13793103448275862,0.1755485893416928,0.4952978056426332,0.19122257053291536
114,-42.62734527101425,129,0.5631653389454055,0.0005551935914386241,0.9063366495288309,0.13178294573643412,0.16279069767441862,0.5503875968992248,0.15503875968992248
115,-78.26051599033374,188,0.5603605258610059,0.0005523600016287713,0.8412421993940589,0.13829787234042554,0.19148936170212766,0.4787234042553192,0.19148936170212766
116,-104.86315767647352,67,0.5575696819893657,0.0005495408738576278,0.8899239604090846,0.22388059701492538,0.16417910447761194,0.373134328358209,0.23880597014925373
117,10.235066652909353,164,0.5547927377576116,0.000546736134314029,0.826859837338523,0.1524390243902439,0.18292682926829268,0.4695121951219512,0.1951219512195122
118,-82.55538688952814,109,0.5520296239393742,0.0005439457095635269,0.829965502282241,0.22018348623853212,0.22018348623853212,0.42201834862385323,0.13761467889908258
119,-22.24630755288527,120,0.5492802716530619,0.000541169526546467,0.7953483422782383,0.15833333333333333,0.2,0.525,0.11666666666666667
120,11.378231772355107,248,0.5465446123601444,0.0005384075125760762,0.8212787586540196,0.14516129032258066,0.16129032258064516,0.46774193548387094,0.22580645161290322
121,-54.23254428810198,290,0.5438225778634432,0.0005356595953365588,0.8998540422245088,0.12413793103448276,0.16896551724137931,0.4793103448275862,0.22758620689655173
122,-70.55239665934361,169,0.5411141003054323,0.0005329257028812037,1.4698013223130473,0.08284023668639054,0.1952662721893491,0.5266272189349113,0.1952662721893491
123,-75.9548533102699,202,0.5384191121665459,0.0005302057636305005,1.2909018693588719,0.12871287128712872,0.17326732673267325,0.45544554455445546,0.24257425742574257
124,-4.308699222353198,121,0.535737546263496,0.0005274997063702652,1.1574124459449955,0.09090909090909091,0.1487603305785124,0.5454545454545454,0.21487603305785125
125,-61.0848657567234,333,0.533069335747597,0.000524807460249776,1.0420341369731925,0.13813813813813813,0.16216216216216217,0.5105105105105106,0.1891891891891892
126,-79.96621375087182,122,0.5304144141030992,0.000522128954779918,1.043268707711429,0.10655737704918032,0.18032786885245902,0.48360655737704916,0.22950819672131148
127,-179.31288939126796,171,0.5277727151455311,0.0005194641198313376,0.9899401704182272,0.1286549707602339,0.23976608187134502,0.39766081871345027,0.23391812865497075
128,-0.23714679030495214,1000,0.5251441730200492,0.0005168128856326069,0.926536825654308,0.125,0.351,0.354,0.17
129,71.80211945751275,1000,0.5225287221997962,0.0005141751827683961,1.1611540753619365,0.2,0.255,0.358,0.187
130,-76.74507899403928,169,0.5199262974842676,0.0005115509421776565,1.1054309796357908,0.11242603550295859,0.1301775147928994,0.5798816568047337,0.17751479289940827
131,-78.81524395691352,141,0.5173368339976863,0.0005089400951518125,1.0878831775149498,0.2553191489361702,0.19148936170212766,0.36879432624113473,0.18439716312056736
132,-97.48985106435492,269,0.5147602671873854,0.0005063425733329622,1.0547422819607009,0.12639405204460966,0.1895910780669145,0.5204460966542751,0.16356877323420074
133,-25.07363582334129,153,0.512196532822199,0.000503758308712088,1.0717753344234353,0.20915032679738563,0.16993464052287582,0.41830065359477125,0.20261437908496732
134,-46.024953697452645,245,0.5096455669908607,0.0005011872336272758,0.9567568380417054,0.11428571428571428,0.1836734693877551,0.5020408163265306,0.2
135,-60.86169834825236,132,0.5071073061004107,0.0004986292807619435,0.9642957737924621,0.1590909090909091,0.2727272727272727,0.3333333333333333,0.23484848484848486
136,0.4867277619547963,119,0.50458168687461,0.0004960843831430785,0.9375055847394566,0.09243697478991597,0.20168067226890757,0.5546218487394958,0.15126050420168066
137,13.539523095868187,1000,0.5020686463523638,0.0004935524741394842,1.074723408997479,0.205,0.208,0.373,0.214
138,-193.3482310101457,164,0.49956812188615124,0.0004910334874600353,1.1683364788676658,0.0975609756097561,0.25,0.4573170731707317,0.1951219512195122
139,-48.958216883308204,198,0.49708005114046383,0.0004885273571519426,1.1881982191941334,0.12626262626262627,0.25252525252525254,0.42424242424242425,0.19696969696969696
140,-53.45161231909577,163,0.49460437209025165,0.0004860340175990254,1.059527174190427,0.13496932515337423,0.1901840490797546,0.5214723926380368,0.15337423312883436
141,-72.29093787252054,97,0.492141023019377,0.00048355340351999445,1.1418967948783487,0.10309278350515463,0.26804123711340205,0.41237113402061853,0.21649484536082475
142,91.17798641961366,1000,0.48968994251907594,0.0004810854499667421,1.0480674923887723,0.285,0.318,0.19,0.207
143,56.14492428966058,1000,0.4872510694864273,0.000478630092322642,1.1623787928477163,0.256,0.116,0.219,0.409
144,-249.23873576157027,402,0.4848243431228297,0.0004761872663008574,1.2082595343160978,0.23383084577114427,0.14676616915422885,0.40049751243781095,0.21890547263681592
145,-58.582045831474105,127,0.4824097029324856,0.00047375690794265767,1.1570912267795714,0.14173228346456693,0.1732283464566929,0.5196850393700787,0.16535433070866143
146,-60.608968433823705,241,0.4800070887208934,0.00047133895361574417,1.1820106450062189,0.15767634854771784,0.17012448132780084,0.5186721991701245,0.15352697095435686
147,55.331311342398635,186,0.47761644059334696,0.0004689333400125837,1.118832677889313,0.12903225806451613,0.1827956989247312,0.532258064516129,0.15591397849462366
148,31.199690127701103,214,0.4752376989534421,0.0004665400041487515,1.0723101369915482,0.13551401869158877,0.16822429906542055,0.5560747663551402,0.14018691588785046
149,15.007651100433392,223,0.4728708045015913,0.0004641588833612816,1.0980828068246502,0.11210762331838565,0.17488789237668162,0.48878923766816146,0.2242152466367713
150,-5.599769629254425,147,0.4705156982335452,0.0004617899153070266,1.0990138458538592,0.07482993197278912,0.20408163265306123,0.5306122448979592,0.19047619047619047
151,-81.09673796592307,98,0.4681723214389219,0.00045943303796102536,1.0580890763538742,0.12244897959183673,0.25510204081632654,0.29591836734693877,0.32653061224489793
152,-78.82942663832972,217,0.46584061569974305,0.00045708818961487873,1.0720386161413575,0.0967741935483871,0.15207373271889402,0.5714285714285714,0.17972350230414746
153,-86.90878226836679,439,0.4635205228889778,0.0004547553088751342,1.2397496962610621,0.15261958997722094,0.17084282460136674,0.33712984054669703,0.33940774487471526
154,-41.295934199933114,375,0.4612119851690938,0.00045243433466167824,1.2623403409521416,0.10133333333333333,0.17866666666666667,0.5386666666666666,0.18133333333333335
155,38.13569090938199,122,0.4589149449906151,0.00045012520620613735,1.1551910476809548,0.10655737704918032,0.22950819672131148,0.48360655737704916,0.18032786885245902
156,37.1826134122779,156,0.4566293450906877,0.0004478278630502868,1.198159587165808,0.11538461538461539,0.17307692307692307,0.5576923076923077,0.15384615384615385
157,97.18431681855144,1000,0.45435512849165205,0.0004455422450444678,1.1521785577295287,0.334,0.341,0.183,0.142
158,42.9316796082637,1000,0.4520922384996226,0.0004432682923460125,1.1579016985987278,0.333,0.13,0.205,0.332
159,6.560001899306087,154,0.44984061870307446,0.00044100594541767737,1.1761587736879047,0.12337662337662338,0.14935064935064934,0.564935064935065,0.16233766233766234
160,-32.79993592959114,125,0.4476002129714371,0.0004387551450260843,1.1591331737712083,0.128,0.248,0.424,0.2
161,-15.338817925809394,152,0.4453709654536952,0.00043651583224016963,1.187591176415672,0.1513157894736842,0.21052631578947367,0.4473684210526316,0.19078947368421054
162,-81.79024939970935,289,0.44315282057699623,0.00043428794842964135,1.1332388543061722,0.1314878892733564,0.17993079584775087,0.5121107266435986,0.17647058823529413
163,-28.506343656645143,300,0.4409457230452651,0.000432071435263444,1.1661899335819257,0.1,0.2,0.51,0.19
164,-69.10935468064902,208,0.4387496178378257,0.00042986623470823136,1.1458022312549732,0.1201923076923077,0.1875,0.5240384615384616,0.16826923076923078
165,-170.98173111792582,196,0.43656445020802925,0.00042767228902684703,1.161587664829297,0.19387755102040816,0.20408163265306123,0.4030612244897959,0.1989795918367347
166,34.19390776048121,184,0.4343901656818896,0.0004254895407768128,1.1262763452318565,0.15760869565217392,0.125,0.5706521739130435,0.14673913043478262
167,-13.444022653354253,260,0.4322267100567252,0.0004233179328088246,1.0975809307008386,0.08076923076923077,0.20384615384615384,0.5269230769230769,0.18846153846153846
168,28.147114202904497,1000,0.4300740293998078,0.0004211574082652562,1.2537310823417223,0.135,0.204,0.505,0.156
169,54.97313005861668,1000,0.4279320700470182,0.0004190079105786707,1.2123265850172464,0.275,0.204,0.361,0.16
170,-51.14539359384625,151,0.4258007786015082,0.00041686938347033914,1.142944441947142,0.11920529801324503,0.2185430463576159,0.4768211920529801,0.18543046357615894
171,139.6451230284462,1000,0.42368010193236966,0.00041474177094876744,1.2336837799260025,0.422,0.18,0.2,0.198
172,100.66781104945903,1000,0.4215699871733098,0.00041262501730823006,1.2350564955439591,0.403,0.17,0.252,0.175
173,51.72180669848214,1000,0.4194703817213335,0.0004105190671273116,1.1743688912500587,0.172,0.187,0.467,0.174
174,-13.678480134914452,218,0.41738123323543186,0.0004084238652674558,1.347037906557792,0.13302752293577982,0.22018348623853212,0.46788990825688076,0.17889908256880735
175,-74.84786740047376,123,0.41530248963527744,0.00040633935687152184,1.33352127358497,0.17073170731707318,0.18699186991869918,0.4715447154471545,0.17073170731707318
176,42.89034437807643,1000,0.41323409909992587,0.000404265487362348,1.279355831258403,0.243,0.214,0.384,0.159
177,65.77443496029522,1000,0.4111760100665241,0.00040220220244132287,1.2295606886450592,0.318,0.144,0.345,0.193
178,41.19270165700496,1000,0.4091281712290249,0.00040014944808696346,1.251230135597009,0.188,0.483,0.211,0.118
179,44.210408543010075,1000,0.407090531536908,0.000398107170553501,1.2176301659395812,0.274,0.166,0.386,0.174
180,-45.95649312974086,383,0.40506304019390726,0.00039607531636947366,1.1790307156365454,0.13054830287206268,0.185378590078329,0.5143603133159269,0.16971279373368145
181,-33.139258638582604,278,0.40304564665674447,0.0003940538323363266,1.0884770311661305,0.1223021582733813,0.1618705035971223,0.5431654676258992,0.17266187050359713
182,-120.8887972889461,115,0.40103830063386947,0.00039204266552701896,1.2134786315929798,0.10434782608695652,0.23478260869565218,0.5130434782608696,0.14782608695652175
183,-207.73984876042985,646,0.39904095208420615,0.00039004176328463834,1.2331154436366785,0.16563467492260062,0.15479876160990713,0.4520123839009288,0.22755417956656346
184,-151.03318655294927,134,0.3970535512159053,0.00038805107322102195,1.2227294945617297,0.20149253731343283,0.1791044776119403,0.4701492537313433,0.14925373134328357
185,72.91575228542555,1000,0.3950760484851031,0.000386070543215385,1.177943179701304,0.402,0.165,0.205,0.228
186,101.02867157145026,1000,0.39310839459468616,0.00038410012141295614,1.1911240584794505,0.407,0.144,0.285,0.164
187,-111.86005774262755,668,0.3911505404930626,0.0003821397562236197,1.2074523897676397,0.1467065868263473,0.1437125748502994,0.5568862275449101,0.15269461077844312
188,-162.372089940582,994,0.38920243737293914,0.00038018939632056487,1.1838686331972275,0.1358148893360161,0.158953722334004,0.5432595573440644,0.1619718309859155
189,18.26562621043557,143,0.3872640366701046,0.00037824899063894216,1.1326128037226926,0.17482517482517482,0.1258741258741259,0.5314685314685315,0.16783216783216784
190,2.2755815711809646,98,0.385335290062219,0.000376318488374526,1.1705602952685006,0.10204081632653061,0.15306122448979592,0.5714285714285714,0.17346938775510204
191,102.82267510285268,1000,0.38341614946760905,0.0003743978389823848,1.1996108544161128,0.375,0.137,0.296,0.192
192,125.67998376535759,1000,0.3815065670440695,0.0003724869921755577,1.176932492351203,0.479,0.134,0.235,0.152
193,26.00945822038247,190,0.3796064951876705,0.0003705858979237375,1.1525331721162146,0.14736842105263157,0.18947368421052632,0.4631578947368421,0.2
194,-57.39318247606211,494,0.3777158865315709,0.00036869450645196124,1.1751131034387698,0.14979757085020243,0.15384615384615385,0.5323886639676113,0.16396761133603238
195,-41.58890941508901,513,0.37583469394483743,0.0003668127682393067,1.2012518298683719,0.14230019493177387,0.1442495126705653,0.5692007797270955,0.1442495126705653
196,43.566695419156304,190,0.37396287053126975,0.00036494063401759587,1.2267560078181245,0.1,0.15789473684210525,0.5578947368421052,0.18421052631578946
197,35.89013379854799,173,0.3721003696282314,0.00036307805477010503,1.2382340333714719,0.11560693641618497,0.1676300578034682,0.5375722543352601,0.1791907514450867
198,30.94265877518917,1000,0.3702471448054865,0.00036122498173028143,1.1661938106810004,0.306,0.146,0.373,0.175
199,64.73154791482033,1000,0.3684031498640423,0.0003593813663804664,1.1864668812995598,0.239,0.107,0.229,0.425
200,-93.17732622415488,345,0.3665683388349977,0.000357547160450625,1.2050304366663367,0.11884057971014493,0.15072463768115943,0.5884057971014492,0.14202898550724638
201,-47.728071073088664,1000,0.3647426659783969,0.00035572231591708236,1.1717017810062424,0.135,0.16,0.56,0.145
202,-48.20141871485595,185,0.36292608578208946,0.0003539067850012661,1.1568569974972056,0.11891891891891893,0.1837837837837838,0.5135135135135135,0.1837837837837838
203,88.90687775781245,1000,0.36111855296059564,0.0003521005201684556,1.195167571744755,0.293,0.223,0.341,0.143
204,-59.38821574665351,333,0.3593200224539774,0.0003503034741265373,1.2018757714044794,0.1111111111111111,0.16516516516516516,0.5345345345345346,0.1891891891891892
205,80.81964783200152,1000,0.3575304494267152,0.00034851559982476644,1.16247027595525,0.473,0.128,0.206,0.193
206,-72.26786779022203,258,0.3557497892665903,0.0003467368504525353,1.1261454331896892,0.13178294573643412,0.15891472868217055,0.5542635658914729,0.15503875968992248
207,94.67599391177377,1000,0.35397799758357257,0.0003449671794381476,1.2129254864210635,0.497,0.131,0.207,0.165
208,52.69972396265672,1000,0.3522150302087139,0.0003432065404475989,1.180371811490522,0.113,0.535,0.224,0.128
209,64.4608770156288,1000,0.35046084319304716,0.0003414548873833638,1.1688386083845708,0.289,0.174,0.393,0.144
210,74.40255820280034,1000,0.3487153928064905,0.0003397121743831888,1.187374034032391,0.179,0.285,0.252,0.284
211,106.5661993259894,1000,0.34697863553675734,0.0003379783558188916,1.1803099338012215,0.461,0.232,0.183,0.124
212,47.89463072193065,1000,0.3452505280882715,0.0003362533862951663,1.1802341173383137,0.17,0.271,0.246,0.313
213,-7.276389898440641,142,0.34353102738108804,0.00033453722064839516,1.201468496783122,0.2112676056338028,0.176056338028169,0.4507042253521127,0.1619718309859155
214,32.4233208572179,1000,0.34182009054981916,0.00033282981394546575,1.1765630781218568,0.438,0.131,0.294,0.137
215,21.715357808059366,145,0.3401176749425658,0.00033113112148259473,1.1777004369489261,0.15862068965517243,0.1310344827586207,0.5379310344827586,0.1724137931034483
216,75.04935700040535,1000,0.3384237381198542,0.00032944109878415743,1.1798194155417558,0.21,0.472,0.21,0.108
217,117.264055809013,1000,0.33673823785357804,0.0003277597016015232,1.144661553594744,0.493,0.131,0.223,0.153
218,1.9832974447983247,147,0.3350611321259457,0.00032608688591189696,1.1722503530779416,0.16326530612244897,0.1360544217687075,0.5510204081632653,0.14965986394557823
219,70.98862468135805,1000,0.33339237912843267,0.0003244226079171667,1.1345546245926261,0.408,0.197,0.26,0.135
220,20.656261051029794,1000,0.3317319372607396,0.0003227668240427565,1.1830750176769709,0.153,0.223,0.301,0.323
221,-44.28525129498072,146,0.3300797651297549,0.00032111949093648594,1.136275070265251,0.13013698630136986,0.15753424657534246,0.5205479452054794,0.1917808219178082
222,95.0716104801255,1000,0.3284358215485232,0.0003194805654674348,1.1119514719701988,0.518,0.183,0.191,0.108
223,52.14388246696797,1000,0.32680006553521834,0.00031785000472481386,1.1224475725242369,0.28,0.264,0.331,0.125
224,88.44868388953228,1000,0.3251724563121218,0.00031622776601684157,1.0677587526467973,0.453,0.126,0.289,0.132
225,242.90515945247893,645,0.3235529533046063,0.000314613806869626,1.0709783346005157,0.4744186046511628,0.12868217054263567,0.26976744186046514,0.12713178294573643
226,-102.60515538659966,124,0.32194151614012406,0.00031300808502605297,1.065390669706415,0.10483870967741936,0.20967741935483872,0.45161290322580644,0.23387096774193547
227,-57.66356409705946,428,0.32033810464720053,0.0003114105584446796,1.0821687733048113,0.18691588785046728,0.14018691588785046,0.5350467289719626,0.1378504672897196
228,115.94139213117485,1000,0.3187426788544329,0.00030982118529863353,1.0565950663496122,0.474,0.206,0.214,0.106
229,93.33226937605701,1000,0.31715519898949374,0.00030823992397451796,1.0524791610949742,0.251,0.469,0.177,0.103
230,33.38513974348746,110,0.31557562547813933,0.0003066667330713219,1.0616619355652321,0.11818181818181818,0.2,0.5272727272727272,0.15454545454545454
231,86.58836760942164,1000,0.3140039189432234,0.0003051015713993363,1.054637299670193,0.472,0.126,0.264,0.138
232,23.050881173180873,1000,0.3124400402037151,0.00030354439797907574,1.0299442570832522,0.355,0.248,0.282,0.115
233,19.993339262578225,1000,0.3108839502737227,0.0003019951720402052,1.038228646563612,0.151,0.442,0.218,0.189
234,-11.245247124892941,204,0.30933561036152135,0.00030045385302047284,1.0792493280308333,0.11274509803921569,0.1568627450980392,0.5637254901960784,0.16666666666666666
235,62.363244491244636,1000,0.3077949818685863,0.0002989204005646479,1.0777432190212763,0.479,0.181,0.232,0.108
236,-39.77646057103681,1000,0.3062620263886305,0.00029739477452346417,1.0633727407688958,0.179,0.323,0.302,0.196
237,161.40145167500538,1000,0.3047367057066472,0.00029587693495256864,1.1322300154758318,0.502,0.101,0.173,0.224
238,118.77764435079985,1000,0.3032189817979574,0.00029436684211147583,1.072733863320133,0.481,0.119,0.213,0.187
239,84.30990707383317,1000,0.3017088168272619,0.0002928644564625272,1.0765571329303298,0.436,0.089,0.234,0.241
240,-45.42700819936633,202,0.30020617314769793,0.0002913697386698561,1.054759060341179,0.10891089108910891,0.1188118811881188,0.6188118811881188,0.15346534653465346
241,15.399573342463228,108,0.2987110132999009,0.0002898826495983576,1.0704174364524073,0.09259259259259259,0.17592592592592593,0.6018518518518519,0.12962962962962962
242,86.07756808151696,1000,0.2972233000110704,0.0002884031503126642,1.0380185694636483,0.44,0.172,0.249,0.139
243,-79.69727927020283,1000,0.2957429961940411,0.00028693120207612594,1.0323444465904548,0.116,0.153,0.568,0.163
244,99.38436204588888,1000,0.29427006494635827,0.0002854667663497968,1.0524660498938048,0.446,0.133,0.233,0.188
245,76.17262241499398,1000,0.2928044695493577,0.00028400980479142507,1.023519096881459,0.169,0.296,0.174,0.361
246,72.60698810717938,1000,0.2913461734672504,0.00028256027925444986,0.9955069236295121,0.215,0.535,0.162,0.088
247,70.00392852367864,1000,0.28989514034621183,0.0002811181517870022,0.9897293607698596,0.425,0.107,0.268,0.2
248,97.73566793624761,1000,0.2884513340134756,0.0002796833846309113,0.986688408782267,0.518,0.132,0.207,0.143
249,111.18448651663957,1000,0.2870147184764318,0.00027825594022071605,0.9674128948201428,0.355,0.335,0.209,0.101
250,106.44922046351545,1000,0.28558525792172956,0.0002768357811826815,0.9472671483880176,0.476,0.128,0.234,0.162
251,125.32668613420968,1000,0.2841629167143845,0.0002754228703338202,0.9560488724222178,0.515,0.115,0.23,0.14
252,53.783879482286494,1000,0.28274765939689017,0.0002740171706809189,0.9491350351364747,0.371,0.164,0.333,0.132
253,160.98291188240742,979,0.28133945068833427,0.0002726186454195696,0.9549637168935782,0.40858018386108275,0.09397344228804903,0.24923391215526047,0.24821246169560776
254,73.33382390377349,1000,0.2799382554835191,0.00027122725793320634,0.9405567391346901,0.416,0.303,0.178,0.103
255,109.12986335890017,1000,0.2785440388520863,0.0002698429717921463,0.9262535445803632,0.546,0.13,0.216,0.108
256,152.36864832880968,1000,0.27715676603764633,0.00026846575075263585,0.9159509962229332,0.609,0.076,0.135,0.18
257,-1.4093706043359049,173,0.27577640245691176,0.00026709555875590197,0.8770588301654657,0.08092485549132948,0.16184971098265896,0.5664739884393064,0.1907514450867052
258,140.36864491213586,1000,0.2744029136988354,0.00026573235992720774,0.8974690794258524,0.594,0.126,0.169,0.111
259,93.3576847931959,1000,0.2730362655237522,0.00026437611857491343,0.8831127910412405,0.514,0.145,0.15,0.191
260,59.52195412682214,1000,0.2716764238625259,0.00026302679918954166,0.8754404670776577,0.372,0.261,0.27,0.097
261,125.95460182182671,1000,0.2703233548156995,0.000261684366442848,0.8591929810961569,0.491,0.109,0.225,0.175
262,4.581420369338886,121,0.2689770246526506,0.00026034878518689574,0.8639637106236575,0.2396694214876033,0.09090909090909091,0.5289256198347108,0.14049586776859505
263,-231.79184915386404,802,0.26763739981075,0.00025902002045313587,0.8576363865510562,0.12344139650872818,0.243142144638404,0.4975062344139651,0.13591022443890274
264,89.83336123828354,1000,0.2663044468945255,0.0002576980374514913,0.855025907786822,0.384,0.382,0.145,0.089
265,114.9877759597252,1000,0.2649781326748289,0.0002563828015694461,0.8580017028728826,0.487,0.135,0.192,0.186
266,85.66102903056061,1000,0.26365842408800805,0.00025507427837113934,0.8463866536299811,0.429,0.133,0.273,0.165
267,66.04701754733492,1000,0.26234528823508246,0.00025377243359646324,0.8539201693247326,0.457,0.139,0.269,0.135
268,88.31785134957313,1000,0.2610386923809231,0.00025247723316016644,0.8564238792700466,0.534,0.116,0.238,0.112
269,215.52591554403875,670,0.25973860395343634,0.0002511886431509614,0.8335490991881226,0.49402985074626865,0.15074626865671642,0.20298507462686566,0.15223880597014924
270,41.92793670936612,1000,0.25844499054275216,0.0002499066298306366,0.8341372062373981,0.432,0.168,0.303,0.097
271,147.6649956035455,1000,0.257157819900416,0.00024863115963317297,0.8264933319698733,0.583,0.107,0.171,0.139
272,84.62019425828095,1000,0.2558770599385848,0.0002473621991638655,0.8270162290458488,0.428,0.135,0.301,0.136
273,-35.02366838134704,1000,0.25460267872922737,0.0002460997151984486,0.8234467911074196,0.096,0.293,0.385,0.226
274,62.83982027482048,1000,0.25333464450332815,0.00024484367468222606,0.8331261764409353,0.433,0.106,0.222,0.239
275,153.13654211842913,1000,0.25207292565009537,0.00024359404472920604,0.8193826779906885,0.485,0.113,0.196,0.206
276,13.9110281364378,1000,0.25081749071617304,0.00024235079262123965,0.8005346549634045,0.169,0.149,0.458,0.224
277,22.653552747098374,1000,0.24956830840485686,0.00024111388580716448,0.7971604135039551,0.202,0.382,0.313,0.103
278,24.895000862580744,1000,0.2483253475753139,0.00023988329190195238,0.7992887307799896,0.247,0.115,0.295,0.343
279,48.96314914509544,1000,0.24708857724180652,0.00023865897868586143,0.8010113706895272,0.2,0.57,0.151,0.079
280,158.60644791670887,797,0.24585796657291967,0.0002374409141035924,0.7882027782705606,0.44165621079046424,0.14178168130489335,0.2998745294855709,0.11668757841907151
281,221.22786736668036,861,0.24463348489079248,0.00023622906626344953,0.8112639129507904,0.5168408826945412,0.11265969802555169,0.24738675958188153,0.12311265969802555
282,103.24796578700622,1000,0.2434151016703534,0.0002350234034365054,0.7820698537067134,0.583,0.123,0.189,0.105
283,95.63504390771507,1000,0.2422027865385593,0.00023382389405577036,0.7883030984598212,0.473,0.12,0.296,0.111
284,164.98019709166948,887,0.24099650927363828,0.00023263050671536593,0.7825909017383746,0.2491544532130778,0.399098083427283,0.25817361894024804,0.0935738444193912
285,96.12903889265215,1000,0.2397962398043362,0.0002314432101697025,0.7667955551743056,0.461,0.143,0.274,0.122
286,9.84145895293149,363,0.23860194820916716,0.00023026197333266135,0.7476170746271905,0.15702479338842976,0.15151515151515152,0.5482093663911846,0.14325068870523416
287,85.89808068546316,1000,0.2374136047156675,0.00022908676527678062,0.7650919176326609,0.174,0.359,0.132,0.335
288,59.29298473061541,1000,0.23623117969965363,0.0002279175552324457,0.7599829269636257,0.306,0.118,0.281,0.295
289,-23.11356073108,90,0.23505464368448353,0.00022675431258708346,0.7880799454985532,0.2111111111111111,0.14444444444444443,0.4888888888888889,0.15555555555555556
290,111.16947805369907,1000,0.23388396734032196,0.0002255970068843609,0.7734569343932122,0.542,0.223,0.142,0.093
291,58.891779331505184,1000,0.23271912148340923,0.00022444560782338763,0.7779485787901288,0.507,0.181,0.212,0.1
292,122.72482407993282,1000,0.2315600770753337,0.00022330008525792253,0.762061306245771,0.517,0.098,0.237,0.148
293,19.704350933361297,1000,0.2304068052223079,0.00022216040919558445,0.7676758974784819,0.18,0.133,0.495,0.192
294,151.0604727129913,1000,0.22925927717444824,0.000221026549797067,0.7615274435239621,0.661,0.1,0.13,0.109
295,0.5282836133001894,326,0.22811746432505836,0.0002198984773753573,0.7377569614554502,0.25153374233128833,0.07975460122699386,0.5368098159509203,0.13190184049079753
296,98.51189249690003,1000,0.2269813382099158,0.00021877616239495854,0.7449863737703879,0.634,0.119,0.163,0.084
297,79.69746341528491,1000,0.2258508705065627,0.0002176595754711169,0.7357877444897114,0.492,0.116,0.238,0.154
298,-121.72971016783791,583,0.22472603303359945,0.000216548687369052,0.7486811991493217,0.1835334476843911,0.12521440823327615,0.5591766723842195,0.1320754716981132
299,268.3340367902637,464,0.2236067977499824,0.00021544346900319165,0.7310756464690346,0.5064655172413793,0.10129310344827586,0.22413793103448276,0.16810344827586207
300,52.99632265172686,1000,0.22249313675432472,0.00021434389143641013,0.7460601603016476,0.227,0.107,0.284,0.382
301,151.77723699911408,1000,0.22138502228420082,0.00021324992587927068,0.7454999103727421,0.443,0.076,0.161,0.32
302,27.463688401999395,1000,0.22028242671545434,0.0002121615436892717,0.7353468426873012,0.203,0.337,0.342,0.118
303,-24.230143652339727,1000,0.21918532256150944,0.00021107871637009683,0.7211561102960441,0.121,0.148,0.573,0.158
304,147.50471057457946,968,0.21809368247268562,0.00021000141557086878,0.7211011543508625,0.13326446280991736,0.14049586776859505,0.33264462809917356,0.39359504132231404
305,87.46509686748927,1000,0.21700747923551592,0.00020892961308540718,0.7275801740562058,0.367,0.139,0.317,0.177
306,94.51407101174851,1000,0.2159266857720685,0.00020786328085148993,0.7201854677270296,0.481,0.304,0.144,0.071
307,50.54642351342136,1000,0.21485127513927166,0.00020680239095011854,0.7197777501659921,0.218,0.28,0.384,0.118
308,133.9151215049508,1000,0.21378122052824208,0.00020574691560478717,0.717554749744026,0.43,0.197,0.27,0.103
309,245.8527685577944,456,0.21271649526361663,0.00020469682718075532,0.6958464385836244,0.08333333333333333,0.10526315789473684,0.33114035087719296,0.48026315789473684
310,126.05831725314175,1000,0.21165707280288729,0.00020365209818432435,0.6981851092324352,0.619,0.093,0.116,0.172
311,104.17899482658338,1000,0.2106029267357395,0.00020261270126211757,0.7146143860459979,0.255,0.464,0.209,0.072
312,111.80320011976414,1000,0.20955403078339377,0.0002015786092003641,0.7045939561287057,0.512,0.201,0.193,0.094
313,95.07437837418237,1000,0.2085103587979506,0.00020054979492418635,0.7077713011691816,0.373,0.335,0.199,0.093
314,-38.97188689419689,1000,0.20747188476173858,0.00019952623149689116,0.7010389609911076,0.106,0.16,0.579,0.155
315,-31.9753938381719,1000,0.2064385827866659,0.0001985078921192645,0.7180035047974224,0.102,0.158,0.571,0.169
316,76.52206862161125,1000,0.20541042711357488,0.00019749475012886982,0.7176191363415906,0.168,0.459,0.283,0.09
317,154.1228871471543,1000,0.2043873921115999,0.00019648677899934995,0.7236508264223362,0.601,0.19,0.134,0.075
318,253.19872625985562,413,0.20336945227752837,0.00019548395233973259,0.7306871624801466,0.5883777239709443,0.13317191283292978,0.19612590799031476,0.08232445520581114
319,192.44515613933197,937,0.20235658223516506,0.0001944862438937394,0.7136311000536021,0.6147278548559232,0.12913553895410887,0.1718249733191035,0.08431163287086446
320,94.20719778291537,1000,0.2013487567346994,0.0001934936275390984,0.6940860082054058,0.577,0.102,0.208,0.113
321,25.971946938249914,133,0.20034595065207608,0.0001925060772868602,0.6931727880440152,0.2706766917293233,0.12781954887218044,0.47368421052631576,0.12781954887218044
322,188.08927688874957,954,0.19934813898836876,0.00019152356728071747,0.6808779954364519,0.46226415094339623,0.2610062893081761,0.1509433962264151,0.12578616352201258
323,43.23690011968588,1000,0.1983552968691568,0.00019054607179632788,0.6767943289553104,0.425,0.12,0.297,0.158
324,-23.859208469126198,1000,0.1973673995439052,0.00018957356524064073,0.6986133459043761,0.109,0.16,0.564,0.167
325,-64.28417067496157,587,0.19638442238534762,0.0001886060221512268,0.6939002529331455,0.1567291311754685,0.12776831345826234,0.555366269165247,0.16013628620102216
326,239.90873994201735,454,0.19540634088887243,0.00018764341719561167,0.6853613180408233,0.5440528634361234,0.1211453744493392,0.22466960352422907,0.11013215859030837
327,250.60945111115163,410,0.1944331306719118,0.00018668572517061246,0.6722344324233631,0.2731707317073171,0.13170731707317074,0.45121951219512196,0.14390243902439023
328,1.2564615765381149,94,0.19346476747333397,0.00018573292100167797,0.6944659797025813,0.1276595744680851,0.2127659574468085,0.46808510638297873,0.19148936170212766
329,-23.24187314535594,132,0.19250122715283827,0.0001847849797422322,0.685827233269499,0.2803030303030303,0.12878787878787878,0.45454545454545453,0.13636363636363635
330,294.0726385679849,376,0.19154248569035348,0.00018384187657302114,0.6628096476446578,0.4175531914893617,0.09042553191489362,0.28191489361702127,0.21010638297872342
331,241.45983013644283,467,0.190588519185439,0.00018290358680146294,0.6692957220353853,0.29764453961456105,0.11991434689507495,0.45610278372591007,0.12633832976445397
332,271.61864125361876,495,0.18963930385668903,0.00018197008586100144,0.664399001426081,0.5131313131313131,0.09292929292929293,0.2909090909090909,0.10303030303030303
333,252.51381460569297,548,0.18869481604113966,0.00018104134931046296,0.6890553138750305,0.5821167883211679,0.07481751824817519,0.24635036496350365,0.09671532846715329
334,226.90730183337496,600,0.1877550321936791,0.00018011735283341638,0.6810534358730115,0.5466666666666666,0.085,0.25833333333333336,0.11
335,89.76062592815329,1000,0.18681992888646057,0.00017919807223753644,0.6792117451134074,0.19,0.579,0.175,0.056
336,100.4575876124736,1000,0.18588948280831843,0.00017828348345397035,0.6683396376226445,0.53,0.285,0.119,0.066
337,102.246118827829,1000,0.18496367076418696,0.0001773735625367076,0.6624211008244056,0.213,0.085,0.187,0.515
338,63.53510553176041,1000,0.18404246967452215,0.00017646828566195307,0.6683966360669067,0.377,0.195,0.35,0.078
339,148.24614647404508,1000,0.18312585657472633,0.00017556762912750317,0.6629185761661365,0.426,0.074,0.169,0.331
340,62.60572663435591,1000,0.18221380861457573,0.00017467156935212534,0.6519664258898713,0.205,0.278,0.385,0.132
341,264.6829274614096,516,0.18130630305765083,0.00017378008287494056,0.655392288237337,0.5813953488372093,0.12209302325581395,0.18992248062015504,0.1065891472868217
342,107.60965712266943,1000,0.18040331728076958,0.0001728931463548092,0.6466285844186905,0.244,0.071,0.197,0.488
343,117.5629021776931,1000,0.17950482877342336,0.0001720107365697198,0.6459411242017686,0.281,0.527,0.133,0.059
344,-84.72866199963602,285,0.17861081513721588,0.00017113283041618108,0.6297682042936789,0.16842105263157894,0.14385964912280702,0.5157894736842106,0.17192982456140352
345,273.5728963484512,267,0.17772125408530481,0.00017025940490861708,0.6609367626908952,0.3333333333333333,0.09737827715355805,0.4419475655430712,0.12734082397003746
346,10.132937693789032,109,0.17683612344184615,0.00016939043717876533,0.6243450079917187,0.1559633027522936,0.1651376146788991,0.5229357798165137,0.1559633027522936
347,269.93408870146465,419,0.17595540114144145,0.0001685259044750781,0.61473655810016,0.4152744630071599,0.14081145584725538,0.31026252983293556,0.13365155131264916
348,174.04569164459937,616,0.17507906522858774,0.0001676657841621267,0.6405784912687543,0.28733766233766234,0.14772727272727273,0.45292207792207795,0.11201298701298701
349,-65.57601297314159,1000,0.17420709385713018,0.00016681005372000884,0.6378919928603829,0.113,0.157,0.572,0.158
350,256.7414467515348,417,0.17333946528971744,0.00016595869074375902,0.6279227864865634,0.42206235011990406,0.11031175059952038,0.328537170263789,0.13908872901678657
351,240.44266185933196,354,0.1724761578972599,0.00016511167294276194,0.6136795527638188,0.11581920903954802,0.6186440677966102,0.2175141242937853,0.0480225988700565
352,225.09964617421855,482,0.17161715015839032,0.0001642689781401688,0.6219825096184455,0.4004149377593361,0.12448132780082988,0.3360995850622407,0.13900414937759337
353,-1.221661599663534,218,0.1707624206589275,0.00016343058427231672,0.6181382583924929,0.18807339449541285,0.1743119266055046,0.5,0.13761467889908258
354,215.08599885570717,750,0.16991194809134227,0.0001625964693881511,0.6285136168053728,0.22666666666666666,0.1,0.12533333333333332,0.548
355,83.12684281287896,1000,0.16906571125422645,0.00016176661164865082,0.6382276802629319,0.424,0.203,0.168,0.205
356,224.9906155182589,828,0.16822368905176427,0.00016094098932625646,0.6321712692014944,0.19806763285024154,0.10144927536231885,0.2536231884057971,0.4468599033816425
357,37.96875881218426,138,0.16738586049320645,0.00016011958080430143,0.649086650173919,0.11594202898550725,0.2028985507246377,0.4855072463768116,0.1956521739130435
358,229.93865060100504,997,0.16655220469234697,0.00015930236457644602,0.6406027206872185,0.6609829488465396,0.09327983951855567,0.14042126379137412,0.10531594784353059
359,-24.2264344971843,1000,0.1657227008670024,0.0001584893192461143,0.627850186390166,0.196,0.142,0.444,0.218
360,293.37174307070444,519,0.16489732833849374,0.00015768042352593388,0.625075435863252,0.47784200385356457,0.12716763005780346,0.2678227360308285,0.12716763005780346
361,87.250173792433,1000,0.16407606653113102,0.00015687565623717862,0.6239663226486902,0.161,0.59,0.176,0.073
362,59.21941267413726,1000,0.16325889497170032,0.00015607499630921405,0.6173859098359643,0.564,0.057,0.173,0.206
363,261.082632306165,439,0.16244579328895342,0.00015527842277894576,0.6156522262800781,0.23006833712984054,0.12984054669703873,0.4009111617312073,0.23917995444191345
364,252.3686886813832,368,0.16163674121309993,0.00015448591479027047,0.6115830031406588,0.3967391304347826,0.11684782608695653,0.358695652173913,0.12771739130434784
365,83.62098444836427,1000,0.16083171857530196,0.00015369745159353004,0.6041118437397384,0.187,0.081,0.236,0.496
366,251.83057703213524,381,0.16003070530717145,0.00015291301254496815,0.5995210349244735,0.1889763779527559,0.1679790026246719,0.5118110236220472,0.13123359580052493
367,283.29332508211513,536,0.1592336814402698,0.00015213257710618982,0.5973510739160702,0.5223880597014925,0.14925373134328357,0.19962686567164178,0.1287313432835821
368,270.964116233279,377,0.15844062710561005,0.00015135612484362367,0.601369137177664,0.3740053050397878,0.11671087533156499,0.376657824933687,0.13262599469496023
369,-68.72676525399974,1000,0.15765152253316161,0.0001505836354279869,0.6050595920780732,0.164,0.142,0.558,0.136
370,263.56898873332216,523,0.15686634805135746,0.00014981508863375306,0.6112627626915247,0.4397705544933078,0.0994263862332696,0.22753346080305928,0.2332695984703633
371,275.16643013194914,614,0.15608508408660363,0.00014905046433862245,0.5952485669079635,0.506514657980456,0.1254071661237785,0.26384364820846906,0.10423452768729642
372,240.23965218779216,671,0.15530771116279135,0.0001482897425229953,0.6065500785790857,0.5663189269746647,0.09687034277198212,0.18628912071535023,0.15052160953800298
373,126.90372094123208,1000,0.15453420990081157,0.00014753290326944765,0.6042601136335846,0.217,0.091,0.21,0.482
374,89.2945781769401,1000,0.1537645610180717,0.0001467799267622098,0.587654710430533,0.335,0.41,0.195,0.06
375,228.96184938232625,700,0.15299874532801508,0.00014603079328664748,0.5992618738893368,0.5928571428571429,0.10285714285714286,0.2042857142857143,0.1
376,75.91068695063723,191,0.15223674373964258,0.0001452854832287458,0.6003249262142332,0.08900523560209424,0.2094240837696335,0.518324607329843,0.18324607329842932
377,186.19843274038624,669,0.15147853725703672,0.00014454397707459556,0.598857793374348,0.27802690582959644,0.12406576980568013,0.47234678624813153,0.12556053811659193
378,191.18782874888637,477,0.1507241069788881,0.0001438062554098824,0.5877520429320344,0.3228511530398323,0.13836477987421383,0.4339622641509434,0.10482180293501048
379,134.90352776381388,1000,0.14997343409802424,0.00014307229891937854,0.5996983885999708,0.574,0.104,0.192,0.13
380,243.22900154942016,513,0.1492264999009407,0.00014234208838643692,0.5932294981151148,0.4853801169590643,0.18323586744639375,0.22417153996101363,0.10721247563352826
381,264.83497144468583,238,0.14848328576733458,0.00014161560469248824,0.6144386661486435,0.13025210084033614,0.19327731092436976,0.5252100840336135,0.15126050420168066
382,4.2200711853385116,90,0.14774377316964035,0.00014089282881654024,0.5945478653983534,0.06666666666666667,0.23333333333333334,0.5111111111111111,0.18888888888888888
383,259.9394778343069,416,0.147007943672568,0.00014017374183467976,0.6067052656791918,0.4567307692307692,0.11538461538461539,0.31971153846153844,0.10817307692307693
384,49.27503055098205,84,0.14627577893264343,0.0001394583249195773,0.6099910110387401,0.023809523809523808,0.25,0.5,0.2261904761904762
385,211.08594026522508,745,0.14554726069775115,0.00013874655933999398,0.586488271569027,0.6067114093959731,0.1342281879194631,0.18120805369127516,0.07785234899328859
386,259.0609954052841,421,0.1448223708066793,0.00013803842646029123,0.5886355348167596,0.4085510688836104,0.14014251781472684,0.30641330166270786,0.14489311163895488
387,168.60440566445186,894,0.14410109118866696,0.0001373339077399428,0.5824360871872165,0.08277404921700224,0.46420581655480986,0.3635346756152125,0.0894854586129754
388,112.116986126257,1000,0.14338340386295353,0.00013663298473304928,0.5899068233777792,0.368,0.102,0.15,0.38
389,194.98984706664885,763,0.1426692909383306,0.0001359356390878553,0.5927319365031027,0.06946264744429882,0.6186107470511141,0.24246395806028834,0.06946264744429882
390,230.57136166196295,554,0.14195873461269595,0.00013524185254626883,0.5884753881613344,0.12454873646209386,0.5938628158844765,0.18231046931407943,0.09927797833935018
391,191.86176951980812,439,0.14125171717260968,0.00013455160694338334,0.5848145034793429,0.17539863325740318,0.2642369020501139,0.42596810933940776,0.13439635535307518
392,235.13737526282554,310,0.1405482209928527,0.00013386488420700205,0.5710986723250596,0.1870967741935484,0.15483870967741936,0.4870967741935484,0.17096774193548386
393,227.90205149265037,838,0.13984822853598727,0.00013318166635716485,0.5858701770406213,0.059665871121718374,0.7219570405727923,0.1610978520286396,0.057279236276849645
394,-212.4795224382791,1000,0.13915172235191997,0.00013250193550567755,0.5819128310051792,0.1,0.165,0.552,0.183
395,19.22574324758344,1000,0.13845868507746648,0.00013182567385564342,0.5878167727379482,0.175,0.084,0.307,0.434
396,240.94458699548264,725,0.1377690994359189,0.00013115286370099735,0.5889655482192789,0.5793103448275863,0.09655172413793103,0.22620689655172413,0.09793103448275862
397,232.12605382593136,662,0.13708294823661493,0.00013048348742604221,0.5834988806800928,0.054380664652567974,0.6918429003021148,0.17069486404833836,0.08308157099697885
398,69.1153834411744,1000,0.13640021437450947,0.00012981752750498761,0.5939164413719134,0.179,0.584,0.179,0.058
399,249.7257495387276,247,0.1357208808297481,0.0001291549665014911,0.5843098628802696,0.20647773279352227,0.13765182186234817,0.5141700404858299,0.1417004048582996
400,33.211444655188444,1000,0.13504493066724277,0.00012849578706820153,0.576519623467137,0.086,0.084,0.166,0.664
401,153.32876918398387,617,0.13437234703624976,0.00012783997194630505,0.5693683614258911,0.2787682333873582,0.11183144246353323,0.40842787682333875,0.20097244732576985
402,246.9868537604398,232,0.13370311316994946,0.00012718750396507303,0.5633463114370627,0.4051724137931034,0.07758620689655173,0.43103448275862066,0.08620689655172414
403,229.76336524631918,487,0.1330372123850285,0.0001265383660414126,0.5637951511200633,0.1293634496919918,0.40451745379876797,0.3921971252566735,0.07392197125256673
404,222.40231191882492,467,0.13237462808126377,0.0001258925411794194,0.5871899121884211,0.21841541755888652,0.15417558886509636,0.4732334047109208,0.15417558886509636
405,283.58365602367036,222,0.13171534374110866,0.00012525001246993246,0.5546809731278871,0.21171171171171171,0.27927927927927926,0.42792792792792794,0.08108108108108109
406,233.93257087126935,738,0.13105934292928123,0.00012461076309009165,0.5640848375291265,0.510840108401084,0.0948509485094851,0.3021680216802168,0.0921409214092141
407,90.97872017763619,1000,0.1304066092923546,0.00012397477630289708,0.5726541878042958,0.203,0.532,0.205,0.06
408,253.85184811105233,308,0.12975712655834912,0.00012334203545677095,0.5767843872887516,0.05519480519480519,0.4448051948051948,0.38636363636363635,0.11363636363636363
409,272.5074396869721,375,0.12911087853632688,0.00012271252398512162,0.563964371088964,0.22133333333333333,0.15466666666666667,0.3893333333333333,0.23466666666666666
410,233.88680676836873,419,0.128467849115988,0.00012208622540590974,0.5678146456027868,0.2458233890214797,0.13126491646778043,0.49403341288782815,0.1288782816229117
411,224.82470929823782,352,0.12782802226726903,0.00012146312332121679,0.5415311855690897,0.2840909090909091,0.11079545454545454,0.4971590909090909,0.10795454545454546
412,252.00740347677888,310,0.12719138203994332,0.00012084320141681574,0.5692832981956693,0.4290322580645161,0.0967741935483871,0.38387096774193546,0.09032258064516129
413,234.44380732506465,292,0.1265579125632235,0.0001202264434617439,0.5598655434452574,0.4863013698630137,0.09931506849315068,0.2808219178082192,0.13356164383561644
414,104.55560951752535,1000,0.12592759804536563,0.00011961283330787796,0.5600625287637525,0.178,0.569,0.174,0.079
415,86.97585795638976,1000,0.1253004227732758,0.00011900235488951118,0.5569609678482146,0.199,0.049,0.177,0.575
416,245.0871117375848,537,0.12467637111211817,0.00011839499222293278,0.5630837199464468,0.33891992551210426,0.1191806331471136,0.34450651769087526,0.1973929236499069
417,-69.30441405923494,627,0.12405542750492535,0.00011779072940600942,0.5544225231684251,0.16905901116427433,0.22169059011164274,0.45933014354066987,0.14992025518341306
418,213.6309193273602,478,0.12343757647221056,0.00011718955061776886,0.5555312640346187,0.11715481171548117,0.1087866108786611,0.3598326359832636,0.41422594142259417
419,148.74101940817948,1000,0.1228228026115817,0.00011659144011798575,0.5686324395367282,0.485,0.305,0.138,0.072
420,-22.079241712623855,260,0.12221109059735742,0.00011599638224676948,0.5502146625819131,0.03461538461538462,0.22692307692307692,0.48846153846153845,0.25
421,244.62868868842588,514,0.12160242518018508,0.00011540436142415419,0.5560651082607944,0.5,0.10700389105058365,0.25680933852140075,0.13618677042801555
422,268.45293052398324,711,0.12099679118666054,0.00011481536214969084,0.5622664594787525,0.42756680731364277,0.09142053445850915,0.26019690576652604,0.22081575246132207
423,229.84644449119875,781,0.12039417351894997,0.0001142293690020414,0.554142275834788,0.2330345710627401,0.44174135723431496,0.22919334186939821,0.09603072983354674
424,222.4220421366864,461,0.11979455715441345,0.00011364636663857504,0.5471704566888845,0.3557483731019523,0.10412147505422993,0.41431670281995664,0.12581344902386118
425,54.55521389639203,1000,0.11919792714523043,0.00011306633979496645,0.5586229125997998,0.259,0.364,0.28,0.097
426,248.23174600316565,496,0.11860426861802718,0.0001124892732847962,0.546773536727596,0.34274193548387094,0.12096774193548387,0.3951612903225806,0.14112903225806453
427,266.01597721724977,637,0.11801356677350594,0.00011191515199915312,0.5332432095909878,0.5698587127158555,0.10832025117739404,0.2087912087912088,0.1130298273155416
428,163.71866812899958,816,0.11742580688607601,0.00011134396090623867,0.5412719824869785,0.20220588235294118,0.14215686274509803,0.5073529411764706,0.1482843137254902
429,221.19658310189007,476,0.11684097430348667,0.00011077568505097344,0.5415677186089554,0.19117647058823528,0.16596638655462184,0.4411764705882353,0.20168067226890757
430,272.8446178617621,461,0.1162590544464619,0.00011021030955460552,0.5390500213290284,0.5531453362255966,0.08026030368763558,0.17136659436008678,0.19522776572668113
431,96.9900323147306,1000,0.11568003280833696,0.00010964781961432101,0.5445407807277783,0.116,0.619,0.202,0.063
432,141.69774092906806,930,0.1151038949546967,0.00010908820050285642,0.5465338238349903,0.16774193548387098,0.3548387096774194,0.4,0.07741935483870968
433,221.6819395692786,373,0.11453062652301578,0.00010853143756811307,0.5450702895938844,0.3699731903485255,0.10723860589812333,0.4343163538873995,0.08847184986595175
434,224.84875688920667,453,0.1139602132223006,0.00010797751623277346,0.5378718074624926,0.31125827814569534,0.11699779249448124,0.44370860927152317,0.1280353200883002
435,221.70921423970964,468,0.11339264083273302,0.00010742642199391962,0.5418904235509983,0.42735042735042733,0.09188034188034189,0.37393162393162394,0.10683760683760683
436,202.80111548993227,329,0.11282789520531596,0.00010687814042265338,0.5354891443195324,0.270516717325228,0.13677811550151975,0.47720364741641336,0.11550151975683891
437,154.80412030268323,768,0.11226596226152054,0.0001063326571637186,0.5553848067626851,0.3294270833333333,0.11979166666666667,0.4361979166666667,0.11458333333333333
438,225.39622189248442,356,0.11170682799293526,0.00010578995793512529,0.579595463593176,0.38764044943820225,0.10674157303370786,0.4101123595505618,0.09550561797752809
439,178.49679833991902,689,0.11115047846091669,0.00010525002852777575,0.5650257201856513,0.2104499274310595,0.07111756168359942,0.30914368650217705,0.409288824383164
440,246.89093216877203,345,0.11059689979624203,0.0001047128548050924,0.5599678464814174,0.42318840579710143,0.09855072463768116,0.3710144927536232,0.1072463768115942
441,225.5658876647347,267,0.11004607819876336,0.00010417842270264782,0.5322345865552033,0.2546816479400749,0.12734082397003746,0.5168539325842697,0.10112359550561797
442,237.9582981791401,332,0.1094979999370636,0.00010364671822779637,0.5553367080272947,0.2921686746987952,0.15963855421686746,0.4397590361445783,0.10843373493975904
443,228.3056330847558,598,0.10895265134811426,0.00010311772745930794,0.5462853635182296,0.45819397993311034,0.08361204013377926,0.3779264214046823,0.0802675585284281
444,248.4751528346389,307,0.10841001883693473,0.0001025914365470034,0.5380268143520786,0.33876221498371334,0.1270358306188925,0.3941368078175896,0.14006514657980457
445,240.24380588705202,385,0.10787008887625348,0.00010206783171139196,0.5808754569665696,0.34805194805194806,0.14285714285714285,0.38961038961038963,0.11948051948051948
446,183.55650188277187,894,0.10733284800617075,0.00010154689924331044,0.5557704754667903,0.4306487695749441,0.1912751677852349,0.29642058165548096,0.08165548098434004
447,266.46768251735466,512,0.10679828283382309,0.00010102862550356429,0.5435997503255277,0.513671875,0.060546875,0.349609375,0.076171875
448,220.0825286116744,544,0.10626638003304942,0.00010051299692257053,0.5654458481723494,0.17279411764705882,0.5827205882352942,0.20036764705882354,0.04411764705882353
449,31.93180234414268,194,0.10573712634405887,0.0001000000000000024,0.5327201304286592,0.07731958762886598,0.2268041237113402,0.520618556701031,0.17525773195876287
450,206.14476941965546,326,0.10521050857310017,9.948962130443598e-05,0.5554493903483834,0.2361963190184049,0.17177914110429449,0.4294478527607362,0.16257668711656442
451,260.7321616503332,327,0.10468651359213282,9.898184747299844e-05,0.5454848050012174,0.3486238532110092,0.13761467889908258,0.3669724770642202,0.14678899082568808
452,219.60930563964007,466,0.10416512833849978,9.847666521101821e-05,0.5455524167343039,0.20815450643776823,0.15021459227467812,0.4871244635193133,0.15450643776824036
453,231.16301637852894,268,0.1036463398146018,9.797406129167691e-05,0.5333355260092957,0.19402985074626866,0.16044776119402984,0.4925373134328358,0.15298507462686567
454,78.32979310733721,1000,0.1031301350875735,9.747402255566301e-05,0.5414115239373972,0.421,0.336,0.18,0.063
455,200.70278773443226,447,0.10261650128896083,9.69765359108273e-05,0.53193544227347,0.21923937360178972,0.14988814317673377,0.4988814317673378,0.1319910514541387
456,251.77482269029767,305,0.10210542561440039,9.648158833184013e-05,0.5384515756624283,0.3114754098360656,0.14426229508196722,0.39344262295081966,0.15081967213114755
457,183.18658273941173,546,0.10159689532330018,9.598916685985032e-05,0.5303178740356563,0.2838827838827839,0.1336996336996337,0.5,0.08241758241758242
458,249.19418437864158,321,0.10109089773852199,9.549925860214595e-05,0.5320484502239856,0.2866043613707165,0.11838006230529595,0.470404984423676,0.12461059190031153
459,289.53426767607186,577,0.10058742024606539,9.501185073181671e-05,0.5411511386443509,0.268630849220104,0.23050259965337955,0.268630849220104,0.2322357019064125
460,258.2812882639075,446,0.10008645029475326,9.452693048741816e-05,0.5412237274502684,0.4147982062780269,0.17040358744394618,0.33183856502242154,0.08295964125560538
461,209.85414048142331,501,0.09958797539591889,9.404448517263751e-05,0.5452321027424302,0.46706586826347307,0.11377245508982035,0.3313373253493014,0.08782435129740519
462,226.34961909360104,841,0.0990919831230947,9.356450215596125e-05,0.5354062258099144,0.33055885850178357,0.07491082045184304,0.18906064209274673,0.4054696789536266
463,116.23440036661023,1000,0.09859846111170241,9.308696887034445e-05,0.5391311062457957,0.456,0.326,0.176,0.042
464,242.85198783669992,383,0.09810739705874481,9.261187281288167e-05,0.5494351957359537,0.29765013054830286,0.1409921671018277,0.402088772845953,0.15926892950391644
465,205.6787986206426,419,0.0976187787224991,9.213920154447967e-05,0.5352200266542436,0.32935560859188545,0.21241050119331742,0.3723150357995227,0.08591885441527446
466,265.77609479059686,310,0.09713259392221169,9.166894268953164e-05,0.532614026355953,0.22580645161290322,0.14516129032258066,0.45806451612903226,0.17096774193548386
467,73.5986152022726,1000,0.09664883053779448,9.120108393559328e-05,0.5385530052559148,0.42,0.059,0.301,0.22
468,273.1140824248786,277,0.09616747650952286,9.073561303306037e-05,0.5511057682026677,0.34657039711191334,0.09025270758122744,0.2924187725631769,0.27075812274368233
469,196.40961642326107,331,0.09568851983773495,9.027251779484805e-05,0.5335362586834315,0.2537764350453172,0.14501510574018128,0.486404833836858,0.1148036253776435
470,278.92012754999735,344,0.09521194858253253,8.981178609607174e-05,0.542566487638931,0.25290697674418605,0.10465116279069768,0.3866279069767442,0.2558139534883721
471,186.9504430047734,706,0.09473775086348335,8.935340587372971e-05,0.5421237016250253,0.29603399433427763,0.10339943342776203,0.4631728045325779,0.13739376770538245
472,213.1621788520135,469,0.09426591485932499,8.88973651263872e-05,0.5298662784748122,0.24520255863539445,0.1257995735607676,0.4925373134328358,0.13646055437100213
473,278.37417037495146,807,0.09379642880767017,8.844365191386223e-05,0.5423513667085201,0.3593556381660471,0.11028500619578686,0.24411400247831475,0.2862453531598513
474,291.0472463473666,307,0.09332928100471348,8.799225435691295e-05,0.532743729525335,0.4201954397394137,0.06514657980456026,0.28338762214983715,0.23127035830618892
475,246.1712450992111,267,0.09286445980493968,8.754316063692666e-05,0.5385841773510452,0.2883895131086142,0.23220973782771537,0.3782771535580524,0.10112359550561797
476,221.0857370099232,285,0.09240195362083334,8.70963589956103e-05,0.5378502063303514,0.09473684210526316,0.10175438596491228,0.5157894736842106,0.28771929824561404
477,188.29556387069823,710,0.09194175092259001,8.665183773468267e-05,0.5378572777831547,0.2056338028169014,0.44366197183098594,0.28732394366197184,0.06338028169014084
478,240.54890859164766,361,0.09148384023782877,8.620958521556806e-05,0.5352249424928456,0.4598337950138504,0.11911357340720222,0.3185595567867036,0.10249307479224377
479,294.8193840827574,290,0.09102821015130624,8.576958985909162e-05,0.5437521922897478,0.3758620689655172,0.1310344827586207,0.3758620689655172,0.11724137931034483
480,269.0341475706097,388,0.09057484930463203,8.533184014517613e-05,0.5440977186416917,0.3634020618556701,0.23195876288659795,0.30670103092783507,0.0979381443298969
481,253.8888172875322,269,0.09012374639598555,8.489632461254036e-05,0.5428602727230346,0.3940520446096654,0.07063197026022305,0.3940520446096654,0.1412639405204461
482,-170.11907397126754,670,0.08967489017983431,8.446303185839905e-05,0.5367309350317206,0.15522388059701492,0.1373134328358209,0.5477611940298508,0.15970149253731344
483,13.770762299210475,138,0.08922826946665352,8.40319505381643e-05,0.5408470068967125,0.2463768115942029,0.07971014492753623,0.6014492753623188,0.07246376811594203
484,225.25589081016642,348,0.08878387312264722,8.36030693651486e-05,0.5161939598186711,0.3850574712643678,0.10344827586206896,0.39080459770114945,0.1206896551724138
485,248.42739226881142,679,0.0883416900694707,8.317637711026927e-05,0.5463610288939269,0.35051546391752575,0.30338733431516934,0.24300441826215022,0.10309278350515463
486,202.1940823537055,573,0.08790170928395427,8.275186260175448e-05,0.5519080516997565,0.2268760907504363,0.15008726003490402,0.4886561954624782,0.1343804537521815
487,130.6600469774241,658,0.08746391979782855,8.232951472485073e-05,0.5441636606850436,0.1580547112462006,0.15045592705167174,0.506079027355623,0.18541033434650456
488,-80.4454172730846,1000,0.08702831069745101,8.190932242153187e-05,0.5338521682711027,0.113,0.145,0.575,0.167
489,195.1250763850495,356,0.08659487112353387,8.149127469020957e-05,0.5469823926711423,0.351123595505618,0.14325842696629212,0.41292134831460675,0.09269662921348315
490,266.9512080357987,385,0.08616359027087342,8.107536058544523e-05,0.5509065511513199,0.34285714285714286,0.12207792207792208,0.42077922077922075,0.11428571428571428
491,207.19816931856212,632,0.08573445738808068,8.066156921766346e-05,0.5402131840994681,0.5110759493670886,0.17405063291139242,0.2231012658227848,0.09177215189873418
492,49.34764263765224,1000,0.08530746177731334,8.024988975286695e-05,0.5305183183583934,0.25,0.082,0.283,0.385
493,291.5329946417578,356,0.0848825927940091,7.984031141235278e-05,0.542501367732955,0.28370786516853935,0.20786516853932585,0.42696629213483145,0.08146067415730338
494,225.7911235763737,315,0.08445983984662027,7.943282347243025e-05,0.5219796620860805,0.20952380952380953,0.1492063492063492,0.4984126984126984,0.14285714285714285
495,181.81363449861635,537,0.0840391923963498,7.902741526414009e-05,0.5204541969392098,0.0893854748603352,0.7188081936685289,0.15456238361266295,0.037243947858473
496,102.58511371617675,1000,0.0836206399568885,7.862407617297512e-05,0.5203888395064211,0.543,0.059,0.182,0.216
497,227.1329529476398,572,0.08320417209415364,7.822279563860235e-05,0.5187572044227552,0.44405594405594406,0.09615384615384616,0.3758741258741259,0.08391608391608392
498,82.01256940502374,1000,0.08278977842602886,7.782356315458647e-05,0.5241425473438587,0.057,0.27,0.138,0.535
499,15.603224228909369,256,0.08237744862210536,7.742636826811479e-05,0.4944728492625158,0.3046875,0.08984375,0.51953125,0.0859375
500,193.62995933896653,682,0.08196717240342434,7.703120057972354e-05,0.521026604343569,0.4178885630498534,0.08651026392961877,0.4178885630498534,0.07771260997067449
501,198.61469400918182,517,0.08155893954222078,7.66380497430256e-05,0.5027005804051604,0.22437137330754353,0.13152804642166344,0.5493230174081238,0.09477756286266925
502,189.30238516023513,656,0.08115273986166843,7.624690546443961e-05,0.5111985471736751,0.1798780487804878,0.5807926829268293,0.17530487804878048,0.06402439024390244
503,257.40137580092045,153,0.08074856323562621,7.585775750292045e-05,0.5167087901422053,0.30718954248366015,0.20261437908496732,0.39869281045751637,0.0915032679738562
504,205.18481665914726,584,0.08034639958838564,7.547059566969111e-05,0.511639004489092,0.2089041095890411,0.14726027397260275,0.511986301369863,0.13184931506849315
505,93.22263106487057,1000,0.0799462388944198,7.508540982797593e-05,0.4930886981316988,0.295,0.225,0.099,0.381
506,107.16762257883515,874,0.07954807117813331,7.470218989273521e-05,0.49530012302313187,0.13958810068649885,0.12013729977116705,0.534324942791762,0.20594965675057209
507,206.4195929322924,607,0.07915188651361367,7.432092583040112e-05,0.48550492077746094,0.2257001647446458,0.5848434925864909,0.15980230642504117,0.029654036243822075
508,235.69659613997325,314,0.07875767502438383,7.394160765861504e-05,0.4803680495880338,0.2929936305732484,0.1178343949044586,0.47770700636942676,0.11146496815286625
509,232.00586950377138,192,0.078365426883156,7.356422544596616e-05,0.48816264481699534,0.3802083333333333,0.109375,0.3697916666666667,0.140625
510,217.01445128965577,554,0.07797513231158659,7.318876931173151e-05,0.4847558062215917,0.3916967509025271,0.08303249097472924,0.29422382671480146,0.23104693140794225
511,4.601217097587891,1000,0.07758678158003256,7.281522942561718e-05,0.4945662725531687,0.117,0.125,0.335,0.423
512,227.32026718173458,320,0.07720036500730874,7.244359600750101e-05,0.4872040989946765,0.346875,0.14375,0.415625,0.09375
513,133.0568233412607,1000,0.07681587296044662,7.207385932717653e-05,0.48937187774149654,0.297,0.577,0.1,0.026
514,259.27632983072385,181,0.07643329585445409,7.170600970409811e-05,0.4797876752418007,0.3259668508287293,0.08839779005524862,0.4861878453038674,0.09944751381215469
515,131.74086820864062,883,0.07605262415207657,7.134003750712762e-05,0.4785507027826361,0.23442808607021517,0.332955832389581,0.318233295583239,0.1143827859569649
516,-11.093424252454533,1000,0.07567384836355925,7.097593315428215e-05,0.4650455443471646,0.154,0.148,0.557,0.141
517,-60.16170353102176,205,0.0752969590464105,7.061368711248323e-05,0.46195645126180723,0.2,0.08292682926829269,0.6195121951219512,0.0975609756097561
518,239.3039267713493,186,0.07492194680516646,7.025328989730719e-05,0.46315068150758154,0.34408602150537637,0.0967741935483871,0.5,0.05913978494623656
519,128.17029747512126,1000,0.07454880229115689,6.989473207273681e-05,0.4686669601575219,0.452,0.043,0.156,0.349
520,110.08546747683583,1000,0.07417751620227203,6.953800425091434e-05,0.4692066955015101,0.567,0.24,0.152,0.041
521,220.8393045747116,333,0.07380807928273078,6.91830970918956e-05,0.4656974508751954,0.35135135135135137,0.11411411411411411,0.44144144144144143,0.09309309309309309
522,-28.801771006862054,207,0.07344048232284993,6.883000130340553e-05,0.45970225203685866,0.28019323671497587,0.07729468599033816,0.5314009661835749,0.1111111111111111
523,29.24692715800046,147,0.07307471615881456,6.847870764059486e-05,0.4647111294269727,0.14965986394557823,0.11564625850340136,0.5782312925170068,0.1564625850340136
524,-12.819166977415158,1000,0.0727107716724496,6.812920690579805e-05,0.47034838010513474,0.16,0.137,0.555,0.148
525,245.93865550803307,387,0.07234863979099258,6.778148994829249e-05,0.4641884103656924,0.4082687338501292,0.06976744186046512,0.2532299741602067,0.268733850129199
526,222.12909199502212,515,0.07198831148686739,6.743554766405891e-05,0.47191487380982816,0.3359223300970874,0.1262135922330097,0.40388349514563104,0.13398058252427184
527,284.9723652069936,275,0.07162977777745924,6.709137099554301e-05,0.46535304889918383,0.23272727272727273,0.13454545454545455,0.4581818181818182,0.17454545454545456
528,214.0786790935624,235,0.07127302972489075,6.674895093141833e-05,0.4672739919124349,0.3702127659574468,0.11063829787234042,0.35319148936170214,0.16595744680851063
529,196.83362694146058,947,0.07091805843579913,6.64082785063503e-05,0.4528848458926744,0.3326293558606125,0.47624076029567053,0.15311510031678988,0.03801478352692714
530,177.09135928181962,572,0.07056485506111447,6.606934480076148e-05,0.4521548920002846,0.09265734265734266,0.13636363636363635,0.5384615384615384,0.23251748251748253
531,13.963457036813159,1000,0.07021341079583919,6.573214094059807e-05,0.45644682428195615,0.166,0.665,0.13,0.039
532,109.90607851234361,1000,0.06986371687882846,6.539665809709758e-05,0.4542462313193837,0.615,0.243,0.104,0.038
533,179.10648493257952,615,0.06951576459257186,6.506288748655759e-05,0.4543480382634733,0.27154471544715447,0.12845528455284552,0.4878048780487805,0.11219512195121951
534,300.12720047328116,267,0.06916954526297603,6.473082037010584e-05,0.45734678564685627,0.2546816479400749,0.1348314606741573,0.4232209737827715,0.18726591760299627
535,32.78728011669633,1000,0.06882505025914844,6.440044805347146e-05,0.4475795189327739,0.36,0.318,0.263,0.059
536,260.2266650672012,215,0.06848227099318223,6.407176188675723e-05,0.43778165319156703,0.26976744186046514,0.10232558139534884,0.5255813953488372,0.10232558139534884
537,100.85261396356731,1000,0.06814119891994212,6.374475326421318e-05,0.44685981095455746,0.439,0.252,0.236,0.073
538,217.5024216332838,345,0.06780182553685142,6.341941362401126e-05,0.44247660279272394,0.3826086956521739,0.10144927536231885,0.4318840579710145,0.08405797101449275
539,213.5414081687099,411,0.06746414238368,6.309573444802116e-05,0.43823734421946836,0.3284671532846715,0.36496350364963503,0.24087591240875914,0.06569343065693431
540,-60.71973919254444,335,0.06712814104233344,6.27737072615873e-05,0.42882045734065727,0.15223880597014924,0.13134328358208955,0.5850746268656717,0.13134328358208955
541,133.9331395250078,794,0.06679381313664319,6.245332363330693e-05,0.4451820122946987,0.24685138539042822,0.1624685138539043,0.5239294710327456,0.06675062972292191
542,283.9468911880749,240,0.0664611503321577,6.213457517480939e-05,0.4459022925499826,0.2625,0.14583333333333334,0.45,0.14166666666666666
543,191.161504262049,671,0.06613014433593471,6.181745354053646e-05,0.44702853172720725,0.10730253353204174,0.09239940387481371,0.4396423248882265,0.36065573770491804
544,137.00999731015716,627,0.06580078689633446,6.150195042752389e-05,0.425799647961689,0.13237639553429026,0.10526315789473684,0.5470494417862839,0.215311004784689
545,229.9719524249764,455,0.06547306980281405,6.1188057575184e-05,0.44863659693377456,0.2087912087912088,0.13846153846153847,0.432967032967033,0.21978021978021978
546,239.77753312350356,232,0.0651469848857227,6.0875766765089345e-05,0.47078611056648917,0.27155172413793105,0.10775862068965517,0.5086206896551724,0.11206896551724138
547,251.20152114355093,624,0.0648225240160981,6.056506982075763e-05,0.4504165125878121,0.32051282051282054,0.16185897435897437,0.28205128205128205,0.23557692307692307
548,99.22331958243613,1000,0.06449967910546381,6.0255958607437554e-05,0.45088842036639104,0.532,0.061,0.215,0.192
549,200.3070470172848,591,0.06417844210562758,5.994842503189588e-05,0.43994135153768815,0.4906937394247039,0.1319796954314721,0.23011844331641285,0.14720812182741116
550,237.4617244335554,411,0.0638588050084807,5.964246104220548e-05,0.4506944091100001,0.25060827250608275,0.38929440389294406,0.2871046228710462,0.072992700729927
551,253.0577371328858,273,0.06354075984579843,5.933805862753456e-05,0.463291897207906,0.46153846153846156,0.06227106227106227,0.315018315018315,0.16117216117216118
552,201.70307507099574,629,0.0632242986890413,5.9035209817936916e-05,0.44246461749426474,0.10651828298887123,0.09220985691573927,0.383147853736089,0.41812400635930047
553,-39.40641661946281,1000,0.06290941364915748,5.873390668414323e-05,0.44562894093061745,0.23,0.103,0.568,0.099
554,127.3003849128504,1000,0.06259609687638612,5.8434141337353506e-05,0.4558281246282717,0.462,0.065,0.15,0.323
555,209.29035001386399,580,0.06228434056006167,5.813590592903049e-05,0.44792031703738955,0.33793103448275863,0.15862068965517243,0.41551724137931034,0.08793103448275862
556,196.43120271611025,591,0.061974136928419146,5.7839192650694185e-05,0.44752771336921743,0.06429780033840947,0.5854483925549916,0.26903553299492383,0.08121827411167512
557,271.38063572903013,313,0.06166547824840039,5.7543993733717426e-05,0.44196475661582185,0.29073482428115016,0.22364217252396165,0.38977635782747605,0.09584664536741214
558,269.39420695382137,297,0.061358356825461334,5.725030144912246e-05,0.4496912223539243,0.1414141414141414,0.1919191919191919,0.5151515151515151,0.15151515151515152
559,164.05461518795505,751,0.06105276500338012,5.695810810737859e-05,0.44367207657244867,0.3994673768308921,0.11584553928095873,0.41544607190412786,0.0692410119840213
560,277.1128142439708,216,0.06074869516406628,5.666740605820084e-05,0.46445406811339507,0.35648148148148145,0.10185185185185185,0.42592592592592593,0.11574074074074074
561,276.43732520807043,218,0.06044613972737082,5.637818769034967e-05,0.45293887295069984,0.2706422018348624,0.17889908256880735,0.40825688073394495,0.14220183486238533
562,213.13704061543763,654,0.060145091150897244,5.609044543143168e-05,0.4501597864756564,0.16666666666666666,0.0856269113149847,0.5045871559633027,0.24311926605504589
563,170.02155418112403,742,0.059845541929813534,5.580417174770135e-05,0.4426915795812051,0.3328840970350404,0.15363881401617252,0.4366576819407008,0.07681940700808626
564,254.26974286831214,203,0.05954748459666506,5.551935914386379e-05,0.4206030258614449,0.22167487684729065,0.15763546798029557,0.49261083743842365,0.12807881773399016
565,146.94638482264293,625,0.05925091172118844,5.5236000162878504e-05,0.4366192912204276,0.2176,0.128,0.5056,0.1488
566,258.50475941970535,226,0.058955815910126275,5.495408738576414e-05,0.44226779839442437,0.3407079646017699,0.084070796460177,0.49557522123893805,0.07964601769911504
567,257.17624407399137,286,0.05866218980704289,5.467361343140425e-05,0.4426653443799254,0.19230769230769232,0.19230769230769232,0.46853146853146854,0.14685314685314685
568,263.6432587291729,246,0.058370026092140904,5.439457095635402e-05,0.44072664368933756,0.32113821138211385,0.11788617886178862,0.46747967479674796,0.09349593495934959
569,163.0661858701424,1000,0.058079317482078785,5.4116952654648034e-05,0.44085498337706813,0.677,0.139,0.14,0.044
570,220.8375310943931,850,0.05779005672978926,5.3840751257608944e-05,0.4370192986764771,0.49176470588235294,0.2752941176470588,0.15058823529411763,0.08235294117647059
571,74.79141812255901,1000,0.05750223662429868,5.35659595336572e-05,0.43914150080524444,0.11,0.052,0.234,0.604
572,3.8932118640068776,1000,0.05721584999054722,5.329257028812169e-05,0.4348298879657595,0.234,0.108,0.554,0.104
573,221.98694055949233,299,0.056930889689210055,5.302057636305136e-05,0.44262322350032735,0.2040133779264214,0.13712374581939799,0.5050167224080268,0.15384615384615385
574,205.8568612082353,349,0.05664734861651935,5.2749970637027824e-05,0.4327256962152708,0.3753581661891118,0.0830945558739255,0.4584527220630373,0.0830945558739255
575,247.6482315297651,256,0.056365219704087186,5.248074602497889e-05,0.44039221239499493,0.38671875,0.08984375,0.3828125,0.140625
576,283.4441153906009,344,0.056084495918729355,5.221289547799308e-05,0.43989610246945515,0.3313953488372093,0.14534883720930233,0.40988372093023256,0.11337209302325581
577,263.8079454307162,196,0.05580517026229002,5.1946411983135046e-05,0.4340385984847925,0.22448979591836735,0.1377551020408163,0.4846938775510204,0.15306122448979592
578,219.15948485570738,460,0.05552723577146726,5.1681288563261965e-05,0.43685386860841086,0.3717391304347826,0.06739130434782609,0.3,0.2608695652173913
579,147.37698794780658,1000,0.055250685517639495,5.141751827684087e-05,0.43630269057140764,0.614,0.062,0.162,0.162
580,175.27802550940453,484,0.05497551260669274,5.11550942177669e-05,0.42176144855804176,0.20041322314049587,0.09090909090909091,0.5103305785123967,0.19834710743801653
581,181.18122331714602,461,0.05470171017884877,5.08940095151825e-05,0.43191429379424584,0.14316702819956617,0.25162689804772237,0.3969631236442516,0.20824295010845986
582,218.80951827626743,257,0.05442927140849408,5.063425733329746e-05,0.4333485877904358,0.245136186770428,0.12840466926070038,0.4980544747081712,0.12840466926070038
583,234.77439230196433,278,0.05415818950400976,5.0375830871210034e-05,0.4374001146941371,0.33093525179856115,0.10431654676258993,0.4748201438848921,0.08992805755395683
584,2.5006955474210053,1000,0.053888457707602165,5.011872336272881e-05,0.4333273877243954,0.176,0.082,0.38,0.362
585,206.07315658591745,420,0.05362006929513446,4.986292807619558e-05,0.4286954372727908,0.15714285714285714,0.28809523809523807,0.4857142857142857,0.06904761904761905
586,-8.829581075896671,1000,0.05335301757595899,4.960843831430907e-05,0.4313521605835422,0.101,0.153,0.582,0.164
587,227.97321645262497,231,0.053087295892750505,4.935524741394963e-05,0.423860149117402,0.2857142857142857,0.22077922077922077,0.4025974025974026,0.09090909090909091
588,256.4853254044656,223,0.052822897621340174,4.910334874600474e-05,0.4440888016177218,0.31390134529147984,0.11659192825112108,0.4663677130044843,0.1031390134529148
589,253.01313852701762,280,0.052559816170550465,4.885273571519545e-05,0.42968856339039313,0.2357142857142857,0.14285714285714285,0.48928571428571427,0.13214285714285715
590,273.99208769081804,283,0.05229804498203084,4.860340175990373e-05,0.42209584705043274,0.4628975265017668,0.10600706713780919,0.303886925795053,0.127208480565371
591,190.99194080145938,300,0.05203757753009425,4.8355340352000625e-05,0.4242409686291084,0.23333333333333334,0.19,0.4666666666666667,0.11
592,170.19973324121972,814,0.051778407321554455,4.810854499667538e-05,0.43306267135278054,0.24447174447174447,0.09582309582309582,0.5503685503685504,0.10933660933660934
593,229.63641257760486,566,0.05152052789556417,4.786300923226537e-05,0.42532214931903645,0.43992932862190814,0.07243816254416961,0.30918727915194344,0.1784452296819788
594,255.57122756314936,298,0.051263932823453984,4.76187266300869e-05,0.41951069830467536,0.42953020134228187,0.09731543624161074,0.40939597315436244,0.06375838926174497
595,267.610526722278,281,0.051008615708572125,4.737569079426693e-05,0.4367937088120539,0.20284697508896798,0.16725978647686832,0.501779359430605,0.12811387900355872
596,117.43025123681147,980,0.050754570186124975,4.713389536157557e-05,0.42789252529663274,0.16938775510204082,0.11224489795918367,0.5346938775510204,0.1836734693877551
597,-34.194008654149236,1000,0.0505017899230184,4.689333400125952e-05,0.43637323826553087,0.081,0.16,0.582,0.177
598,289.00282802647143,402,0.050250268617699906,4.665400041487629e-05,0.43148745063608407,0.24875621890547264,0.1517412935323383,0.3706467661691542,0.22885572139303484
599,-56.29888196275758,1000,0.05000000000000151,4.6415888336129295e-05,0.43144353009454073,0.108,0.163,0.565,0.164
600,223.27995263096813,279,0.05,4.617899153070379e-05,0.42058627898191603,0.25448028673835127,0.1827956989247312,0.45878136200716846,0.1039426523297491
601,282.6057365981161,285,0.05,4.594330379610366e-05,0.4309547819146854,0.25263157894736843,0.2,0.43157894736842106,0.11578947368421053
602,177.16871926303025,781,0.05,4.5708818961488994e-05,0.43499083026324614,0.2112676056338028,0.1792573623559539,0.33290653008962867,0.2765685019206146
603,231.7771940404775,842,0.05,4.547553088751453e-05,0.4263346751342846,0.5225653206650831,0.31353919239904987,0.13657957244655583,0.027315914489311165
604,254.96798574269397,356,0.05,4.524343346616893e-05,0.42898985818735563,0.23314606741573032,0.11235955056179775,0.5393258426966292,0.1151685393258427
605,251.32326974317752,283,0.05,4.501252062061484e-05,0.4224549479810015,0.38162544169611307,0.10954063604240283,0.3992932862190813,0.10954063604240283
606,274.34733780266527,317,0.05,4.478278630502978e-05,0.4254934112941729,0.22712933753943218,0.19242902208201892,0.4384858044164038,0.14195583596214512
607,282.8858000356289,321,0.05,4.4554224504447877e-05,0.434515977158629,0.48909657320872274,0.08099688473520249,0.30218068535825543,0.1277258566978193
608,184.4164594823825,588,0.05,4.4326829234602346e-05,0.4359222390547604,0.22959183673469388,0.0782312925170068,0.54421768707483,0.14795918367346939
609,271.0524726387214,208,0.05,4.410059454176883e-05,0.43770368467424714,0.2980769230769231,0.08173076923076923,0.5432692307692307,0.07692307692307693
610,218.60256370581547,353,0.05,4.387551450260952e-05,0.4313425918638662,0.17280453257790368,0.07365439093484419,0.4730878186968839,0.2804532577903683
611,272.44379866777666,235,0.05,4.3651583224018043e-05,0.4219583209361727,0.20851063829787234,0.13191489361702127,0.5148936170212766,0.14468085106382977
612,260.56705884287567,385,0.05,4.3428794842965214e-05,0.42261911812754077,0.35584415584415585,0.06493506493506493,0.34025974025974026,0.23896103896103896
613,276.40338575360227,297,0.05,4.320714352634547e-05,0.42370445400656576,0.3367003367003367,0.1111111111111111,0.40404040404040403,0.14814814814814814
614,119.38759203698923,1000,0.05,4.29866234708242e-05,0.422366139749151,0.595,0.226,0.141,0.038
615,202.96920643207454,941,0.05,4.276722890268576e-05,0.4107564337941993,0.27948990435706694,0.3708820403825717,0.3028692879914984,0.04675876726886291
616,230.69410841995727,462,0.05,4.254895407768233e-05,0.42280034347495793,0.3116883116883117,0.24675324675324675,0.3787878787878788,0.06277056277056277
617,265.2076379185566,284,0.05,4.23317932808835e-05,0.42295426014802817,0.3345070422535211,0.09859154929577464,0.4859154929577465,0.08098591549295775
618,254.40061900941654,484,0.05,4.2115740826526656e-05,0.42111234872534753,0.42768595041322316,0.1652892561983471,0.31611570247933884,0.09090909090909091
619,246.32355822741118,352,0.05,4.19007910578681e-05,0.4274090700216005,0.3181818181818182,0.10511363636363637,0.5028409090909091,0.07386363636363637
620,281.33412752869947,325,0.05,4.168693834703494e-05,0.42152050949308817,0.27076923076923076,0.15692307692307692,0.4523076923076923,0.12
621,221.86567919563527,350,0.05,4.147417709487777e-05,0.424431552752816,0.2714285714285714,0.17142857142857143,0.42857142857142855,0.12857142857142856
622,203.13082042853102,326,0.05,4.126250173082403e-05,0.40943364170762375,0.29141104294478526,0.147239263803681,0.4754601226993865,0.08588957055214724
623,178.29815268185274,482,0.05,4.1051906712732176e-05,0.4171909331043922,0.25933609958506226,0.1078838174273859,0.5228215767634855,0.10995850622406639
624,217.51524574077155,347,0.05,4.084238652674659e-05,0.42644283501996316,0.27089337175792505,0.10662824207492795,0.5043227665706052,0.11815561959654179
625,172.33112952817723,545,0.05,4.063393568715319e-05,0.41775773442116565,0.27706422018348625,0.14678899082568808,0.47155963302752296,0.10458715596330276
626,247.66564804401366,389,0.05,4.04265487362358e-05,0.4288771369025668,0.40102827763496146,0.09768637532133675,0.4138817480719794,0.08740359897172237
627,209.72891809000762,506,0.05,4.022022024413328e-05,0.4229232821197517,0.11857707509881422,0.1482213438735178,0.5177865612648221,0.21541501976284586
628,202.60637253562453,528,0.05,4.001494480869733e-05,0.4151304348578855,0.21022727272727273,0.07954545454545454,0.4981060606060606,0.21212121212121213
629,-46.6526612812539,1000,0.05,3.981071705535108e-05,0.4162877301990119,0.067,0.178,0.577,0.178
630,233.3243168990823,649,0.05,3.960753163694834e-05,0.4227468540089103,0.2526964560862866,0.10323574730354391,0.29121725731895226,0.35285053929121724
631,199.840041489843,938,0.05,3.940538323363363e-05,0.4167935117974183,0.5639658848614072,0.2484008528784648,0.15884861407249468,0.028784648187633263
632,233.1507001914522,394,0.05,3.920426655270286e-05,0.41402061977991234,0.14974619289340102,0.13959390862944163,0.2639593908629442,0.4467005076142132
633,199.8786385182278,596,0.05,3.90041763284648e-05,0.42442618144489513,0.2483221476510067,0.5469798657718121,0.15771812080536912,0.04697986577181208
634,220.9900699454206,304,0.05,3.8805107322103155e-05,0.41388753405070555,0.3026315789473684,0.07236842105263158,0.4605263157894737,0.16447368421052633
635,228.7408023736141,581,0.05,3.860705432153946e-05,0.42148556089031636,0.2874354561101549,0.0774526678141136,0.5542168674698795,0.08089500860585198
636,111.29498486866517,766,0.05,3.841001214129657e-05,0.4144034046470583,0.13315926892950392,0.11879895561357702,0.5039164490861618,0.24412532637075718
637,227.71609254586568,261,0.05,3.8213975622362915e-05,0.41304124396981745,0.26053639846743293,0.10344827586206896,0.524904214559387,0.1111111111111111
638,249.8700909593054,376,0.05,3.801893963205743e-05,0.41499406365804986,0.22872340425531915,0.2154255319148936,0.4627659574468085,0.09308510638297872
639,229.6438454953582,879,0.05,3.782489906389515e-05,0.4107269755823955,0.5085324232081911,0.2901023890784983,0.1547212741751991,0.04664391353811149
640,261.0266906239229,257,0.05,3.763184883745353e-05,0.40364054603604765,0.30739299610894943,0.12062256809338522,0.4280155642023346,0.14396887159533073
641,135.97779295171074,1000,0.05,3.743978389823941e-05,0.4107384568229711,0.225,0.041,0.176,0.558
642,223.59157828215342,368,0.05,3.724869921755669e-05,0.40890741173751877,0.29347826086956524,0.12228260869565218,0.4483695652173913,0.1358695652173913
643,238.886406241491,272,0.05,3.7058589792374664e-05,0.4134320514304452,0.4411764705882353,0.09191176470588236,0.39705882352941174,0.06985294117647059
644,235.94881096525597,352,0.05,3.686945064519703e-05,0.41432350586368344,0.26420454545454547,0.12215909090909091,0.5028409090909091,0.11079545454545454
645,248.47514271684818,305,0.05,3.668127682393157e-05,0.41183024035862487,0.25245901639344265,0.1180327868852459,0.5081967213114754,0.12131147540983607
646,252.83331385118484,286,0.05,3.6494063401760485e-05,0.4191980381341153,0.2692307692307692,0.11538461538461539,0.513986013986014,0.10139860139860139
647,268.8096402335214,277,0.05,3.63078054770114e-05,0.4143035513032284,0.2527075812274368,0.148014440433213,0.44765342960288806,0.15162454873646208
648,210.08156111516922,289,0.05,3.612249817302904e-05,0.41314116623263375,0.21453287197231835,0.07958477508650519,0.46366782006920415,0.2422145328719723
649,235.9167603011667,312,0.05,3.593813663804753e-05,0.40837006838602247,0.3076923076923077,0.125,0.46153846153846156,0.10576923076923077
650,253.05825011743678,410,0.05,3.575471604506339e-05,0.4091954674364157,0.4,0.10975609756097561,0.21707317073170732,0.2731707317073171
651,237.67712160108934,247,0.05,3.557223159170912e-05,0.412431456817505,0.3643724696356275,0.06477732793522267,0.4939271255060729,0.07692307692307693
652,284.02257127850487,244,0.05,3.5390678500127486e-05,0.41060676808293795,0.2827868852459016,0.11885245901639344,0.4672131147540984,0.13114754098360656
653,226.62873565633734,897,0.05,3.5210052016846434e-05,0.41361156558667167,0.6744704570791528,0.14046822742474915,0.1527313266443701,0.032329988851727984
654,213.59150073683895,857,0.05,3.5030347412654595e-05,0.4068188002597626,0.4807467911318553,0.039673278879813305,0.1423570595099183,0.3372228704784131
655,273.62685622716856,257,0.05,3.4851559982477505e-05,0.40819386287134335,0.16342412451361868,0.14396887159533073,0.556420233463035,0.13618677042801555
656,254.7159248298976,289,0.05,3.467368504525439e-05,0.4087586769078656,0.23529411764705882,0.1522491349480969,0.4809688581314879,0.1314878892733564
657,237.62354890934174,247,0.05,3.4496717943815614e-05,0.40933270052710957,0.3684210526315789,0.0931174089068826,0.4574898785425101,0.08097165991902834
658,129.93652957519998,1000,0.05,3.4320654044760744e-05,0.40685090060354834,0.561,0.04,0.133,0.266
659,211.5154529219818,405,0.05,3.414548873833723e-05,0.4101995154817481,0.291358024691358,0.1259259259259259,0.44938271604938274,0.13333333333333333
660,127.20516736239352,1000,0.05,3.397121743831973e-05,0.41160278797852345,0.353,0.47,0.136,0.041
661,287.45814727397925,352,0.05,3.379783558189e-05,0.393758871028795,0.26136363636363635,0.1534090909090909,0.4772727272727273,0.10795454545454546
662,287.91900323202225,251,0.05,3.3625338629517463e-05,0.39990627854542804,0.2350597609561753,0.12749003984063745,0.4940239043824701,0.14342629482071714
663,226.97032909180416,372,0.05,3.345372206484034e-05,0.39542874879922507,0.41397849462365593,0.05913978494623656,0.43548387096774194,0.0913978494623656
664,262.81262960560866,343,0.05,3.328298139454739e-05,0.41388608083352135,0.2303206997084548,0.3556851311953353,0.34110787172011664,0.0728862973760933
665,130.4066924012021,1000,0.05,3.311311214826029e-05,0.4085023646720801,0.467,0.04,0.127,0.366
666,258.9799982648656,224,0.05,3.2944109878416555e-05,0.40826695092668314,0.29017857142857145,0.12053571428571429,0.45982142857142855,0.12946428571428573
667,265.6685492508291,284,0.05,3.2775970160153124e-05,0.39001399818463584,0.2605633802816901,0.1267605633802817,0.45774647887323944,0.15492957746478872
668,289.66878328220446,265,0.05,3.26086885911905e-05,0.4064516710413864,0.21509433962264152,0.12452830188679245,0.5245283018867924,0.13584905660377358
669,273.73286694608845,310,0.05,3.2442260791717464e-05,0.4032357468155074,0.2903225806451613,0.12580645161290321,0.4870967741935484,0.0967741935483871
670,268.1937489522021,275,0.05,3.227668240427644e-05,0.42098231615825643,0.32,0.06909090909090909,0.46545454545454545,0.14545454545454545
671,273.61445566480194,262,0.05,3.211194909364938e-05,0.3955582773077411,0.366412213740458,0.08778625954198473,0.4312977099236641,0.11450381679389313
672,118.81805743423664,1000,0.05,3.194805654674426e-05,0.40177108943254547,0.66,0.175,0.126,0.039
673,231.38518833506447,504,0.05,3.178500047248217e-05,0.39187284456712657,0.32341269841269843,0.07738095238095238,0.31547619047619047,0.2837301587301587
674,152.14587145533307,667,0.05,3.1622776601684934e-05,0.4027000517292398,0.12143928035982009,0.2518740629685157,0.3748125937031484,0.2518740629685157
675,207.8732923628732,432,0.05,3.1461380686963373e-05,0.41572274074619026,0.14814814814814814,0.2662037037037037,0.4791666666666667,0.10648148148148148
676,228.80096078378276,427,0.05,3.1300808502606066e-05,0.4054690875917384,0.20374707259953162,0.0468384074941452,0.37236533957845436,0.3770491803278688
677,257.36875376478736,344,0.05,3.1141055844468724e-05,0.40724096823661526,0.436046511627907,0.0872093023255814,0.3953488372093023,0.08139534883720931
678,189.22809821669227,552,0.05,3.0982118529864115e-05,0.4056140425949608,0.2608695652173913,0.1213768115942029,0.5072463768115942,0.1105072463768116
679,259.00182649345857,207,0.05,3.082399239745255e-05,0.3998332006368437,0.3333333333333333,0.06763285024154589,0.5024154589371981,0.0966183574879227
680,269.29207636374406,250,0.05,3.066667330713294e-05,0.4059905716427246,0.388,0.112,0.412,0.088
681,181.08344834162912,505,0.05,3.0510157139934383e-05,0.4012871726094428,0.09702970297029703,0.24752475247524752,0.5287128712871287,0.12673267326732673
682,257.5120000701481,259,0.05,3.035443979790832e-05,0.40045700750702956,0.3590733590733591,0.0888030888030888,0.49034749034749037,0.06177606177606178
683,274.5106224926708,251,0.05,3.0199517204021263e-05,0.3993819906317044,0.42231075697211157,0.10358565737051793,0.38247011952191234,0.09163346613545817
684,258.28711870008203,242,0.05,3.0045385302048023e-05,0.4069493256465295,0.2809917355371901,0.12396694214876033,0.4669421487603306,0.128099173553719
685,271.9121514446325,272,0.05,2.9892040056465527e-05,0.40578874822466693,0.23529411764705882,0.16176470588235295,0.4632352941176471,0.13970588235294118
686,220.96812851833982,299,0.05,2.9739477452347147e-05,0.4087308947989558,0.19732441471571907,0.15384615384615385,0.4882943143812709,0.1605351170568562
687,284.52624298461694,289,0.05,2.9587693495257588e-05,0.39616412882017993,0.21453287197231835,0.13494809688581316,0.5086505190311419,0.14186851211072665
688,261.5565527869636,211,0.05,2.9436684211148304e-05,0.39805581868337814,0.25118483412322273,0.15165876777251186,0.4786729857819905,0.11848341232227488
689,137.71578337434693,1000,0.05,2.928644564625344e-05,0.40100431371609346,0.425,0.404,0.13,0.041
690,260.82829513858246,349,0.05,2.9136973866986325e-05,0.40241624155266326,0.4584527220630373,0.09169054441260745,0.36962750716332377,0.08022922636103152
691,275.6295407434052,356,0.05,2.898826495983647e-05,0.40883448608047573,0.2752808988764045,0.1348314606741573,0.4606741573033708,0.12921348314606743
692,239.75063935129376,269,0.05,2.8840315031267124e-05,0.3952259084073805,0.3271375464684015,0.11524163568773234,0.44981412639405205,0.10780669144981413
693,220.54817551438398,389,0.05,2.8693120207613298e-05,0.402392694727145,0.2519280205655527,0.13881748071979436,0.5038560411311054,0.10539845758354756
694,204.8942884267583,480,0.05,2.8546676634980377e-05,0.4023029382927724,0.11041666666666666,0.28541666666666665,0.5,0.10416666666666667
695,-108.83776788805686,453,0.05,2.84009804791432e-05,0.4054778389129472,0.1368653421633554,0.18101545253863136,0.5364238410596026,0.1456953642384106
696,-11.95874330500953,1000,0.05,2.8256027925445676e-05,0.4033262091498598,0.133,0.138,0.583,0.146
697,136.53038155668565,711,0.05,2.8111815178700904e-05,0.4074210293125785,0.4092827004219409,0.10689170182841069,0.4120956399437412,0.07172995780590717
698,221.994030318922,362,0.05,2.796833846309181e-05,0.4026886733441114,0.3453038674033149,0.1298342541436464,0.4116022099447514,0.1132596685082873
699,300.12172341882615,305,0.05,2.7825594022072283e-05,0.41649722260573924,0.20327868852459016,0.1377049180327869,0.4786885245901639,0.18032786885245902
700,298.32369092811234,327,0.05,2.7683578118268825e-05,0.4017733488517628,0.39755351681957185,0.0856269113149847,0.3516819571865443,0.1651376146788991
701,263.5370221213947,319,0.05,2.7542287033382697e-05,0.4077605394124916,0.25391849529780564,0.11285266457680251,0.5203761755485894,0.11285266457680251
702,253.35640502188318,239,0.05,2.740171706809256e-05,0.41116640981116215,0.32217573221757323,0.11715481171548117,0.46443514644351463,0.09623430962343096
703,246.73529638132908,319,0.05,2.726186454195763e-05,0.4001248234942481,0.26332288401253917,0.12539184952978055,0.45768025078369906,0.1536050156739812
704,182.6369566653735,553,0.05,2.7122725793321306e-05,0.3983048742069972,0.14828209764918626,0.2585895117540687,0.5117540687160941,0.081374321880651
705,244.0471886612461,341,0.05,2.6984297179215296e-05,0.4052025283074887,0.2727272727272727,0.1495601173020528,0.4604105571847507,0.11730205278592376
706,235.87860663793856,384,0.05,2.684657507526425e-05,0.408917555261796,0.1640625,0.11458333333333333,0.4661458333333333,0.2552083333333333
707,220.22663865163338,255,0.05,2.670955587559086e-05,0.41652814309113717,0.2980392156862745,0.11372549019607843,0.47058823529411764,0.11764705882352941
708,118.12378525132375,1000,0.05,2.6573235992721436e-05,0.4025022712778615,0.58,0.221,0.16,0.039
709,196.31538771624645,745,0.05,2.6437611857491997e-05,0.3992313814719114,0.2993288590604027,0.4590604026845638,0.19328859060402684,0.04832214765100671
710,214.50415596642296,355,0.05,2.6302679918954817e-05,0.3948415767680747,0.3211267605633803,0.11267605633802817,0.4450704225352113,0.12112676056338029
711,225.06174612184265,567,0.05,2.6168436644285447e-05,0.39599340379787595,0.32275132275132273,0.10052910052910052,0.3862433862433862,0.19047619047619047
712,219.10377277830986,264,0.05,2.603487851869022e-05,0.3975224874949807,0.26136363636363635,0.12878787878787878,0.4621212121212121,0.14772727272727273
713,223.62007826148619,433,0.05,2.590200204531423e-05,0.4019679270187978,0.27251732101616627,0.27251732101616627,0.34872979214780603,0.10623556581986143
714,248.6974252875446,317,0.05,2.5769803745149768e-05,0.39086217959632896,0.29652996845425866,0.1167192429022082,0.48264984227129337,0.10410094637223975
715,262.30229327371677,371,0.05,2.5638280156945248e-05,0.3945147740685028,0.2991913746630728,0.1320754716981132,0.4582210242587601,0.1105121293800539
716,256.4165297596815,318,0.05,2.5507427837114567e-05,0.3943998635005183,0.1918238993710692,0.2893081761006289,0.27044025157232704,0.24842767295597484
717,253.71412543983502,515,0.05,2.5377243359646956e-05,0.39301461362073925,0.32038834951456313,0.3339805825242718,0.26990291262135924,0.07572815533980583
718,111.3465575205762,944,0.05,2.5247723316017274e-05,0.3999058700041005,0.1694915254237288,0.2849576271186441,0.4226694915254237,0.1228813559322034
719,232.6584474898078,522,0.05,2.5118864315096767e-05,0.395846644589853,0.30842911877394635,0.09195402298850575,0.5210727969348659,0.07854406130268199
720,265.1614604988193,243,0.05,2.4990662983064277e-05,0.4022308899260269,0.3497942386831276,0.07818930041152264,0.49794238683127573,0.07407407407407407
721,227.00353472414315,312,0.05,2.4863115963317916e-05,0.3954880500745973,0.2564102564102564,0.13141025641025642,0.47435897435897434,0.13782051282051283
722,271.4403600255446,256,0.05,2.473621991638717e-05,0.39811644635581417,0.28515625,0.15234375,0.43359375,0.12890625
723,235.37766883723302,251,0.05,2.4609971519845472e-05,0.39232764795307595,0.3426294820717131,0.10358565737051793,0.4262948207171315,0.12749003984063745
724,209.18642035418628,706,0.05,2.448436746822322e-05,0.39521279058738235,0.18696883852691218,0.22096317280453256,0.3654390934844193,0.22662889518413598
725,261.1820814568538,222,0.05,2.4359404472921215e-05,0.3894658365213096,0.28378378378378377,0.07657657657657657,0.5225225225225225,0.11711711711711711
726,274.00914563812023,199,0.05,2.4235079262124575e-05,0.3888943441177189,0.271356783919598,0.135678391959799,0.5125628140703518,0.08040201005025126
727,243.7666550103922,353,0.05,2.4111388580717055e-05,0.39114540369184875,0.40226628895184136,0.09631728045325778,0.3881019830028329,0.11331444759206799
728,113.90473051466809,1000,0.05,2.3988329190195842e-05,0.3927075320349936,0.361,0.389,0.198,0.052
729,171.68567972045992,414,0.05,2.3865897868586744e-05,0.40776353974818647,0.16908212560386474,0.25120772946859904,0.49033816425120774,0.0893719806763285
730,216.7191299073291,283,0.05,2.3744091410359837e-05,0.4012865969259854,0.2049469964664311,0.13427561837455831,0.508833922261484,0.1519434628975265
731,233.69578731125532,247,0.05,2.3622906626345543e-05,0.4146517439995336,0.27530364372469635,0.11740890688259109,0.4777327935222672,0.12955465587044535
732,220.20073313942527,293,0.05,2.350234034365113e-05,0.3991189406517693,0.16723549488054607,0.09215017064846416,0.39590443686006827,0.3447098976109215
733,212.63170434392012,322,0.05,2.3382389405577622e-05,0.3965773477215078,0.3198757763975155,0.10248447204968944,0.4472049689440994,0.13043478260869565
734,263.62494036260114,353,0.05,2.3263050671537174e-05,0.3977098930517049,0.3314447592067989,0.12464589235127478,0.3909348441926346,0.1529745042492918
735,154.9769654738388,1000,0.05,2.314432101697083e-05,0.4054070158737636,0.456,0.387,0.123,0.034
736,245.2099105643161,234,0.05,2.302619733326671e-05,0.4066926219947551,0.2948717948717949,0.12393162393162394,0.4700854700854701,0.1111111111111111
737,289.9841119281816,260,0.05,2.2908676527678637e-05,0.39699935752253335,0.26153846153846155,0.13076923076923078,0.5192307692307693,0.08846153846153847
738,250.8132594260481,312,0.05,2.279175552324514e-05,0.3935870731607285,0.25,0.14102564102564102,0.48717948717948717,0.12179487179487179
739,235.6686637384827,238,0.05,2.2675431258708915e-05,0.3975225098338691,0.27310924369747897,0.13865546218487396,0.4369747899159664,0.15126050420168066
740,85.54280278011687,1000,0.05,2.2559700688436657e-05,0.3990479765682582,0.391,0.348,0.212,0.049
741,128.09358071598734,1000,0.05,2.2444560782339324e-05,0.3950603984441839,0.45,0.405,0.122,0.023
742,-19.63015037006761,233,0.05,2.233000852579281e-05,0.3983045534364994,0.22746781115879827,0.06866952789699571,0.6137339055793991,0.09012875536480687
743,155.5956612517785,1000,0.05,2.2216040919558996e-05,0.39326577075712577,0.328,0.029,0.123,0.52
744,109.11451701300037,748,0.05,2.210265497970725e-05,0.39215115100768544,0.10160427807486631,0.4318181818181818,0.3649732620320856,0.10160427807486631
745,281.27849467891593,263,0.05,2.1989847737536276e-05,0.39716354504115575,0.2965779467680608,0.12927756653992395,0.4828897338403042,0.09125475285171103
746,-15.560662928536871,253,0.05,2.1877616239496397e-05,0.3924396648224851,0.25691699604743085,0.07905138339920949,0.5652173913043478,0.09881422924901186
747,125.58077127672782,1000,0.05,2.176595754711223e-05,0.3944227503082551,0.425,0.376,0.146,0.053
748,199.56368162511365,639,0.05,2.1654868736905736e-05,0.39478227061843457,0.24569640062597808,0.07042253521126761,0.5508607198748043,0.13302034428794993
749,225.05238145974357,913,0.05,2.1544346900319697e-05,0.39006097232426795,0.5334063526834611,0.04271631982475356,0.2059145673603505,0.21796276013143484
750,233.59011797331564,295,0.05,2.143438914364154e-05,0.3971361041650248,0.12203389830508475,0.1016949152542373,0.36610169491525424,0.4101694915254237
751,236.28731839318507,304,0.05,2.1324992587927593e-05,0.3933033911229606,0.2993421052631579,0.13157894736842105,0.4440789473684211,0.125
752,263.2545796144831,381,0.05,2.1216154368927693e-05,0.38535302641848646,0.3359580052493438,0.06824146981627296,0.3438320209973753,0.25196850393700787
753,263.6355596169752,254,0.05,2.1107871637010202e-05,0.4006248902232134,0.33858267716535434,0.11023622047244094,0.421259842519685,0.12992125984251968
754,266.8064391428577,291,0.05,2.1000141557087397e-05,0.40484128503919603,0.36082474226804123,0.08934707903780069,0.44329896907216493,0.10652920962199312
755,-29.110148984017663,1000,0.05,2.0892961308541232e-05,0.3886648953577643,0.146,0.143,0.561,0.15
756,218.91570612954683,351,0.05,2.0786328085149503e-05,0.3833812126530333,0.41595441595441596,0.09971509971509972,0.3475783475783476,0.13675213675213677
757,121.97159583426372,1000,0.05,2.0680239095012362e-05,0.387280392778167,0.687,0.038,0.132,0.143
758,102.30906405523346,1000,0.05,2.057469156047922e-05,0.39159481918323974,0.371,0.335,0.227,0.067
759,283.1192825097458,264,0.05,2.0469682718076032e-05,0.3833618168058405,0.3333333333333333,0.32954545454545453,0.22348484848484848,0.11363636363636363
760,154.83848622278558,1000,0.05,2.036520981843293e-05,0.3862984691002818,0.472,0.36,0.128,0.04
761,100.477060386531,1000,0.05,2.026127012621225e-05,0.394204428876638,0.559,0.251,0.15,0.04
762,249.65894795602134,297,0.05,2.01578609200369e-05,0.38755778973808996,0.26936026936026936,0.11447811447811448,0.4882154882154882,0.12794612794612795
763,258.9648265624699,324,0.05,2.0054979492419124e-05,0.39331074519930503,0.24382716049382716,0.10802469135802469,0.5432098765432098,0.10493827160493827
764,219.72533469299123,298,0.05,1.9952623149689603e-05,0.3800299412070583,0.3724832214765101,0.08053691275167785,0.32550335570469796,0.2214765100671141
765,221.14195279288668,397,0.05,1.9850789211926935e-05,0.38819811730905734,0.43828715365239296,0.10579345088161209,0.3501259445843829,0.10579345088161209
766,266.4836803186214,311,0.05,1.9749475012887463e-05,0.3973099619004001,0.31511254019292606,0.1414790996784566,0.4340836012861736,0.10932475884244373
767,230.84189916218625,302,0.05,1.964867789993547e-05,0.39412489690977476,0.38079470198675497,0.09933774834437085,0.4205298013245033,0.09933774834437085
768,278.62211885782233,317,0.05,1.9548395233973733e-05,0.39125773838188027,0.35646687697160884,0.1167192429022082,0.4037854889589905,0.12302839116719243
769,254.9079134053174,603,0.05,1.944862438937441e-05,0.38655530887270756,0.33167495854063017,0.2935323383084577,0.21061359867330018,0.16417910447761194
770,124.61849964073625,1000,0.05,1.934936275391031e-05,0.38739344556900507,0.302,0.037,0.244,0.417
771,228.11431388132223,282,0.05,1.9250607728686487e-05,0.39156353100285507,0.17375886524822695,0.0851063829787234,0.5319148936170213,0.20921985815602837
772,277.16307781457283,315,0.05,1.915235672807221e-05,0.39056997833251494,0.3396825396825397,0.09841269841269841,0.4444444444444444,0.11746031746031746
773,222.96395636258566,280,0.05,1.905460717963325e-05,0.39497435723521374,0.23214285714285715,0.12857142857142856,0.5178571428571429,0.12142857142857143
774,99.00106341647559,1000,0.05,1.895735652406453e-05,0.3901708083300905,0.335,0.426,0.207,0.032
775,108.6253152825986,1000,0.05,1.8860602215123135e-05,0.386114497962594,0.392,0.371,0.191,0.046
776,248.7423660392132,265,0.05,1.876434171956162e-05,0.3729471358860914,0.24150943396226415,0.12452830188679245,0.5094339622641509,0.12452830188679245
777,-4.283872550641344,1000,0.05,1.8668572517061694e-05,0.38746424725638984,0.246,0.091,0.561,0.102
778,258.52029790639654,261,0.05,1.8573292100168245e-05,0.39034563000644673,0.3065134099616858,0.1417624521072797,0.3831417624521073,0.1685823754789272
779,187.97314449202275,390,0.05,1.8478497974223667e-05,0.3861842581269974,0.23333333333333334,0.22564102564102564,0.4846153846153846,0.05641025641025641
780,41.61885027292033,103,0.05,1.8384187657302558e-05,0.38979343574056224,0.13592233009708737,0.07766990291262135,0.5922330097087378,0.1941747572815534
781,162.46190332542292,1000,0.05,1.8290358680146737e-05,0.3855479724459558,0.431,0.405,0.121,0.043
782,101.54418400671427,1000,0.05,1.8197008586100586e-05,0.38193737725531535,0.454,0.349,0.146,0.051
783,-9.2315042656521,1000,0.05,1.8104134931046738e-05,0.3913401015112359,0.228,0.101,0.58,0.091
784,219.6780188735766,290,0.05,1.8011735283342077e-05,0.3814308643427502,0.14482758620689656,0.29310344827586204,0.4482758620689655,0.11379310344827587
785,255.41382229131835,359,0.05,1.791980722375408e-05,0.3803156085232985,0.0947075208913649,0.4818941504178273,0.35376044568245124,0.06963788300835655
786,194.18735779820648,345,0.05,1.782834834539747e-05,0.3888482541426468,0.22028985507246376,0.14202898550724638,0.4434782608695652,0.19420289855072465
787,231.6291244606497,316,0.05,1.7737356253671193e-05,0.3786570360066565,0.3512658227848101,0.1962025316455696,0.33860759493670883,0.11392405063291139
788,284.58487042941044,303,0.05,1.7646828566195736e-05,0.391134054157961,0.2739273927392739,0.1419141914191419,0.45544554455445546,0.12871287128712872
789,160.67074144562315,1000,0.05,1.7556762912750744e-05,0.38289063576989585,0.567,0.236,0.154,0.043
790,232.21530865248687,365,0.05,1.7467156935212957e-05,0.38014377808782523,0.34794520547945207,0.12602739726027398,0.3643835616438356,0.16164383561643836
791,220.15734670694135,991,0.05,1.737800828749448e-05,0.3825358016422108,0.4571140262361251,0.31281533804238143,0.15438950554994954,0.07568113017154389
792,256.3592232044864,341,0.05,1.728931463548134e-05,0.38934103602611314,0.2756598240469208,0.10263929618768329,0.5190615835777126,0.10263929618768329
793,278.0165992280864,288,0.05,1.7201073656972398e-05,0.37498031212361205,0.2708333333333333,0.1527777777777778,0.4375,0.1388888888888889
794,272.0010872415595,265,0.05,1.7113283041618525e-05,0.3799788144586048,0.39245283018867927,0.09811320754716982,0.3886792452830189,0.12075471698113208
795,235.0985142022391,301,0.05,1.7025940490862124e-05,0.3848548230450416,0.29900332225913623,0.14950166112956811,0.4219269102990033,0.12956810631229235
796,278.3292480733053,317,0.05,1.6939043717876946e-05,0.37549374335599456,0.334384858044164,0.13249211356466878,0.4227129337539432,0.11041009463722397
797,210.88976630992795,346,0.05,1.6852590447508222e-05,0.37675745511903547,0.42485549132947975,0.05491329479768786,0.3670520231213873,0.1531791907514451
798,278.36501019035995,338,0.05,1.676657841621308e-05,0.38066056699657247,0.3698224852071006,0.07396449704142012,0.34911242603550297,0.20710059171597633
799,251.06768350704112,389,0.05,1.668100537200129e-05,0.38917476365350817,0.2802056555269923,0.13624678663239073,0.35732647814910024,0.2262210796915167
800,247.44096955057375,288,0.05,1.6595869074376306e-05,0.3858726489358469,0.28125,0.2465277777777778,0.40625,0.06597222222222222
801,238.29911050977051,303,0.05,1.6511167294276595e-05,0.3730560212050845,0.1716171617161716,0.09900990099009901,0.504950495049505,0.22442244224422442
802,249.6648946770102,226,0.05,1.642689781401728e-05,0.374228003946431,0.36283185840707965,0.09292035398230089,0.45132743362831856,0.09292035398230089
803,120.1514202379105,1000,0.05,1.634305842723207e-05,0.378882178856238,0.454,0.309,0.197,0.04
804,249.13822079088604,234,0.05,1.6259646938815505e-05,0.3822398527648346,0.32051282051282054,0.0811965811965812,0.48717948717948717,0.1111111111111111
805,252.37475279648962,266,0.05,1.6176661164865473e-05,0.37045346389049133,0.31954887218045114,0.10526315789473684,0.48872180451127817,0.08646616541353383
806,273.88764704331095,284,0.05,1.6094098932626033e-05,0.3928315028507748,0.3415492957746479,0.1056338028169014,0.4014084507042254,0.15140845070422534
807,270.5344796198927,160,0.05,1.601195808043053e-05,0.3824004134995046,0.40625,0.1375,0.375,0.08125
808,280.15281759882123,194,0.05,1.5930236457644987e-05,0.41004372924112403,0.28350515463917525,0.1134020618556701,0.520618556701031,0.08247422680412371
809,225.96263213762444,440,0.05,1.5848931924611812e-05,0.38049796578587297,0.45681818181818185,0.08181818181818182,0.3840909090909091,0.07727272727272727
810,238.1960228550498,496,0.05,1.576804235259377e-05,0.3811744519835979,0.1350806451612903,0.06653225806451613,0.2782258064516129,0.5201612903225806
811,257.33607868841545,396,0.05,1.568756562371824e-05,0.38731323883833874,0.23484848484848486,0.14393939393939395,0.4621212121212121,0.1590909090909091
812,259.8465615861923,835,0.05,1.560749963092178e-05,0.374602951904745,0.4502994011976048,0.29101796407185626,0.21916167664670658,0.03952095808383234
813,244.43966859459957,317,0.05,1.5527842277894948e-05,0.38530707280729226,0.3785488958990536,0.11356466876971609,0.39747634069400634,0.11041009463722397
814,212.13669349375587,421,0.05,1.5448591479027417e-05,0.38254078444358497,0.1995249406175772,0.29453681710213775,0.43942992874109266,0.0665083135391924
815,242.00293391751757,370,0.05,1.536974515935337e-05,0.37945628324701225,0.34864864864864864,0.11351351351351352,0.4027027027027027,0.13513513513513514
816,223.61773550248904,283,0.05,1.529130125449718e-05,0.3846256134072116,0.21201413427561838,0.2579505300353357,0.45936395759717313,0.0706713780918728
817,264.12332929251284,433,0.05,1.5213257710619348e-05,0.3752359317911308,0.24942263279445728,0.15473441108545036,0.3117782909930716,0.2840646651270208
818,92.07127341573106,1000,0.05,1.5135612484362732e-05,0.38242822914554536,0.382,0.436,0.15,0.032
819,258.2015275571126,350,0.05,1.5058363542799053e-05,0.3708939649163594,0.31142857142857144,0.10285714285714286,0.48857142857142855,0.09714285714285714
820,153.98073150460837,937,0.05,1.4981508863375668e-05,0.38228101873075687,0.2934898612593383,0.08004268943436499,0.5240128068303095,0.10245464247598719
821,237.08209306090873,324,0.05,1.4905046433862605e-05,0.3708431405086916,0.3055555555555556,0.13580246913580246,0.42592592592592593,0.13271604938271606
822,152.64246853727778,1000,0.05,1.4828974252299889e-05,0.37751678339720457,0.454,0.028,0.102,0.416
823,247.1368954947656,347,0.05,1.4753290326945122e-05,0.38043453412603406,0.3861671469740634,0.05763688760806916,0.31988472622478387,0.23631123919308358
824,228.07759489726416,653,0.05,1.4677992676221332e-05,0.37908737244795204,0.39663093415007655,0.3721286370597244,0.18376722817764166,0.04747320061255743
825,268.62304255324193,313,0.05,1.4603079328665099e-05,0.3783135195025854,0.2715654952076677,0.08306709265175719,0.5111821086261981,0.134185303514377
826,215.44999685836416,398,0.05,1.4528548322874929e-05,0.3897246098736889,0.1934673366834171,0.27638190954773867,0.4296482412060301,0.10050251256281408
827,176.84492928889156,521,0.05,1.4454397707459904e-05,0.38077521974706574,0.32053742802303264,0.09021113243761997,0.508637236084453,0.08061420345489444
828,201.21199799653138,331,0.05,1.4380625540988587e-05,0.37669165306575775,0.2326283987915408,0.2990936555891239,0.2990936555891239,0.1691842900302115
829,143.27826537092898,1000,0.05,1.43072298919382e-05,0.37820350033568706,0.612,0.202,0.148,0.038
830,275.44335706750104,265,0.05,1.4234208838644037e-05,0.3732783345889026,0.3283018867924528,0.09056603773584905,0.37735849056603776,0.2037735849056604
831,225.8710014971308,377,0.05,1.4161560469249165e-05,0.3719606999265688,0.4907161803713528,0.06631299734748011,0.32360742705570295,0.11936339522546419
832,220.27469065317888,439,0.05,1.4089282881654362e-05,0.3806822758371371,0.22095671981776766,0.09339407744874716,0.3621867881548975,0.3234624145785877
833,233.10779317059573,353,0.05,1.4017374183468312e-05,0.3708143486060593,0.34844192634560905,0.1558073654390935,0.3881019830028329,0.10764872521246459
834,257.20216781639897,256,0.05,1.3945832491958063e-05,0.3875252213500669,0.25390625,0.10546875,0.5234375,0.1171875
835,267.9303620364457,426,0.05,1.3874655933999729e-05,0.3767674478101159,0.3615023474178404,0.09154929577464789,0.4460093896713615,0.10093896713615023
836,221.78753552307452,242,0.05,1.3803842646029452e-05,0.3699639298246411,0.2892561983471074,0.09504132231404959,0.49173553719008267,0.12396694214876033
837,197.97356066494288,487,0.05,1.3733390773994606e-05,0.38934507995060996,0.20944558521560575,0.045174537987679675,0.3326488706365503,0.4127310061601643
838,-27.613151378005135,1000,0.05,1.3663298473305255e-05,0.3719982291313205,0.141,0.395,0.373,0.091
839,265.8948924444611,318,0.05,1.3593563908785854e-05,0.37775254522358204,0.41823899371069184,0.1069182389937107,0.3836477987421384,0.09119496855345911
840,246.00409901137428,265,0.05,1.3524185254627205e-05,0.3801468459800936,0.19622641509433963,0.24528301886792453,0.4679245283018868,0.09056603773584905
841,208.7929373781052,358,0.05,1.3455160694338653e-05,0.3800706774948479,0.3100558659217877,0.08659217877094973,0.4720670391061452,0.13128491620111732
842,178.40196528614052,540,0.05,1.3386488420700523e-05,0.3824270365674454,0.12962962962962962,0.48518518518518516,0.3351851851851852,0.05
843,125.12974259194394,1000,0.05,1.3318166635716802e-05,0.37802897652954776,0.378,0.032,0.149,0.441
844,251.08910094983577,604,0.05,1.3250193550568068e-05,0.3688649783785179,0.1804635761589404,0.34271523178807944,0.23509933774834438,0.24172185430463577
845,150.74452681381933,1000,0.05,1.3182567385564654e-05,0.3771833301089901,0.375,0.45,0.135,0.04
846,223.16274552056296,372,0.05,1.3115286370100045e-05,0.3788656125502817,0.16666666666666666,0.24193548387096775,0.49731182795698925,0.09408602150537634
847,265.5621081388815,238,0.05,1.3048348742604528e-05,0.37869704836484996,0.2815126050420168,0.1134453781512605,0.47058823529411764,0.13445378151260504
848,224.09429183566982,444,0.05,1.2981752750499066e-05,0.3827988861738092,0.3761261261261261,0.06981981981981981,0.47297297297297297,0.08108108108108109
849,217.01208320348934,410,0.05,1.2915496650149411e-05,0.3797251621231011,0.25121951219512195,0.25609756097560976,0.4,0.09268292682926829
850,268.408902632592,396,0.05,1.2849578706820454e-05,0.37430320751289164,0.2803030303030303,0.10353535353535354,0.37626262626262624,0.2398989898989899
851,211.59969148341474,820,0.05,1.2783997194630804e-05,0.3836235738360379,0.2817073170731707,0.2658536585365854,0.37317073170731707,0.07926829268292683
852,257.4340581666359,272,0.05,1.2718750396507599e-05,0.37821316090137763,0.20955882352941177,0.13602941176470587,0.4889705882352941,0.16544117647058823
853,196.25108452500712,516,0.05,1.2653836604141555e-05,0.374231217096609,0.1298449612403101,0.08527131782945736,0.4941860465116279,0.29069767441860467
854,249.32230588571576,733,0.05,1.2589254117942232e-05,0.3781617567424679,0.3942701227830832,0.31923601637107774,0.2305593451568895,0.05593451568894952
855,201.37555196761713,300,0.05,1.2525001246993537e-05,0.3723937865375,0.25666666666666665,0.11666666666666667,0.48,0.14666666666666667
856,182.66873989127032,654,0.05,1.2461076309009455e-05,0.3804990896970784,0.36850152905198774,0.08868501529051988,0.4617737003058104,0.08103975535168195
857,228.26156005681193,417,0.05,1.2397477630289996e-05,0.3813312866000897,0.17985611510791366,0.08872901678657075,0.4556354916067146,0.27577937649880097
858,256.07582194502606,268,0.05,1.2334203545677384e-05,0.36569333775776963,0.2947761194029851,0.11567164179104478,0.458955223880597,0.13059701492537312
859,229.76102065349676,236,0.05,1.227125239851245e-05,0.37014315890522426,0.19915254237288135,0.1483050847457627,0.4449152542372881,0.2076271186440678
860,178.95245754496426,668,0.05,1.2208622540591259e-05,0.3751066925754745,0.36826347305389223,0.05389221556886228,0.16467065868263472,0.41317365269461076
861,217.72948591335313,351,0.05,1.2146312332121961e-05,0.38107817317346965,0.27350427350427353,0.10256410256410256,0.46438746438746437,0.15954415954415954
862,250.11808048811352,207,0.05,1.2084320141681855e-05,0.3691623843605119,0.30434782608695654,0.0821256038647343,0.48792270531400966,0.12560386473429952
863,292.60904499643794,291,0.05,1.2022644346174669e-05,0.3789157199145897,0.43986254295532645,0.07560137457044673,0.28865979381443296,0.1958762886597938
864,220.16249367648803,362,0.05,1.1961283330788072e-05,0.36833686868088045,0.0718232044198895,0.5607734806629834,0.24861878453038674,0.11878453038674033
865,238.95569345150727,409,0.05,1.1900235488951392e-05,0.3646610545327601,0.2567237163814181,0.11246943765281174,0.508557457212714,0.12224938875305623
866,262.60175598399576,204,0.05,1.1839499222293551e-05,0.3769854591941368,0.28921568627450983,0.10294117647058823,0.5049019607843137,0.10294117647058823
867,225.78894092418363,265,0.05,1.1779072940601213e-05,0.3515320627797223,0.3169811320754717,0.1169811320754717,0.4716981132075472,0.09433962264150944
868,180.60860311646996,735,0.05,1.1718955061777156e-05,0.3774234725155527,0.12108843537414966,0.145578231292517,0.5115646258503401,0.2217687074829932
869,24.38880212970227,221,0.05,1.1659144011798844e-05,0.3729469555511181,0.23076923076923078,0.12669683257918551,0.5384615384615384,0.10407239819004525
870,248.67488608383695,306,0.05,1.1599638224677214e-05,0.366401473069284,0.2777777777777778,0.13071895424836602,0.4444444444444444,0.14705882352941177
871,245.7521973449704,328,0.05,1.1540436142415684e-05,0.37969516407814685,0.29573170731707316,0.21646341463414634,0.4298780487804878,0.057926829268292686
872,217.04435037892955,460,0.05,1.1481536214969347e-05,0.37868869332114813,0.12608695652173912,0.48043478260869565,0.32608695652173914,0.06739130434782609
873,198.35958561737772,401,0.05,1.1422936900204401e-05,0.36320804952048813,0.19201995012468828,0.3092269326683292,0.4538653366583541,0.04488778054862843
874,191.0876945733307,551,0.05,1.1364636663857762e-05,0.37158630479493565,0.10707803992740472,0.5771324863883848,0.2776769509981851,0.038112522686025406
875,265.16167853608437,273,0.05,1.1306633979496903e-05,0.379838269294403,0.23809523809523808,0.14652014652014653,0.4468864468864469,0.1684981684981685
876,213.56901285348192,372,0.05,1.1248927328479877e-05,0.3860975235373315,0.1881720430107527,0.1935483870967742,0.532258064516129,0.08602150537634409
877,163.29499886011203,1000,0.05,1.1191515199915568e-05,0.3775245837183733,0.52,0.348,0.098,0.034
878,231.03814133186532,295,0.05,1.1134396090624121e-05,0.3716311060755761,0.2,0.16271186440677965,0.4847457627118644,0.15254237288135594
879,171.88221558164113,617,0.05,1.1077568505097596e-05,0.3784092899489266,0.23824959481361427,0.13776337115072934,0.5105348460291734,0.11345218800648298
880,244.0260135172191,282,0.05,1.1021030955460803e-05,0.3722861147534738,0.31560283687943264,0.13829787234042554,0.40425531914893614,0.14184397163120568
881,252.7227072406674,540,0.05,1.0964781961432352e-05,0.37144311125513535,0.5259259259259259,0.05740740740740741,0.3314814814814815,0.08518518518518518
882,218.0489728233867,313,0.05,1.090882005028589e-05,0.3773326099979144,0.30670926517571884,0.07667731629392971,0.5207667731629393,0.09584664536741214
883,253.25846142052066,385,0.05,1.0853143756811554e-05,0.38333178913590654,0.35844155844155845,0.22337662337662337,0.33506493506493507,0.08311688311688312
884,261.89476513503547,319,0.05,1.0797751623277591e-05,0.3632459001084399,0.3605015673981191,0.10658307210031348,0.4012539184952978,0.13166144200626959
885,107.02706456172221,1000,0.05,1.0742642199392206e-05,0.3672611474775613,0.428,0.396,0.138,0.038
886,208.88701915560813,466,0.05,1.068781404226558e-05,0.3720983815062194,0.17167381974248927,0.2918454935622318,0.44849785407725323,0.08798283261802575
887,239.67199218786791,255,0.05,1.06332657163721e-05,0.3684131920259032,0.19215686274509805,0.1450980392156863,0.4823529411764706,0.1803921568627451
888,285.3153228580906,182,0.05,1.057899579351277e-05,0.3713758144909883,0.31868131868131866,0.07692307692307693,0.5384615384615384,0.06593406593406594
889,227.4494775423877,284,0.05,1.0525002852777813e-05,0.3746650054891419,0.35563380281690143,0.09859154929577464,0.46830985915492956,0.07746478873239436
890,225.62044949889042,265,0.05,1.0471285480509478e-05,0.37391930831498676,0.32452830188679244,0.1018867924528302,0.45660377358490567,0.1169811320754717
891,253.75710742237334,258,0.05,1.0417842270265019e-05,0.36548573162975706,0.27906976744186046,0.11627906976744186,0.5155038759689923,0.08914728682170543
892,220.29053325612136,351,0.05,1.0364671822779873e-05,0.38093325942457956,0.3247863247863248,0.07977207977207977,0.41595441595441596,0.1794871794871795
893,217.78289566067028,354,0.05,1.0311772745931029e-05,0.3808695441424266,0.18361581920903955,0.2740112994350282,0.4519774011299435,0.0903954802259887
894,231.419289801702,270,0.05,1.0259143654700573e-05,0.3826306721274584,0.17037037037037037,0.05555555555555555,0.3,0.4740740740740741
895,235.05743735348224,345,0.05,1.0206783171139428e-05,0.3788105010601358,0.25217391304347825,0.12753623188405797,0.5159420289855072,0.10434782608695652
896,225.71812102691084,442,0.05,1.0154689924331274e-05,0.3708953971493951,0.09728506787330317,0.06787330316742081,0.27601809954751133,0.5588235294117647
897,233.30558373512866,351,0.05,1.0102862550356658e-05,0.36435584415454814,0.3504273504273504,0.1111111111111111,0.41595441595441596,0.1225071225071225
898,216.22493647806112,289,0.05,1.005129969225728e-05,0.37278303031516463,0.2698961937716263,0.12802768166089964,0.5086505190311419,0.09342560553633218
899,240.90063888809442,180,0.05,1.0000000000000467e-05,0.3692540953909621,0.49444444444444446,0.08888888888888889,0.37222222222222223,0.044444444444444446
900,34.82108309069818,127,0.05,1e-05,0.3601338308334967,0.25984251968503935,0.14960629921259844,0.44881889763779526,0.14173228346456693
901,260.7166614606334,311,0.05,1e-05,0.3769349004886199,0.4115755627009646,0.09967845659163987,0.40192926045016075,0.08681672025723473
902,231.14536380947092,269,0.05,1e-05,0.3712656850481822,0.30855018587360594,0.10408921933085502,0.49814126394052044,0.08921933085501858
903,136.8388513631637,1000,0.05,1e-05,0.3683846437583494,0.292,0.038,0.127,0.543
904,218.8105869996693,342,0.05,1e-05,0.37500876779924736,0.31871345029239767,0.13742690058479531,0.4473684210526316,0.09649122807017543
905,97.33881322229098,1000,0.05,1e-05,0.37515523256415034,0.539,0.286,0.137,0.038
906,251.73011749804286,228,0.05,1e-05,0.3694919428059572,0.2631578947368421,0.14035087719298245,0.4473684210526316,0.14912280701754385
907,219.5621906530046,288,0.05,1e-05,0.3782272541745809,0.1875,0.1423611111111111,0.5104166666666666,0.1597222222222222
908,250.42898411627306,278,0.05,1e-05,0.36439440102293447,0.28776978417266186,0.10431654676258993,0.49640287769784175,0.11151079136690648
909,221.60182388009827,418,0.05,1e-05,0.3720925197094315,0.28708133971291866,0.1339712918660287,0.47129186602870815,0.1076555023923445
910,21.81947165109817,246,0.05,1e-05,0.3606106865033988,0.2682926829268293,0.08536585365853659,0.5284552845528455,0.11788617886178862
911,191.81876694204877,284,0.05,1e-05,0.370193466277701,0.15845070422535212,0.09154929577464789,0.44366197183098594,0.30633802816901406
912,200.89134738211027,534,0.05,1e-05,0.3639496336499653,0.16666666666666666,0.28277153558052437,0.4438202247191011,0.10674157303370786
913,138.76190198002507,1000,0.05,1e-05,0.36789907103368025,0.696,0.035,0.141,0.128
914,141.06132852264156,1000,0.05,1e-05,0.362005389746603,0.356,0.07,0.163,0.411
915,125.74107082440219,1000,0.05,1e-05,0.3686497355860366,0.452,0.386,0.131,0.031
916,215.1287359338998,742,0.05,1e-05,0.3729113736415447,0.4973045822102426,0.05256064690026954,0.1738544474393531,0.27628032345013476
917,259.36927541956305,354,0.05,1e-05,0.36434055189164766,0.3757062146892655,0.1016949152542373,0.4096045197740113,0.11299435028248588
918,148.28581088356086,1000,0.05,1e-05,0.36743020603742704,0.621,0.257,0.101,0.021
919,244.5196644170043,342,0.05,1e-05,0.36657452033575716,0.14327485380116958,0.29239766081871343,0.47076023391812866,0.0935672514619883
920,220.74168301429802,795,0.05,1e-05,0.36375740437130427,0.3559748427672956,0.042767295597484274,0.17484276729559747,0.42641509433962266
921,242.06452458665757,320,0.05,1e-05,0.36307546005910574,0.359375,0.08125,0.45,0.109375
922,299.8072445017876,377,0.05,1e-05,0.3638900714053465,0.3793103448275862,0.07692307692307693,0.23872679045092837,0.3050397877984085
923,227.97954451200243,318,0.05,1e-05,0.36725263237765027,0.27672955974842767,0.1069182389937107,0.5031446540880503,0.11320754716981132
924,231.37907117019552,257,0.05,1e-05,0.35011545840775576,0.25680933852140075,0.12840466926070038,0.4785992217898833,0.13618677042801555
925,245.066169850062,232,0.05,1e-05,0.36876054171525807,0.3879310344827586,0.2801724137931034,0.2801724137931034,0.05172413793103448
926,225.90980771711847,217,0.05,1e-05,0.3542314598218882,0.21658986175115208,0.14285714285714285,0.48847926267281105,0.15207373271889402
927,238.44340427905524,278,0.05,1e-05,0.3624509928264793,0.28776978417266186,0.14028776978417265,0.49280575539568344,0.07913669064748201
928,222.18092006956715,269,0.05,1e-05,0.3604326781844858,0.20074349442379183,0.15985130111524162,0.4646840148698885,0.17472118959107807
929,117.72241116685124,1000,0.05,1e-05,0.35933628306157367,0.553,0.248,0.152,0.047
930,126.23885883170423,1000,0.05,1e-05,0.3558405288723117,0.53,0.085,0.233,0.152
931,212.29264725441323,520,0.05,1e-05,0.35495145262060657,0.275,0.09423076923076923,0.5230769230769231,0.1076923076923077
932,248.90033999895815,543,0.05,1e-05,0.3713609281846622,0.425414364640884,0.15469613259668508,0.2965009208103131,0.12338858195211787
933,185.30482805286027,426,0.05,1e-05,0.361675889706696,0.16666666666666666,0.323943661971831,0.43427230046948356,0.07511737089201878
934,210.2195105007656,513,0.05,1e-05,0.361324916774602,0.19298245614035087,0.07992202729044834,0.46588693957115007,0.26120857699805067
935,190.0317565195246,369,0.05,1e-05,0.35555290969797354,0.13279132791327913,0.28184281842818426,0.4878048780487805,0.0975609756097561
936,215.23026991281037,283,0.05,1e-05,0.37189046354755545,0.16607773851590105,0.28975265017667845,0.4416961130742049,0.10247349823321555
937,233.42633771500888,942,0.05,1e-05,0.35794063261043313,0.4012738853503185,0.07430997876857749,0.15074309978768577,0.37367303609341823
938,248.22049775353346,888,0.05,1e-05,0.3551191630098118,0.42792792792792794,0.4009009009009009,0.1373873873873874,0.033783783783783786
939,222.09219086182554,374,0.05,1e-05,0.3586205579314732,0.2967914438502674,0.10160427807486631,0.47593582887700536,0.12566844919786097
940,220.64727968195507,547,0.05,1e-05,0.3568637446231081,0.3235831809872029,0.11151736745886655,0.489945155393053,0.07495429616087751
941,270.08850632691247,213,0.05,1e-05,0.35602361764979323,0.29577464788732394,0.107981220657277,0.49295774647887325,0.10328638497652583
942,182.0092703908498,422,0.05,1e-05,0.34797573302183543,0.1990521327014218,0.3293838862559242,0.3981042654028436,0.07345971563981042
943,194.7811567686133,844,0.05,1e-05,0.3563983479147594,0.25,0.07227488151658767,0.4312796208530806,0.24644549763033174
944,117.62174000723957,1000,0.05,1e-05,0.3575395604887532,0.434,0.405,0.129,0.032
945,100.16630718834303,980,0.05,1e-05,0.3527458561965627,0.20408163265306123,0.11632653061224489,0.5265306122448979,0.15306122448979592
946,233.41414713403705,294,0.05,1e-05,0.3463670349039097,0.23809523809523808,0.11564625850340136,0.4965986394557823,0.14965986394557823
947,235.77967215743837,316,0.05,1e-05,0.3550541726408287,0.37658227848101267,0.07911392405063292,0.31645569620253167,0.22784810126582278
948,184.6888137137766,717,0.05,1e-05,0.3536074712194887,0.3514644351464435,0.07810320781032078,0.3584379358437936,0.21199442119944212
949,255.97262401006677,257,0.05,1e-05,0.3519748974362062,0.2490272373540856,0.11673151750972763,0.5058365758754864,0.12840466926070038
950,247.40590634730353,238,0.05,1e-05,0.3421774000718097,0.24789915966386555,0.11764705882352941,0.48739495798319327,0.14705882352941177
951,4.974370549424762,181,0.05,1e-05,0.3435741147463564,0.27071823204419887,0.09392265193370165,0.5524861878453039,0.08287292817679558
952,118.05917711425863,1000,0.05,1e-05,0.3520600953977619,0.374,0.4,0.191,0.035
953,253.78132577664326,463,0.05,1e-05,0.3494716307327374,0.42116630669546434,0.2526997840172786,0.2915766738660907,0.03455723542116631
954,217.0638484902034,259,0.05,1e-05,0.35655456975969374,0.3474903474903475,0.10424710424710425,0.4247104247104247,0.12355212355212356
955,167.14012893533635,652,0.05,1e-05,0.3573241599199205,0.11196319018404909,0.49079754601226994,0.2791411042944785,0.11809815950920245
956,235.79546294070605,539,0.05,1e-05,0.35202862113436295,0.28014842300556586,0.10575139146567718,0.5009276437847866,0.11317254174397032
957,133.9605601333027,1000,0.05,1e-05,0.3575648001126561,0.399,0.066,0.112,0.423
958,244.55101307929345,263,0.05,1e-05,0.3506236871121019,0.2965779467680608,0.09505703422053231,0.4752851711026616,0.13307984790874525
959,256.92942831841856,273,0.05,1e-05,0.35556992767672674,0.28205128205128205,0.1391941391941392,0.41025641025641024,0.1684981684981685
960,265.2264169508243,240,0.05,1e-05,0.35693254476948727,0.2375,0.09583333333333334,0.5666666666666667,0.1
961,238.7118732447725,528,0.05,1e-05,0.3571416214115404,0.23674242424242425,0.14393939393939395,0.4393939393939394,0.17992424242424243
962,228.56901491013278,278,0.05,1e-05,0.3537381747029157,0.3489208633093525,0.06115107913669065,0.5035971223021583,0.08633093525179857
963,248.75434893571966,417,0.05,1e-05,0.3490661482096061,0.2949640287769784,0.19424460431654678,0.36211031175059955,0.1486810551558753
964,241.0690666986786,306,0.05,1e-05,0.36175053791078005,0.24183006535947713,0.14705882352941177,0.4738562091503268,0.13725490196078433
965,252.7894825575519,234,0.05,1e-05,0.36122005127874135,0.2692307692307692,0.10683760683760683,0.5085470085470085,0.11538461538461539
966,225.00892560181387,384,0.05,1e-05,0.35937139199975254,0.24479166666666666,0.15625,0.4505208333333333,0.1484375
967,227.14883718896476,421,0.05,1e-05,0.3555567404903235,0.2042755344418052,0.2826603325415677,0.4180522565320665,0.09501187648456057
968,254.81634536560279,388,0.05,1e-05,0.3574064782306321,0.2345360824742268,0.19072164948453607,0.32989690721649484,0.24484536082474226
969,225.58686740277966,252,0.05,1e-05,0.3460667748467227,0.30952380952380953,0.13095238095238096,0.4087301587301587,0.15079365079365079
970,225.2240614583019,460,0.05,1e-05,0.35836924879286436,0.16956521739130434,0.06521739130434782,0.3065217391304348,0.45869565217391306
971,239.5918175734738,342,0.05,1e-05,0.3497580560603779,0.31871345029239767,0.09941520467836257,0.4853801169590643,0.09649122807017543
972,242.94740756317884,256,0.05,1e-05,0.35930004474576116,0.3203125,0.1328125,0.37890625,0.16796875
973,57.57490946197032,175,0.05,1e-05,0.3450468106293442,0.2342857142857143,0.12571428571428572,0.4685714285714286,0.17142857142857143
974,229.48867729924555,425,0.05,1e-05,0.36337767970720775,0.18352941176470589,0.08235294117647059,0.5176470588235295,0.2164705882352941
975,227.1107212528006,233,0.05,1e-05,0.34725249556030285,0.30472103004291845,0.1072961373390558,0.44635193133047213,0.14163090128755365
976,238.23971966409087,248,0.05,1e-05,0.37263661461723435,0.3185483870967742,0.10483870967741936,0.45161290322580644,0.125
977,272.2818165700052,431,0.05,1e-05,0.3491216278135227,0.308584686774942,0.29466357308584684,0.22041763341067286,0.17633410672853828
978,118.76063160018693,1000,0.05,1e-05,0.35517226788023026,0.295,0.475,0.183,0.047
979,256.6929821432092,283,0.05,1e-05,0.35536171203384104,0.3286219081272085,0.11307420494699646,0.40636042402826855,0.1519434628975265
980,244.50162727301236,776,0.05,1e-05,0.35006349676891635,0.2667525773195876,0.07087628865979381,0.21778350515463918,0.44458762886597936
981,254.569733069817,205,0.05,1e-05,0.34290912000040297,0.43414634146341463,0.12682926829268293,0.32195121951219513,0.11707317073170732
982,250.6089390735616,422,0.05,1e-05,0.3508065663532208,0.26303317535545023,0.07819905213270142,0.45734597156398105,0.2014218009478673
983,269.48515449913293,328,0.05,1e-05,0.3574334480404766,0.47560975609756095,0.057926829268292686,0.29573170731707316,0.17073170731707318
984,251.00919473626104,273,0.05,1e-05,0.3588462624641874,0.2967032967032967,0.0989010989010989,0.4175824175824176,0.18681318681318682
985,269.5606255724564,180,0.05,1e-05,0.3613881120545078,0.3111111111111111,0.08333333333333333,0.5388888888888889,0.06666666666666667
986,238.76424524458398,212,0.05,1e-05,0.3586925387609214,0.25471698113207547,0.1320754716981132,0.4669811320754717,0.14622641509433962
987,225.8121405646529,255,0.05,1e-05,0.35710000718121243,0.30196078431372547,0.07058823529411765,0.44313725490196076,0.1843137254901961
988,191.80158171393145,834,0.05,1e-05,0.35328164500156456,0.31414868105515587,0.28776978417266186,0.33213429256594723,0.06594724220623502
989,229.59187978539674,348,0.05,1e-05,0.36425562543171947,0.09482758620689655,0.09482758620689655,0.514367816091954,0.2959770114942529
990,233.02831126655838,338,0.05,1e-05,0.3610937508535407,0.3757396449704142,0.05917159763313609,0.3698224852071006,0.1952662721893491
991,262.9869759033247,204,0.05,1e-05,0.3594717422610508,0.5,0.1323529411764706,0.27941176470588236,0.08823529411764706
992,214.7801485962576,316,0.05,1e-05,0.3496973031166951,0.310126582278481,0.1518987341772152,0.4462025316455696,0.09177215189873418
993,214.52579016103533,562,0.05,1e-05,0.3511192788237241,0.3167259786476868,0.08540925266903915,0.5160142348754448,0.08185053380782918
994,243.43892230336266,319,0.05,1e-05,0.3496831971328288,0.3605015673981191,0.09090909090909091,0.438871473354232,0.109717868338558
995,262.3818678450656,398,0.05,1e-05,0.34800384412520236,0.3542713567839196,0.09045226130653267,0.45979899497487436,0.09547738693467336
996,225.03513902422108,445,0.05,1e-05,0.34509195301093887,0.42247191011235957,0.09887640449438202,0.4,0.07865168539325842
997,232.61409303810038,319,0.05,1e-05,0.34596257275445264,0.47962382445141066,0.06896551724137931,0.3510971786833856,0.10031347962382445
998,179.96756216094371,457,0.05,1e-05,0.35524935130193147,0.2210065645514223,0.20350109409190373,0.487964989059081,0.087527352297593
999,237.17695282259768,331,0.05,1e-05,0.355849197690772,0.3081570996978852,0.09365558912386707,0.46827794561933533,0.1299093655589124
