Episode,Total_Reward,Steps,Epsilon,Learning_Rate,Average_Loss,Action_0_Percentage,Action_1_Percentage,Action_2_Percentage,Action_3_Percentage
0,-202.38817418042478,89,0.9950195566196387,0.00496559332726813,0.0,0.19101123595505617,0.29213483146067415,0.2247191011235955,0.29213483146067415
1,-106.23066075680858,112,0.9900639180555424,0.004931423418361956,0.0,0.30357142857142855,0.26785714285714285,0.23214285714285715,0.19642857142857142
2,-112.86453433074347,125,0.9851329607687281,0.004897488644030385,0.0,0.24,0.24,0.28,0.24
3,-211.5446822608634,86,0.9802265618354918,0.004863787386233744,0.0,0.23255813953488372,0.23255813953488372,0.2441860465116279,0.29069767441860467
4,-328.5420669539325,97,0.975344598944344,0.004830318038066636,0.0,0.30927835051546393,0.21649484536082475,0.26804123711340205,0.20618556701030927
5,-109.07231175611676,61,0.9704869503929605,0.004797079003681315,0.0,0.19672131147540983,0.3442622950819672,0.21311475409836064,0.2459016393442623
6,-121.74949913387745,73,0.9656534950851489,0.004764068698211598,0.0,0.1780821917808219,0.3150684931506849,0.2054794520547945,0.3013698630136986
7,-179.95868773748472,78,0.9608441125278293,0.0047312855476972955,0.0,0.3076923076923077,0.21794871794871795,0.1794871794871795,0.2948717948717949
8,-97.71046696750783,96,0.956058682828031,0.004698727989009166,0.0,0.2604166666666667,0.28125,0.20833333333333334,0.25
9,-97.84907165441825,101,0.9512970866899032,0.004666394469774383,0.0,0.24752475247524752,0.26732673267326734,0.19801980198019803,0.2871287128712871
10,-378.26682461586427,95,0.9465592054117414,0.004634283448302516,0.0,0.3473684210526316,0.25263157894736843,0.21052631578947367,0.18947368421052632
11,-240.114315268686,98,0.9418449208830285,0.004602393393512023,0.0,0.24489795918367346,0.24489795918367346,0.24489795918367346,0.2653061224489796
12,-323.208972563531,90,0.9371541155814898,0.004570722784857245,0.0,0.28888888888888886,0.24444444444444444,0.2777777777777778,0.18888888888888888
13,-386.96699369787285,105,0.9324866725701636,0.004539270112255908,0.0,0.23809523809523808,0.2761904761904762,0.2761904761904762,0.20952380952380953
14,-203.11279062930237,85,0.9278424754944864,0.004508033876017119,0.0,0.3176470588235294,0.23529411764705882,0.2235294117647059,0.2235294117647059
15,-82.4631554210293,104,0.9232214085793918,0.004477012586769858,0.0,0.25961538461538464,0.3173076923076923,0.20192307692307693,0.22115384615384615
16,-476.4873531338686,123,0.9186233566264248,0.004446204765391968,0.0,0.21951219512195122,0.2682926829268293,0.2926829268292683,0.21951219512195122
17,-142.64190369412637,85,0.9140482050108695,0.004415608942939624,0.0,0.23529411764705882,0.3176470588235294,0.2235294117647059,0.2235294117647059
18,-361.0131277906388,109,0.9094958396788919,0.004385223660577296,0.0,0.22018348623853212,0.3761467889908257,0.1834862385321101,0.22018348623853212
19,-379.63379890560884,111,0.904966147144697,0.004355047469508188,0.0,0.25225225225225223,0.27927927927927926,0.3063063063063063,0.16216216216216217
20,-540.8059171780812,96,0.9004590144876992,0.004325078930905163,0.0,0.20833333333333334,0.3333333333333333,0.28125,0.17708333333333334
21,-469.8525597519373,89,0.8959743293497072,0.004295316615842131,0.0,0.1797752808988764,0.3258426966292135,0.2696629213483146,0.2247191011235955
22,-116.00142910293484,90,0.8915119799321238,0.004265759105225923,0.0,0.2222222222222222,0.28888888888888886,0.26666666666666666,0.2222222222222222
23,-318.89689224199816,89,0.8870718549931581,0.004236404989728622,0.0,0.21348314606741572,0.34831460674157305,0.23595505617977527,0.20224719101123595
24,-83.5550947866073,93,0.8826538438450526,0.004207252869720371,0.0,0.23655913978494625,0.27956989247311825,0.22580645161290322,0.25806451612903225
25,-199.47073731653035,69,0.878257836351324,0.0041783013552026335,0.0,0.21739130434782608,0.36231884057971014,0.2028985507246377,0.21739130434782608
26,-146.68143535196623,61,0.8738837229240176,0.004149549065741917,0.0,0.3114754098360656,0.19672131147540983,0.18032786885245902,0.3114754098360656
27,-121.65632366736114,78,0.8695313945209752,0.004120994630403953,0.0,0.32051282051282054,0.24358974358974358,0.2564102564102564,0.1794871794871795
28,-119.70013131492514,61,0.8652007426431169,0.004092636687688333,0.0,0.19672131147540983,0.4098360655737705,0.14754098360655737,0.2459016393442623
29,-137.3301627816361,69,0.8608916593317363,0.004064473885463585,0.0,0.34782608695652173,0.21739130434782608,0.2318840579710145,0.2028985507246377
30,-243.3818227826107,70,0.8566040371658092,0.00403650488090271,0.0,0.2571428571428571,0.32857142857142857,0.2,0.21428571428571427
31,-191.36290454455468,79,0.852337769259316,0.004008728340419147,0.0,0.2911392405063291,0.189873417721519,0.3291139240506329,0.189873417721519
32,-126.34596028612555,72,0.8480927492585766,0.003981142939603193,0.0,0.20833333333333334,0.3611111111111111,0.19444444444444445,0.2361111111111111
33,-299.576789068126,126,0.8438688713395993,0.003953747363158849,0.0,0.24603174603174602,0.30952380952380953,0.20634920634920634,0.23809523809523808
34,-279.1677837843283,88,0.8396660302054431,0.003926540304841109,0.0,0.20454545454545456,0.36363636363636365,0.1590909090909091,0.2727272727272727
35,-349.15981219082937,121,0.8354841210835922,0.0038995204673936763,0.0,0.19008264462809918,0.3305785123966942,0.2396694214876033,0.2396694214876033
36,-274.96371656582335,74,0.8313230397233444,0.003872686562487108,0.0,0.17567567567567569,0.3783783783783784,0.24324324324324326,0.20270270270270271
37,-147.38287769440518,119,0.8271826823932125,0.003846037310657387,0.0,0.2773109243697479,0.31932773109243695,0.21008403361344538,0.19327731092436976
38,-449.3551598317126,85,0.8230629458783377,0.0038195714412449172,0.0,0.23529411764705882,0.3411764705882353,0.18823529411764706,0.23529411764705882
39,-331.9246388378507,109,0.8189637274779172,0.003793287692333935,0.0,0.2018348623853211,0.3394495412844037,0.23853211009174313,0.22018348623853212
40,-236.43669923144483,95,0.8148849250026439,0.0037671848106923425,0.0,0.2,0.3894736842105263,0.16842105263157894,0.24210526315789474
41,-124.63785449167352,63,0.8108264367721583,0.00374126155171195,0.0,0.1111111111111111,0.4126984126984127,0.20634920634920634,0.2698412698412698
42,-145.44144836100804,69,0.8067881616125144,0.003715516679349134,0.0,0.2463768115942029,0.34782608695652173,0.17391304347826086,0.2318840579710145
43,-373.30238288306197,84,0.8027699988536575,0.0036899489660659,0.0,0.19047619047619047,0.39285714285714285,0.17857142857142858,0.23809523809523808
44,-342.9688348349839,93,0.7987718483269142,0.003664557192771354,0.0,0.1935483870967742,0.3010752688172043,0.21505376344086022,0.2903225806451613
45,-403.04654050513676,90,0.7947936103624954,0.0036393401487635735,0.0,0.23333333333333334,0.3,0.23333333333333334,0.23333333333333334
46,-128.08921466647445,79,0.7908351857870121,0.003614296631671881,0.0,0.189873417721519,0.379746835443038,0.22784810126582278,0.20253164556962025
47,-440.0944297246892,97,0.7868964759210023,0.0035894254473995144,0.0,0.1958762886597938,0.28865979381443296,0.2268041237113402,0.28865979381443296
48,-248.4749119985587,81,0.7829773825764719,0.00356472541006669,0.0,0.20987654320987653,0.4074074074074074,0.14814814814814814,0.2345679012345679
49,-96.63605767568588,63,0.7790778080544463,0.0035401953419540613,0.0,0.23809523809523808,0.3968253968253968,0.15873015873015872,0.20634920634920634
50,-371.7785850896525,72,0.7751976551425351,0.0035158340734465607,0.0,0.25,0.3611111111111111,0.1527777777777778,0.2361111111111111
51,-465.9461768983686,96,0.771336827112509,0.003491640442977634,0.0,0.19791666666666666,0.3333333333333333,0.23958333333333334,0.22916666666666666
52,-427.26657839059123,72,0.7674952277178876,0.0034676132969738557,0.0,0.16666666666666666,0.3888888888888889,0.2361111111111111,0.20833333333333334
53,-127.31278834376305,85,0.7636727611915411,0.003443751489799924,0.0,0.3176470588235294,0.3411764705882353,0.21176470588235294,0.12941176470588237
54,-155.1245342131588,72,0.7598693322433026,0.0034200538837040368,0.0,0.20833333333333334,0.4027777777777778,0.125,0.2638888888888889
55,-463.52778422043366,96,0.7560848460575919,0.0033965193487636436,0.0,0.21875,0.3541666666666667,0.21875,0.20833333333333334
56,-76.70642438149169,81,0.7523192082910528,0.003373146762831569,1.5743959535114824,0.2345679012345679,0.18518518518518517,0.4074074074074074,0.1728395061728395
57,-202.9324529030972,113,0.748572325070201,0.0033499350114825064,1.2238703132163917,0.19469026548672566,0.24778761061946902,0.34513274336283184,0.21238938053097345
58,-221.60150892124022,149,0.7448441029890834,0.0033268829879598842,0.956363463621216,0.16778523489932887,0.2214765100671141,0.3691275167785235,0.24161073825503357
59,-68.64326017303712,120,0.7411344491069503,0.003303989593123092,0.866634517778714,0.25833333333333336,0.14166666666666666,0.44166666666666665,0.15833333333333333
60,-338.5625460923685,135,0.7374432709459379,0.0032812537353950743,0.8164239632683771,0.25925925925925924,0.15555555555555556,0.3111111111111111,0.2740740740740741
61,-150.14798388330388,91,0.7337704764887631,0.0032586743307102817,0.8431933317620937,0.24175824175824176,0.17582417582417584,0.4175824175824176,0.16483516483516483
62,-113.10347883311032,117,0.7301159741764301,0.003236250302462983,0.7188976097884188,0.1794871794871795,0.17094017094017094,0.42735042735042733,0.2222222222222222
63,-7.204997232787491,104,0.7264796729059471,0.003213980581455931,0.7354097858466605,0.125,0.28846153846153844,0.34615384615384615,0.2403846153846154
64,-170.1290853653075,79,0.7228614820280556,0.0031918641058493835,0.7436458544144418,0.20253164556962025,0.24050632911392406,0.3037974683544304,0.25316455696202533
65,-227.0098286367718,159,0.7192613113449707,0.003169899821110471,1.4429944221439694,0.1509433962264151,0.16352201257861634,0.44654088050314467,0.2389937106918239
66,-69.76583669987419,89,0.7156790711081327,0.003148086679962919,1.4780808233190699,0.19101123595505617,0.20224719101123595,0.3595505617977528,0.24719101123595505
67,-204.10141434567743,142,0.712114672015969,0.0031264236423371103,1.3607705788790847,0.2112676056338028,0.19014084507042253,0.34507042253521125,0.2535211267605634
68,-144.82870898662497,142,0.708568025211669,0.0031049096753204956,1.167775669100449,0.19718309859154928,0.20422535211267606,0.3591549295774648,0.23943661971830985
69,-125.27268741721049,124,0.7050390422809678,0.003083543753108342,1.1139650341245808,0.21774193548387097,0.16129032258064516,0.3870967741935484,0.23387096774193547
70,-376.7392446826729,124,0.7015276352499433,0.0030623248569548217,1.0171297243467756,0.14516129032258066,0.2903225806451613,0.2661290322580645,0.29838709677419356
71,-103.1594526532314,131,0.6980337165828222,0.0030412519751244387,0.9983507789669464,0.183206106870229,0.24427480916030533,0.29770992366412213,0.2748091603053435
72,21.035013314083443,147,0.6945571991797983,0.003020324102843787,1.0200419058125278,0.1836734693877551,0.1292517006802721,0.47619047619047616,0.2108843537414966
73,-113.48831839133477,90,0.691097996374861,0.002999540242253642,0.9904458161055592,0.18888888888888888,0.14444444444444443,0.3888888888888889,0.2777777777777778
74,-106.68210106401767,164,0.6876560219336348,0.002978899402361383,0.9707869131155573,0.12804878048780488,0.24390243902439024,0.36585365853658536,0.2621951219512195
75,-62.53791074255987,144,0.6842311900512299,0.002958400598993741,0.9920897092295632,0.20833333333333334,0.1875,0.3958333333333333,0.20833333333333334
76,-66.33290675945067,147,0.6808234153501025,0.0029380428547498717,0.9217493420812536,0.20408163265306123,0.21768707482993196,0.4217687074829932,0.1564625850340136
77,-34.023922580292435,199,0.6774326128779271,0.0029178251989547543,0.8864127379348926,0.18090452261306533,0.16080402010050251,0.46733668341708545,0.19095477386934673
78,-241.5499064105637,120,0.6740586981054784,0.0028977466676129065,0.9198971260607327,0.13333333333333333,0.26666666666666666,0.4083333333333333,0.19166666666666668
79,-172.4537847741866,120,0.670701586924524,0.0028778063033624217,0.8926128593765801,0.21666666666666667,0.26666666666666666,0.225,0.2916666666666667
80,-292.38406862112925,134,0.6673611956457279,0.002858003155429321,1.9026080053007,0.22388059701492538,0.2462686567164179,0.29850746268656714,0.23134328358208955
81,-5.392556330875706,159,0.6640374409965641,0.0028383362795822193,1.7230507602748075,0.20754716981132076,0.16981132075471697,0.41509433962264153,0.20754716981132076
82,-106.16103735036451,87,0.6607302401192408,0.002818804738087304,1.6016816465784975,0.1839080459770115,0.1839080459770115,0.3103448275862069,0.3218390804597701
83,-211.1907969313732,144,0.6574395105686344,0.002799407599663621,1.5158832985579487,0.1527777777777778,0.2708333333333333,0.2708333333333333,0.3055555555555556
84,-151.66738202926052,133,0.6541651703102348,0.002780143939438674,1.4809450699554934,0.20300751879699247,0.2631578947368421,0.3308270676691729,0.20300751879699247
85,-43.57098959205668,165,0.6509071377181003,0.0027610128389043225,1.3717676352837864,0.16363636363636364,0.2,0.43636363636363634,0.2
86,-207.80334002686172,88,0.6476653315728222,0.0027420133858729883,1.2678454401338335,0.26136363636363635,0.26136363636363635,0.32954545454545453,0.14772727272727273
87,-122.63444036348442,128,0.6444396710595008,0.0027231446744341607,1.354254172454835,0.171875,0.1796875,0.40625,0.2421875
88,-89.36489666748363,96,0.6412300757657303,0.002704405804911203,1.1924441191630082,0.14583333333333334,0.23958333333333334,0.4166666666666667,0.19791666666666666
89,-159.18291185195903,133,0.6380364656795943,0.0026857958838184533,1.284160039437288,0.12030075187969924,0.2556390977443609,0.3157894736842105,0.3082706766917293
90,-94.04803489171755,113,0.6348587611876713,0.002667314023818624,1.262988077110521,0.168141592920354,0.1592920353982301,0.4778761061946903,0.19469026548672566
91,-127.21010900106081,75,0.6316968830730497,0.0026489593436804936,1.1726737579715438,0.18666666666666668,0.28,0.29333333333333333,0.24
92,-113.05497803420816,123,0.6285507525133537,0.0026307309682368847,1.1826059265657503,0.17886178861788618,0.2601626016260163,0.2845528455284553,0.2764227642276423
93,-192.28275338135387,146,0.6254202910787774,0.0026126280283429405,1.0756615235047295,0.1780821917808219,0.2671232876712329,0.3287671232876712,0.22602739726027396
94,-215.37732121679448,137,0.6223054207301305,0.002594649660834679,1.1631116898996963,0.1386861313868613,0.19708029197080293,0.4306569343065693,0.23357664233576642
95,-170.33245167948516,127,0.6192060638168921,0.00257679500848784,1.1347022003501197,0.2047244094488189,0.2440944881889764,0.3228346456692913,0.2283464566929134
96,-81.67297102489695,201,0.6161221430752757,0.0025590632199770087,1.7855159459725047,0.1691542288557214,0.20398009950248755,0.4228855721393035,0.20398009950248755
97,-55.10861901723142,116,0.6130535816263024,0.002541453449835026,1.7111548762029374,0.1724137931034483,0.12931034482758622,0.4482758620689655,0.25
98,27.88791164118551,130,0.6100003029738849,0.0025239648584126748,1.674618629894656,0.11538461538461539,0.11538461538461539,0.5846153846153846,0.18461538461538463
99,-257.13194902941564,119,0.6069622310029202,0.002506596611838646,1.4650062852025632,0.17647058823529413,0.3277310924369748,0.20168067226890757,0.29411764705882354
100,-239.75199388010256,188,0.6039392899773924,0.002489347881979777,1.4719096057057894,0.16489361702127658,0.2127659574468085,0.48404255319148937,0.13829787234042554
101,-72.34021464740287,137,0.6009314045384845,0.0024722178464015665,1.355671633968567,0.10948905109489052,0.21897810218978103,0.3722627737226277,0.29927007299270075
102,-181.54156619270904,108,0.5979384997026995,0.0024552056883289613,1.3686691153200188,0.19444444444444445,0.08333333333333333,0.5092592592592593,0.21296296296296297
103,-71.9869195291677,122,0.5949605008599921,0.0024383105966074093,1.3443920693111084,0.16393442622950818,0.22950819672131148,0.22131147540983606,0.38524590163934425
104,-191.9908754109129,130,0.5919973337719074,0.002421531765664185,1.2953859772159153,0.14615384615384616,0.26153846153846155,0.3384615384615385,0.25384615384615383
105,-42.32904607401335,125,0.5890489245697316,0.002404868395469978,1.3815662374674087,0.12,0.208,0.44,0.232
106,-121.9960605778562,129,0.5861151997526493,0.0023883196915007476,1.2467151309134412,0.15503875968992248,0.21705426356589147,0.4108527131782946,0.21705426356589147
107,-73.04224915143837,134,0.583196086185912,0.002371884864699838,1.2384123342609092,0.12686567164179105,0.2462686567164179,0.35074626865671643,0.27611940298507465
108,-176.04381256989274,255,0.5802915110990148,0.0023555631314403575,1.18724928856884,0.1803921568627451,0.17647058823529413,0.4666666666666667,0.17647058823529413
109,-77.05777112222492,176,0.5774014020838818,0.002339353713487812,1.3756030541188844,0.09659090909090909,0.17613636363636365,0.4943181818181818,0.23295454545454544
110,-139.33627046361175,164,0.5745256870930618,0.002323255837963,1.6666644273023175,0.1524390243902439,0.17682926829268292,0.49390243902439024,0.17682926829268292
111,-56.39908621842564,124,0.5716642944379317,0.00230726873730516,1.5176239395299573,0.12096774193548387,0.1693548387096774,0.4838709677419355,0.22580645161290322
112,-49.673893946459295,136,0.5688171527869094,0.002291391649235373,1.6145351420931484,0.20588235294117646,0.19117647058823528,0.3382352941176471,0.2647058823529412
113,-70.23206261921264,129,0.5659841911636758,0.002275623816720217,1.5438007029135536,0.14728682170542637,0.24806201550387597,0.40310077519379844,0.20155038759689922
114,-42.137191622047794,156,0.5631653389454055,0.002259964487935669,1.5149475321738106,0.1282051282051282,0.22435897435897437,0.391025641025641,0.2564102564102564
115,-40.347903705451486,167,0.5603605258610059,0.002244412916231259,1.396675416054145,0.11377245508982035,0.2275449101796407,0.4550898203592814,0.20359281437125748
116,-76.50755376024671,165,0.5575696819893657,0.002228968360094469,1.4128262609991715,0.12121212121212122,0.2606060606060606,0.3878787878787879,0.23030303030303031
117,-73.35735633315352,120,0.5547927377576116,0.0022136300831153764,1.4161222933756927,0.16666666666666666,0.23333333333333334,0.3,0.3
118,-76.83071607222843,132,0.5520296239393742,0.002198397353951542,1.362278660689711,0.15151515151515152,0.23484848484848486,0.2878787878787879,0.32575757575757575
119,-258.69752434615924,207,0.5492802716530619,0.002183269446293138,1.3379914625359903,0.19806763285024154,0.30434782608695654,0.3526570048309179,0.14492753623188406
120,-26.735820968372494,98,0.5465446123601444,0.0021682456388283184,1.3272984854412322,0.21428571428571427,0.10204081632653061,0.4897959183673469,0.19387755102040816
121,-136.5049297028064,134,0.5438225778634432,0.0021533252152088245,1.27109610736337,0.13432835820895522,0.19402985074626866,0.4552238805970149,0.21641791044776118
122,-45.61869296128117,75,0.5411141003054323,0.0021385074640158297,1.331825759381215,0.14666666666666667,0.26666666666666666,0.41333333333333333,0.17333333333333334
123,-96.14528215608527,122,0.5384191121665459,0.002123791678726019,1.2948216841729288,0.11475409836065574,0.20491803278688525,0.39344262295081966,0.28688524590163933
124,-117.08454892906332,101,0.535737546263496,0.0021091771576779,1.7521065900474784,0.15841584158415842,0.21782178217821782,0.37623762376237624,0.24752475247524752
125,-57.86450349550024,125,0.533069335747597,0.0020946632040383484,1.811277990599936,0.16,0.232,0.384,0.224
126,-30.311028619429834,161,0.5304144141030992,0.0020802491257693807,1.7481315900619128,0.14906832298136646,0.2111801242236025,0.4161490683229814,0.2236024844720497
127,-52.84048906630542,157,0.5277727151455311,0.00206593423559516,1.7086077544189342,0.1464968152866242,0.22929936305732485,0.45222929936305734,0.17197452229299362
128,-133.33678872402578,212,0.5251441730200492,0.0020517178509692224,1.6577436016798128,0.14150943396226415,0.22169811320754718,0.46226415094339623,0.17452830188679244
129,-251.5216245988354,238,0.5225287221997962,0.0020375992940419355,1.5755976900478452,0.1638655462184874,0.17647058823529413,0.4789915966386555,0.18067226890756302
130,-32.477445305457636,166,0.5199262974842676,0.0020235778916281775,1.521256105591159,0.1144578313253012,0.2469879518072289,0.42168674698795183,0.21686746987951808
131,-40.765350326343466,157,0.5173368339976863,0.002009652975175238,1.5489651193020153,0.14012738853503184,0.2484076433121019,0.4140127388535032,0.19745222929936307
132,-36.830706437391385,132,0.5147602671873854,0.0019958238807309416,1.5496683086966847,0.15151515151515152,0.1590909090909091,0.5227272727272727,0.16666666666666666
133,-67.72871057020592,125,0.512196532822199,0.0019820899489119896,1.4618209693054485,0.2,0.24,0.272,0.288
134,-6.88213807324037,162,0.5096455669908607,0.001968450524872521,1.4522892465549353,0.13580246913580246,0.18518518518518517,0.4506172839506173,0.22839506172839505
135,-187.7863937622153,393,0.5071073061004107,0.0019549049582728876,1.559630067297742,0.14249363867684478,0.1628498727735369,0.5114503816793893,0.183206106870229
136,31.491236512330232,206,0.50458168687461,0.0019414526032486465,1.7236077829214511,0.10194174757281553,0.19902912621359223,0.47572815533980584,0.22330097087378642
137,-48.411109585131726,116,0.5020686463523638,0.0019280928183797639,1.6752485948905242,0.1206896551724138,0.15517241379310345,0.5258620689655172,0.19827586206896552
138,59.97061351331735,1000,0.49956812188615124,0.0019148249666600316,1.6447405432585493,0.238,0.201,0.347,0.214
139,5.351363305265707,146,0.49708005114046383,0.0019016484154666946,1.5320810658053174,0.08904109589041095,0.13013698630136986,0.589041095890411,0.1917808219178082
140,-108.46251544358208,193,0.49460437209025165,0.0018885625365302864,1.5339595533752224,0.17616580310880828,0.21243523316062177,0.43523316062176165,0.17616580310880828
141,-241.65516998459785,175,0.492141023019377,0.001875566705904673,1.4893969802419327,0.11428571428571428,0.22285714285714286,0.4057142857142857,0.2571428571428571
142,-13.604728905071667,207,0.48968994251907594,0.0018626603039373023,1.8401479166123658,0.12077294685990338,0.2028985507246377,0.5169082125603864,0.15942028985507245
143,-36.698698675359054,161,0.4872510694864273,0.0018498427152396591,1.7726419059381908,0.12422360248447205,0.19875776397515527,0.4782608695652174,0.19875776397515527
144,-170.16675417843373,189,0.4848243431228297,0.0018371133286579223,1.7435277620590444,0.12698412698412698,0.21164021164021163,0.4497354497354497,0.21164021164021163
145,-93.28510963595046,95,0.4824097029324856,0.0018244715372438245,1.7440844623898515,0.16842105263157894,0.042105263157894736,0.4842105263157895,0.30526315789473685
146,-82.9327917399907,115,0.4800070887208934,0.0018119167382257126,1.6832805600578793,0.17391304347826086,0.1826086956521739,0.3391304347826087,0.30434782608695654
147,-12.91044594988091,111,0.47761644059334696,0.0017994483329798066,1.7060263963460058,0.13513513513513514,0.15315315315315314,0.5225225225225225,0.1891891891891892
148,-44.76847862545783,140,0.4752376989534421,0.0017870657270016577,1.700295966169401,0.24285714285714285,0.19285714285714287,0.2785714285714286,0.2857142857142857
149,8.645849155581217,181,0.4728708045015913,0.0017747683298778003,1.6083277179517652,0.18232044198895028,0.16574585635359115,0.5027624309392266,0.14917127071823205
150,-63.74038066053015,113,0.4705156982335452,0.001762555555257602,1.5636841708980433,0.10619469026548672,0.26548672566371684,0.4247787610619469,0.20353982300884957
151,-126.65249024371116,154,0.4681723214389219,0.0017504268208253044,1.6196928148129854,0.14935064935064934,0.15584415584415584,0.487012987012987,0.2077922077922078
152,-62.99124373872653,116,0.46584061569974305,0.0017383815482722598,1.5506492308359079,0.19827586206896552,0.1810344827586207,0.45689655172413796,0.16379310344827586
153,-78.38547265637627,308,0.4635205228889778,0.001726419163269355,1.5514026877421996,0.09740259740259741,0.1590909090909091,0.5551948051948052,0.18831168831168832
154,-209.6775647753833,278,0.4612119851690938,0.0017145390954396275,1.657525028382682,0.1510791366906475,0.1618705035971223,0.4784172661870504,0.20863309352517986
155,-170.67654698838942,184,0.4589149449906151,0.00170274077833107,1.6895021167769602,0.10869565217391304,0.15217391304347827,0.5543478260869565,0.18478260869565216
156,-27.078505920068224,369,0.4566293450906877,0.0016910236493896207,1.7450850900502364,0.14092140921409213,0.15447154471544716,0.5284552845528455,0.17615176151761516
157,-110.9952342696496,435,0.45435512849165205,0.0016793871499323405,1.6101485097408086,0.11724137931034483,0.15172413793103448,0.5770114942528736,0.15402298850574714
158,22.08319861992662,205,0.4520922384996226,0.0016678307251207745,1.6629365518399477,0.0975609756097561,0.15609756097560976,0.551219512195122,0.1951219512195122
159,-52.15318615038082,240,0.44984061870307446,0.001656353823934497,1.5614275723298883,0.09583333333333334,0.19166666666666668,0.5291666666666667,0.18333333333333332
160,131.51529914666162,1000,0.4476002129714371,0.0016449558991448378,1.7114002683045064,0.308,0.209,0.173,0.31
161,-13.791404164692224,218,0.4453709654536952,0.0016336364072887907,1.697704114742343,0.13302752293577982,0.1926605504587156,0.5045871559633027,0.16972477064220184
162,-20.024146615197523,235,0.44315282057699623,0.0016223948086431,1.6852031703029975,0.1148936170212766,0.19148936170212766,0.5063829787234042,0.18723404255319148
163,-199.49507731501143,167,0.4409457230452651,0.0016112305671985266,1.603837960034078,0.10179640718562874,0.23353293413173654,0.47904191616766467,0.18562874251497005
164,-32.940343620059,109,0.4387496178378257,0.0016001431506342896,1.5751539338603735,0.11009174311926606,0.1651376146788991,0.5412844036697247,0.1834862385321101
165,-24.086121596474584,98,0.43656445020802925,0.0015891320302926862,1.631897807161904,0.10204081632653061,0.24489795918367346,0.46938775510204084,0.1836734693877551
166,-19.7952882269243,307,0.4343901656818896,0.0015781966811538838,1.5957539581295714,0.09771986970684039,0.1758957654723127,0.5504885993485342,0.1758957654723127
167,86.79954793890265,1000,0.4322267100567252,0.0015673365818108867,1.7010098790881698,0.261,0.208,0.234,0.297
168,-84.82528156274358,234,0.4300740293998078,0.0015565512144446758,1.643754539978099,0.1581196581196581,0.20085470085470086,0.4358974358974359,0.20512820512820512
169,-128.48168478032022,501,0.4279320700470182,0.0015458400647995172,1.626417276164157,0.15568862275449102,0.1656686626746507,0.5189620758483033,0.1596806387225549
170,-70.35457358933004,102,0.4258007786015082,0.0015352026221584433,1.6098373984695222,0.17647058823529413,0.11764705882352941,0.5490196078431373,0.1568627450980392
171,-54.2299759209521,277,0.42368010193236966,0.0015246383793189005,1.5534756776875154,0.11191335740072202,0.18772563176895307,0.5523465703971119,0.148014440433213
172,-95.83762264085935,219,0.4215699871733098,0.0015141468325685658,1.6054538201307595,0.1278538812785388,0.1506849315068493,0.5570776255707762,0.1643835616438356
173,-244.19157474567427,127,0.4194703817213335,0.001503727481661329,1.8922355319495328,0.1732283464566929,0.15748031496062992,0.47244094488188976,0.1968503937007874
174,-54.49928518916195,201,0.41738123323543186,0.001493379829793441,1.8174820850793292,0.09950248756218906,0.208955223880597,0.48756218905472637,0.20398009950248755
175,-22.533245912749123,343,0.41530248963527744,0.0014831033835798254,1.7120494189570243,0.1282798833819242,0.1749271137026239,0.5597667638483965,0.13702623906705538
176,-34.30002681847181,131,0.41323409909992587,0.0014728976530305534,1.7098500456150656,0.0916030534351145,0.16030534351145037,0.5038167938931297,0.24427480916030533
177,-55.777090324808995,329,0.4111760100665241,0.0014627621515274811,1.7275696746775098,0.1580547112462006,0.16109422492401215,0.5045592705167173,0.1762917933130699
178,32.00945980163198,108,0.4091281712290249,0.0014526963958010467,1.7808163328572366,0.08333333333333333,0.19444444444444445,0.5370370370370371,0.18518518518518517
179,-33.65318350492677,184,0.407090531536908,0.0014426999059072281,1.6403609572739577,0.1956521739130435,0.17391304347826086,0.5108695652173914,0.11956521739130435
180,3.470382461513495,92,0.40506304019390726,0.0014327722052046583,1.6650574968585279,0.11956521739130435,0.1956521739130435,0.5,0.18478260869565216
181,55.93471807568224,172,0.40304564665674447,0.0014229128203318991,1.6453983447592884,0.10465116279069768,0.19186046511627908,0.5,0.20348837209302326
182,-45.264500794155886,210,0.40103830063386947,0.0014131212811848708,1.6174040163181802,0.10952380952380952,0.1761904761904762,0.5047619047619047,0.20952380952380953
183,85.64635856838152,1000,0.39904095208420615,0.001403397120894437,1.6248742783819672,0.215,0.272,0.247,0.266
184,-66.44160086968625,174,0.3970535512159053,0.0013937398758041444,1.60303620003407,0.08620689655172414,0.25287356321839083,0.4827586206896552,0.1781609195402299
185,-156.35807493156378,750,0.3950760484851031,0.0013841490854481144,1.5705342571529266,0.08933333333333333,0.18,0.552,0.17866666666666667
186,26.979179230448196,164,0.39310839459468616,0.0013746242925290883,1.5252435332767682,0.12804878048780488,0.16463414634146342,0.524390243902439,0.18292682926829268
187,-29.384485563741947,183,0.3911505404930626,0.0013651650428966229,1.728140589155835,0.13114754098360656,0.18579234972677597,0.47540983606557374,0.20765027322404372
188,-22.706237238218208,224,0.38920243737293914,0.0013557708855254362,1.6684713878675983,0.09821428571428571,0.1875,0.5,0.21428571428571427
189,-47.52395126950354,178,0.3872640366701046,0.0013464413724939021,1.6976760580043722,0.1404494382022472,0.20786516853932585,0.42696629213483145,0.2247191011235955
190,-2.7576088690756535,276,0.385335290062219,0.0013371760589626926,1.649604112133304,0.14855072463768115,0.19202898550724637,0.4782608695652174,0.18115942028985507
191,-260.13406735558283,575,0.38341614946760905,0.0013279745031535685,1.6202171210568856,0.11130434782608696,0.17043478260869566,0.5756521739130435,0.1426086956521739
192,-32.60981907621051,329,0.3815065670440695,0.001318836266328314,1.584897974046196,0.08206686930091185,0.16717325227963525,0.5440729483282675,0.2066869300911854
193,-140.73261664535733,364,0.3796064951876705,0.0013097609127678182,1.6809751302300713,0.14560439560439561,0.20604395604395603,0.4807692307692308,0.16758241758241757
194,-51.45158207590521,289,0.3777158865315709,0.0013007480097512987,1.7407117487192019,0.11764705882352941,0.17647058823529413,0.5190311418685121,0.18685121107266436
195,-63.0813140589392,464,0.37583469394483743,0.0012917971275356699,1.7063829903370185,0.10129310344827586,0.1724137931034483,0.5668103448275862,0.15948275862068967
196,7.573415410231931,120,0.37396287053126975,0.001282907839335052,1.71588381162788,0.08333333333333333,0.21666666666666667,0.475,0.225
197,-18.18295772357196,1000,0.3721003696282314,0.0012740797213004217,1.653479041818674,0.185,0.183,0.473,0.159
198,-101.71295322407025,446,0.3702471448054865,0.0012653123524994027,1.6492154313972036,0.1031390134529148,0.16591928251121077,0.5448430493273543,0.1860986547085202
199,-54.051653753995225,364,0.3684031498640423,0.0012566053148961949,1.6036727961680037,0.08791208791208792,0.17307692307692307,0.5631868131868132,0.17582417582417584
200,95.2678595885798,1000,0.3665683388349977,0.0012479581933316425,1.5723938951948084,0.313,0.182,0.299,0.206
201,-67.45496820324814,723,0.3647426659783969,0.001239370575503439,1.709470657316115,0.1355463347164592,0.16182572614107885,0.5352697095435685,0.1673582295988935
202,43.571999984216475,1000,0.36292608578208946,0.0012308420519464677,1.688180349123659,0.204,0.157,0.413,0.226
203,-224.54706983667728,355,0.36111855296059564,0.0012223722160132787,1.6421448449993694,0.14929577464788732,0.2112676056338028,0.48732394366197185,0.15211267605633802
204,-33.343968094302994,355,0.3593200224539774,0.0012139606638546987,1.7298517225251575,0.12112676056338029,0.16619718309859155,0.5014084507042254,0.2112676056338028
205,42.697522502888525,1000,0.3575304494267152,0.0012056069944005763,1.7138294917746657,0.267,0.171,0.36,0.202
206,91.78480543075572,1000,0.3557497892665903,0.0011973108093406575,1.7009931288794078,0.235,0.204,0.268,0.293
207,8.445685734406808,261,0.35397799758357257,0.0011890717131055946,1.7032306116091167,0.12643678160919541,0.15708812260536398,0.5095785440613027,0.20689655172413793
208,102.76231022553816,1000,0.3522150302087139,0.001180889312848085,1.6644095230594715,0.32,0.195,0.291,0.194
209,24.05390739655374,208,0.35046084319304716,0.0011727632184241397,1.5794476591215683,0.12980769230769232,0.16826923076923078,0.5336538461538461,0.16826923076923078
210,85.14720380605748,1000,0.3487153928064905,0.001164693042374481,1.6615494098679349,0.353,0.191,0.298,0.158
211,6.786174418317145,123,0.34697863553675734,0.001156678399906068,1.610863487667136,0.13008130081300814,0.2032520325203252,0.5121951219512195,0.15447154471544716
212,-46.71425690998244,476,0.3452505280882715,0.0011487189088737499,1.6514480769134592,0.11554621848739496,0.1638655462184874,0.542016806722689,0.17857142857142858
213,-7.183370515908734,154,0.34353102738108804,0.001140814189762044,1.5801472386118722,0.11038961038961038,0.15584415584415584,0.525974025974026,0.2077922077922078
214,-121.01477127099844,587,0.34182009054981916,0.0011329638656670407,1.5957810604761233,0.1141396933560477,0.1635434412265758,0.514480408858603,0.20783645655877342
215,106.38739736237852,1000,0.3401176749425658,0.0011251675622784326,1.6174069677547178,0.333,0.208,0.189,0.27
216,62.355789305541634,1000,0.3384237381198542,0.0011174249078616666,1.5948450431543555,0.118,0.146,0.255,0.481
217,-25.77264079702752,301,0.33673823785357804,0.0011097355332402193,1.6990171223158024,0.09966777408637874,0.14950166112956811,0.5647840531561462,0.18604651162790697
218,78.52420710429188,1000,0.3350611321259457,0.0011020990717779946,1.6599699209137562,0.186,0.239,0.402,0.173
219,16.39878190022821,1000,0.33339237912843267,0.001094515159361842,1.6167424953611067,0.17,0.164,0.496,0.17
220,-35.46145147601514,1000,0.3317319372607396,0.0010869834343841954,1.579026365708894,0.117,0.234,0.447,0.202
221,-18.045106495762525,295,0.3300797651297549,0.0010795035377258312,1.5746924903206805,0.11864406779661017,0.17288135593220338,0.5254237288135594,0.18305084745762712
222,124.68846853688868,1000,0.3284358215485232,0.0010720751127387454,1.5862824415047447,0.314,0.181,0.254,0.251
223,8.360616327871725,397,0.32680006553521834,0.0010646978052291486,1.5811413438113249,0.12594458438287154,0.1889168765743073,0.5365239294710328,0.1486146095717884
224,-106.12432812940445,692,0.3251724563121218,0.0010573712634405767,1.5584990254347546,0.09248554913294797,0.16473988439306358,0.5765895953757225,0.16618497109826588
225,-83.2581031709691,564,0.3235529533046063,0.00105009513803712,1.612111665949345,0.12234042553191489,0.16843971631205673,0.5478723404255319,0.16134751773049646
226,-22.307360676607814,85,0.32194151614012406,0.0010428690820867659,1.6341931145972868,0.1411764705882353,0.18823529411764706,0.5647058823529412,0.10588235294117647
227,-76.30987545288673,345,0.32033810464720053,0.001035692751044857,1.6551559063131156,0.10144927536231885,0.1391304347826087,0.5739130434782609,0.1855072463768116
228,-39.658870515097206,154,0.3187426788544329,0.0010285658027376627,1.5941730384792416,0.11038961038961038,0.15584415584415584,0.538961038961039,0.19480519480519481
229,42.19370046619327,1000,0.31715519898949374,0.0010214878973460653,1.5986727978203195,0.225,0.18,0.426,0.169
230,-164.4427588298258,134,0.31557562547813933,0.0010144586973893548,1.609104165974734,0.208955223880597,0.14925373134328357,0.4626865671641791,0.1791044776119403
231,93.03625255964468,1000,0.3140039189432234,0.00100747786770914,1.6528855214031482,0.238,0.157,0.183,0.422
232,-10.53425210786115,201,0.3124400402037151,0.0010005450754533658,1.6048952919710937,0.13432835820895522,0.23383084577114427,0.4129353233830846,0.21890547263681592
233,-46.88412482436549,160,0.3108839502737227,0.0009936599900604443,1.6181772676118675,0.125,0.2125,0.44375,0.21875
234,-31.83576385588502,89,0.30933561036152135,0.0009868222832434916,1.6167089358494835,0.06741573033707865,0.25842696629213485,0.5280898876404494,0.14606741573033707
235,-98.569755338501,325,0.3077949818685863,0.0009800316289746765,1.6108994009825746,0.13230769230769232,0.1753846153846154,0.5169230769230769,0.1753846153846154
236,-46.46074717965665,122,0.3062620263886305,0.0009732877034696739,1.6042593598680366,0.05737704918032787,0.29508196721311475,0.4180327868852459,0.22950819672131148
237,-66.72455070440927,260,0.3047367057066472,0.0009665901851722271,1.718696357373093,0.11153846153846154,0.15384615384615385,0.5692307692307692,0.16538461538461538
238,-102.30242677036486,785,0.3032189817979574,0.0009599387547388154,1.7327658657593443,0.1337579617834395,0.15668789808917197,0.5605095541401274,0.14904458598726114
239,-19.002094574557773,139,0.3017088168272619,0.000953333095023428,1.732847640021626,0.14388489208633093,0.18705035971223022,0.4892086330935252,0.17985611510791366
240,-48.53933764999633,96,0.30020617314769793,0.0009467728910624417,1.7087523767420254,0.14583333333333334,0.2604166666666667,0.4166666666666667,0.17708333333333334
241,-19.109906043478915,144,0.2987110132999009,0.0009402578300596034,1.6893570526718291,0.1111111111111111,0.20833333333333334,0.4236111111111111,0.2569444444444444
242,83.75631353432071,1000,0.2972233000110704,0.0009337876013711156,1.6562700466807019,0.317,0.346,0.176,0.161
243,-67.84814391134907,113,0.2957429961940411,0.0009273618964908249,1.5975103616526245,0.09734513274336283,0.26548672566371684,0.45132743362831856,0.18584070796460178
244,11.039611791039277,131,0.29427006494635827,0.0009209804090355117,1.6503023582605765,0.08396946564885496,0.22900763358778625,0.48091603053435117,0.20610687022900764
245,-67.51896352026363,1000,0.2928044695493577,0.000914642834730282,1.5990743360655237,0.116,0.154,0.566,0.164
246,-81.58680052254545,261,0.2913461734672504,0.0009083488713940591,1.5941192582992425,0.10344827586206896,0.18007662835249041,0.5402298850574713,0.17624521072796934
247,-74.07453083152087,1000,0.28989514034621183,0.0009020982189251753,1.5918188715010146,0.117,0.158,0.569,0.156
248,-77.77529856820763,126,0.2884513340134756,0.0008958905792870631,1.5863207656462117,0.19047619047619047,0.23015873015873015,0.4365079365079365,0.14285714285714285
249,-102.97209914778134,414,0.2870147184764318,0.000889725656494044,1.5858553700784725,0.0966183574879227,0.2028985507246377,0.5,0.20048309178743962
250,-36.85026910432403,143,0.28558525792172956,0.0008836031565972163,1.5766099349880514,0.11188811188811189,0.24475524475524477,0.43356643356643354,0.2097902097902098
251,-55.102928683038186,229,0.2841629167143845,0.0008775227876704388,1.6011263701265501,0.15283842794759825,0.14410480349344978,0.5327510917030568,0.1703056768558952
252,-21.060034121101197,102,0.28274765939689017,0.0008714842597964118,1.5953779337623963,0.1568627450980392,0.16666666666666666,0.5490196078431373,0.12745098039215685
253,26.21276890135273,199,0.28133945068833427,0.0008654872850528536,1.5596334389228446,0.12060301507537688,0.15577889447236182,0.5376884422110553,0.18592964824120603
254,-85.06289084421735,209,0.2799382554835191,0.000859531577498772,1.5815745196514044,0.215311004784689,0.11483253588516747,0.5311004784688995,0.13875598086124402
255,-70.70529481263239,130,0.2785440388520863,0.0008536168531608304,1.5686442978293433,0.19230769230769232,0.2076923076923077,0.38461538461538464,0.2153846153846154
256,77.05114889408767,1000,0.27715676603764633,0.0008477428300198077,1.536590159280828,0.273,0.135,0.425,0.167
257,18.716470209317837,1000,0.27577640245691176,0.0008419092279971516,1.5336065806781756,0.168,0.156,0.52,0.156
258,80.03139225604829,1000,0.2744029136988354,0.0008361157689416238,1.5239543935806856,0.258,0.181,0.396,0.165
259,-48.58023991517576,353,0.2730362655237522,0.0008303621766160378,1.5177372176565123,0.10764872521246459,0.1954674220963173,0.5495750708215298,0.14730878186968838
260,-29.62119625109075,195,0.2716764238625259,0.0008246481766840876,1.503698737054273,0.1076923076923077,0.2205128205128205,0.517948717948718,0.15384615384615385
261,96.68629835644771,1000,0.2703233548156995,0.000818973496697267,1.5424086437648452,0.191,0.478,0.239,0.092
262,-123.70739673645218,522,0.2689770246526506,0.0008133378660818794,1.5199883825475313,0.09578544061302682,0.1781609195402299,0.5593869731800766,0.16666666666666666
263,-10.748306504300487,476,0.26763739981075,0.0008077410161261361,1.5080948991370087,0.15756302521008403,0.15546218487394958,0.5210084033613446,0.16596638655462184
264,-40.595820682912716,184,0.2663044468945255,0.0008021826799673441,1.549718909297201,0.19021739130434784,0.17391304347826086,0.5,0.1358695652173913
265,152.57013975883285,1000,0.2649781326748289,0.000796662592579182,1.557714958881497,0.415,0.178,0.237,0.17
266,-44.50822339572824,528,0.26365842408800805,0.000791180490759063,1.525659974621876,0.13825757575757575,0.1534090909090909,0.5397727272727273,0.16856060606060605
267,-4.290670900609745,1000,0.26234528823508246,0.0007857361131155856,1.550331615531231,0.197,0.305,0.216,0.282
268,-55.658665511643235,185,0.2610386923809231,0.0007803292000560697,1.5201920098193058,0.14594594594594595,0.10810810810810811,0.6108108108108108,0.13513513513513514
269,229.74168509861272,385,0.25973860395343634,0.0007749594937741795,1.5216425695732159,0.2519480519480519,0.2,0.36363636363636365,0.18441558441558442
270,16.311409648938294,102,0.25844499054275216,0.0007696267382376308,1.5384759331186078,0.0784313725490196,0.21568627450980393,0.5882352941176471,0.11764705882352941
271,-135.2452928033976,700,0.257157819900416,0.0007643306791759831,1.5216239222892187,0.13142857142857142,0.14857142857142858,0.57,0.15
272,14.878801191510973,250,0.2558770599385848,0.0007590710640685158,1.521884476422487,0.084,0.18,0.548,0.188
273,-73.84307633565467,194,0.25460267872922737,0.0007538476421321883,1.52585230903723,0.15979381443298968,0.19072164948453607,0.4845360824742268,0.16494845360824742
274,-68.92330946986364,249,0.25333464450332815,0.0007486601643096816,1.5157011947725527,0.10441767068273092,0.1606425702811245,0.5582329317269076,0.17670682730923695
275,-145.2542664403186,723,0.25207292565009537,0.0007435083832575234,1.5087945547848711,0.10511756569847856,0.16459197786998617,0.5629322268326418,0.1673582295988935
276,118.24562212406455,1000,0.25081749071617304,0.0007383920533342948,1.5276939425744054,0.426,0.137,0.167,0.27
277,19.584237696272666,171,0.24956830840485686,0.0007333109305889175,1.5621286521842528,0.1695906432748538,0.13450292397660818,0.543859649122807,0.15204678362573099
278,-57.5757847406623,287,0.2483253475753139,0.0007282647727490224,1.5328201829007042,0.17073170731707318,0.16376306620209058,0.5226480836236934,0.14285714285714285
279,-5.463671510867131,1000,0.24708857724180652,0.0007232533392093973,1.5277132484426688,0.119,0.155,0.536,0.19
280,11.511825829210835,374,0.24585796657291967,0.0007182763910205153,1.5398726935347733,0.18716577540106952,0.13636363636363635,0.5401069518716578,0.13636363636363635
281,-30.826491351731903,92,0.24463348489079248,0.0007133336908771411,1.5181890587793807,0.2391304347826087,0.15217391304347827,0.41304347826086957,0.1956521739130435
282,59.78778513808715,1000,0.2434151016703534,0.0007084250031070158,1.5138654737957955,0.288,0.116,0.251,0.345
283,-114.35746215713806,526,0.2422027865385593,0.0007035500936596204,1.4945858436015735,0.13688212927756654,0.14638783269961977,0.5475285171102662,0.16920152091254753
284,-26.855742310289713,461,0.24099650927363828,0.0006987087300950158,1.5399657602333876,0.09544468546637744,0.1735357917570499,0.559652928416486,0.17136659436008678
285,-22.904809101767682,169,0.2397962398043362,0.0006939006815727599,1.5584749377344538,0.07692307692307693,0.20710059171597633,0.47337278106508873,0.24260355029585798
286,34.397374900430094,93,0.23860194820916716,0.0006891257188409008,1.5370840073869165,0.1935483870967742,0.16129032258064516,0.5268817204301075,0.11827956989247312
287,-737.2838513812363,225,0.2374136047156675,0.0006843836142250461,1.5313663272436007,0.04888888888888889,0.11555555555555555,0.7333333333333333,0.10222222222222223
288,116.40686545984192,723,0.23623117969965363,0.000679674141617507,1.5119634234637866,0.15767634854771784,0.14661134163208853,0.4979253112033195,0.19778699861687413
289,-38.21893773270273,116,0.23505464368448353,0.0006749970764665174,1.5418106445804516,0.08620689655172414,0.2413793103448276,0.46551724137931033,0.20689655172413793
290,-85.43020080007616,443,0.23388396734032196,0.0006703521957655269,1.5044771773480752,0.11512415349887133,0.14446952595936793,0.5936794582392777,0.14672686230248308
291,62.28078300472876,1000,0.23271912148340923,0.000665739278042568,1.4911928659372429,0.31,0.165,0.359,0.166
292,-81.09104867249445,120,0.2315600770753337,0.0006611581033496956,1.4923281651917593,0.15,0.18333333333333332,0.55,0.11666666666666667
293,-298.9306450042725,567,0.2304068052223079,0.0006566084532525002,1.4772494604724942,0.12345679012345678,0.11816578483245149,0.5185185185185185,0.23985890652557318
294,9.041921692609634,113,0.22925927717444824,0.0006520901108196926,1.4359390518873016,0.1504424778761062,0.17699115044247787,0.49557522123893805,0.17699115044247787
295,129.53125160432148,1000,0.22811746432505836,0.0006476028606127603,1.4908505700451051,0.477,0.114,0.213,0.196
296,-66.66257475417649,80,0.2269813382099158,0.0006431464886756951,1.4802852936099358,0.2125,0.225,0.35,0.2125
297,141.56302914116694,1000,0.2258508705065627,0.000638720782524792,1.437689451250485,0.514,0.129,0.216,0.141
298,-2.7844365965435287,122,0.22472603303359945,0.0006343255311385171,1.5396715627427346,0.09016393442622951,0.19672131147540983,0.5245901639344263,0.1885245901639344
299,-14.253516199931966,320,0.2236067977499824,0.0006299605249474466,1.4699835486681585,0.1375,0.190625,0.5,0.171875
300,-60.82536244966843,117,0.22249313675432472,0.0006256255558242739,1.505475341287969,0.08547008547008547,0.21367521367521367,0.3333333333333333,0.36752136752136755
301,-202.18725714626072,335,0.22138502228420082,0.0006213204170738859,1.4784680657019658,0.16716417910447762,0.16716417910447762,0.5164179104477612,0.14925373134328357
302,-45.25252807425173,79,0.22028242671545434,0.000617044903423508,1.4611473837057878,0.20253164556962025,0.12658227848101267,0.4430379746835443,0.22784810126582278
303,-60.90270543514291,664,0.21918532256150944,0.0006127988110129158,1.452493970641292,0.2063253012048193,0.1566265060240964,0.4939759036144578,0.1430722891566265
304,-20.230083584244255,80,0.21809368247268562,0.0006085819373847157,1.4585194054251012,0.025,0.2375,0.5375,0.2
305,3.9704593968216386,192,0.21700747923551592,0.0006043940814746911,1.4393916734442023,0.109375,0.19270833333333334,0.5520833333333334,0.14583333333333334
306,8.004990820261725,189,0.2159266857720685,0.0006002350436022153,1.4620053222880007,0.20634920634920634,0.14285714285714285,0.5026455026455027,0.14814814814814814
307,-80.3276698572832,215,0.21485127513927166,0.0005961046254607311,1.4727643821718117,0.08372093023255814,0.17209302325581396,0.5674418604651162,0.17674418604651163
308,-24.64838172724373,147,0.21378122052824208,0.0005920026301082949,1.4921371753878274,0.12244897959183673,0.2108843537414966,0.4965986394557823,0.17006802721088435
309,35.050909832251335,144,0.21271649526361663,0.0005879288619581864,1.4922561314312672,0.2777777777777778,0.1597222222222222,0.4166666666666667,0.14583333333333334
310,-107.86763960621225,126,0.21165707280288729,0.0005838831267695832,1.4643375901473579,0.16666666666666666,0.2222222222222222,0.3968253968253968,0.21428571428571427
311,250.68057064977936,296,0.2106029267357395,0.0005798652316382989,1.4784045966440282,0.2668918918918919,0.11824324324324324,0.47297297297297297,0.14189189189189189
312,4.06501062617393,107,0.20955403078339377,0.0005758749849875851,1.3985019956368474,0.18691588785046728,0.16822429906542055,0.4953271028037383,0.14953271028037382
313,-4.5813439015063295,124,0.2085103587979506,0.0005719121965589974,1.413825648486449,0.056451612903225805,0.21774193548387097,0.5403225806451613,0.18548387096774194
314,108.57236656749416,1000,0.20747188476173858,0.0005679766774033234,1.424659056345008,0.433,0.298,0.159,0.11
315,9.986144836374294,216,0.2064385827866659,0.0005640682398715733,1.4408829546372526,0.1527777777777778,0.16666666666666666,0.5046296296296297,0.17592592592592593
316,-63.82775229784056,173,0.20541042711357488,0.0005601866976060327,1.4314429882009696,0.2254335260115607,0.24277456647398843,0.41040462427745666,0.12138728323699421
317,-20.881742926224092,107,0.2043873921115999,0.0005563318655313771,1.3751982459332737,0.3177570093457944,0.1308411214953271,0.38317757009345793,0.16822429906542055
318,207.9022116719633,691,0.20336945227752837,0.0005525035598458474,1.3975136497048004,0.3068017366136035,0.1548480463096961,0.3907380607814761,0.1476121562952243
319,-20.151196818482873,111,0.20235658223516506,0.0005487015980124855,1.407070439430167,0.18018018018018017,0.17117117117117117,0.4864864864864865,0.16216216216216217
320,-42.29568763749403,183,0.2013487567346994,0.0005449257987504316,1.3884017936232258,0.1092896174863388,0.18579234972677597,0.5136612021857924,0.1912568306010929
321,213.4920551048724,591,0.20034595065207608,0.0005411759820262798,1.4123066626285008,0.311336717428088,0.17597292724196278,0.3688663282571912,0.14382402707275804
322,-38.768147266239836,138,0.19934813898836876,0.0005374519690454946,1.4587733807749876,0.1956521739130435,0.16666666666666666,0.463768115942029,0.17391304347826086
323,48.29873803382184,1000,0.1983552968691568,0.000533753582243885,1.4507962982480818,0.232,0.171,0.439,0.158
324,152.14193510363967,1000,0.1973673995439052,0.0005300806452791393,1.4058472909021675,0.585,0.095,0.163,0.157
325,-120.85969742607149,467,0.19638442238534762,0.0005264329830224157,1.3777040109182235,0.14989293361884368,0.16916488222698073,0.5182012847965739,0.16274089935760172
326,-51.39176249104629,297,0.19540634088887243,0.0005228104215499929,1.3621929042850296,0.16161616161616163,0.13131313131313133,0.5454545454545454,0.16161616161616163
327,-25.72888081721952,170,0.1944331306719118,0.0005192127881349766,1.3603347170312943,0.15294117647058825,0.18823529411764706,0.49411764705882355,0.16470588235294117
328,-3.620891390648538,130,0.19346476747333397,0.0005156399112390642,1.3601241891778626,0.14615384615384616,0.16923076923076924,0.5076923076923077,0.17692307692307693
329,248.40519461755008,356,0.19250122715283827,0.0005120916205043656,1.3471065001007485,0.4803370786516854,0.1151685393258427,0.26685393258426965,0.13764044943820225
330,26.54073277298407,111,0.19154248569035348,0.0005085677467452802,1.3304697470601428,0.0990990990990991,0.18018018018018017,0.5495495495495496,0.17117117117117117
331,-20.72020384944743,83,0.190588519185439,0.0005050681219404303,1.4162327754662092,0.0963855421686747,0.1686746987951807,0.46987951807228917,0.26506024096385544
332,-145.57070651583606,135,0.18963930385668903,0.0005015925792246494,1.3664489841868768,0.08888888888888889,0.1259259259259259,0.4962962962962963,0.28888888888888886
333,-31.33813609854809,133,0.18869481604113966,0.000498140952881026,1.3796845379877183,0.24812030075187969,0.12030075187969924,0.5112781954887218,0.12030075187969924
334,11.367176660420405,1000,0.1877550321936791,0.0004947130783330022,1.3327168328509125,0.171,0.132,0.315,0.382
335,-238.36839452607904,321,0.18681992888646057,0.0004913087921365264,1.32889180079053,0.1526479750778816,0.17133956386292834,0.5171339563862928,0.1588785046728972
336,235.02980058026097,554,0.18588948280831843,0.00048792793197226003,1.3244884338844247,0.4368231046931408,0.10649819494584838,0.33754512635379064,0.11913357400722022
337,-94.03333686398987,438,0.18496367076418696,0.0004845703366378385,1.34582730718676,0.11643835616438356,0.13926940639269406,0.5844748858447488,0.1598173515981735
338,-15.842249818579035,150,0.18404246967452215,0.0004812358460401845,1.337679683671286,0.14666666666666667,0.18666666666666668,0.48,0.18666666666666668
339,150.41742379655412,1000,0.18312585657472633,0.0004779243011878747,1.3144349273481306,0.441,0.124,0.134,0.301
340,108.86857547259267,1000,0.18221380861457573,0.00047463554418355894,1.3301136046298445,0.609,0.096,0.171,0.124
341,202.83700706009887,737,0.18130630305765083,0.0004713694182164316,1.326263033148819,0.42198100407055633,0.12754409769335143,0.32700135685210313,0.12347354138398914
342,-45.14153771491782,95,0.18040331728076958,0.0004681257675547547,1.2862454104875178,0.17894736842105263,0.23157894736842105,0.42105263157894735,0.16842105263157894
343,201.73297272134275,993,0.17950482877342336,0.00046490443753843233,1.3095216411230928,0.5337361530715005,0.10574018126888217,0.17421953675730112,0.1863041289023162
344,166.54610217468354,510,0.17861081513721588,0.00046170527457163656,1.3072971120100265,0.11960784313725491,0.1568627450980392,0.4117647058823529,0.31176470588235294
345,-42.34119289953019,1000,0.17772125408530481,0.00045852812611548366,1.3320935464858674,0.207,0.15,0.322,0.321
346,-16.260891844812036,149,0.17683612344184615,0.00045537284068076107,1.3552601545460434,0.08053691275167785,0.22818791946308725,0.5234899328859061,0.16778523489932887
347,259.74431580540863,491,0.17595540114144145,0.0004522392678207041,1.3343260233012497,0.48268839103869654,0.1425661914460285,0.2668024439918534,0.1079429735234216
348,264.2133534163509,576,0.17507906522858774,0.0004491272581238226,1.3386774995328377,0.6267361111111112,0.1111111111111111,0.14756944444444445,0.11458333333333333
349,47.51457849836555,138,0.17420709385713018,0.00044603666320677695,1.2770039738183234,0.09420289855072464,0.17391304347826086,0.5942028985507246,0.13768115942028986
350,20.271347347704634,116,0.17333946528971744,0.0004429673357073028,1.305895606666686,0.07758620689655173,0.22413793103448276,0.45689655172413796,0.2413793103448276
351,-52.13111910948814,128,0.1724761578972599,0.00043991912927718486,1.2879604525145254,0.1953125,0.1640625,0.4609375,0.1796875
352,262.6275376030422,770,0.17161715015839032,0.00043689189857527903,1.3031357492864235,0.6597402597402597,0.1,0.12597402597402596,0.11428571428571428
353,-169.72977217747922,286,0.1707624206589275,0.00043388549926058205,1.3330717665849576,0.14685314685314685,0.1958041958041958,0.486013986013986,0.17132867132867133
354,10.871772527546128,148,0.16991194809134227,0.0004308997879853495,1.3173921250153198,0.10135135135135136,0.22297297297297297,0.5,0.17567567567567569
355,256.48423667610035,598,0.16906571125422645,0.0004279346223882607,1.299348546233196,0.5250836120401338,0.21906354515050167,0.1705685618729097,0.08528428093645485
356,281.5004283434731,943,0.16822368905176427,0.00042498986108763085,1.3395585884426042,0.46447507953340406,0.1378579003181336,0.15270413573700956,0.2449628844114528
357,-15.027336683987073,156,0.16738586049320645,0.00042206536367466987,1.3650045225799363,0.20512820512820512,0.14743589743589744,0.4358974358974359,0.21153846153846154
358,243.02281918285155,223,0.16655220469234697,0.00041916099070678746,1.3254439904931425,0.3094170403587444,0.13004484304932734,0.43946188340807174,0.1210762331838565
359,242.66139057557794,511,0.1657227008670024,0.0004162766037009445,1.3238025687169037,0.47162426614481406,0.13894324853228962,0.16046966731898238,0.22896281800391388
360,264.61026410294727,228,0.16489732833849374,0.00041341206512705,1.3206528689063441,0.3815789473684211,0.14035087719298245,0.3508771929824561,0.12719298245614036
361,256.9652422343057,314,0.16407606653113102,0.00041056723840140346,1.2889469677659195,0.49044585987261147,0.10828025477707007,0.27388535031847133,0.12738853503184713
362,-5.653587009289595,92,0.16325889497170032,0.00040774198788018254,1.2756556703792632,0.11956521739130435,0.2608695652173913,0.42391304347826086,0.1956521739130435
363,25.36030735456808,201,0.16244579328895342,0.00040493617885297545,1.3131398711223905,0.0945273631840796,0.19900497512437812,0.4925373134328358,0.21393034825870647
364,257.6165248380868,239,0.16163674121309993,0.00040214967753635783,1.291274616783057,0.38493723849372385,0.17154811715481172,0.301255230125523,0.14225941422594143
365,46.12642732105326,114,0.16083171857530196,0.00039938235106751376,1.2916826336269929,0.11403508771929824,0.16666666666666666,0.5789473684210527,0.14035087719298245
366,-117.22236665917488,206,0.16003070530717145,0.0003966340674979008,1.2949374669693352,0.18932038834951456,0.22330097087378642,0.441747572815534,0.14563106796116504
367,-50.814403385674865,226,0.1592336814402698,0.0003939046957869587,1.304744748047176,0.13716814159292035,0.14601769911504425,0.5221238938053098,0.19469026548672566
368,9.47419894344118,92,0.15844062710561005,0.000391194105795861,1.2894011605647029,0.11956521739130435,0.14130434782608695,0.6195652173913043,0.11956521739130435
369,-103.98617667629392,845,0.15765152253316161,0.00038850216828131004,1.295927431944656,0.30177514792899407,0.07337278106508875,0.19763313609467456,0.4272189349112426
370,244.13461213721598,926,0.15686634805135746,0.00038582875488937465,1.2891491913611959,0.6609071274298056,0.12419006479481641,0.13390928725701945,0.08099352051835854
371,31.976808102815625,212,0.15608508408660363,0.00038317373814936997,1.2807590544069913,0.1179245283018868,0.18867924528301888,0.5,0.19339622641509435
372,15.467204442884807,149,0.15530771116279135,0.00038053699146777946,1.2755272912787898,0.09395973154362416,0.20134228187919462,0.4899328859060403,0.21476510067114093
373,40.926813582616205,182,0.15453420990081157,0.000377918389122219,1.2654003155520244,0.13186813186813187,0.2032967032967033,0.47802197802197804,0.18681318681318682
374,-68.79304825912759,158,0.1537645610180717,0.0003753178062554423,1.260719827772657,0.21518987341772153,0.12025316455696203,0.5189873417721519,0.14556962025316456
375,-95.60700823091268,125,0.15299874532801508,0.00037273511886938744,1.2859810852919813,0.144,0.184,0.384,0.288
376,-17.15938088308765,303,0.15223674373964258,0.0003701702038192647,1.2513842042017895,0.19801980198019803,0.1782178217821782,0.3795379537953795,0.24422442244224424
377,56.16824510273685,124,0.15147853725703672,0.0003676229388076849,1.3097393609102577,0.1935483870967742,0.12096774193548387,0.5887096774193549,0.0967741935483871
378,37.58438886643464,99,0.1507241069788881,0.0003650932023788281,1.2964945153721896,0.09090909090909091,0.16161616161616163,0.5656565656565656,0.18181818181818182
379,113.15696456723708,1000,0.14997343409802424,0.00036258087391265236,1.288890029264476,0.487,0.279,0.162,0.072
380,112.93506789947466,1000,0.1492264999009407,0.00036008583361914274,1.2788837653482406,0.589,0.094,0.15,0.167
381,254.9830774721728,680,0.14848328576733458,0.0003576079625325995,1.2824828550373057,0.6617647058823529,0.10588235294117647,0.14705882352941177,0.08529411764705883
382,221.58249864624983,989,0.14774377316964035,0.0003551471425059655,1.2779831731603708,0.6855409504550051,0.07987866531850354,0.13043478260869565,0.10414560161779575
383,143.95201043038253,1000,0.147007943672568,0.00035270325620519324,1.2782116581671097,0.543,0.119,0.111,0.227
384,250.53730158180198,772,0.14627577893264343,0.00035027618710364985,1.2741446913259453,0.5867875647668394,0.13471502590673576,0.13601036269430053,0.14248704663212436
385,-119.02095845425127,293,0.14554726069775115,0.00034786581947656136,1.2570088328020381,0.05802047781569966,0.24573378839590443,0.3890784982935154,0.30716723549488056
386,239.1508282381344,862,0.1448223708066793,0.0003454720383954946,1.2918305655964109,0.5614849187935035,0.09164733178654293,0.14153132250580047,0.20533642691415313
387,-58.80577052356227,352,0.14410109118866696,0.00034309472972287745,1.3101052769574084,0.15625,0.25,0.4147727272727273,0.17897727272727273
388,-26.50047910365656,113,0.14338340386295353,0.0003407337801065566,1.252276450532128,0.09734513274336283,0.26548672566371684,0.45132743362831856,0.18584070796460178
389,211.85738219701165,286,0.1426692909383306,0.00033838907697439276,1.2429656608045363,0.22727272727272727,0.4125874125874126,0.2692307692307692,0.09090909090909091
390,12.380555326104684,79,0.14195873461269595,0.00033606050852889326,1.269969484689045,0.05063291139240506,0.189873417721519,0.5063291139240507,0.25316455696202533
391,-51.07106961347377,203,0.14125171717260968,0.0003337479637418814,1.2617464509050116,0.12315270935960591,0.1921182266009852,0.47783251231527096,0.20689655172413793
392,-127.77568806328797,325,0.1405482209928527,0.00033145133234920243,1.276765613283612,0.2153846153846154,0.08307692307692308,0.3323076923076923,0.36923076923076925
393,281.0696274683819,405,0.13984822853598727,0.0003291705048454662,1.2732408373292166,0.562962962962963,0.08148148148148149,0.25679012345679014,0.09876543209876543
394,247.91986143677428,551,0.13915172235191997,0.0003269053724788257,1.2778071374081958,0.5626134301270418,0.07985480943738657,0.1996370235934664,0.15789473684210525
395,19.332932569893913,217,0.13845868507746648,0.0003246558272457919,1.2447946444937035,0.25806451612903225,0.16589861751152074,0.4055299539170507,0.17050691244239632
396,-83.47684284015565,291,0.1377690994359189,0.0003224217618860838,1.2352621227233638,0.2508591065292096,0.15463917525773196,0.4845360824742268,0.10996563573883161
397,-97.2193144629299,72,0.13708294823661493,0.00032020306987751433,1.2040505490723419,0.1527777777777778,0.3194444444444444,0.19444444444444445,0.3333333333333333
398,53.21774745281843,157,0.13640021437450947,0.0003179996454309112,1.2729784362251195,0.1592356687898089,0.1910828025477707,0.5031847133757962,0.1464968152866242
399,-49.60246537881031,152,0.1357208808297481,0.0003158113834850728,1.2370204860588117,0.20394736842105263,0.21052631578947367,0.39473684210526316,0.19078947368421054
400,255.49848905161576,542,0.13504493066724277,0.0003136381797017588,1.2565008953176875,0.5996309963099631,0.13837638376383765,0.19557195571955718,0.06642066420664207
401,-239.35614452124764,259,0.13437234703624976,0.0003114799304607153,1.2396611669258137,0.1583011583011583,0.27413127413127414,0.4015444015444015,0.16602316602316602
402,270.60039651228817,378,0.13370311316994946,0.0003093365328547338,1.2487034296021673,0.5238095238095238,0.12698412698412698,0.25396825396825395,0.09523809523809523
403,30.392930352817928,97,0.1330372123850285,0.000307207884684745,1.2340268386873081,0.14432989690721648,0.17525773195876287,0.5670103092783505,0.1134020618556701
404,239.01547779512052,432,0.13237462808126377,0.0003050938844549454,1.2254830103217613,0.49537037037037035,0.12037037037037036,0.19444444444444445,0.18981481481481483
405,-98.51242626436124,59,0.13171534374110866,0.0003029944313679582,1.2314739094024558,0.2542372881355932,0.288135593220339,0.11864406779661017,0.3389830508474576
406,229.85460280363844,423,0.13105934292928123,0.0003009094253200269,1.254702799397065,0.48226950354609927,0.09692671394799054,0.18912529550827423,0.23167848699763594
407,-103.13369116967417,78,0.1304066092923546,0.00029883876689624264,1.2220567842498882,0.5256410256410257,0.19230769230769232,0.10256410256410256,0.1794871794871795
408,224.48977171692934,565,0.12975712655834912,0.0002967823573658037,1.2639462535916386,0.4654867256637168,0.1433628318584071,0.17168141592920355,0.21946902654867256
409,-63.2758988366713,122,0.12911087853632688,0.0002947400986773081,1.2285676895522244,0.12295081967213115,0.16393442622950818,0.5245901639344263,0.1885245901639344
410,240.8442004091929,256,0.128467849115988,0.00029271189345407827,1.2451101114990402,0.13671875,0.46484375,0.296875,0.1015625
411,-23.379224724345065,100,0.12782802226726903,0.0002906976449895182,1.2122487163077822,0.15,0.15,0.59,0.11
412,200.0508118880101,904,0.12719138203994332,0.0002886972572425023,1.2363018732115785,0.5674778761061947,0.13495575221238937,0.1161504424778761,0.18141592920353983
413,-78.66111226551104,99,0.1265579125632235,0.00028671063483279606,1.2782865488976718,0.45454545454545453,0.20202020202020202,0.16161616161616163,0.18181818181818182
414,266.1827178220013,252,0.12592759804536563,0.00028473768303650834,1.2456784129647425,0.42063492063492064,0.13095238095238096,0.32142857142857145,0.12698412698412698
415,280.6871681004825,222,0.1253004227732758,0.0002827783077815747,1.287639824362647,0.47297297297297297,0.06306306306306306,0.3153153153153153,0.14864864864864866
416,-107.07796897246931,75,0.12467637111211817,0.0002808324156432722,1.3169964720621983,0.36,0.25333333333333335,0.17333333333333334,0.21333333333333335
417,9.45673678422473,93,0.12405542750492535,0.0002788999138397645,1.2269195701259064,0.1935483870967742,0.12903225806451613,0.5806451612903226,0.0967741935483871
418,-32.34451143589233,143,0.12343757647221056,0.0002769807102276782,1.228126525699035,0.0979020979020979,0.17482517482517482,0.5454545454545454,0.18181818181818182
419,-131.66576108888358,551,0.1228228026115817,0.00027507471329770924,1.2322381305585366,0.06715063520871144,0.09437386569872959,0.17604355716878403,0.662431941923775
420,35.537801697665486,160,0.12221109059735742,0.0002731818321702598,1.2162023840646181,0.125,0.23125,0.4375,0.20625
421,-2.433218135342841,168,0.12160242518018508,0.00027130197659110486,1.225072719975717,0.13095238095238096,0.20833333333333334,0.5297619047619048,0.13095238095238096
422,-138.15648883717057,100,0.12099679118666054,0.00026943505692708896,1.2936633373179867,0.19,0.36,0.06,0.39
423,-104.12685507963602,87,0.12039417351894997,0.00026758098416185234,1.286394453678828,0.22988505747126436,0.3103448275862069,0.1724137931034483,0.28735632183908044
424,220.51807188546806,307,0.11979455715441345,0.0002657396698915866,1.24720633731873,0.4560260586319218,0.13680781758957655,0.2768729641693811,0.13029315960912052
425,178.41031109570363,512,0.11919792714523043,0.00026391102632081963,1.2553374548130614,0.404296875,0.25390625,0.208984375,0.1328125
426,-110.68879143255597,67,0.11860426861802718,0.0002620949662582292,1.2220803038199262,0.08955223880597014,0.417910447761194,0.1044776119402985,0.3880597014925373
427,-109.77341525665295,96,0.11801356677350594,0.0002602914031124857,1.250612151476073,0.09375,0.2916666666666667,0.2708333333333333,0.34375
428,5.766098964600616,104,0.11742580688607601,0.00025850025088812364,1.247563194641141,0.25,0.1346153846153846,0.5,0.11538461538461539
429,191.30209486127984,738,0.11684097430348667,0.00025672142418144085,1.2383166623129025,0.2926829268292683,0.34417344173441733,0.28319783197831977,0.07994579945799458
430,274.3458949521,266,0.1162590544464619,0.00025495483817642676,1.2498171240145253,0.33458646616541354,0.15789473684210525,0.37218045112781956,0.13533834586466165
431,-52.10576600176063,129,0.11568003280833696,0.00025320040864071813,1.228005603249047,0.21705426356589147,0.13178294573643412,0.49612403100775193,0.15503875968992248
432,220.5706945516215,359,0.1151038949546967,0.00025145805192158273,1.234473233090711,0.4818941504178273,0.12256267409470752,0.2479108635097493,0.14763231197771587
433,-115.02847828909772,67,0.11453062652301578,0.00024972768494193085,1.2284287228166846,0.3880597014925373,0.2537313432835821,0.08955223880597014,0.26865671641791045
434,235.07195502216723,175,0.1139602132223006,0.00024800922519635396,1.2425002394202622,0.3942857142857143,0.08,0.4114285714285714,0.11428571428571428
435,99.72840799194645,1000,0.11339264083273302,0.00024630259074719086,1.22626977015496,0.563,0.263,0.133,0.041
436,263.14376237003523,598,0.11282789520531596,0.0002446077002206208,1.244027520336322,0.5234113712374582,0.12709030100334448,0.17725752508361203,0.17224080267558528
437,-59.67691562975383,95,0.11226596226152054,0.00024292447280278354,1.2158732026619379,0.10526315789473684,0.2736842105263158,0.3684210526315789,0.25263157894736843
438,-102.84803096700928,109,0.11170682799293526,0.00024125282823592606,1.223173341185535,0.4036697247706422,0.22018348623853212,0.1743119266055046,0.2018348623853211
439,-79.0192716878463,64,0.11115047846091669,0.00023959268681457576,1.2386716560077304,0.21875,0.265625,0.171875,0.34375
440,236.23600801594236,279,0.11059689979624203,0.00023794396938174006,1.2128055792686205,0.45878136200716846,0.12544802867383512,0.30824372759856633,0.10752688172043011
441,227.5822165588302,836,0.11004607819876336,0.00023630659732513216,1.2160329448765614,0.507177033492823,0.11004784688995216,0.2799043062200957,0.10287081339712918
442,-79.82663656456377,100,0.1094979999370636,0.00023468049257342264,1.2281288535941342,0.26,0.26,0.23,0.25
443,16.168666218299308,126,0.10895265134811426,0.00023306557759251707,1.2345445566992017,0.2619047619047619,0.12698412698412698,0.48412698412698413,0.12698412698412698
444,-43.8603954106059,200,0.10841001883693473,0.0002314617753818591,1.2445830646913278,0.08,0.185,0.54,0.195
445,281.7703023547655,305,0.10787008887625348,0.00022986900947075884,1.2161694699324963,0.5934426229508196,0.08524590163934426,0.2459016393442623,0.07540983606557378
446,241.29783691778294,521,0.10733284800617075,0.00022828720391474694,1.2256727912836676,0.23416506717850288,0.11708253358925144,0.42034548944337813,0.22840690978886757
447,22.157919074120713,162,0.10679828283382309,0.00022671628329195328,1.1922449355411524,0.12962962962962962,0.2037037037037037,0.49382716049382713,0.1728395061728395
448,297.68016520361596,273,0.10626638003304942,0.00022515617269951084,1.2113318508514521,0.4249084249084249,0.10622710622710622,0.31868131868131866,0.15018315018315018
449,-85.53918142899519,106,0.10573712634405887,0.00022360679774998437,1.1866153101923211,0.27358490566037735,0.27358490566037735,0.18867924528301888,0.2641509433962264
450,-91.888331463395,92,0.10521050857310017,0.00022206808456782335,1.1938057556990131,0.2391304347826087,0.2608695652173913,0.22826086956521738,0.2717391304347826
451,249.4254927355223,331,0.10468651359213282,0.0002205399597858397,1.2294794367538338,0.5438066465256798,0.09969788519637462,0.229607250755287,0.1268882175226586
452,-88.35351749884458,110,0.10416512833849978,0.0002190223505417095,1.2300996493049292,0.21818181818181817,0.24545454545454545,0.2727272727272727,0.2636363636363636
453,-90.84452270248818,200,0.1036463398146018,0.0002175151844744988,1.2158095766676666,0.26,0.16,0.405,0.175
454,270.22079887809906,866,0.1031301350875735,0.00021601838972121353,1.2143892452093636,0.7170900692840647,0.06812933025404157,0.11085450346420324,0.10392609699769054
455,-94.17484010288817,84,0.10261650128896083,0.00021453189491337288,1.1911873969111297,0.44047619047619047,0.2619047619047619,0.07142857142857142,0.2261904761904762
456,-85.3024612226609,56,0.10210542561440039,0.00021305562917360642,1.225054827505598,0.625,0.16071428571428573,0.07142857142857142,0.14285714285714285
457,186.91208728679254,810,0.10159689532330018,0.00021158952211227465,1.2143116746253844,0.391358024691358,0.3432098765432099,0.13950617283950617,0.1259259259259259
458,228.10380369766892,241,0.10109089773852199,0.0002101335038241127,1.2126437662799594,0.3278008298755187,0.2697095435684647,0.26141078838174275,0.14107883817427386
459,69.68024921094226,136,0.10058742024606539,0.00020868750488489723,1.2160316177151083,0.19117647058823528,0.13970588235294118,0.5808823529411765,0.08823529411764706
460,141.69943644935952,1000,0.10008645029475326,0.00020725145634813618,1.1859111329347929,0.661,0.067,0.088,0.184
461,-126.65209041533981,76,0.09958797539591889,0.00020582528974178143,1.2053888574117866,0.5131578947368421,0.21052631578947367,0.05263157894736842,0.2236842105263158
462,-9.216022661548536,72,0.0990919831230947,0.00020440893706496387,1.1527375011938017,0.09722222222222222,0.20833333333333334,0.5138888888888888,0.18055555555555555
463,-4.578393105534559,155,0.09859846111170241,0.00020300233078475116,1.208652240271033,0.10967741935483871,0.13548387096774195,0.632258064516129,0.12258064516129032
464,27.299482501623444,119,0.09810739705874481,0.00020160540383292762,1.2422180506656209,0.058823529411764705,0.2184873949579832,0.5378151260504201,0.18487394957983194
465,222.965552020732,566,0.0976187787224991,0.00020021808960279643,1.2138940500953226,0.6431095406360424,0.08480565371024736,0.15547703180212014,0.1166077738515901
466,243.61456118721586,653,0.09713259392221169,0.0001988403219460037,1.1946734865103195,0.655436447166922,0.07656967840735068,0.16232771822358347,0.10566615620214395
467,-95.15837883161856,89,0.09664883053779448,0.00019747203516938454,1.2144250585468106,0.3146067415730337,0.20224719101123595,0.23595505617977527,0.24719101123595505
468,205.46299625749637,643,0.09616747650952286,0.0001961131640318307,1.196600969226661,0.30637636080870917,0.24572317262830481,0.2317262830482115,0.2161741835147745
469,-106.69660245292563,103,0.09568851983773495,0.00019476364374117975,1.1856911889748738,0.5145631067961165,0.18446601941747573,0.0970873786407767,0.20388349514563106
470,-109.34656036762112,119,0.09521194858253253,0.0001934234099511259,1.2415151276801566,0.15126050420168066,0.31092436974789917,0.19327731092436976,0.3445378151260504
471,-26.052407221724522,137,0.09473775086348335,0.0001920923987581518,1.2184274670412838,0.08759124087591241,0.1897810218978102,0.5036496350364964,0.21897810218978103
472,-121.91902059500711,73,0.09426591485932499,0.00019077054669848148,1.2151620077947278,0.5616438356164384,0.1643835616438356,0.0273972602739726,0.2465753424657534
473,-15.340521870609578,132,0.09379642880767017,0.00018945779074505458,1.2410170532671694,0.17424242424242425,0.11363636363636363,0.5303030303030303,0.18181818181818182
474,-137.5604631056234,82,0.09332928100471348,0.00018815406830452095,1.198190003743016,0.4634146341463415,0.21951219512195122,0.036585365853658534,0.2804878048780488
475,0.9890326957364124,117,0.09286445980493968,0.00018685931721425624,1.1941280653614832,0.10256410256410256,0.20512820512820512,0.5213675213675214,0.17094017094017094
476,-113.25279009879075,93,0.09240195362083334,0.00018557347573939793,1.190447899275545,0.4731182795698925,0.23655913978494625,0.06451612903225806,0.22580645161290322
477,268.3852687214369,289,0.09194175092259001,0.0001842964825699017,1.2039016160952685,0.5259515570934256,0.12110726643598616,0.27335640138408307,0.07958477508650519
478,180.82143384678534,523,0.09148384023782877,0.00018302827681761824,1.1886424921506205,0.3384321223709369,0.13766730401529637,0.4168260038240918,0.10707456978967496
479,275.89098956261796,395,0.09102821015130624,0.00018176879801338986,1.1933296735798462,0.43037974683544306,0.19746835443037974,0.24050632911392406,0.13164556962025317
480,-105.76524843538908,82,0.09057484930463203,0.00018051798610416744,1.2296274912885177,0.4146341463414634,0.25609756097560976,0.0975609756097561,0.23170731707317074
481,-94.45469192018479,56,0.09012374639598555,0.00017927578145014698,1.1615418271801425,0.6071428571428571,0.16071428571428573,0.017857142857142856,0.21428571428571427
482,274.18665069744424,723,0.08967489017983431,0.00017804212482192588,1.1917583257869402,0.5712309820193637,0.11618257261410789,0.12863070539419086,0.1839557399723375
483,18.499306717415195,130,0.08922826946665352,0.00017681695739767893,1.1804518225015062,0.2153846153846154,0.16153846153846155,0.46923076923076923,0.15384615384615385
484,175.58710425759682,368,0.08878387312264722,0.00017560022076035353,1.1837568078036573,0.38858695652173914,0.22282608695652173,0.2798913043478261,0.10869565217391304
485,-109.22061638792279,106,0.0883416900694707,0.00017439185689488443,1.208299968854081,0.12264150943396226,0.3113207547169811,0.25471698113207547,0.3113207547169811
486,-101.49399366507885,90,0.08790170928395427,0.00017319180818542736,1.1762586278723444,0.25555555555555554,0.2777777777777778,0.24444444444444444,0.2222222222222222
487,257.8617771802895,298,0.08746391979782855,0.000172000017412612,1.1777663191331862,0.4563758389261745,0.12416107382550336,0.3221476510067114,0.09731543624161074
488,-63.101141720425304,197,0.08702831069745101,0.00017081642775081368,1.2331543306943484,0.2182741116751269,0.18781725888324874,0.4213197969543147,0.17258883248730963
489,200.8325710557666,608,0.08659487112353387,0.00016964098276544382,1.204306563720026,0.28125,0.375,0.23519736842105263,0.10855263157894737
490,-123.4568075009739,59,0.08616359027087342,0.00016847362641025915,1.178857647859356,0.6440677966101694,0.11864406779661017,0.05084745762711865,0.1864406779661017
491,-121.22923748710923,82,0.08573445738808068,0.00016731430302468933,1.1920803455269926,0.36585365853658536,0.17073170731707318,0.24390243902439024,0.21951219512195122
492,-135.7423745036607,72,0.08530746177731334,0.00016616295733118305,1.1791454529478866,0.3888888888888889,0.2361111111111111,0.041666666666666664,0.3333333333333333
493,-120.98954035470877,78,0.0848825927940091,0.0001650195344325723,1.2118398654373574,0.47435897435897434,0.20512820512820512,0.05128205128205128,0.2692307692307692
494,253.3529388585462,213,0.08445983984662027,0.0001638839798094549,1.176438520781774,0.3192488262910798,0.17370892018779344,0.3755868544600939,0.13145539906103287
495,-37.03181042493622,164,0.0840391923963498,0.00016275623931759483,1.1862602314780963,0.16463414634146342,0.2682926829268293,0.32926829268292684,0.23780487804878048
496,69.76109348166355,149,0.0836206399568885,0.00016163625918534075,1.1943495990305675,0.04697986577181208,0.19463087248322147,0.5503355704697986,0.2080536912751678
497,129.44064416773043,430,0.08320417209415364,0.000160523986011062,1.2046369254466067,0.10697674418604651,0.5255813953488372,0.27906976744186046,0.08837209302325581
498,-111.11850662584901,88,0.08278977842602886,0.00015941936676060244,1.214253343972448,0.22727272727272727,0.36363636363636365,0.011363636363636364,0.3977272727272727
499,-69.96835124098526,121,0.08237744862210536,0.00015832234876475164,1.2152679838565126,0.1322314049586777,0.2066115702479339,0.4297520661157025,0.23140495867768596
500,233.22090534457612,669,0.08196717240342434,0.0001572328797167337,1.1971408023647203,0.5201793721973094,0.17638266068759342,0.15396113602391628,0.14947683109118087
501,225.23194922698215,397,0.08155893954222078,0.00015615090766971307,1.1804058783938287,0.2795969773299748,0.35516372795969775,0.25440806045340053,0.11083123425692695
502,245.762688190793,288,0.08115273986166843,0.00015507638103431782,1.165656567585703,0.46875,0.10069444444444445,0.3020833333333333,0.1284722222222222
503,-114.63268676982949,108,0.08074856323562621,0.00015400924857617972,1.1813703659237147,0.39814814814814814,0.2037037037037037,0.17592592592592593,0.2222222222222222
504,-108.37035123602938,111,0.08034639958838564,0.00015294945941349137,1.1898764839216325,0.17117117117117117,0.1891891891891892,0.2882882882882883,0.35135135135135137
505,31.287864189053835,199,0.0799462388944198,0.00015189696301458008,1.1658423758238141,0.20100502512562815,0.135678391959799,0.507537688442211,0.15577889447236182
506,-150.43081908006903,58,0.07954807117813331,0.00015085170919549855,1.1917316830366829,0.05172413793103448,0.25862068965517243,0.034482758620689655,0.6551724137931034
507,209.9320886026737,319,0.07915188651361367,0.00014981364811763202,1.2175206678704416,0.23197492163009403,0.438871473354232,0.2601880877742947,0.06896551724137931
508,-86.20180899206844,112,0.07875767502438383,0.00014878273028532185,1.17007742219962,0.19642857142857142,0.22321428571428573,0.36607142857142855,0.21428571428571427
509,222.0732048072126,536,0.078365426883156,0.00014775890654350563,1.1871456530843352,0.4291044776119403,0.2593283582089552,0.2126865671641791,0.09888059701492537
510,-61.973134132821,104,0.07797513231158659,0.00014674212807537336,1.1922617446297192,0.2692307692307692,0.28846153846153844,0.19230769230769232,0.25
511,-93.77844248718617,90,0.07758678158003256,0.00014573234640003987,1.1990271832082269,0.6,0.17777777777777778,0.05555555555555555,0.16666666666666666
512,-108.86608338232759,63,0.07720036500730874,0.00014472951337023314,1.1776608700168287,0.2698412698412698,0.36507936507936506,0.06349206349206349,0.30158730158730157
513,-111.93224233155087,55,0.07681587296044662,0.00014373358116999866,1.1614682378260255,0.16363636363636364,0.4727272727272727,0.0,0.36363636363636365
514,-14.209138552256434,198,0.07643329585445409,0.0001427445023124195,1.168585624863187,0.10101010101010101,0.23737373737373738,0.5,0.16161616161616163
515,-23.475387690905578,75,0.07605262415207657,0.0001417622296373521,1.2040635985204653,0.29333333333333333,0.18666666666666668,0.3466666666666667,0.17333333333333334
516,202.14192806388903,274,0.07567384836355925,0.00014078671630917759,1.1607882791375392,0.11313868613138686,0.30656934306569344,0.33211678832116787,0.24817518248175183
517,250.8547313546501,232,0.0752969590464105,0.0001398179158145687,1.1958142998074786,0.35344827586206895,0.125,0.40948275862068967,0.11206896551724138
518,69.28629608169445,149,0.07492194680516646,0.00013885578196027188,1.1926446819983616,0.06040268456375839,0.24161073825503357,0.48322147651006714,0.21476510067114093
519,-126.97274552490117,619,0.07454880229115689,0.0001379002688709049,1.1869071756364655,0.2762520193861066,0.3990306946688207,0.2084006462035541,0.11631663974151858
520,-104.45772080990436,162,0.07417751620227203,0.00013695133098676928,1.1936111002967211,0.08641975308641975,0.1419753086419753,0.5679012345679012,0.2037037037037037
521,-151.09043358267678,85,0.07380807928273078,0.00013600892306167813,1.2007205835533652,0.5411764705882353,0.09411764705882353,0.07058823529411765,0.29411764705882354
522,-177.5465441441488,64,0.07344048232284993,0.0001350730001607987,1.2052696916615384,0.28125,0.125,0.125,0.46875
523,-335.748158494015,185,0.07307471615881456,0.00013414351765850981,1.1766079791787538,0.15135135135135136,0.2702702702702703,0.4486486486486487,0.12972972972972974
524,57.03109713349957,135,0.0727107716724496,0.00013322043123627418,1.2091541352451096,0.07407407407407407,0.2,0.5333333333333333,0.1925925925925926
525,-92.44534787258449,89,0.07234863979099258,0.00013230369688052517,1.1720070296778973,0.29213483146067415,0.3146067415730337,0.1348314606741573,0.25842696629213485
526,-125.24131192157199,59,0.07198831148686739,0.00013139327088056821,1.1942538442292483,0.3728813559322034,0.2711864406779661,0.01694915254237288,0.3389830508474576
527,-124.06368694106733,98,0.07162977777745924,0.00013048910982649668,1.1735688379956342,0.5918367346938775,0.15306122448979592,0.11224489795918367,0.14285714285714285
528,-114.65279644873675,60,0.07127302972489075,0.00012959117060712202,1.2062915950933657,0.48333333333333334,0.16666666666666666,0.11666666666666667,0.23333333333333334
529,297.01651191329114,222,0.07091805843579913,0.00012869941040791818,1.2007398974448522,0.3333333333333333,0.14414414414414414,0.4009009009009009,0.12162162162162163
530,-49.86522087038101,120,0.07056485506111447,0.00012781378670898022,1.2014340642909849,0.2833333333333333,0.15833333333333333,0.3333333333333333,0.225
531,228.01645744221702,401,0.07021341079583919,0.00012693425728299684,1.180739484040169,0.38154613466334164,0.16458852867830423,0.26683291770573564,0.18703241895261846
532,-147.82254139154716,57,0.06986371687882846,0.00012606078019323702,1.1523443866414649,0.2631578947368421,0.17543859649122806,0.21052631578947367,0.3508771929824561
533,-142.61987079685173,582,0.06951576459257186,0.00012519331379155045,1.181817969818955,0.15807560137457044,0.15463917525773196,0.5463917525773195,0.140893470790378
534,60.34219610310271,99,0.06916954526297603,0.0001243318167163816,1.1718943177693495,0.1111111111111111,0.16161616161616163,0.5959595959595959,0.13131313131313133
535,-91.98057523176071,100,0.06882505025914844,0.00012347624789079773,1.195024021557131,0.35,0.17,0.27,0.21
536,-8.488561306127323,147,0.06848227099318223,0.00012262656652053014,1.1568002884930806,0.08843537414965986,0.20408163265306123,0.5034013605442177,0.20408163265306123
537,-213.16961355227204,83,0.06814119891994212,0.00012178273209202919,1.142015008940729,0.43373493975903615,0.14457831325301204,0.10843373493975904,0.3132530120481928
538,48.89632170204493,163,0.06780182553685142,0.00012094470437053251,1.2027506717705962,0.22699386503067484,0.15950920245398773,0.4539877300613497,0.15950920245398773
539,-44.42643354806505,115,0.06746414238368,0.00012011244339814657,1.1749360609956587,0.1826086956521739,0.22608695652173913,0.4,0.19130434782608696
540,-53.69013219223946,102,0.06712814104233344,0.00011928590949194152,1.2028420102517248,0.12745098039215685,0.30392156862745096,0.3235294117647059,0.24509803921568626
541,-158.47719726592044,84,0.06679381313664319,0.000118465063242059,1.2404413386655542,0.7380952380952381,0.05952380952380952,0.03571428571428571,0.16666666666666666
542,-102.2488798721407,98,0.0664611503321577,0.00011764986550983303,1.1599383555090081,0.32653061224489793,0.19387755102040816,0.21428571428571427,0.2653061224489796
543,-38.72749599437209,103,0.06613014433593471,0.00011684027742592396,1.1819795758312948,0.24271844660194175,0.22330097087378642,0.34951456310679613,0.18446601941747573
544,-120.77435849667663,90,0.06580078689633446,0.00011603626038846503,1.2003389001538165,0.37777777777777777,0.28888888888888886,0.05555555555555555,0.2777777777777778
545,-131.05300399505722,55,0.06547306980281405,0.00011523777606122184,1.168934554385647,0.5636363636363636,0.21818181818181817,0.03636363636363636,0.18181818181818182
546,-39.99122022230482,87,0.0651469848857227,0.00011444478637176445,1.1756367567524562,0.3448275862068966,0.14942528735632185,0.3793103448275862,0.12643678160919541
547,-136.83617258092983,98,0.0648225240160981,0.00011365725350965203,1.167151083353404,0.19387755102040816,0.2755102040816326,0.1326530612244898,0.3979591836734694
548,-62.66744385214067,83,0.06449967910546381,0.00011287513992463008,1.1963505543833708,0.3614457831325301,0.24096385542168675,0.21686746987951808,0.18072289156626506
549,-105.94085789086138,94,0.06417844210562758,0.00011209840832483992,1.2114605442795288,0.3723404255319149,0.18085106382978725,0.19148936170212766,0.2553191489361702
550,-100.0795175800096,84,0.0638588050084807,0.00011132702167504067,1.1889257513745217,0.40476190476190477,0.2976190476190476,0.07142857142857142,0.2261904761904762
551,206.0258147302843,326,0.06354075984579843,0.00011056094319484329,1.1690201504118258,0.37423312883435583,0.15337423312883436,0.35276073619631904,0.1196319018404908
552,-142.45799017379284,60,0.0632242986890413,0.00010980013635695692,1.1982554742004914,0.11666666666666667,0.3333333333333333,0.1,0.45
553,198.94594889303062,249,0.06290941364915748,0.00010904456488544722,1.1873940781863497,0.3654618473895582,0.12449799196787148,0.40963855421686746,0.10040160642570281
554,-33.60279692004856,89,0.06259609687638612,0.00010829419275400668,1.1782154266862532,0.2247191011235955,0.23595505617977527,0.3595505617977528,0.1797752808988764
555,-152.23649907493882,81,0.06228434056006167,0.00010754898418423684,1.2040768783477398,0.345679012345679,0.2716049382716049,0.08641975308641975,0.2962962962962963
556,-105.67278092270604,57,0.061974136928419146,0.00010680890364394243,1.1673136534370503,0.3333333333333333,0.21052631578947367,0.12280701754385964,0.3333333333333333
557,-18.7684828472522,69,0.06166547824840039,0.00010607391584543704,1.1651300609404893,0.2898550724637681,0.18840579710144928,0.42028985507246375,0.10144927536231885
558,-99.30310897787122,89,0.061358356825461334,0.00010534398574386068,1.1973755421782575,0.39325842696629215,0.15730337078651685,0.21348314606741572,0.23595505617977527
559,-25.335275136958828,101,0.06105276500338012,0.00010461907853550873,1.1401559848544518,0.26732673267326734,0.1485148514851485,0.46534653465346537,0.1188118811881188
560,274.4663873945782,280,0.06074869516406628,0.00010389915965617252,1.2131388599215103,0.49642857142857144,0.1392857142857143,0.26071428571428573,0.10357142857142858
561,-50.340164545213696,138,0.06044613972737082,0.00010318419477949128,1.191011458985038,0.18840579710144928,0.13043478260869565,0.5579710144927537,0.12318840579710146
562,-331.7400809401905,92,0.060145091150897244,0.00010247414981531538,1.1883163475138396,0.21739130434782608,0.34782608695652173,0.11956521739130435,0.31521739130434784
563,-145.85766231578137,60,0.059845541929813534,0.00010176899090808095,1.1636418206554902,0.35,0.11666666666666667,0.21666666666666667,0.31666666666666665
564,-156.32533610161607,57,0.05954748459666506,0.00010106868443519556,1.2318321327340107,0.3684210526315789,0.14035087719298245,0.07017543859649122,0.42105263157894735
565,41.9544291066087,116,0.05925091172118844,0.00010037319700543509,1.1681963442341068,0.20689655172413793,0.08620689655172414,0.6379310344827587,0.06896551724137931
566,1.6516747063985093,124,0.058955815910126275,9.968249545735159e-05,1.201845944950374,0.16129032258064516,0.1935483870967742,0.4596774193548387,0.18548387096774194
567,-117.70573527974693,85,0.05866218980704289,9.899654685769216e-05,1.1616587936338454,0.36470588235294116,0.27058823529411763,0.08235294117647059,0.2823529411764706
568,-125.06858550131727,70,0.058370026092140904,9.83153184998286e-05,1.1936991718050185,0.44285714285714284,0.11428571428571428,0.18571428571428572,0.2571428571428571
569,-105.5504550829002,87,0.058079317482078785,9.763877790219797e-05,1.1533357764312673,0.3563218390804598,0.27586206896551724,0.09195402298850575,0.27586206896551724
570,-117.19790666922539,91,0.05779005672978926,9.696689280675384e-05,1.2100903069584317,0.4725274725274725,0.18681318681318682,0.08791208791208792,0.25274725274725274
571,-119.45716472889664,94,0.05750223662429868,9.629963117742819e-05,1.1845421428668963,0.43617021276595747,0.24468085106382978,0.0851063829787234,0.23404255319148937
572,-162.4054903175078,80,0.05721584999054722,9.563696119860388e-05,1.2073206657333049,0.5,0.125,0.1125,0.2625
573,-128.47305642560931,82,0.056930889689210055,9.49788512735977e-05,1.1789956107475292,0.3048780487804878,0.18292682926829268,0.23170731707317074,0.2804878048780488
574,257.67239995545106,219,0.05664734861651935,9.432527002315378e-05,1.1770192248414664,0.3105022831050228,0.1415525114155251,0.4246575342465753,0.1232876712328767
575,227.1492680458971,213,0.056365219704087186,9.36761862839474e-05,1.1904073927697472,0.39906103286384975,0.11737089201877934,0.3615023474178404,0.12206572769953052
576,-133.13205646732732,97,0.056084495918729355,9.303156910709912e-05,1.178902111810518,0.16494845360824742,0.17525773195876287,0.4020618556701031,0.25773195876288657
577,-105.2169310316834,63,0.05580517026229002,9.239138775669905e-05,1.2568154933352016,0.31746031746031744,0.12698412698412698,0.3968253968253968,0.15873015873015872
578,251.77982330664835,581,0.05552723577146726,9.175561170834144e-05,1.2046188339534003,0.6110154905335629,0.06368330464716007,0.1153184165232358,0.2099827882960413
579,-127.85710148470305,71,0.055250685517639495,9.112421064766915e-05,1.183222872660859,0.38028169014084506,0.22535211267605634,0.11267605633802817,0.28169014084507044
580,-50.67975818729028,53,0.05497551260669274,9.049715446892829e-05,1.167362421722459,0.09433962264150944,0.2641509433962264,0.32075471698113206,0.32075471698113206
581,-168.44584323631284,83,0.05470171017884877,8.98744132735327e-05,1.1943664758175594,0.5301204819277109,0.060240963855421686,0.1686746987951807,0.24096385542168675
582,222.48110204493156,319,0.05442927140849408,8.925595736863845e-05,1.1845431303846021,0.5611285266457681,0.109717868338558,0.23510971786833856,0.09404388714733543
583,194.10230300552058,917,0.05415818950400976,8.864175726572796e-05,1.1800674570814753,0.3685932388222465,0.13522355507088332,0.07960741548527808,0.41657579062159217
584,257.22683168230435,502,0.053888457707602165,8.803178367920401e-05,1.2052394882683417,0.41434262948207173,0.20318725099601595,0.17131474103585656,0.21115537848605578
585,-192.5508539367878,78,0.05362006929513446,8.742600752499338e-05,1.1805512111591088,0.2692307692307692,0.16666666666666666,0.10256410256410256,0.46153846153846156
586,-105.31529592879984,57,0.05335301757595899,8.682439991916009e-05,1.1952202340482936,0.14035087719298245,0.3333333333333333,0.12280701754385964,0.40350877192982454
587,-143.72965916648008,85,0.053087295892750505,8.622693217652819e-05,1.1868872452056878,0.27058823529411763,0.3411764705882353,0.047058823529411764,0.3411764705882353
588,-114.15789218408113,56,0.052822897621340174,8.563357580931399e-05,1.1898120970142376,0.39285714285714285,0.25,0.07142857142857142,0.2857142857142857
589,-137.65194051318994,89,0.052559816170550465,8.504430252576783e-05,1.2096274788984902,0.3595505617977528,0.34831460674157305,0.0,0.29213483146067415
590,270.8405921948188,233,0.05229804498203084,8.445908422882499e-05,1.194545126545268,0.2446351931330472,0.18454935622317598,0.34763948497854075,0.22317596566523606
591,47.3941299415244,142,0.05203757753009425,8.387789301476607e-05,1.1787394801752693,0.11971830985915492,0.2676056338028169,0.4014084507042254,0.2112676056338028
592,-124.42255313159768,78,0.051778407321554455,8.33007011718865e-05,1.195674953340362,0.21794871794871795,0.358974358974359,0.07692307692307693,0.34615384615384615
593,-27.221795240356315,76,0.05152052789556417,8.272748117917522e-05,1.1861418630203016,0.10526315789473684,0.19736842105263158,0.5263157894736842,0.17105263157894737
594,-153.95726372707577,63,0.051263932823453984,8.215820570500247e-05,1.198926920475383,0.4444444444444444,0.15873015873015872,0.09523809523809523,0.30158730158730157
595,-28.854662055187106,126,0.051008615708572125,8.159284760581654e-05,1.1859947034771536,0.14285714285714285,0.25396825396825395,0.3492063492063492,0.25396825396825395
596,-108.61281592953597,56,0.050754570186124975,8.10313799248496e-05,1.1646350618106511,0.375,0.32142857142857145,0.07142857142857142,0.23214285714285715
597,225.43924886184095,268,0.0505017899230184,8.047377589083238e-05,1.18877692123626,0.1044776119402985,0.29850746268656714,0.3656716417910448,0.23134328358208955
598,-264.35886413714786,54,0.050250268617699906,7.992000891671763e-05,1.165450075191587,0.16666666666666666,0.1111111111111111,0.037037037037037035,0.6851851851851852
599,7.370440608907003,135,0.05000000000000151,7.93700525984125e-05,1.223120065770007,0.044444444444444446,0.23703703703703705,0.5185185185185185,0.2
600,-142.7641426342089,86,0.05,7.882388071351953e-05,1.2050551732397845,0.5116279069767442,0.18604651162790697,0.046511627906976744,0.2558139534883721
601,-28.919467342068643,139,0.05,7.828146722008633e-05,1.2098389225543842,0.10071942446043165,0.2446043165467626,0.39568345323741005,0.2589928057553957
602,-118.03406920077964,87,0.05,7.77427862553639e-05,1.1946802930736926,0.4942528735632184,0.22988505747126436,0.06896551724137931,0.20689655172413793
603,-98.86402715749242,88,0.05,7.720781213457351e-05,1.205062937005418,0.14772727272727273,0.45454545454545453,0.045454545454545456,0.3522727272727273
604,-129.05555235898305,54,0.05,7.667651934968192e-05,1.2120825299409692,0.48148148148148145,0.2222222222222222,0.037037037037037035,0.25925925925925924
605,-161.98612726737633,58,0.05,7.614888256818525e-05,1.1670633325030675,0.27586206896551724,0.1206896551724138,0.1896551724137931,0.41379310344827586
606,-78.40621466551255,75,0.05,7.562487663190101e-05,1.1907440568009702,0.52,0.10666666666666667,0.08,0.29333333333333333
607,-225.33233324151666,68,0.05,7.510447655576865e-05,1.1672370008464614,0.5588235294117647,0.1323529411764706,0.04411764705882353,0.2647058823529412
608,-189.836571849658,65,0.05,7.45876575266581e-05,1.214917828218695,0.36923076923076925,0.2153846153846154,0.015384615384615385,0.4
609,-105.60034995019106,92,0.05,7.407439490218681e-05,1.2031923187278775,0.2717391304347826,0.30434782608695654,0.09782608695652174,0.32608695652173914
610,-122.87614261582024,54,0.05,7.356466420954464e-05,1.1749066805116868,0.5,0.07407407407407407,0.05555555555555555,0.37037037037037035
611,-118.73199308791311,91,0.05,7.30584411443271e-05,1.1834138172149438,0.6043956043956044,0.15384615384615385,0.04395604395604396,0.1978021978021978
612,-206.86585725373152,84,0.05,7.255570156937642e-05,1.1746337123883042,0.36904761904761907,0.21428571428571427,0.023809523809523808,0.39285714285714285
613,-110.82189152869674,79,0.05,7.205642151363067e-05,1.155993920697294,0.3924050632911392,0.26582278481012656,0.08860759493670886,0.25316455696202533
614,-248.41705638989097,62,0.05,7.156057717098084e-05,1.197741628186383,0.5161290322580645,0.08064516129032258,0.0,0.4032258064516129
615,-99.03619159760993,63,0.05,7.10681448991357e-05,1.1696620302609753,0.19047619047619047,0.3333333333333333,0.14285714285714285,0.3333333333333333
616,22.617436403162216,165,0.05,7.057910121849457e-05,1.1734498689459245,0.09090909090909091,0.2,0.46060606060606063,0.24848484848484848
617,265.7413826983352,207,0.05,7.009342281102772e-05,1.1842952336624295,0.21256038647342995,0.15458937198067632,0.4830917874396135,0.1497584541062802
618,-86.53810606202671,61,0.05,6.96110865191646e-05,1.1829680948473298,0.22950819672131148,0.36065573770491804,0.11475409836065574,0.29508196721311475
619,-319.26588479302745,103,0.05,6.913206934468965e-05,1.187786836831505,0.5436893203883495,0.11650485436893204,0.11650485436893204,0.22330097087378642
620,-31.831863143214704,104,0.05,6.865634844764571e-05,1.2237470512593474,0.38461538461538464,0.20192307692307693,0.11538461538461539,0.2980769230769231
621,-115.47276495062334,57,0.05,6.818390114524503e-05,1.2367685326122815,0.40350877192982454,0.2982456140350877,0.03508771929824561,0.2631578947368421
622,-76.45855463530037,58,0.05,6.771470491078771e-05,1.182870813785805,0.3103448275862069,0.22413793103448276,0.2413793103448276,0.22413793103448276
623,-100.97595890195869,60,0.05,6.724873737258758e-05,1.2024830677498022,0.31666666666666665,0.16666666666666666,0.3,0.21666666666666667
624,257.33673115491104,257,0.05,6.678597631290557e-05,1.214662168527405,0.5642023346303502,0.07392996108949416,0.30739299610894943,0.054474708171206226
625,-101.82682028939372,74,0.05,6.632639966689026e-05,1.1742343113276028,0.527027027027027,0.12162162162162163,0.1891891891891892,0.16216216216216217
626,38.523604017345434,174,0.05,6.586998552152588e-05,1.2009729570526932,0.05747126436781609,0.2413793103448276,0.4827586206896552,0.21839080459770116
627,-108.2829785811938,58,0.05,6.541671211458746e-05,1.1959711748723236,0.1896551724137931,0.3620689655172414,0.10344827586206896,0.3448275862068966
628,-159.38900655586872,71,0.05,6.496655783360315e-05,1.196727495396666,0.647887323943662,0.04225352112676056,0.08450704225352113,0.22535211267605634
629,-146.8318842181173,73,0.05,6.451950121482378e-05,1.2313485157691872,0.4657534246575342,0.1506849315068493,0.0684931506849315,0.3150684931506849
630,-137.94376610026532,70,0.05,6.40755209421994e-05,1.1890478162967175,0.38571428571428573,0.21428571428571427,0.14285714285714285,0.2571428571428571
631,-104.9243184444594,60,0.05,6.363459584636293e-05,1.1758181451404974,0.55,0.23333333333333334,0.06666666666666667,0.15
632,-108.96221019332859,60,0.05,6.319670490362081e-05,1.2067449347278278,0.35,0.2833333333333333,0.11666666666666667,0.25
633,-132.4042341024944,76,0.05,6.276182723495052e-05,1.1795121708850438,0.32894736842105265,0.2631578947368421,0.13157894736842105,0.27631578947368424
634,167.4610223453156,333,0.05,6.23299421050051e-05,1.1915233962580785,0.10510510510510511,0.2222222222222222,0.36036036036036034,0.3123123123123123
635,-108.4089862946835,98,0.05,6.190102892112444e-05,1.2075954783255272,0.3469387755102041,0.20408163265306123,0.20408163265306123,0.24489795918367346
636,-104.02252538334515,54,0.05,6.147506723235341e-05,1.2010150836308773,0.3148148148148148,0.2037037037037037,0.14814814814814814,0.3333333333333333
637,-120.18040415896797,397,0.05,6.105203672846676e-05,1.2068138768175936,0.26700251889168763,0.5214105793450882,0.16876574307304787,0.042821158690176324
638,-179.2050416216465,58,0.05,6.0631917239000664e-05,1.2400673158797884,0.27586206896551724,0.15517241379310345,0.1724137931034483,0.39655172413793105
639,-87.36003185918166,72,0.05,6.0214688732291044e-05,1.2298939377231888,0.09722222222222222,0.20833333333333334,0.5,0.19444444444444445
640,281.1517590101653,267,0.05,5.980033131451837e-05,1.218764950877008,0.42696629213483145,0.1198501872659176,0.32209737827715357,0.13108614232209737
641,-128.15780440437402,87,0.05,5.938882522875917e-05,1.2195173403676125,0.42528735632183906,0.27586206896551724,0.05747126436781609,0.2413793103448276
642,-116.65108394979967,52,0.05,5.8980150854043945e-05,1.2457456886448892,0.38461538461538464,0.34615384615384615,0.038461538461538464,0.23076923076923078
643,-176.4278057268354,58,0.05,5.857428870442166e-05,1.2432980741311912,0.3793103448275862,0.08620689655172414,0.06896551724137931,0.46551724137931033
644,-130.0894509034682,73,0.05,5.8171219428030646e-05,1.22765158097566,0.2191780821917808,0.2054794520547945,0.2876712328767123,0.2876712328767123
645,-378.479131946856,90,0.05,5.777092380617584e-05,1.2196364728274254,0.3888888888888889,0.17777777777777778,0.07777777777777778,0.35555555555555557
646,263.7756807515989,243,0.05,5.737338275241247e-05,1.2269182716454106,0.4279835390946502,0.06995884773662552,0.3292181069958848,0.1728395061728395
647,208.01818928454807,254,0.05,5.697857731163596e-05,1.2150679871210215,0.06692913385826772,0.07086614173228346,0.3188976377952756,0.5433070866141733
648,-85.0586053489727,56,0.05,5.6586488659178155e-05,1.1928277294743315,0.21428571428571427,0.30357142857142855,0.17857142857142858,0.30357142857142855
649,-139.16604088645306,79,0.05,5.619709809990975e-05,1.2120385629274002,0.24050632911392406,0.3037974683544304,0.06329113924050633,0.3924050632911392
650,-105.20910198691104,54,0.05,5.581038706734888e-05,1.2212915989621476,0.46296296296296297,0.2962962962962963,0.037037037037037035,0.2037037037037037
651,-126.9822057339077,91,0.05,5.542633712277583e-05,1.2139718655105036,0.46153846153846156,0.21978021978021978,0.03296703296703297,0.2857142857142857
652,-110.39361563830873,110,0.05,5.5044929954353904e-05,1.212198921275708,0.41818181818181815,0.18181818181818182,0.18181818181818182,0.21818181818181817
653,-142.23933325794098,81,0.05,5.4666147376256274e-05,1.2249782734692236,0.4567901234567901,0.13580246913580246,0.09876543209876543,0.30864197530864196
654,252.7504132747931,360,0.05,5.428997132779887e-05,1.2436805614472795,0.575,0.1,0.23333333333333334,0.09166666666666666
655,-119.78146110971045,60,0.05,5.3916383872579235e-05,1.2818738026202718,0.35,0.15,0.15,0.35
656,253.44466431977492,191,0.05,5.35453671976213e-05,1.2377762378654231,0.28272251308900526,0.13089005235602094,0.4293193717277487,0.15706806282722513
657,218.72097648973266,234,0.05,5.3176903612526025e-05,1.2369722397234728,0.10256410256410256,0.11538461538461539,0.31196581196581197,0.4700854700854701
658,-149.7096551946799,82,0.05,5.2810975548627954e-05,1.221582561538524,0.2073170731707317,0.25609756097560976,0.0975609756097561,0.43902439024390244
659,-31.04011476566731,66,0.05,5.244756555815747e-05,1.201253664957181,0.13636363636363635,0.25757575757575757,0.3939393939393939,0.21212121212121213
660,-149.64831371446232,59,0.05,5.208665631340891e-05,1.264582708511307,0.6610169491525424,0.11864406779661017,0.05084745762711865,0.1694915254237288
661,-146.14626972632564,55,0.05,5.172823060591434e-05,1.2438254520959382,0.45454545454545453,0.09090909090909091,0.14545454545454545,0.3090909090909091
662,-17.84735592072927,103,0.05,5.137227134562306e-05,1.210862358528963,0.14563106796116504,0.27184466019417475,0.34951456310679613,0.23300970873786409
663,256.9140126322485,289,0.05,5.1018761560086726e-05,1.2352470627812748,0.2560553633217993,0.15570934256055363,0.4013840830449827,0.18685121107266436
664,-127.81443226597705,52,0.05,5.0667684393650084e-05,1.2140411982009693,0.40384615384615385,0.057692307692307696,0.15384615384615385,0.38461538461538464
665,-74.05369768504096,64,0.05,5.031902310664729e-05,1.2189857137030478,0.28125,0.15625,0.390625,0.171875
666,-131.1722218596001,74,0.05,4.9972761074603725e-05,1.2452754910684314,0.40540540540540543,0.3108108108108108,0.04054054054054054,0.24324324324324326
667,-111.4168148382382,76,0.05,4.962888178744336e-05,1.2119054939051475,0.3815789473684211,0.19736842105263158,0.15789473684210525,0.2631578947368421
668,-131.42724395389257,68,0.05,4.928736884870152e-05,1.190853302889472,0.3235294117647059,0.3088235294117647,0.10294117647058823,0.2647058823529412
669,-115.98379316954913,53,0.05,4.894820597474307e-05,1.2057971584622444,0.5283018867924528,0.16981132075471697,0.07547169811320754,0.22641509433962265
670,-115.08668292885059,83,0.05,4.861137699398604e-05,1.2215572108413781,0.4578313253012048,0.2289156626506024,0.0963855421686747,0.21686746987951808
671,-82.20872705385206,95,0.05,4.827686584613052e-05,1.1979422674422295,0.5578947368421052,0.18947368421052632,0.1368421052631579,0.11578947368421053
672,-124.4383274717615,62,0.05,4.794465658139288e-05,1.2031313509959571,0.532258064516129,0.06451612903225806,0.1774193548387097,0.22580645161290322
673,-153.15433463473732,61,0.05,4.761473335974531e-05,1.2304875316340975,0.3114754098360656,0.14754098360655737,0.18032786885245902,0.36065573770491804
674,-131.47776649805684,82,0.05,4.728708045016051e-05,1.294589075431909,0.3170731707317073,0.2073170731707317,0.13414634146341464,0.34146341463414637
675,-60.85991804901383,96,0.05,4.6961682229861654e-05,1.2355824282105197,0.17708333333333334,0.17708333333333334,0.4479166666666667,0.19791666666666666
676,219.0887455853167,298,0.05,4.663852318357747e-05,1.256498287198133,0.20134228187919462,0.09395973154362416,0.33557046979865773,0.3691275167785235
677,-101.60104497667204,57,0.05,4.631758790280246e-05,1.226987543691878,0.5087719298245614,0.03508771929824561,0.22807017543859648,0.22807017543859648
678,209.56075001460528,245,0.05,4.599886108506219e-05,1.239779621813174,0.09387755102040816,0.3877551020408163,0.4163265306122449,0.10204081632653061
679,-187.32208857582674,58,0.05,4.5682327533183695e-05,1.2319938288520307,0.4482758620689655,0.06896551724137931,0.13793103448275862,0.3448275862068966
680,-132.83468244674424,59,0.05,4.536797215457083e-05,1.262549046938587,0.288135593220339,0.2542372881355932,0.13559322033898305,0.3220338983050847
681,-51.7040893507573,73,0.05,4.505577996048465e-05,1.222024425345761,0.2191780821917808,0.2054794520547945,0.3835616438356164,0.1917808219178082
682,-95.23588366480874,59,0.05,4.4745736065328744e-05,1.242746546529717,0.4406779661016949,0.1864406779661017,0.1864406779661017,0.1864406779661017
683,221.65226302099273,311,0.05,4.443782568593946e-05,1.245464380307111,0.2347266881028939,0.08038585209003216,0.21864951768488747,0.4662379421221865
684,-204.4714704195794,64,0.05,4.4132034140881064e-05,1.2146072387754419,0.46875,0.078125,0.109375,0.34375
685,-113.89804858706391,69,0.05,4.382834684974566e-05,1.2497158364949217,0.391304347826087,0.11594202898550725,0.2463768115942029,0.2463768115942029
686,-214.53749529685217,75,0.05,4.3526749332458045e-05,1.2117848100983404,0.16,0.25333333333333335,0.12,0.4666666666666667
687,-90.5520103396185,60,0.05,4.3227227208585244e-05,1.2415457615839758,0.38333333333333336,0.18333333333333332,0.18333333333333332,0.25
688,-128.30091633028132,88,0.05,4.292976619665085e-05,1.23596883245693,0.5454545454545454,0.17045454545454544,0.09090909090909091,0.19318181818181818
689,-17.968013911992784,94,0.05,4.263435211345408e-05,1.2237223718543424,0.0851063829787234,0.2872340425531915,0.40425531914893614,0.22340425531914893
690,-97.61878474875724,55,0.05,4.23409708733935e-05,1.246222865442668,0.5454545454545454,0.14545454545454545,0.14545454545454545,0.16363636363636364
691,-118.54506794376054,85,0.05,4.2049608487795405e-05,1.2636569258925594,0.36470588235294116,0.25882352941176473,0.1411764705882353,0.23529411764705882
692,-143.71694518575913,84,0.05,4.176025106424684e-05,1.2675587876355312,0.5595238095238095,0.05952380952380952,0.16666666666666666,0.21428571428571427
693,-140.62960739943887,78,0.05,4.1472884805933184e-05,1.2778932659648534,0.46153846153846156,0.23076923076923078,0.0641025641025641,0.24358974358974358
694,-131.1000929289254,80,0.05,4.1187496010980326e-05,1.2838201144977741,0.275,0.2875,0.1125,0.325
695,-155.15517890696395,131,0.05,4.090407107180133e-05,1.2614527043649606,0.09923664122137404,0.29770992366412213,0.3816793893129771,0.22137404580152673
696,-159.0353470461199,71,0.05,4.062259647444761e-05,1.2662092162216265,0.4225352112676056,0.18309859154929578,0.08450704225352113,0.30985915492957744
697,-87.67418691700756,68,0.05,4.034305879796459e-05,1.289870849464667,0.20588235294117646,0.23529411764705882,0.35294117647058826,0.20588235294117646
698,-107.24237245857464,91,0.05,4.0065444713751755e-05,1.2859909829466307,0.4945054945054945,0.17582417582417584,0.12087912087912088,0.2087912087912088
699,-51.13937213001074,87,0.05,3.978974098492718e-05,1.2697723684332223,0.5172413793103449,0.10344827586206896,0.11494252873563218,0.26436781609195403
700,-31.081393816553174,93,0.05,3.951593446569633e-05,1.2439080463961907,0.13978494623655913,0.24731182795698925,0.46236559139784944,0.15053763440860216
701,-67.47408776728801,96,0.05,3.924401210072528e-05,1.2583860399259281,0.3125,0.1875,0.17708333333333334,0.3229166666666667
702,-59.576536865159014,103,0.05,3.897396092451824e-05,1.2772728569775018,0.13592233009708737,0.27184466019417475,0.33980582524271846,0.2524271844660194
703,-144.7728319105073,823,0.05,3.8705768060799324e-05,1.2582785569236896,0.15309842041312272,0.17496962332928312,0.47023086269744835,0.20170109356014582
704,-29.993685419040972,114,0.05,3.8439420721898606e-05,1.2556006357398555,0.20175438596491227,0.24561403508771928,0.21052631578947367,0.34210526315789475
705,130.9390592005769,391,0.05,3.8174906208142405e-05,1.290054678595012,0.10485933503836317,0.10997442455242967,0.41687979539641945,0.36828644501278773
706,1.0236645828850754,161,0.05,3.791221190724773e-05,1.2822922329982938,0.11801242236024845,0.19254658385093168,0.4782608695652174,0.2111801242236025
707,-11.72136882618382,86,0.05,3.765132529372094e-05,1.2946280279857325,0.10465116279069768,0.3372093023255814,0.19767441860465115,0.36046511627906974
708,-110.91277268117021,69,0.05,3.7392233928260494e-05,1.2747020339215442,0.21739130434782608,0.2463768115942029,0.21739130434782608,0.3188405797101449
709,-103.87057871929642,85,0.05,3.713492545716386e-05,1.2729905753264545,0.27058823529411763,0.29411764705882354,0.12941176470588237,0.3058823529411765
710,-128.78629817162044,88,0.05,3.687938761173845e-05,1.2666287609229203,0.4318181818181818,0.13636363636363635,0.19318181818181818,0.23863636363636365
711,225.16183441944932,325,0.05,3.662560820771668e-05,1.2681016852093665,0.3476923076923077,0.2246153846153846,0.3230769230769231,0.10461538461538461
712,-109.55326435652012,80,0.05,3.637357514467496e-05,1.2596840036634545,0.3625,0.2,0.25,0.1875
713,-16.11130243666595,92,0.05,3.612327640545678e-05,1.2842629955235862,0.11956521739130435,0.20652173913043478,0.4782608695652174,0.1956521739130435
714,-9.144852262035272,82,0.05,3.5874700055599694e-05,1.2462907202940685,0.14634146341463414,0.18292682926829268,0.47560975609756095,0.1951219512195122
715,-92.49394906412917,63,0.05,3.5627834242766295e-05,1.277294441888134,0.31746031746031744,0.23809523809523808,0.20634920634920634,0.23809523809523808
716,-63.88291975871577,88,0.05,3.5382667196179064e-05,1.2927273762562042,0.22727272727272727,0.25,0.2727272727272727,0.25
717,-182.8871311277133,81,0.05,3.513918722605914e-05,1.270050946030569,0.6666666666666666,0.024691358024691357,0.09876543209876543,0.20987654320987653
718,-98.43071299306929,70,0.05,3.489738272306896e-05,1.2742558547708756,0.2714285714285714,0.22857142857142856,0.2857142857142857,0.21428571428571427
719,-73.74091796777554,72,0.05,3.4657242157758666e-05,1.2659782217676776,0.2222222222222222,0.2222222222222222,0.3055555555555556,0.25
720,-133.92252649968572,82,0.05,3.4418754080016435e-05,1.2978993642778787,0.21951219512195122,0.32926829268292684,0.07317073170731707,0.3780487804878049
721,-27.43870302014099,103,0.05,3.4181907118522465e-05,1.2469661306058788,0.07766990291262135,0.30097087378640774,0.36893203883495146,0.2524271844660194
722,-118.73513155190703,64,0.05,3.394668998020683e-05,1.2619847015538763,0.40625,0.171875,0.15625,0.265625
723,-138.96271012241886,71,0.05,3.3713091449710984e-05,1.2904945146319269,0.2676056338028169,0.2535211267605634,0.1267605633802817,0.352112676056338
724,-72.1203335719881,57,0.05,3.3481100388853026e-05,1.3201759163547435,0.40350877192982454,0.10526315789473684,0.17543859649122806,0.3157894736842105
725,-47.90139989821998,77,0.05,3.32507057360966e-05,1.308686488251468,0.2077922077922078,0.18181818181818182,0.44155844155844154,0.16883116883116883
726,-90.75126004170423,57,0.05,3.3021896506023485e-05,1.3346815370387042,0.2982456140350877,0.21052631578947367,0.2631578947368421,0.22807017543859648
727,201.44330058869664,368,0.05,3.27946617888098e-05,1.3106081193784656,0.22282608695652173,0.14130434782608695,0.45108695652173914,0.18478260869565216
728,-51.17786686481085,1000,0.05,3.256899074970581e-05,1.2872941758083754,0.213,0.177,0.525,0.085
729,-84.31932448095753,89,0.05,3.2344872628519324e-05,1.300996575189159,0.33707865168539325,0.21348314606741572,0.1348314606741573,0.3146067415730337
730,-95.66174899037416,76,0.05,3.2122296739102625e-05,1.2863875637070195,0.3684210526315789,0.17105263157894737,0.19736842105263158,0.2631578947368421
731,-32.80076886601487,1000,0.05,3.190125246884296e-05,1.3164265065141099,0.104,0.243,0.424,0.229
732,-112.41037632431662,66,0.05,3.168172927815652e-05,1.3400907598877263,0.3484848484848485,0.07575757575757576,0.3939393939393939,0.18181818181818182
733,-98.10755630370248,71,0.05,3.146371669998587e-05,1.3231420552745436,0.19718309859154928,0.2676056338028169,0.2535211267605634,0.28169014084507044
734,-80.67274487148083,55,0.05,3.124720433930093e-05,1.3160150760802323,0.2,0.23636363636363636,0.23636363636363636,0.32727272727272727
735,19.41150308520176,117,0.05,3.10321818726033e-05,1.3421852319373149,0.24786324786324787,0.27350427350427353,0.24786324786324787,0.23076923076923078
736,-155.8324554115938,83,0.05,3.081863904743399e-05,1.2930602533928794,0.4939759036144578,0.14457831325301204,0.10843373493975904,0.25301204819277107
737,-114.89902211055688,89,0.05,3.0606565681884654e-05,1.3434899359472323,0.3707865168539326,0.20224719101123595,0.14606741573033707,0.2808988764044944
738,-52.75890144677031,109,0.05,3.0395951664112036e-05,1.286624443235279,0.045871559633027525,0.3302752293577982,0.3394495412844037,0.28440366972477066
739,-122.55500921573747,109,0.05,3.018678695185587e-05,1.3126442380896757,0.05504587155963303,0.1743119266055046,0.5229357798165137,0.24770642201834864
740,-86.11678031371491,91,0.05,2.9979061571960033e-05,1.2999260665412982,0.24175824175824176,0.24175824175824176,0.25274725274725274,0.26373626373626374
741,-55.84224136386855,90,0.05,2.9772765619897032e-05,1.2780386894806244,0.13333333333333333,0.17777777777777778,0.4888888888888889,0.2
742,57.30100811715366,111,0.05,2.956788925929574e-05,1.2918424712601655,0.22522522522522523,0.16216216216216217,0.36036036036036034,0.25225225225225223
743,274.59000767204174,265,0.05,2.9364422721472388e-05,1.324820994018424,0.6113207547169811,0.09056603773584905,0.16981132075471697,0.12830188679245283
744,-40.78305783926854,79,0.05,2.916235630496479e-05,1.4013510195900276,0.02531645569620253,0.22784810126582278,0.5063291139240507,0.24050632911392406
745,26.10351603049368,102,0.05,2.896168037506977e-05,1.3579019842281794,0.19607843137254902,0.22549019607843138,0.29411764705882354,0.28431372549019607
746,-133.92800064159303,86,0.05,2.876238536338376e-05,1.3562624873863751,0.45348837209302323,0.16279069767441862,0.12790697674418605,0.2558139534883721
747,-102.89439539593702,92,0.05,2.856446176734659e-05,1.3539892266089353,0.5,0.18478260869565216,0.10869565217391304,0.20652173913043478
748,-73.94024714889655,88,0.05,2.8367900149788368e-05,1.335027001868967,0.3522727272727273,0.20454545454545456,0.25,0.19318181818181818
749,-124.84182351708117,73,0.05,2.817269113847954e-05,1.3567698369651093,0.3835616438356164,0.1643835616438356,0.1643835616438356,0.2876712328767123
750,-113.13188314926307,79,0.05,2.7978825425683996e-05,1.3318707009839965,0.3037974683544304,0.21518987341772153,0.21518987341772153,0.26582278481012656
751,-117.50471061574984,74,0.05,2.778629376771527e-05,1.3331319429288933,0.28378378378378377,0.22972972972972974,0.1891891891891892,0.2972972972972973
752,-67.74325364429356,73,0.05,2.7595086984495794e-05,1.365338807395395,0.0410958904109589,0.2876712328767123,0.3835616438356164,0.2876712328767123
753,-326.2784842874783,115,0.05,2.740519595911919e-05,1.349867109538829,0.21739130434782608,0.1826086956521739,0.1391304347826087,0.4608695652173913
754,42.561125896768516,136,0.05,2.7216611637415555e-05,1.335213974143268,0.20588235294117646,0.17647058823529413,0.375,0.2426470588235294
755,255.61861593477477,336,0.05,2.7029325027519766e-05,1.337893222299441,0.26785714285714285,0.14583333333333334,0.44642857142857145,0.13988095238095238
756,10.889959896827406,98,0.05,2.6843327199442725e-05,1.348037741170878,0.1326530612244898,0.1326530612244898,0.6530612244897959,0.08163265306122448
757,240.9537575106686,894,0.05,2.6658609284645578e-05,1.354414804429658,0.6890380313199105,0.039149888143176735,0.07941834451901567,0.19239373601789708
758,-122.02558392779501,63,0.05,2.647516247561686e-05,1.3510150546197612,0.25396825396825395,0.14285714285714285,0.42857142857142855,0.1746031746031746
759,250.2880279154918,269,0.05,2.6292978025452534e-05,1.3657753945452102,0.2379182156133829,0.241635687732342,0.40892193308550184,0.11152416356877323
760,-137.3065122918162,56,0.05,2.6112047247438936e-05,1.3083219916886175,0.39285714285714285,0.07142857142857142,0.26785714285714285,0.26785714285714285
761,-100.0276290967935,73,0.05,2.5932361514638587e-05,1.3420533023701344,0.3287671232876712,0.1643835616438356,0.2054794520547945,0.3013698630136986
762,260.0458641219835,448,0.05,2.5753912259478847e-05,1.336404682952704,0.6875,0.04241071428571429,0.17410714285714285,0.09598214285714286
763,-172.21666780541995,82,0.05,2.557669097334341e-05,1.3567095353600065,0.32926829268292684,0.18292682926829268,0.1951219512195122,0.2926829268292683
764,-73.91159788967713,94,0.05,2.5400689206166612e-05,1.3372317643968386,0.11702127659574468,0.26595744680851063,0.2978723404255319,0.3191489361702128
765,-68.19161015271264,68,0.05,2.522589856603051e-05,1.334632760442273,0.04411764705882353,0.25,0.38235294117647056,0.3235294117647059
766,225.8977223540785,605,0.05,2.5052310718764757e-05,1.3552608101178882,0.456198347107438,0.2528925619834711,0.21983471074380165,0.07107438016528926
767,183.17902576167901,426,0.05,2.4879917387549227e-05,1.3634525137115887,0.22300469483568075,0.14788732394366197,0.4295774647887324,0.19953051643192488
768,218.7647229644936,475,0.05,2.4708710352519355e-05,1.3615802682438334,0.23789473684210527,0.16,0.16,0.4421052631578947
769,-95.51994383398672,93,0.05,2.4538681450374215e-05,1.3575883001298608,0.40860215053763443,0.1827956989247312,0.22580645161290322,0.1827956989247312
770,-101.23043918243195,79,0.05,2.4369822573987288e-05,1.366624956907473,0.2911392405063291,0.20253164556962025,0.25316455696202533,0.25316455696202533
771,-97.2591280946656,160,0.05,2.4202125672019906e-05,1.3598572896438874,0.05625,0.23125,0.49375,0.21875
772,1.8174913382389235,131,0.05,2.4035582748537352e-05,1.375503530030565,0.04580152671755725,0.26717557251908397,0.4351145038167939,0.25190839694656486
773,-19.517260193200457,116,0.05,2.3870185862627613e-05,1.3326656684254472,0.0603448275862069,0.20689655172413793,0.4827586206896552,0.25
774,3.363769767300383,95,0.05,2.3705927128022745e-05,1.336429496546585,0.0,0.22105263157894736,0.6,0.17894736842105263
775,-139.71791115873884,65,0.05,2.354279871272286e-05,1.3448894191575638,0.35384615384615387,0.2153846153846154,0.2,0.23076923076923078
776,1.0257139110044875,122,0.05,2.338079283862267e-05,1.3474194385040437,0.09016393442622951,0.2786885245901639,0.3524590163934426,0.2786885245901639
777,-374.5541009656144,380,0.05,2.3219901781140642e-05,1.3830586349901541,0.1,0.2657894736842105,0.5263157894736842,0.10789473684210527
778,48.09828104956799,195,0.05,2.306011786885067e-05,1.3827289910541687,0.10256410256410256,0.1794871794871795,0.558974358974359,0.15897435897435896
779,42.03471895859329,192,0.05,2.290143348311629e-05,1.3769458826707843,0.15104166666666666,0.203125,0.5,0.14583333333333334
780,17.21149165465438,127,0.05,2.2743841057727436e-05,1.3700519692235624,0.11023622047244094,0.23622047244094488,0.4015748031496063,0.25196850393700787
781,193.02811617268213,242,0.05,2.2587333078539656e-05,1.3851985647264806,0.3884297520661157,0.22727272727272727,0.24793388429752067,0.13636363636363635
782,181.7565380057573,527,0.05,2.2431902083115847e-05,1.3695159160797117,0.33586337760910817,0.07590132827324478,0.127134724857685,0.46110056925996207
783,-84.55724286241576,69,0.05,2.2277540660370424e-05,1.3497360167523957,0.057971014492753624,0.2898550724637681,0.4057971014492754,0.2463768115942029
784,-97.20958554191411,81,0.05,2.2124241450215965e-05,1.3603776683900979,0.2716049382716049,0.20987654320987653,0.25925925925925924,0.25925925925925924
785,-43.456325871756945,101,0.05,2.1971997143212276e-05,1.3682405714824888,0.21782178217821782,0.2079207920792079,0.3564356435643564,0.21782178217821782
786,-81.46118005670361,95,0.05,2.1820800480217858e-05,1.3558618239903653,0.3263157894736842,0.2,0.2631578947368421,0.21052631578947367
787,-86.4343144638308,84,0.05,2.16706442520438e-05,1.3632783436926543,0.17857142857142858,0.2261904761904762,0.30952380952380953,0.2857142857142857
788,-91.85846167823905,103,0.05,2.1521521299110032e-05,1.4223511532336899,0.24271844660194175,0.24271844660194175,0.2912621359223301,0.22330097087378642
789,24.803221568873155,122,0.05,2.1373424511103943e-05,1.4209163888797933,0.11475409836065574,0.23770491803278687,0.4098360655737705,0.23770491803278687
790,-110.64518739406338,104,0.05,2.1226346826641367e-05,1.3922243192586938,0.25961538461538464,0.22115384615384615,0.25,0.2692307692307692
791,-79.244385308743,101,0.05,2.1080281232929883e-05,1.414036880534797,0.15841584158415842,0.24752475247524752,0.3465346534653465,0.24752475247524752
792,-53.520176508800596,92,0.05,2.0935220765434445e-05,1.3869462753551012,0.16304347826086957,0.21739130434782608,0.391304347826087,0.22826086956521738
793,-88.46706585087821,80,0.05,2.0791158507545297e-05,1.4029319843355936,0.275,0.175,0.3625,0.1875
794,-217.40985066535654,57,0.05,2.0648087590248188e-05,1.4106249895888296,0.17543859649122806,0.24561403508771928,0.07017543859649122,0.5087719298245614
795,-67.44676941785089,63,0.05,2.0506001191796858e-05,1.374843758739295,0.12698412698412698,0.2222222222222222,0.3492063492063492,0.30158730158730157
796,-86.13004979203744,90,0.05,2.036489253738776e-05,1.392339605889634,0.3333333333333333,0.18888888888888888,0.26666666666666666,0.2111111111111111
797,-88.17528022071127,100,0.05,2.0224754898837043e-05,1.4098175206741181,0.24,0.22,0.27,0.27
798,-24.427032932178292,79,0.05,2.008558159425973e-05,1.3747407551937734,0.16455696202531644,0.16455696202531644,0.5316455696202531,0.13924050632911392
799,-70.60267612286749,82,0.05,1.9947365987751136e-05,1.3581937233892938,0.15853658536585366,0.18292682926829268,0.3902439024390244,0.2682926829268293
800,-65.239839086986,85,0.05,1.981010148907046e-05,1.3794532535391753,0.2,0.23529411764705882,0.35294117647058826,0.21176470588235294
801,-16.29439837850012,87,0.05,1.9673781553326545e-05,1.3965311077756932,0.08045977011494253,0.16091954022988506,0.632183908045977,0.12643678160919541
802,-16.047534987336206,106,0.05,1.9538399680665823e-05,1.380652671937444,0.2169811320754717,0.22641509433962265,0.32075471698113206,0.2358490566037736
803,210.98008935043066,286,0.05,1.9403949415962396e-05,1.3755299302264243,0.4195804195804196,0.09090909090909091,0.2902097902097902,0.1993006993006993
804,-69.06465142454716,70,0.05,1.9270424348510242e-05,1.3811754153253528,0.14285714285714285,0.21428571428571427,0.4,0.24285714285714285
805,-70.22407694586168,93,0.05,1.913781811171755e-05,1.3756559327594036,0.17204301075268819,0.22580645161290322,0.3333333333333333,0.26881720430107525
806,-47.02323511301937,95,0.05,1.9006124382803167e-05,1.3576652798771014,0.05263157894736842,0.25263157894736843,0.5052631578947369,0.18947368421052632
807,-61.565603116651076,87,0.05,1.8875336882495104e-05,1.3854554193138178,0.10344827586206896,0.19540229885057472,0.5287356321839081,0.1724137931034483
808,-47.779445984864765,69,0.05,1.8745449374731143e-05,1.4026590075283094,0.21739130434782608,0.15942028985507245,0.42028985507246375,0.2028985507246377
809,-60.394859740376695,62,0.05,1.86164556663615e-05,1.468368127941544,0.08064516129032258,0.24193548387096775,0.3709677419354839,0.3064516129032258
810,-11.451988362081366,112,0.05,1.8488349606853527e-05,1.442044831630062,0.08928571428571429,0.15178571428571427,0.6160714285714286,0.14285714285714285
811,-57.06701897269778,104,0.05,1.8361125087998447e-05,1.4207499028627404,0.038461538461538464,0.18269230769230768,0.625,0.15384615384615385
812,216.47236842836983,861,0.05,1.823477604362011e-05,1.4051177688261889,0.6817653890824622,0.11382113821138211,0.14634146341463414,0.05807200929152149
813,-28.37940733822208,76,0.05,1.8109296449285756e-05,1.3900299976310624,0.15789473684210525,0.17105263157894737,0.47368421052631576,0.19736842105263158
814,178.12946634181705,522,0.05,1.7984680322018758e-05,1.3940723009878122,0.2950191570881226,0.5019157088122606,0.16283524904214558,0.040229885057471264
815,14.008224102070287,123,0.05,1.7860921720013358e-05,1.39986945246522,0.24390243902439024,0.17073170731707318,0.35772357723577236,0.22764227642276422
816,-34.21297850476374,92,0.05,1.773801474235135e-05,1.3660565403187177,0.18478260869565216,0.1956521739130435,0.391304347826087,0.22826086956521738
817,-107.32413011929167,99,0.05,1.7615953528720717e-05,1.4413795281486335,0.20202020202020202,0.2222222222222222,0.2727272727272727,0.30303030303030304
818,6.146302971187353,117,0.05,1.7494732259136213e-05,1.4635746151941482,0.1794871794871795,0.17094017094017094,0.4444444444444444,0.20512820512820512
819,-97.66155664723634,106,0.05,1.7374345153661857e-05,1.4367551975250419,0.2830188679245283,0.18867924528301888,0.3490566037735849,0.1792452830188679
820,-151.2192139780256,113,0.05,1.725478647213534e-05,1.4520052909567251,0.10619469026548672,0.336283185840708,0.336283185840708,0.22123893805309736
821,-3.974359100031762,108,0.05,1.7136050513894327e-05,1.454553276957258,0.2222222222222222,0.17592592592592593,0.39814814814814814,0.2037037037037037
822,11.76260792042153,125,0.05,1.7018131617504658e-05,1.4116632004569876,0.056,0.232,0.448,0.264
823,188.35154092148014,482,0.05,1.6901024160490384e-05,1.430882604214792,0.5,0.23029045643153526,0.2074688796680498,0.06224066390041494
824,219.22602866998648,220,0.05,1.67847225590657e-05,1.4230305346345555,0.08181818181818182,0.16818181818181818,0.2863636363636364,0.4636363636363636
825,193.63824826704774,384,0.05,1.66692212678687e-05,1.4163835278383938,0.1875,0.24479166666666666,0.4244791666666667,0.14322916666666666
826,-49.23095203406007,94,0.05,1.6554514779696966e-05,1.410600423393049,0.031914893617021274,0.1595744680851064,0.5212765957446809,0.2872340425531915
827,218.1189364259651,226,0.05,1.6440597625244978e-05,1.4307496838058655,0.08849557522123894,0.20353982300884957,0.42035398230088494,0.28761061946902655
828,-45.71108644219832,82,0.05,1.6327464372843345e-05,1.4604770144965453,0.12195121951219512,0.18292682926829268,0.4634146341463415,0.23170731707317074
829,-33.73267716579987,108,0.05,1.6215109628199808e-05,1.4775002794565537,0.17592592592592593,0.18518518518518517,0.46296296296296297,0.17592592592592593
830,221.37135547538338,822,0.05,1.6103528034142037e-05,1.435159974303666,0.45498783454987834,0.31143552311435524,0.18248175182481752,0.051094890510948905
831,-37.02838140684179,95,0.05,1.5992714270362195e-05,1.444979983619579,0.11578947368421053,0.1368421052631579,0.5473684210526316,0.2
832,33.26045660963604,104,0.05,1.5882663053163262e-05,1.4333029802090418,0.20192307692307693,0.1346153846153846,0.5288461538461539,0.1346153846153846
833,242.39481538311458,161,0.05,1.577336913520711e-05,1.4357140445025196,0.3167701863354037,0.15527950310559005,0.40372670807453415,0.12422360248447205
834,182.29633756411278,428,0.05,1.56648273052643e-05,1.4181401812182912,0.18457943925233644,0.24766355140186916,0.2967289719626168,0.27102803738317754
835,123.28277608094625,1000,0.05,1.5557032387965604e-05,1.4589978710016454,0.473,0.038,0.122,0.367
836,-66.90546251513973,117,0.05,1.544997924355524e-05,1.4320544658401466,0.28205128205128205,0.13675213675213677,0.4700854700854701,0.1111111111111111
837,-20.202879545054188,101,0.05,1.53436627676458e-05,1.4321307510506693,0.16831683168316833,0.12871287128712872,0.5742574257425742,0.12871287128712872
838,291.6260677631278,251,0.05,1.5238077890974887e-05,1.4397572884855223,0.24302788844621515,0.14342629482071714,0.43824701195219123,0.1752988047808765
839,-5.779017004017689,103,0.05,1.5133219579163384e-05,1.444837780664774,0.21359223300970873,0.13592233009708737,0.49514563106796117,0.1553398058252427
840,271.96126312152205,244,0.05,1.5029082832475423e-05,1.4392273086314726,0.1885245901639344,0.13524590163934427,0.48360655737704916,0.19262295081967212
841,19.33487157746596,137,0.05,1.4925662685579993e-05,1.4546989357031523,0.22627737226277372,0.145985401459854,0.4744525547445255,0.15328467153284672
842,-108.10246622352466,254,0.05,1.4822954207314186e-05,1.4577889801101713,0.047244094488188976,0.3700787401574803,0.4330708661417323,0.14960629921259844
843,-3.0180819807202255,115,0.05,1.4720952500448076e-05,1.51870443952387,0.1826086956521739,0.1565217391304348,0.48695652173913045,0.17391304347826086
844,230.6816370913917,339,0.05,1.4619652701451211e-05,1.4754400180868052,0.5457227138643068,0.13864306784660768,0.26253687315634217,0.05309734513274336
845,277.50695670228276,259,0.05,1.4519049980260725e-05,1.4533020539295671,0.2972972972972973,0.13513513513513514,0.43243243243243246,0.13513513513513514
846,-52.18006347178286,92,0.05,1.4419139540051027e-05,1.4395505780520328,0.14130434782608695,0.09782608695652174,0.5978260869565217,0.16304347826086957
847,208.3077659019146,196,0.05,1.4319916617005086e-05,1.4418698274337929,0.07142857142857142,0.1836734693877551,0.3112244897959184,0.4336734693877551
848,255.62778927081914,218,0.05,1.4221376480087294e-05,1.4779656106627428,0.42201834862385323,0.11926605504587157,0.3440366972477064,0.11467889908256881
849,258.21594576907916,213,0.05,1.4123514430817878e-05,1.4440702063458606,0.26291079812206575,0.14553990610328638,0.4413145539906103,0.15023474178403756
850,2.1188256232679947,119,0.05,1.4026325803048881e-05,1.446348403479615,0.2689075630252101,0.14285714285714285,0.4789915966386555,0.1092436974789916
851,0.6150735539898164,140,0.05,1.3929805962741665e-05,1.445727060017802,0.20714285714285716,0.17857142857142858,0.4785714285714286,0.1357142857142857
852,-127.82058349496414,229,0.05,1.3833950307745965e-05,1.4587762206985284,0.07423580786026202,0.2663755458515284,0.462882096069869,0.1965065502183406
853,-12.806784930497841,96,0.05,1.3738754267580453e-05,1.5288553750472682,0.16666666666666666,0.11458333333333333,0.5729166666666666,0.14583333333333334
854,274.33553427750394,274,0.05,1.364421330321481e-05,1.520633785767688,0.5547445255474452,0.10948905109489052,0.25547445255474455,0.08029197080291971
855,208.75917271473827,189,0.05,1.3550322906853302e-05,1.4964231266557324,0.021164021164021163,0.15343915343915343,0.2962962962962963,0.5291005291005291
856,13.055591725943515,128,0.05,1.345707860171985e-05,1.491361610477145,0.171875,0.1953125,0.46875,0.1640625
857,-6.9720243957684005,109,0.05,1.3364475941844564e-05,1.4924223832091266,0.1559633027522936,0.1834862385321101,0.5229357798165137,0.13761467889908258
858,-240.33582952963707,364,0.05,1.3272510511851765e-05,1.4742948907689395,0.12087912087912088,0.23626373626373626,0.5082417582417582,0.1346153846153846
859,277.7984190662616,233,0.05,1.3181177926749448e-05,1.4664631593744097,0.26180257510729615,0.13304721030042918,0.41630901287553645,0.1888412017167382
860,293.08556562790403,559,0.05,1.3090473831720205e-05,1.4736441906844868,0.41144901610017887,0.06976744186046512,0.2182468694096601,0.3005366726296959
861,19.513385612369007,154,0.05,1.3000393901913585e-05,1.5336889445571427,0.03896103896103896,0.2922077922077922,0.44805194805194803,0.22077922077922077
862,18.33961913295545,128,0.05,1.2910933842239878e-05,1.546697350361427,0.21875,0.140625,0.4921875,0.1484375
863,268.92859682687674,171,0.05,1.2822089387165325e-05,1.5212294589931763,0.2573099415204678,0.15789473684210525,0.45614035087719296,0.1286549707602339
864,27.083908126485497,122,0.05,1.273385630050873e-05,1.5035918036947842,0.23770491803278687,0.13114754098360656,0.48360655737704916,0.14754098360655737
865,-38.20251099199024,104,0.05,1.2646230375239476e-05,1.5060423961354759,0.15384615384615385,0.1346153846153846,0.5480769230769231,0.16346153846153846
866,25.082501414400937,133,0.05,1.2559207433276937e-05,1.5092612881612981,0.18796992481203006,0.17293233082706766,0.5037593984962406,0.13533834586466165
867,48.18295688633839,125,0.05,1.2472783325291252e-05,1.5011587484581146,0.192,0.184,0.512,0.112
868,245.94637025502595,338,0.05,1.2386953930505488e-05,1.4961283145716482,0.11538461538461539,0.31952662721893493,0.22189349112426035,0.3431952662721893
869,38.83238703077819,95,0.05,1.2301715156499158e-05,1.5149040553869615,0.031578947368421054,0.21052631578947367,0.5789473684210527,0.17894736842105263
870,-4.027219939912385,131,0.05,1.2217062939013088e-05,1.4831185316526223,0.22137404580152673,0.13740458015267176,0.5038167938931297,0.13740458015267176
871,-51.20011685194842,128,0.05,1.2132993241755632e-05,1.4856069450862455,0.1796875,0.1171875,0.546875,0.15625
872,-28.120531105378333,128,0.05,1.2049502056210217e-05,1.4744501090940407,0.25,0.1484375,0.4296875,0.171875
873,-2.0757525579377187,132,0.05,1.1966585401444214e-05,1.485503748907051,0.12878787878787878,0.17424242424242425,0.5227272727272727,0.17424242424242425
874,-48.862401610146975,130,0.05,1.1884239323919121e-05,1.4763652407014534,0.24615384615384617,0.14615384615384616,0.49230769230769234,0.11538461538461539
875,30.43144492991152,133,0.05,1.1802459897302061e-05,1.5504770799535654,0.11278195488721804,0.18045112781954886,0.5263157894736842,0.18045112781954886
876,256.6305200487343,263,0.05,1.1721243222278564e-05,1.5434152538231962,0.1520912547528517,0.17490494296577946,0.467680608365019,0.20532319391634982
877,-35.094942782903416,117,0.05,1.1640585426366647e-05,1.5334042574070101,0.23076923076923078,0.11965811965811966,0.5299145299145299,0.11965811965811966
878,28.489643730173555,124,0.05,1.1560482663732173e-05,1.5441712743403655,0.18548387096774194,0.13709677419354838,0.5,0.1774193548387097
879,265.7969480218044,188,0.05,1.1480931115005475e-05,1.5303071047576757,0.17553191489361702,0.17553191489361702,0.4574468085106383,0.19148936170212766
880,205.98074586473564,483,0.05,1.1401926987099248e-05,1.5202823971116026,0.2318840579710145,0.07039337474120083,0.16977225672877846,0.5279503105590062
881,30.27862008390943,147,0.05,1.1323466513027688e-05,1.4895907252137897,0.19047619047619047,0.17006802721088435,0.46258503401360546,0.17687074829931973
882,-127.9593422425872,304,0.05,1.1245545951726881e-05,1.4983392082463562,0.08881578947368421,0.3059210526315789,0.4605263157894737,0.14473684210526316
883,52.306677404967786,119,0.05,1.1168161587876426e-05,1.493897514354549,0.05042016806722689,0.18487394957983194,0.5546218487394958,0.21008403361344538
884,253.7596003340276,267,0.05,1.1091309731722286e-05,1.529685545875889,0.19850187265917604,0.17228464419475656,0.449438202247191,0.1797752808988764
885,3.7042018868721556,114,0.05,1.1014986718900852e-05,1.5725794530073325,0.09649122807017543,0.18421052631578946,0.5964912280701754,0.12280701754385964
886,249.20712575839585,242,0.05,1.093918891026423e-05,1.5485880977323467,0.4462809917355372,0.0743801652892562,0.36363636363636365,0.11570247933884298
887,183.96673606701643,271,0.05,1.0863912691706718e-05,1.5385008933909925,0.23247232472324722,0.36531365313653136,0.33579335793357934,0.06642066420664207
888,-312.3519800834325,295,0.05,1.0789154473992486e-05,1.541334486832896,0.10847457627118644,0.1152542372881356,0.5966101694915255,0.17966101694915254
889,232.1509196404155,388,0.05,1.0714910692584437e-05,1.5290983135678182,0.520618556701031,0.07731958762886598,0.18814432989690721,0.21391752577319587
890,253.5304423031216,169,0.05,1.0641177807474243e-05,1.5169650221667987,0.33136094674556216,0.08284023668639054,0.44970414201183434,0.13609467455621302
891,245.77854287091964,256,0.05,1.0567952303013563e-05,1.4969640167854728,0.24609375,0.16015625,0.40625,0.1875
892,224.68446062331248,217,0.05,1.0495230687746404e-05,1.5371292284863862,0.391705069124424,0.11981566820276497,0.35944700460829493,0.12903225806451613
893,50.76002951683418,145,0.05,1.042300949424265e-05,1.6140215143936059,0.13793103448275862,0.2,0.47586206896551725,0.18620689655172415
894,198.77237605532508,748,0.05,1.0351285278932735e-05,1.5441123001085575,0.6203208556149733,0.2339572192513369,0.11764705882352941,0.02807486631016043
895,246.68348939535207,322,0.05,1.0280054621943443e-05,1.5313857600352314,0.3385093167701863,0.12111801242236025,0.4161490683229814,0.12422360248447205
896,288.0777678562277,214,0.05,1.0209314126934852e-05,1.529052884328644,0.3130841121495327,0.1308411214953271,0.4205607476635514,0.13551401869158877
897,168.5790071138545,418,0.05,1.0139060420938391e-05,1.5057218006604864,0.27751196172248804,0.1722488038277512,0.2894736842105263,0.2607655502392344
898,236.04905055844648,300,0.05,1.0069290154196015e-05,1.5720179680305235,0.2733333333333333,0.14666666666666667,0.48,0.1
899,230.1168340411664,216,0.05,1.0000000000000484e-05,1.5489019458303375,0.39351851851851855,0.0787037037037037,0.3472222222222222,0.18055555555555555
900,265.39217780968283,406,0.05,1e-05,1.557873697130915,0.39655172413793105,0.07142857142857142,0.22167487684729065,0.3103448275862069
901,267.67229035684045,209,0.05,1e-05,1.535110938050244,0.22966507177033493,0.11004784688995216,0.45933014354066987,0.20095693779904306
902,-211.65035421585992,321,0.05,1e-05,1.5528238617140062,0.09657320872274143,0.3052959501557632,0.4984423676012461,0.09968847352024922
903,13.243952382978748,132,0.05,1e-05,1.5074172633337772,0.045454545454545456,0.1590909090909091,0.5984848484848485,0.19696969696969696
904,90.9944599941664,1000,0.05,1e-05,1.5584958714650436,0.44,0.053,0.151,0.356
905,284.74180947829046,176,0.05,1e-05,1.5540240137383534,0.2556818181818182,0.1590909090909091,0.5227272727272727,0.0625
906,-2.5436751946163696,138,0.05,1e-05,1.5458476915001447,0.15942028985507245,0.2028985507246377,0.5,0.13768115942028986
907,234.98751460308023,276,0.05,1e-05,1.5553792589194197,0.2246376811594203,0.15942028985507245,0.47101449275362317,0.14492753623188406
908,255.74266214516788,255,0.05,1e-05,1.5391091594235697,0.25882352941176473,0.11372549019607843,0.4549019607843137,0.17254901960784313
909,245.77021273007796,469,0.05,1e-05,1.5428181183323844,0.09168443496801706,0.3752665245202559,0.4072494669509595,0.1257995735607676
910,218.96802303662128,440,0.05,1e-05,1.5785687309732406,0.5,0.06818181818181818,0.3477272727272727,0.08409090909090909
911,223.93330018091513,296,0.05,1e-05,1.5607341270983965,0.2972972972972973,0.06418918918918919,0.5202702702702703,0.11824324324324324
912,222.4843779096845,396,0.05,1e-05,1.5581351412504967,0.32575757575757575,0.10858585858585859,0.44696969696969696,0.11868686868686869
913,249.75524038712288,187,0.05,1e-05,1.5701942683898897,0.34759358288770054,0.08021390374331551,0.48128342245989303,0.09090909090909091
914,269.2471056295051,735,0.05,1e-05,1.5416574560297742,0.6884353741496598,0.034013605442176874,0.11564625850340136,0.1619047619047619
915,-0.4531815585580148,183,0.05,1e-05,1.542583612013907,0.18579234972677597,0.14207650273224043,0.4644808743169399,0.20765027322404372
916,136.852436191443,629,0.05,1e-05,1.5938360892822219,0.1685214626391097,0.08267090620031796,0.32432432432432434,0.424483306836248
917,211.9462147222323,327,0.05,1e-05,1.5647680079308068,0.2415902140672783,0.1712538226299694,0.4740061162079511,0.11314984709480122
918,256.30929232203175,502,0.05,1e-05,1.5583969797531774,0.47410358565737054,0.045816733067729085,0.16135458167330677,0.3187250996015936
919,9.428743651753763,366,0.05,1e-05,1.5536278535753507,0.16666666666666666,0.09836065573770492,0.5136612021857924,0.22131147540983606
920,178.59118372849582,419,0.05,1e-05,1.5903409433257787,0.06921241050119331,0.11217183770883055,0.3317422434367542,0.48687350835322196
921,231.1281806024464,516,0.05,1e-05,1.5720933460417092,0.2596899224806202,0.24031007751937986,0.39147286821705424,0.10852713178294573
922,-21.09517194221417,1000,0.05,1e-05,1.5450947932128625,0.07,0.166,0.574,0.19
923,242.3243708478724,213,0.05,1e-05,1.5385189025224926,0.3427230046948357,0.06572769953051644,0.3568075117370892,0.2347417840375587
924,-26.655390705306402,206,0.05,1e-05,1.6279565716275486,0.09223300970873786,0.1553398058252427,0.5242718446601942,0.22815533980582525
925,273.2570241685307,359,0.05,1e-05,1.5861735536014372,0.4568245125348189,0.10027855153203342,0.31197771587743733,0.1309192200557103
926,239.03582393160795,237,0.05,1e-05,1.5841024722697494,0.4177215189873418,0.14345991561181434,0.33755274261603374,0.10126582278481013
927,-10.927079846809704,199,0.05,1e-05,1.5755902400949127,0.12060301507537688,0.17587939698492464,0.507537688442211,0.19597989949748743
928,273.76091151404023,260,0.05,1e-05,1.5502737757763463,0.23076923076923078,0.1076923076923077,0.3192307692307692,0.3423076923076923
929,236.69123215733245,673,0.05,1e-05,1.5597783326972943,0.4175334323922734,0.06835066864784546,0.1887072808320951,0.32540861812778604
930,-16.92451061294352,186,0.05,1e-05,1.5891843304130029,0.10215053763440861,0.1935483870967742,0.489247311827957,0.21505376344086022
931,239.74974763954052,550,0.05,1e-05,1.5926118791946846,0.32727272727272727,0.21636363636363637,0.3327272727272727,0.12363636363636364
932,-23.996566542991673,159,0.05,1e-05,1.5618187964574135,0.2138364779874214,0.1761006289308176,0.4779874213836478,0.1320754716981132
933,236.37022602571747,346,0.05,1e-05,1.5736412766415209,0.23699421965317918,0.12716763005780346,0.476878612716763,0.15895953757225434
934,228.3491075549668,237,0.05,1e-05,1.5545159905839117,0.31645569620253167,0.11392405063291139,0.4641350210970464,0.10548523206751055
935,-43.161925437908124,1000,0.05,1e-05,1.5811546025605883,0.161,0.132,0.582,0.125
936,272.83287988690535,283,0.05,1e-05,1.5889089744784217,0.2332155477031802,0.15547703180212014,0.4381625441696113,0.17314487632508835
937,-28.395604940540792,160,0.05,1e-05,1.5645768286836645,0.2125,0.16875,0.48125,0.1375
938,-198.62939142856993,324,0.05,1e-05,1.5644525856649225,0.10493827160493827,0.22530864197530864,0.45987654320987653,0.20987654320987653
939,-230.530329201315,331,0.05,1e-05,1.5628920110285969,0.09969788519637462,0.17522658610271905,0.5377643504531722,0.18731117824773413
940,197.4533618576059,348,0.05,1e-05,1.559702956242964,0.19540229885057472,0.41954022988505746,0.2988505747126437,0.08620689655172414
941,207.53327723019825,328,0.05,1e-05,1.5974645374027925,0.07317073170731707,0.3353658536585366,0.4573170731707317,0.13414634146341464
942,261.3231054844623,274,0.05,1e-05,1.6031209691200812,0.23722627737226276,0.1386861313868613,0.4233576642335766,0.20072992700729927
943,140.63129466620654,970,0.05,1e-05,1.5828529264507134,0.14432989690721648,0.1577319587628866,0.5237113402061856,0.17422680412371133
944,282.397263742296,250,0.05,1e-05,1.5826701396408072,0.312,0.116,0.404,0.168
945,237.85802160930302,832,0.05,1e-05,1.6172460746581991,0.390625,0.3545673076923077,0.1658653846153846,0.0889423076923077
946,-226.8449742555665,302,0.05,1e-05,1.6110948932647822,0.06622516556291391,0.1390728476821192,0.5927152317880795,0.20198675496688742
947,-335.47682639335017,418,0.05,1e-05,1.5801609635157157,0.06937799043062201,0.2535885167464115,0.5023923444976076,0.17464114832535885
948,-182.8629063161346,270,0.05,1e-05,1.5743657855033693,0.06666666666666667,0.15185185185185185,0.5074074074074074,0.2740740740740741
949,265.66964774625404,357,0.05,1e-05,1.572103955267006,0.31932773109243695,0.08403361344537816,0.27170868347338933,0.32492997198879553
950,-148.82725078888137,303,0.05,1e-05,1.627907413467263,0.10231023102310231,0.11551155115511551,0.6270627062706271,0.1551155115511551
951,154.9903977477149,385,0.05,1e-05,1.6177594266316109,0.16883116883116883,0.2571428571428571,0.4779220779220779,0.09610389610389611
952,56.97305042859381,1000,0.05,1e-05,1.596563943381916,0.411,0.284,0.131,0.174
953,12.022514674589658,201,0.05,1e-05,1.5703919537672466,0.014925373134328358,0.23880597014925373,0.5572139303482587,0.1890547263681592
954,-169.3689604652531,127,0.05,1e-05,1.591014376352476,0.10236220472440945,0.2047244094488189,0.5275590551181102,0.16535433070866143
955,-57.227794957933696,432,0.05,1e-05,1.6161108783830274,0.1736111111111111,0.14814814814814814,0.5578703703703703,0.12037037037037036
956,-74.90658205074378,286,0.05,1e-05,1.619906986793093,0.19230769230769232,0.14685314685314685,0.541958041958042,0.11888111888111888
957,144.85516947226083,456,0.05,1e-05,1.599733268105826,0.13815789473684212,0.22587719298245615,0.5350877192982456,0.10087719298245613
958,65.1946073958012,193,0.05,1e-05,1.5976171591249344,0.08808290155440414,0.20207253886010362,0.5025906735751295,0.20725388601036268
959,23.99691314163583,99,0.05,1e-05,1.5825636279844904,0.1717171717171717,0.13131313131313133,0.5757575757575758,0.12121212121212122
960,-89.11329326120489,354,0.05,1e-05,1.590853127399686,0.10734463276836158,0.17231638418079095,0.5508474576271186,0.1694915254237288
961,166.70873439637455,723,0.05,1e-05,1.610497172392971,0.2863070539419087,0.2572614107883817,0.24619640387275243,0.21023513139695713
962,161.26516006215934,571,0.05,1e-05,1.6033429899083977,0.02626970227670753,0.159369527145359,0.5411558669001751,0.2732049036777583
963,-199.9522975074795,475,0.05,1e-05,1.5850530503705704,0.13263157894736843,0.15368421052631578,0.5747368421052632,0.13894736842105262
964,42.21058779177886,105,0.05,1e-05,1.560410961477552,0.12380952380952381,0.1523809523809524,0.6190476190476191,0.10476190476190476
965,146.38529217301078,926,0.05,1e-05,1.606066699995708,0.20734341252699784,0.13390928725701945,0.5075593952483801,0.1511879049676026
966,-38.01453804521309,1000,0.05,1e-05,1.6008156574168475,0.296,0.125,0.464,0.115
967,170.84260377014007,521,0.05,1e-05,1.5705910026812278,0.18618042226487524,0.06525911708253358,0.23032629558541268,0.5182341650671785
968,258.32344694289566,253,0.05,1e-05,1.6369544816006933,0.2490118577075099,0.1067193675889328,0.4426877470355731,0.2015810276679842
969,-461.66000194370395,77,0.05,1e-05,1.6141281191507626,0.05194805194805195,0.14285714285714285,0.5974025974025974,0.2077922077922078
970,-525.9310991836895,68,0.05,1e-05,1.5904351056477788,0.0,0.14705882352941177,0.6470588235294118,0.20588235294117646
971,-160.88940038058564,860,0.05,1e-05,1.605075135770713,0.07790697674418605,0.1686046511627907,0.5976744186046512,0.1558139534883721
972,-145.7621063181361,133,0.05,1e-05,1.577263651456912,0.07518796992481203,0.20300751879699247,0.5488721804511278,0.17293233082706766
973,-258.0246228636646,403,0.05,1e-05,1.588305674608662,0.12903225806451613,0.21836228287841192,0.5086848635235732,0.14392059553349876
974,-237.90849506566462,715,0.05,1e-05,1.6192493205318836,0.07412587412587412,0.17342657342657342,0.5944055944055944,0.15804195804195803
975,-261.6961022524041,343,0.05,1e-05,1.6043582676915586,0.07871720116618076,0.1749271137026239,0.5918367346938775,0.15451895043731778
976,223.4202840066614,841,0.05,1e-05,1.5999476769479744,0.3579072532699168,0.07372175980975029,0.21046373365041618,0.3579072532699168
977,200.86686627509158,373,0.05,1e-05,1.6054911891333683,0.5495978552278821,0.07506702412868632,0.32707774798927614,0.04825737265415549
978,-299.2494866992463,405,0.05,1e-05,1.6360730858108312,0.05925925925925926,0.12839506172839507,0.5802469135802469,0.23209876543209876
979,247.3299753394464,307,0.05,1e-05,1.599387770927222,0.16286644951140064,0.17263843648208468,0.4495114006514658,0.21498371335504887
980,-185.7144642572095,726,0.05,1e-05,1.603250935572221,0.19834710743801653,0.11707988980716254,0.5867768595041323,0.09779614325068871
981,229.70165999497073,279,0.05,1e-05,1.5806386900301164,0.25806451612903225,0.11827956989247312,0.44086021505376344,0.1827956989247312
982,-109.3609915177814,317,0.05,1e-05,1.6105965986385424,0.08517350157728706,0.334384858044164,0.4353312302839117,0.14511041009463724
983,232.1946210138687,230,0.05,1e-05,1.6359639885368373,0.2391304347826087,0.1608695652173913,0.45652173913043476,0.14347826086956522
984,220.17454660450252,449,0.05,1e-05,1.6133659584704005,0.2583518930957684,0.1358574610244989,0.46770601336302897,0.13808463251670378
985,-179.4483748449808,140,0.05,1e-05,1.5996519384337151,0.014285714285714285,0.2642857142857143,0.45,0.2714285714285714
986,-324.25317026785,506,0.05,1e-05,1.598594852550835,0.1007905138339921,0.12648221343873517,0.6185770750988142,0.1541501976284585
987,221.97704709949113,281,0.05,1e-05,1.6023441581626472,0.2313167259786477,0.1387900355871886,0.4626334519572954,0.16725978647686832
988,175.0071158052143,762,0.05,1e-05,1.6195188597858052,0.3083989501312336,0.1062992125984252,0.4776902887139108,0.10761154855643044
989,-121.71774027139655,353,0.05,1e-05,1.604169649045958,0.11331444759206799,0.15864022662889518,0.5750708215297451,0.1529745042492918
990,-238.60314244866996,226,0.05,1e-05,1.5988364574667029,0.030973451327433628,0.13274336283185842,0.6460176991150443,0.1902654867256637
991,186.40109018462437,673,0.05,1e-05,1.5977845765361525,0.2986627043090639,0.3476968796433878,0.274888558692422,0.0787518573551263
992,221.87505042834692,241,0.05,1e-05,1.5777265225582449,0.14107883817427386,0.06639004149377593,0.44813278008298757,0.34439834024896265
993,252.35860208768497,341,0.05,1e-05,1.6475944392376904,0.22580645161290322,0.1466275659824047,0.4252199413489736,0.20234604105571846
994,275.53980238689655,362,0.05,1e-05,1.6272366486207361,0.23480662983425415,0.1270718232044199,0.47790055248618785,0.16022099447513813
995,172.72435688149142,859,0.05,1e-05,1.5887488736298105,0.29336437718277064,0.3690337601862631,0.25261932479627475,0.08498253783469151
996,-261.2083169619874,214,0.05,1e-05,1.5962842905349075,0.11682242990654206,0.1588785046728972,0.5467289719626168,0.17757009345794392
997,13.462318818240007,162,0.05,1e-05,1.5792094728977846,0.2037037037037037,0.10493827160493827,0.5370370370370371,0.15432098765432098
998,260.5119494534663,216,0.05,1e-05,1.6240253639007975,0.3194444444444444,0.08796296296296297,0.4722222222222222,0.12037037037037036
999,-4.088188544589116,343,0.05,1e-05,1.5977520646369325,0.0728862973760933,0.22448979591836735,0.5481049562682215,0.15451895043731778
