Episode,Total_Reward,Steps,Epsilon,Learning_Rate,Average_Loss,Action_0_Percentage,Action_1_Percentage,Action_2_Percentage,Action_3_Percentage
0,-130.7044061808066,76,0.9950195566196387,0.00496559332726813,0.0,0.23684210526315788,0.3026315789473684,0.21052631578947367,0.25
1,-285.4480756010249,102,0.9900639180555424,0.004931423418361956,0.0,0.27450980392156865,0.21568627450980393,0.27450980392156865,0.23529411764705882
2,-190.21694726418946,168,0.9851329607687281,0.004897488644030385,0.0,0.25595238095238093,0.24404761904761904,0.25595238095238093,0.24404761904761904
3,-105.02929883375892,77,0.9802265618354918,0.004863787386233744,0.0,0.24675324675324675,0.2857142857142857,0.19480519480519481,0.2727272727272727
4,-129.52906937580212,100,0.975344598944344,0.004830318038066636,0.0,0.28,0.27,0.18,0.27
5,-227.36358935090675,102,0.9704869503929605,0.004797079003681315,0.0,0.2647058823529412,0.2549019607843137,0.24509803921568626,0.23529411764705882
6,-203.485372826316,128,0.9656534950851489,0.004764068698211598,0.0,0.2578125,0.2890625,0.234375,0.21875
7,-395.9246144538339,87,0.9608441125278293,0.0047312855476972955,0.0,0.2413793103448276,0.26436781609195403,0.3103448275862069,0.1839080459770115
8,-155.50216908338123,114,0.956058682828031,0.004698727989009166,0.0,0.2894736842105263,0.2807017543859649,0.21929824561403508,0.21052631578947367
9,-113.5505613191946,72,0.9512970866899032,0.004666394469774383,0.0,0.2361111111111111,0.3194444444444444,0.25,0.19444444444444445
10,-127.34357800767401,126,0.9465592054117414,0.004634283448302516,0.0,0.25396825396825395,0.2857142857142857,0.2698412698412698,0.19047619047619047
11,22.973540083376818,78,0.9418449208830285,0.004602393393512023,0.0,0.28205128205128205,0.28205128205128205,0.1794871794871795,0.2564102564102564
12,-161.1357314742747,108,0.9371541155814898,0.004570722784857245,0.0,0.25925925925925924,0.3148148148148148,0.2037037037037037,0.2222222222222222
13,-127.02592982852886,64,0.9324866725701636,0.004539270112255908,0.0,0.265625,0.21875,0.265625,0.25
14,-89.11109649982181,57,0.9278424754944864,0.004508033876017119,0.0,0.3157894736842105,0.24561403508771928,0.22807017543859648,0.21052631578947367
15,-124.73956907940526,106,0.9232214085793918,0.004477012586769858,0.0,0.22641509433962265,0.29245283018867924,0.22641509433962265,0.25471698113207547
16,-135.73804830403856,81,0.9186233566264248,0.004446204765391968,0.0,0.20987654320987653,0.3333333333333333,0.2345679012345679,0.2222222222222222
17,-385.6141390106461,91,0.9140482050108695,0.004415608942939624,0.0,0.15384615384615385,0.3076923076923077,0.2857142857142857,0.25274725274725274
18,-458.9743220435572,98,0.9094958396788919,0.004385223660577296,0.0,0.16326530612244897,0.35714285714285715,0.2653061224489796,0.21428571428571427
19,-457.5932609208233,97,0.904966147144697,0.004355047469508188,0.0,0.18556701030927836,0.3711340206185567,0.26804123711340205,0.17525773195876287
20,-240.69379726444086,95,0.9004590144876992,0.004325078930905163,0.0,0.15789473684210525,0.37894736842105264,0.22105263157894736,0.24210526315789474
21,-141.4150811578726,78,0.8959743293497072,0.004295316615842131,0.0,0.28205128205128205,0.2948717948717949,0.19230769230769232,0.23076923076923078
22,-152.86283161614097,74,0.8915119799321238,0.004265759105225923,0.0,0.25675675675675674,0.3108108108108108,0.21621621621621623,0.21621621621621623
23,-76.07505720271058,69,0.8870718549931581,0.004236404989728622,0.0,0.2028985507246377,0.2608695652173913,0.34782608695652173,0.18840579710144928
24,-165.26448939421363,57,0.8826538438450526,0.004207252869720371,0.0,0.19298245614035087,0.2982456140350877,0.21052631578947367,0.2982456140350877
25,-166.49781179502057,65,0.878257836351324,0.0041783013552026335,0.0,0.26153846153846155,0.35384615384615387,0.2153846153846154,0.16923076923076924
26,-171.7969994725321,116,0.8738837229240176,0.004149549065741917,0.0,0.1724137931034483,0.3275862068965517,0.2672413793103448,0.23275862068965517
27,-146.19899247827124,67,0.8695313945209752,0.004120994630403953,0.0,0.3880597014925373,0.208955223880597,0.19402985074626866,0.208955223880597
28,-237.47893712942826,92,0.8652007426431169,0.004092636687688333,0.0,0.21739130434782608,0.3695652173913043,0.22826086956521738,0.18478260869565216
29,-176.80406176353318,98,0.8608916593317363,0.004064473885463585,0.0,0.3163265306122449,0.29591836734693877,0.17346938775510204,0.21428571428571427
30,-55.13774405050344,67,0.8566040371658092,0.00403650488090271,0.0,0.14925373134328357,0.31343283582089554,0.23880597014925373,0.29850746268656714
31,-110.16031931928012,66,0.852337769259316,0.004008728340419147,0.0,0.25757575757575757,0.3484848484848485,0.09090909090909091,0.30303030303030304
32,-129.80809147366043,89,0.8480927492585766,0.003981142939603193,0.0,0.2808988764044944,0.3258426966292135,0.16853932584269662,0.2247191011235955
33,-220.55049085715956,64,0.8438688713395993,0.003953747363158849,0.0,0.375,0.328125,0.171875,0.125
34,-78.82237506680401,74,0.8396660302054431,0.003926540304841109,0.0,0.24324324324324326,0.2702702702702703,0.2702702702702703,0.21621621621621623
35,-223.5896594991243,79,0.8354841210835922,0.0038995204673936763,0.0,0.24050632911392406,0.3670886075949367,0.21518987341772153,0.17721518987341772
36,-92.81952744903012,61,0.8313230397233444,0.003872686562487108,0.0,0.32786885245901637,0.22950819672131148,0.19672131147540983,0.2459016393442623
37,-317.1339373898538,123,0.8271826823932125,0.003846037310657387,0.0,0.21138211382113822,0.3252032520325203,0.23577235772357724,0.22764227642276422
38,-63.29414064268656,70,0.8230629458783377,0.0038195714412449172,0.0,0.2857142857142857,0.2714285714285714,0.17142857142857143,0.2714285714285714
39,-446.5593859584889,91,0.8189637274779172,0.003793287692333935,0.0,0.1978021978021978,0.38461538461538464,0.2087912087912088,0.2087912087912088
40,-383.8066474223943,97,0.8148849250026439,0.0037671848106923425,0.0,0.26804123711340205,0.27835051546391754,0.25773195876288657,0.1958762886597938
41,-102.6031731923322,93,0.8108264367721583,0.00374126155171195,0.0,0.3010752688172043,0.24731182795698925,0.3010752688172043,0.15053763440860216
42,-130.89823318088102,88,0.8067881616125144,0.003715516679349134,0.0,0.38636363636363635,0.26136363636363635,0.19318181818181818,0.1590909090909091
43,-42.23551980709699,88,0.8027699988536575,0.0036899489660659,0.0,0.18181818181818182,0.36363636363636365,0.20454545454545456,0.25
44,-91.8329830786123,59,0.7987718483269142,0.003664557192771354,0.0,0.2711864406779661,0.3050847457627119,0.2033898305084746,0.22033898305084745
45,-551.6632276368805,96,0.7947936103624954,0.0036393401487635735,0.0,0.28125,0.3645833333333333,0.21875,0.13541666666666666
46,-90.96024206053379,84,0.7908351857870121,0.003614296631671881,0.0,0.2619047619047619,0.25,0.25,0.23809523809523808
47,-237.0763154479416,99,0.7868964759210023,0.0035894254473995144,0.0,0.24242424242424243,0.36363636363636365,0.1717171717171717,0.2222222222222222
48,-120.26794170115083,83,0.7829773825764719,0.00356472541006669,0.0,0.26506024096385544,0.3493975903614458,0.1566265060240964,0.2289156626506024
49,-78.8578020505433,63,0.7790778080544463,0.0035401953419540613,0.0,0.2857142857142857,0.31746031746031744,0.20634920634920634,0.19047619047619047
50,-406.2432397449507,103,0.7751976551425351,0.0035158340734465607,0.0,0.3106796116504854,0.2621359223300971,0.22330097087378642,0.20388349514563106
51,-128.1529625093443,86,0.771336827112509,0.003491640442977634,0.0,0.16279069767441862,0.27906976744186046,0.22093023255813954,0.3372093023255814
52,-94.3703651661405,77,0.7674952277178876,0.0034676132969738557,0.0,0.22077922077922077,0.2857142857142857,0.2597402597402597,0.23376623376623376
53,-102.21770280335429,65,0.7636727611915411,0.003443751489799924,0.0,0.27692307692307694,0.3384615384615385,0.13846153846153847,0.24615384615384617
54,-179.7610351185005,82,0.7598693322433026,0.0034200538837040368,0.0,0.2926829268292683,0.34146341463414637,0.18292682926829268,0.18292682926829268
55,-323.1953386918308,110,0.7560848460575919,0.0033965193487636436,0.0,0.2818181818181818,0.34545454545454546,0.18181818181818182,0.19090909090909092
56,-496.6616458190017,95,0.7523192082910528,0.003373146762831569,0.0,0.3263157894736842,0.29473684210526313,0.21052631578947367,0.16842105263157894
57,-112.15564067997919,178,0.748572325070201,0.0033499350114825064,1.1472048552966945,0.21910112359550563,0.16292134831460675,0.398876404494382,0.21910112359550563
58,-264.68006863228743,143,0.7448441029890834,0.0033268829879598842,0.8273668595873954,0.1888111888111888,0.23776223776223776,0.3356643356643357,0.23776223776223776
59,-55.92393305860652,82,0.7411344491069503,0.003303989593123092,0.7826325970430709,0.2073170731707317,0.18292682926829268,0.36585365853658536,0.24390243902439024
60,-27.733122789560355,93,0.7374432709459379,0.0032812537353950743,0.7591383702367153,0.16129032258064516,0.16129032258064516,0.4946236559139785,0.1827956989247312
61,-72.67255692388542,142,0.7337704764887631,0.0032586743307102817,0.7355177566282984,0.18309859154929578,0.18309859154929578,0.47183098591549294,0.1619718309859155
62,-140.07147404702738,155,0.7301159741764301,0.003236250302462983,0.7308199814718711,0.22580645161290322,0.2,0.36774193548387096,0.2064516129032258
63,-19.575913087619057,74,0.7264796729059471,0.003213980581455931,0.6925888670382193,0.22972972972972974,0.1891891891891892,0.3783783783783784,0.20270270270270271
64,-11.850211221689179,96,0.7228614820280556,0.0031918641058493835,0.6784359884964882,0.17708333333333334,0.22916666666666666,0.22916666666666666,0.3645833333333333
65,-124.40702975239451,200,0.7192613113449707,0.003169899821110471,1.2776160418308624,0.19,0.185,0.43,0.195
66,-173.38432162457303,140,0.7156790711081327,0.003148086679962919,1.2591198079510044,0.17857142857142858,0.20714285714285716,0.4,0.21428571428571427
67,-7.345876757351249,143,0.712114672015969,0.0031264236423371103,1.0811937853810438,0.1888111888111888,0.2097902097902098,0.40559440559440557,0.1958041958041958
68,-107.38719131419953,106,0.708568025211669,0.0031049096753204956,1.0987353104958024,0.14150943396226415,0.1509433962264151,0.5283018867924528,0.1792452830188679
69,-117.17554407477246,131,0.7050390422809678,0.003083543753108342,1.0387803929486517,0.183206106870229,0.25190839694656486,0.366412213740458,0.1984732824427481
70,-99.56941926860642,91,0.7015276352499433,0.0030623248569548217,0.9586607585294626,0.17582417582417584,0.21978021978021978,0.45054945054945056,0.15384615384615385
71,-94.21749860285973,134,0.6980337165828222,0.0030412519751244387,0.8990498484553567,0.15671641791044777,0.2462686567164179,0.3582089552238806,0.23880597014925373
72,-62.99177389750338,99,0.6945571991797983,0.003020324102843787,0.9337898141604297,0.1919191919191919,0.13131313131313133,0.5151515151515151,0.16161616161616163
73,-177.80395748545448,144,0.691097996374861,0.002999540242253642,0.8946990641936341,0.1736111111111111,0.2569444444444444,0.3888888888888889,0.18055555555555555
74,-270.37135034938774,82,0.6876560219336348,0.002978899402361383,0.8817835862282392,0.15853658536585366,0.36585365853658536,0.2682926829268293,0.2073170731707317
75,-40.92544513661216,118,0.6842311900512299,0.002958400598993741,0.8542696877298057,0.1694915254237288,0.2033898305084746,0.4745762711864407,0.15254237288135594
76,-80.15630375012654,134,0.6808234153501025,0.0029380428547498717,0.8475548864367751,0.17164179104477612,0.2462686567164179,0.30597014925373134,0.27611940298507465
77,-78.49957178246154,150,0.6774326128779271,0.0029178251989547543,0.830721083230743,0.14666666666666667,0.20666666666666667,0.4066666666666667,0.24
78,-86.92485675424767,149,0.6740586981054784,0.0028977466676129065,0.8127472288866799,0.18791946308724833,0.2080536912751678,0.40939597315436244,0.19463087248322147
79,-91.90108402508105,91,0.670701586924524,0.0028778063033624217,0.7947058126160155,0.16483516483516483,0.23076923076923078,0.42857142857142855,0.17582417582417584
80,-39.77937761847096,117,0.6673611956457279,0.002858003155429321,0.780854267050582,0.1452991452991453,0.1282051282051282,0.5213675213675214,0.20512820512820512
81,-151.93241762701496,141,0.6640374409965641,0.0028383362795822193,1.513992743406939,0.20567375886524822,0.23404255319148937,0.2978723404255319,0.2624113475177305
82,-64.21274195359729,143,0.6607302401192408,0.002818804738087304,1.2746399244168456,0.1258741258741259,0.21678321678321677,0.3916083916083916,0.26573426573426573
83,-73.56960241744093,120,0.6574395105686344,0.002799407599663621,1.1635844596461795,0.19166666666666668,0.19166666666666668,0.45,0.16666666666666666
84,-36.30282852718092,118,0.6541651703102348,0.002780143939438674,1.1605338144053439,0.19491525423728814,0.16101694915254236,0.3644067796610169,0.2796610169491525
85,-84.81869878207137,134,0.6509071377181003,0.0027610128389043225,1.158860704691941,0.1417910447761194,0.26865671641791045,0.3358208955223881,0.2537313432835821
86,-70.24777139608328,69,0.6476653315728222,0.0027420133858729883,1.072120432770964,0.15942028985507245,0.2753623188405797,0.37681159420289856,0.18840579710144928
87,-54.067930252008196,99,0.6444396710595008,0.0027231446744341607,1.0789158545310482,0.15151515151515152,0.2222222222222222,0.48484848484848486,0.1414141414141414
88,-136.7195028432291,116,0.6412300757657303,0.002704405804911203,1.0224396650097982,0.20689655172413793,0.25,0.3793103448275862,0.16379310344827586
89,-52.738878486852414,119,0.6380364656795943,0.0026857958838184533,0.996222954968117,0.11764705882352941,0.2773109243697479,0.31932773109243695,0.2857142857142857
90,-188.65569715174513,121,0.6348587611876713,0.002667314023818624,1.0052043378197075,0.18181818181818182,0.1652892561983471,0.4132231404958678,0.2396694214876033
91,-67.12647361190646,110,0.6316968830730497,0.0026489593436804936,1.0102045214234288,0.17272727272727273,0.1,0.5454545454545454,0.18181818181818182
92,-47.98841070775147,124,0.6285507525133537,0.0026307309682368847,0.9540724701016976,0.1693548387096774,0.20967741935483872,0.4274193548387097,0.1935483870967742
93,-46.288565117707826,87,0.6254202910787774,0.0026126280283429405,0.9830768502427089,0.14942528735632185,0.22988505747126436,0.45977011494252873,0.16091954022988506
94,-83.8062653239898,119,0.6223054207301305,0.002594649660834679,0.9465296702401348,0.20168067226890757,0.2184873949579832,0.453781512605042,0.12605042016806722
95,114.81167648313752,1000,0.6192060638168921,0.00257679500848784,1.3189886469984586,0.282,0.261,0.223,0.234
96,-141.38917693382388,164,0.6161221430752757,0.0025590632199770087,1.3291586686454233,0.17682926829268292,0.23780487804878048,0.3902439024390244,0.1951219512195122
97,-20.442779678396093,75,0.6130535816263024,0.002541453449835026,1.3281467424683708,0.16,0.2,0.5466666666666666,0.09333333333333334
98,23.333268221939434,150,0.6100003029738849,0.0025239648584126748,1.3515709317417073,0.14666666666666667,0.22666666666666666,0.4266666666666667,0.2
99,-92.42375139830749,129,0.6069622310029202,0.002506596611838646,1.2140560822969526,0.17054263565891473,0.24031007751937986,0.37209302325581395,0.21705426356589147
100,-34.27553982191378,135,0.6039392899773924,0.002489347881979777,1.2234448135196996,0.1037037037037037,0.2518518518518518,0.4148148148148148,0.22962962962962963
101,-136.2989205693179,115,0.6009314045384845,0.0024722178464015665,1.1798287751287315,0.17391304347826086,0.21739130434782608,0.3739130434782609,0.23478260869565218
102,-115.09822264176333,185,0.5979384997026995,0.0024552056883289613,1.2191700531564773,0.0918918918918919,0.1945945945945946,0.5243243243243243,0.1891891891891892
103,-25.994379895342007,116,0.5949605008599921,0.0024383105966074093,1.1624046609332905,0.1206896551724138,0.2672413793103448,0.4051724137931034,0.20689655172413793
104,-187.1233360392416,123,0.5919973337719074,0.002421531765664185,1.1821657255313383,0.14634146341463414,0.23577235772357724,0.34959349593495936,0.2682926829268293
105,-78.51812340007372,109,0.5890489245697316,0.002404868395469978,1.1156378388825032,0.1559633027522936,0.24770642201834864,0.3944954128440367,0.2018348623853211
106,-121.14884131297507,141,0.5861151997526493,0.0023883196915007476,1.3202313343113252,0.14893617021276595,0.22695035460992907,0.44680851063829785,0.1773049645390071
107,-87.00621061258084,93,0.583196086185912,0.002371884864699838,1.313804273840974,0.22580645161290322,0.21505376344086022,0.40860215053763443,0.15053763440860216
108,-244.18610619748043,173,0.5802915110990148,0.0023555631314403575,1.220673256163898,0.1676300578034682,0.23121387283236994,0.4161849710982659,0.18497109826589594
109,13.925403586815236,143,0.5774014020838818,0.002339353713487812,1.2308353061791812,0.16083916083916083,0.13986013986013987,0.5384615384615384,0.16083916083916083
110,-47.59707787698692,139,0.5745256870930618,0.002323255837963,1.2039511155446545,0.15827338129496402,0.22302158273381295,0.3237410071942446,0.2949640287769784
111,-71.94375709530959,159,0.5716642944379317,0.00230726873730516,1.1702275095582129,0.1509433962264151,0.2138364779874214,0.42138364779874216,0.2138364779874214
112,-101.81439433701483,216,0.5688171527869094,0.002291391649235373,1.1433124618998083,0.12037037037037036,0.18055555555555555,0.4722222222222222,0.22685185185185186
113,-118.56679831026663,161,0.5659841911636758,0.002275623816720217,1.1404323276974275,0.15527950310559005,0.15527950310559005,0.4968944099378882,0.19254658385093168
114,-23.99039587406233,138,0.5631653389454055,0.002259964487935669,1.1087224780054854,0.08695652173913043,0.2318840579710145,0.42028985507246375,0.2608695652173913
115,-40.282304543703745,127,0.5603605258610059,0.002244412916231259,1.0571687611903895,0.10236220472440945,0.2440944881889764,0.3858267716535433,0.2677165354330709
116,-93.50865114308867,160,0.5575696819893657,0.002228968360094469,1.1210959652522292,0.125,0.1875,0.44375,0.24375
117,-72.21592400271531,147,0.5547927377576116,0.0022136300831153764,0.9972734989845186,0.17687074829931973,0.21768707482993196,0.38095238095238093,0.22448979591836735
118,-73.99670379613181,116,0.5520296239393742,0.002198397353951542,1.004988670873048,0.09482758620689655,0.20689655172413793,0.46551724137931033,0.23275862068965517
119,-82.13634510209982,108,0.5492802716530619,0.002183269446293138,1.014244148794968,0.19444444444444445,0.19444444444444445,0.3333333333333333,0.2777777777777778
120,-69.17198827544104,120,0.5465446123601444,0.0021682456388283184,1.2113336298276616,0.20833333333333334,0.10833333333333334,0.525,0.15833333333333333
121,-124.94114231293949,147,0.5438225778634432,0.0021533252152088245,1.369824431663887,0.11564625850340136,0.21768707482993196,0.3469387755102041,0.3197278911564626
122,-68.38536434494574,82,0.5411141003054323,0.0021385074640158297,1.2353120448605774,0.24390243902439024,0.1951219512195122,0.4634146341463415,0.0975609756097561
123,-69.57904462341887,111,0.5384191121665459,0.002123791678726019,1.3040812805366226,0.14414414414414414,0.21621621621621623,0.2972972972972973,0.34234234234234234
124,-44.363645443095606,130,0.535737546263496,0.0021091771576779,1.2981453669232978,0.14615384615384616,0.2,0.4846153846153846,0.16923076923076924
125,-22.643594663457208,226,0.533069335747597,0.0020946632040383484,1.2432124652579988,0.13274336283185842,0.17699115044247787,0.5398230088495575,0.1504424778761062
126,-111.72433245524788,131,0.5304144141030992,0.0020802491257693807,1.1677117069370648,0.13740458015267176,0.1984732824427481,0.5114503816793893,0.15267175572519084
127,-8.891126102735967,144,0.5277727151455311,0.00206593423559516,1.1701495209765038,0.13194444444444445,0.1736111111111111,0.5277777777777778,0.16666666666666666
128,-23.69802936054286,176,0.5251441730200492,0.0020517178509692224,1.1358804136804692,0.14204545454545456,0.19886363636363635,0.48863636363636365,0.17045454545454544
129,-20.196331412230236,133,0.5225287221997962,0.0020375992940419355,1.125087447186029,0.14285714285714285,0.24060150375939848,0.44360902255639095,0.17293233082706766
130,-118.34305301915396,191,0.5199262974842676,0.0020235778916281775,1.0455449464740234,0.08900523560209424,0.3507853403141361,0.3612565445026178,0.19895287958115182
131,-62.29566268576014,183,0.5173368339976863,0.002009652975175238,1.0767593678952754,0.13114754098360656,0.20218579234972678,0.4918032786885246,0.17486338797814208
132,-47.26978400132914,312,0.5147602671873854,0.0019958238807309416,1.12441985349051,0.08974358974358974,0.1987179487179487,0.4967948717948718,0.21474358974358973
133,-3.4594444056381235,172,0.512196532822199,0.0019820899489119896,1.6514960950170612,0.11627906976744186,0.19767441860465115,0.5058139534883721,0.18023255813953487
134,-18.721461940943996,115,0.5096455669908607,0.001968450524872521,1.4880721055958057,0.1391304347826087,0.1826086956521739,0.5478260869565217,0.13043478260869565
135,-117.52387836480997,185,0.5071073061004107,0.0019549049582728876,1.5288403397063255,0.15135135135135136,0.2594594594594595,0.3891891891891892,0.2
136,-41.06626688970667,179,0.50458168687461,0.0019414526032486465,1.4605032166772727,0.16759776536312848,0.15083798882681565,0.5307262569832403,0.15083798882681565
137,-84.26345832584114,136,0.5020686463523638,0.0019280928183797639,1.3348975505867742,0.1323529411764706,0.22794117647058823,0.49264705882352944,0.14705882352941177
138,-18.076396201345204,141,0.49956812188615124,0.0019148249666600316,1.32466158093753,0.1276595744680851,0.19858156028368795,0.49645390070921985,0.1773049645390071
139,-62.01103434400386,101,0.49708005114046383,0.0019016484154666946,1.3976616473137737,0.13861386138613863,0.22772277227722773,0.5148514851485149,0.1188118811881188
140,-55.90119711625882,283,0.49460437209025165,0.0018885625365302864,1.3299972657386772,0.15901060070671377,0.18021201413427562,0.5017667844522968,0.15901060070671377
141,-114.41940635576056,213,0.492141023019377,0.001875566705904673,1.246987426017162,0.1267605633802817,0.1784037558685446,0.460093896713615,0.2347417840375587
142,-47.426413064759586,156,0.48968994251907594,0.0018626603039373023,1.2152099381669133,0.1346153846153846,0.16025641025641027,0.5256410256410257,0.1794871794871795
143,-106.07857720695246,116,0.4872510694864273,0.0018498427152396591,1.2787715566931013,0.1810344827586207,0.2413793103448276,0.3620689655172414,0.21551724137931033
144,-57.30419129283964,73,0.4848243431228297,0.0018371133286579223,1.2160627358113996,0.0821917808219178,0.2876712328767123,0.4520547945205479,0.1780821917808219
145,-70.62396194237155,125,0.4824097029324856,0.0018244715372438245,1.3139236480997432,0.112,0.224,0.496,0.168
146,-209.61753452147735,192,0.4800070887208934,0.0018119167382257126,1.743512767598818,0.125,0.16145833333333334,0.4947916666666667,0.21875
147,-204.01975852014903,202,0.47761644059334696,0.0017994483329798066,1.6025847951647683,0.13366336633663367,0.2079207920792079,0.41089108910891087,0.24752475247524752
148,-11.84810078312934,213,0.4752376989534421,0.0017870657270016577,1.549236698820876,0.09859154929577464,0.17370892018779344,0.4788732394366197,0.24882629107981222
149,-222.36648624074886,177,0.4728708045015913,0.0017747683298778003,1.4263858579108384,0.12429378531073447,0.2824858757062147,0.4180790960451977,0.1751412429378531
150,-96.22901200638272,201,0.4705156982335452,0.001762555555257602,1.493037085539224,0.12437810945273632,0.23383084577114427,0.472636815920398,0.1691542288557214
151,-51.291742803872836,294,0.4681723214389219,0.0017504268208253044,1.4365549020940578,0.1292517006802721,0.1836734693877551,0.5238095238095238,0.16326530612244897
152,-26.32274929557434,217,0.46584061569974305,0.0017383815482722598,1.3893613236854934,0.1152073732718894,0.1889400921658986,0.5069124423963134,0.1889400921658986
153,-19.566977008307347,155,0.4635205228889778,0.001726419163269355,1.400109337442795,0.09032258064516129,0.18064516129032257,0.49032258064516127,0.23870967741935484
154,-54.20088029366817,226,0.4612119851690938,0.0017145390954396275,1.334711686216235,0.11946902654867257,0.168141592920354,0.43805309734513276,0.2743362831858407
155,-190.86302641386345,237,0.4589149449906151,0.00170274077833107,1.6059991351945166,0.1729957805907173,0.20675105485232068,0.459915611814346,0.16033755274261605
156,18.83671444358434,308,0.4566293450906877,0.0016910236493896207,1.6192484249066323,0.12987012987012986,0.18506493506493507,0.4935064935064935,0.19155844155844157
157,-65.47236116624998,201,0.45435512849165205,0.0016793871499323405,1.6240676551257416,0.12437810945273632,0.16417910447761194,0.5323383084577115,0.1791044776119403
158,31.735593960214032,212,0.4520922384996226,0.0016678307251207745,1.4926630091969946,0.11320754716981132,0.27358490566037735,0.44339622641509435,0.16981132075471697
159,-26.172463209128594,148,0.44984061870307446,0.001656353823934497,1.5467601000937603,0.18243243243243243,0.20270270270270271,0.46621621621621623,0.14864864864864866
160,-268.7799273819123,364,0.4476002129714371,0.0016449558991448378,1.4777296429018048,0.10989010989010989,0.19505494505494506,0.5054945054945055,0.18956043956043955
161,-43.211860068361986,272,0.4453709654536952,0.0016336364072887907,1.427439911230567,0.10294117647058823,0.15441176470588236,0.5367647058823529,0.20588235294117646
162,-64.81118890704828,231,0.44315282057699623,0.0016223948086431,1.4112068129647475,0.15584415584415584,0.19047619047619047,0.4588744588744589,0.19480519480519481
163,-69.17786291385801,209,0.4409457230452651,0.0016112305671985266,1.576097558754078,0.1291866028708134,0.22009569377990432,0.4688995215311005,0.18181818181818182
164,-39.39833755006166,115,0.4387496178378257,0.0016001431506342896,1.8346426225079597,0.12173913043478261,0.25217391304347825,0.4782608695652174,0.14782608695652175
165,11.02923551203952,203,0.43656445020802925,0.0015891320302926862,1.783030473578673,0.12315270935960591,0.18719211822660098,0.5369458128078818,0.15270935960591134
166,-8.976449553361661,171,0.4343901656818896,0.0015781966811538838,1.752369456900747,0.08771929824561403,0.15789473684210525,0.5497076023391813,0.2046783625730994
167,-23.907137568453805,155,0.4322267100567252,0.0015673365818108867,1.7323179569848834,0.14193548387096774,0.1870967741935484,0.38064516129032255,0.2903225806451613
168,-31.11011467493718,144,0.4300740293998078,0.0015565512144446758,1.7007342032429926,0.13194444444444445,0.20833333333333334,0.3819444444444444,0.2777777777777778
169,103.2053813855169,1000,0.4279320700470182,0.0015458400647995172,1.586957416372364,0.209,0.219,0.3,0.272
170,113.04728814398862,1000,0.4258007786015082,0.0015352026221584433,1.6841041431634047,0.361,0.216,0.23,0.193
171,15.54451187647517,191,0.42368010193236966,0.0015246383793189005,1.573569299175204,0.11518324607329843,0.19895287958115182,0.4816753926701571,0.20418848167539266
172,-3.2811462949051275,138,0.4215699871733098,0.0015141468325685658,1.5901755266510293,0.18115942028985507,0.15942028985507245,0.4855072463768116,0.17391304347826086
173,-39.87752452300715,304,0.4194703817213335,0.001503727481661329,1.5989850355070154,0.08881578947368421,0.17763157894736842,0.5460526315789473,0.1875
174,130.51106120240505,1000,0.41738123323543186,0.001493379829793441,1.5828161654387432,0.255,0.294,0.221,0.23
175,-260.70287303991563,542,0.41530248963527744,0.0014831033835798254,1.5521765569721195,0.15682656826568267,0.15498154981549817,0.5350553505535055,0.15313653136531366
176,-52.37335780533952,192,0.41323409909992587,0.0014728976530305534,1.4909569333674682,0.20833333333333334,0.17708333333333334,0.4427083333333333,0.171875
177,-39.44547154385165,216,0.4111760100665241,0.0014627621515274811,1.548796023092271,0.1574074074074074,0.16203703703703703,0.46296296296296297,0.2175925925925926
178,-5.114155147594062,149,0.4091281712290249,0.0014526963958010467,1.4692279246487945,0.12080536912751678,0.21476510067114093,0.4966442953020134,0.16778523489932887
179,-68.45214074791346,327,0.407090531536908,0.0014426999059072281,1.5018262439717163,0.11314984709480122,0.14984709480122324,0.5443425076452599,0.1926605504587156
180,-65.70581038964787,265,0.40506304019390726,0.0014327722052046583,1.681238464648105,0.08679245283018867,0.2,0.4981132075471698,0.21509433962264152
181,71.98937602968978,1000,0.40304564665674447,0.0014229128203318991,1.741575014810708,0.256,0.283,0.276,0.185
182,-85.22787566604835,216,0.40103830063386947,0.0014131212811848708,1.7015474441024732,0.1111111111111111,0.21296296296296297,0.4351851851851852,0.24074074074074073
183,-34.96996468501253,206,0.39904095208420615,0.001403397120894437,1.7151693818360627,0.13592233009708737,0.2087378640776699,0.470873786407767,0.18446601941747573
184,-35.803872193400196,225,0.3970535512159053,0.0013937398758041444,1.664364101451926,0.09333333333333334,0.19555555555555557,0.5555555555555556,0.15555555555555556
185,119.95811228543691,1000,0.3950760484851031,0.0013841490854481144,1.7336528343679816,0.268,0.16,0.253,0.319
186,-25.867194654285754,225,0.39310839459468616,0.0013746242925290883,1.7573304317984098,0.09333333333333334,0.20444444444444446,0.5066666666666667,0.19555555555555557
187,82.9294693158118,1000,0.3911505404930626,0.0013651650428966229,1.7123464417208076,0.202,0.267,0.28,0.251
188,-15.978506833028916,366,0.38920243737293914,0.0013557708855254362,1.8051751746629814,0.13387978142076504,0.16393442622950818,0.5273224043715847,0.17486338797814208
189,-24.830029812625796,177,0.3872640366701046,0.0013464413724939021,1.7119946827550974,0.1751412429378531,0.15819209039548024,0.4519774011299435,0.21468926553672316
190,-294.09188275454164,243,0.385335290062219,0.0013371760589626926,1.7443212174144629,0.13580246913580246,0.1440329218106996,0.5473251028806584,0.1728395061728395
191,-87.21019857006596,456,0.38341614946760905,0.0013279745031535685,1.6642042257310272,0.1600877192982456,0.13596491228070176,0.5350877192982456,0.16885964912280702
192,13.15105866538768,185,0.3815065670440695,0.001318836266328314,1.651820039760019,0.08648648648648649,0.2,0.4918918918918919,0.22162162162162163
193,87.52226252960394,1000,0.3796064951876705,0.0013097609127678182,1.6919238396267888,0.222,0.299,0.343,0.136
194,-222.83541016634146,329,0.3777158865315709,0.0013007480097512987,1.6797008691376167,0.0972644376899696,0.1458966565349544,0.5957446808510638,0.16109422492401215
195,-100.08946594603785,723,0.37583469394483743,0.0012917971275356699,1.652859867777487,0.12171507607192254,0.16459197786998617,0.5546334716459198,0.1590594744121715
196,107.96645343388705,1000,0.37396287053126975,0.001282907839335052,1.664553688988311,0.311,0.194,0.261,0.234
197,135.18683652907671,1000,0.3721003696282314,0.0012740797213004217,1.6529484189277377,0.277,0.355,0.206,0.162
198,-155.35623078685904,420,0.3702471448054865,0.0012653123524994027,1.5913547614135555,0.10714285714285714,0.18095238095238095,0.5333333333333333,0.17857142857142858
199,92.04616929559901,1000,0.3684031498640423,0.0012566053148961949,1.707246285229968,0.257,0.138,0.199,0.406
200,-90.42889344939098,469,0.3665683388349977,0.0012479581933316425,1.6459570637199585,0.12366737739872068,0.17270788912579957,0.5245202558635395,0.1791044776119403
201,109.96003189713079,1000,0.3647426659783969,0.001239370575503439,1.6485826599628248,0.358,0.195,0.294,0.153
202,-154.96539291042632,391,0.36292608578208946,0.0012308420519464677,1.5964481552734529,0.09462915601023018,0.1815856777493606,0.5524296675191815,0.17135549872122763
203,37.966349868655215,167,0.36111855296059564,0.0012223722160132787,1.6208370383741728,0.08383233532934131,0.16167664670658682,0.5449101796407185,0.20958083832335328
204,-41.74204096190151,233,0.3593200224539774,0.0012139606638546987,1.5659306603657466,0.12875536480686695,0.1630901287553648,0.5579399141630901,0.15021459227467812
205,42.11098251538215,142,0.3575304494267152,0.0012056069944005763,1.536647596678152,0.056338028169014086,0.176056338028169,0.5563380281690141,0.2112676056338028
206,46.18769450596964,1000,0.3557497892665903,0.0011973108093406575,1.5992269850419232,0.282,0.15,0.222,0.346
207,-199.30428902238242,1000,0.35397799758357257,0.0011890717131055946,1.6170602364263404,0.108,0.154,0.581,0.157
208,-136.63840637048054,465,0.3522150302087139,0.001180889312848085,1.563546011372081,0.12258064516129032,0.16774193548387098,0.556989247311828,0.15268817204301074
209,119.26231930609859,1000,0.35046084319304716,0.0011727632184241397,1.6696243869178837,0.416,0.161,0.201,0.222
210,58.0358437570884,1000,0.3487153928064905,0.001164693042374481,1.6321354365599199,0.255,0.272,0.22,0.253
211,-71.72125254372106,558,0.34697863553675734,0.001156678399906068,1.7194796701166868,0.12544802867383512,0.17383512544802868,0.532258064516129,0.16845878136200718
212,-75.00977137336658,262,0.3452505280882715,0.0011487189088737499,1.6737975979879145,0.16412213740458015,0.16412213740458015,0.48091603053435117,0.19083969465648856
213,-11.519851365021225,112,0.34353102738108804,0.001140814189762044,1.7573280874896449,0.11607142857142858,0.11607142857142858,0.5446428571428571,0.22321428571428573
214,-83.79885544708148,267,0.34182009054981916,0.0011329638656670407,1.6891070239941757,0.20599250936329588,0.1797752808988764,0.45692883895131087,0.15730337078651685
215,37.05284829150759,1000,0.3401176749425658,0.0011251675622784326,1.6075972033282067,0.218,0.216,0.383,0.183
216,-51.84605901448006,92,0.3384237381198542,0.0011174249078616666,1.7070416083669833,0.13043478260869565,0.17391304347826086,0.5,0.1956521739130435
217,-16.27949780101541,159,0.33673823785357804,0.0011097355332402193,1.7596613054987265,0.14465408805031446,0.18867924528301888,0.5031446540880503,0.16352201257861634
218,23.98777379408422,1000,0.3350611321259457,0.0011020990717779946,1.6922004682702552,0.235,0.144,0.434,0.187
219,-228.20749932354147,327,0.33339237912843267,0.001094515159361842,1.6541000863684832,0.0856269113149847,0.17737003058103976,0.5535168195718655,0.1834862385321101
220,-42.91371849099312,220,0.3317319372607396,0.0010869834343841954,1.6051381527028896,0.15,0.1590909090909091,0.5681818181818182,0.12272727272727273
221,-68.41783948756908,154,0.3300797651297549,0.0010795035377258312,1.6424018537204557,0.1038961038961039,0.21428571428571427,0.4935064935064935,0.18831168831168832
222,119.07567979370896,1000,0.3284358215485232,0.0010720751127387454,1.6512801948602522,0.214,0.191,0.162,0.433
223,-32.075901301718915,111,0.32680006553521834,0.0010646978052291486,1.660005761076521,0.14414414414414414,0.2072072072072072,0.4864864864864865,0.16216216216216217
224,95.33652372499617,1000,0.3251724563121218,0.0010573712634405767,1.6347649137761817,0.375,0.181,0.279,0.165
225,4.547674712928099,75,0.3235529533046063,0.00105009513803712,1.754504924344655,0.09333333333333334,0.22666666666666666,0.48,0.2
226,-59.15305035330287,459,0.32194151614012406,0.0010428690820867659,1.7311344494102854,0.12418300653594772,0.15468409586056645,0.5686274509803921,0.15250544662309368
227,26.38710407577588,102,0.32033810464720053,0.001035692751044857,1.7221897927965588,0.06862745098039216,0.23529411764705882,0.5588235294117647,0.13725490196078433
228,133.9791382807027,1000,0.3187426788544329,0.0010285658027376627,1.6709650875049573,0.275,0.436,0.155,0.134
229,19.553561306559043,1000,0.31715519898949374,0.0010214878973460653,1.710806223732022,0.273,0.274,0.306,0.147
230,66.79022975143587,1000,0.31557562547813933,0.0010144586973893548,1.7113431275014752,0.245,0.116,0.305,0.334
231,57.31791932551349,1000,0.3140039189432234,0.00100747786770914,1.7712201834422963,0.26,0.186,0.368,0.186
232,1.8893320674195753,1000,0.3124400402037151,0.0010005450754533658,1.737314036885278,0.157,0.135,0.329,0.379
233,43.203302082384376,1000,0.3108839502737227,0.0009936599900604443,1.800691356761132,0.202,0.189,0.381,0.228
234,0.14155208488999205,1000,0.30933561036152135,0.0009868222832434916,1.7859739286098213,0.248,0.147,0.368,0.237
235,-30.50010434727612,1000,0.3077949818685863,0.0009800316289746765,1.7833583475474635,0.2,0.15,0.497,0.153
236,-33.081456749366836,1000,0.3062620263886305,0.0009732877034696739,1.7733008838202404,0.138,0.175,0.528,0.159
237,-35.454180945291256,115,0.3047367057066472,0.0009665901851722271,1.755810025677711,0.21739130434782608,0.21739130434782608,0.34782608695652173,0.21739130434782608
238,-24.050122373088797,120,0.3032189817979574,0.0009599387547388154,1.8161281052550433,0.15,0.24166666666666667,0.4,0.20833333333333334
239,6.465050228836855,1000,0.3017088168272619,0.000953333095023428,1.7525137075559516,0.186,0.209,0.34,0.265
240,118.52307329785953,1000,0.30020617314769793,0.0009467728910624417,1.7255417231110817,0.166,0.213,0.297,0.324
241,-17.61397525968445,87,0.2987110132999009,0.0009402578300596034,1.7780457650338624,0.19540229885057472,0.1724137931034483,0.45977011494252873,0.1724137931034483
242,27.268577721893006,1000,0.2972233000110704,0.0009337876013711156,1.7556549009107352,0.201,0.19,0.432,0.177
243,-126.7627909991649,168,0.2957429961940411,0.0009273618964908249,1.737579904277493,0.32142857142857145,0.13690476190476192,0.3273809523809524,0.21428571428571427
244,-53.78792288947549,65,0.29427006494635827,0.0009209804090355117,1.768905597741731,0.2153846153846154,0.24615384615384617,0.35384615384615387,0.18461538461538463
245,-43.15731915092725,100,0.2928044695493577,0.000914642834730282,1.7052582322166114,0.11,0.2,0.52,0.17
246,126.64328819773482,1000,0.2913461734672504,0.0009083488713940591,1.700130454809686,0.271,0.249,0.257,0.223
247,59.85020442296037,1000,0.28989514034621183,0.0009020982189251753,1.7252674762200197,0.249,0.151,0.308,0.292
248,-276.66551672533456,536,0.2884513340134756,0.0008958905792870631,1.6947306291044548,0.18097014925373134,0.16044776119402984,0.3694029850746269,0.2891791044776119
249,-70.23075439250886,114,0.2870147184764318,0.000889725656494044,1.728562242078634,0.2982456140350877,0.12280701754385964,0.38596491228070173,0.19298245614035087
250,-96.7027298134383,156,0.28558525792172956,0.0008836031565972163,1.7503019134716742,0.10897435897435898,0.25,0.44871794871794873,0.19230769230769232
251,-27.31147564875073,311,0.2841629167143845,0.0008775227876704388,1.6880408947180416,0.08681672025723473,0.21543408360128619,0.5241157556270096,0.17363344051446947
252,58.441692531303985,1000,0.28274765939689017,0.0008714842597964118,1.6850581785855658,0.285,0.134,0.313,0.268
253,35.99267395167731,1000,0.28133945068833427,0.0008654872850528536,1.6845845706217897,0.305,0.148,0.392,0.155
254,93.67775584395008,1000,0.2799382554835191,0.000859531577498772,1.670123973406637,0.447,0.125,0.27,0.158
255,-38.646486487836,136,0.2785440388520863,0.0008536168531608304,1.6194828131963115,0.10294117647058823,0.22058823529411764,0.4852941176470588,0.19117647058823528
256,12.194629939614913,132,0.27715676603764633,0.0008477428300198077,1.6657708163730485,0.09090909090909091,0.18181818181818182,0.5378787878787878,0.1893939393939394
257,32.80967844108458,1000,0.27577640245691176,0.0008419092279971516,1.6940127084626297,0.226,0.136,0.378,0.26
258,-25.278077819189235,117,0.2744029136988354,0.0008361157689416238,1.6909341103606175,0.1452991452991453,0.1623931623931624,0.5042735042735043,0.18803418803418803
259,31.432721090129867,1000,0.2730362655237522,0.0008303621766160378,1.6672537884113103,0.286,0.165,0.362,0.187
260,-16.1564247289013,120,0.2716764238625259,0.0008246481766840876,1.6411954096673478,0.08333333333333333,0.20833333333333334,0.45,0.25833333333333336
261,-251.2845949613892,303,0.2703233548156995,0.000818973496697267,1.7530753803673007,0.17491749174917492,0.0924092409240924,0.46864686468646866,0.264026402640264
262,24.346821263136796,1000,0.2689770246526506,0.0008133378660818794,1.7380033814648022,0.198,0.175,0.461,0.166
263,-36.60684223901607,161,0.26763739981075,0.0008077410161261361,1.7076248502556723,0.12422360248447205,0.19875776397515527,0.4782608695652174,0.19875776397515527
264,-23.065807751428792,125,0.2663044468945255,0.0008021826799673441,1.742919309559548,0.12,0.24,0.456,0.184
265,97.53994979838639,1000,0.2649781326748289,0.000796662592579182,1.7169523113910345,0.213,0.093,0.23,0.464
266,-0.7830085636721691,147,0.26365842408800805,0.000791180490759063,1.6673692257036326,0.17006802721088435,0.1836734693877551,0.43537414965986393,0.2108843537414966
267,8.178530429200265,170,0.26234528823508246,0.0007857361131155856,1.6952099693023266,0.11176470588235295,0.1588235294117647,0.5176470588235295,0.21176470588235294
268,-35.515927130380405,350,0.2610386923809231,0.0007803292000560697,1.6694781262714293,0.14,0.17714285714285713,0.5257142857142857,0.15714285714285714
269,86.76094989252341,1000,0.25973860395343634,0.0007749594937741795,1.6864267294345596,0.295,0.238,0.24,0.227
270,-76.9318513115758,1000,0.25844499054275216,0.0007696267382376308,1.7075440259367578,0.173,0.189,0.509,0.129
271,4.537113135480297,173,0.257157819900416,0.0007643306791759831,1.6834974270664087,0.10982658959537572,0.20809248554913296,0.49710982658959535,0.18497109826589594
272,46.40141514479453,196,0.2558770599385848,0.0007590710640685158,1.6679643234550063,0.11224489795918367,0.18877551020408162,0.5102040816326531,0.18877551020408162
273,18.49605065577348,1000,0.25460267872922737,0.0007538476421321883,1.7410613200155258,0.178,0.136,0.401,0.285
274,-20.953495566362523,1000,0.25333464450332815,0.0007486601643096816,1.7482593053115705,0.194,0.197,0.438,0.171
275,-15.3277070832618,212,0.25207292565009537,0.0007435083832575234,1.7718256128197152,0.1179245283018868,0.19811320754716982,0.4528301886792453,0.23113207547169812
276,-17.771723110900204,1000,0.25081749071617304,0.0007383920533342948,1.7560750210062992,0.152,0.137,0.489,0.222
277,22.90845995513888,143,0.24956830840485686,0.0007333109305889175,1.70413601620968,0.15384615384615385,0.21678321678321677,0.3706293706293706,0.25874125874125875
278,36.879634463999736,142,0.2483253475753139,0.0007282647727490224,1.7408892526662543,0.08450704225352113,0.14788732394366197,0.6126760563380281,0.15492957746478872
279,0.6595418331008744,147,0.24708857724180652,0.0007232533392093973,1.7517439280734728,0.17687074829931973,0.14285714285714285,0.5170068027210885,0.16326530612244897
280,30.09787329911943,1000,0.24585796657291967,0.0007182763910205153,1.7134946552758494,0.161,0.199,0.396,0.244
281,-57.44891814563718,1000,0.24463348489079248,0.0007133336908771411,1.6893394622893512,0.139,0.157,0.552,0.152
282,5.319593598296166,102,0.2434151016703534,0.0007084250031070158,1.703733646796019,0.19607843137254902,0.17647058823529413,0.43137254901960786,0.19607843137254902
283,-19.609690137420664,1000,0.2422027865385593,0.0007035500936596204,1.7057217863713816,0.114,0.155,0.57,0.161
284,-68.3627538211338,122,0.24099650927363828,0.0006987087300950158,1.7707581742647798,0.11475409836065574,0.27049180327868855,0.3524590163934426,0.26229508196721313
285,-28.824875374712065,1000,0.2397962398043362,0.0006939006815727599,1.7331217925297817,0.127,0.176,0.542,0.155
286,-5.801338167448634,156,0.23860194820916716,0.0006891257188409008,1.731708581363345,0.07692307692307693,0.23076923076923078,0.4166666666666667,0.27564102564102566
287,-102.29448530424634,263,0.2374136047156675,0.0006843836142250461,1.7210531460104752,0.18250950570342206,0.1634980988593156,0.4752851711026616,0.17870722433460076
288,202.19571342106082,698,0.23623117969965363,0.000679674141617507,1.776239037096577,0.22206303724928367,0.2191977077363897,0.3939828080229226,0.16475644699140402
289,44.17185396821478,1000,0.23505464368448353,0.0006749970764665174,1.7390486710935633,0.254,0.166,0.397,0.183
290,19.41040772421892,1000,0.23388396734032196,0.0006703521957655269,1.7207982840214588,0.184,0.177,0.48,0.159
291,-98.80083011588212,1000,0.23271912148340923,0.000665739278042568,1.7489012493249965,0.139,0.153,0.537,0.171
292,-192.19401273738117,754,0.2315600770753337,0.0006611581033496956,1.7187416064657546,0.13395225464190982,0.1419098143236074,0.5822281167108754,0.1419098143236074
293,-33.86362935164124,94,0.2304068052223079,0.0006566084532525002,1.7636591583215848,0.2127659574468085,0.0851063829787234,0.5957446808510638,0.10638297872340426
294,8.024813478483267,103,0.22925927717444824,0.0006520901108196926,1.7704946727774162,0.07766990291262135,0.22330097087378642,0.5339805825242718,0.1650485436893204
295,18.226728868081448,1000,0.22811746432505836,0.0006476028606127603,1.718758513134744,0.135,0.182,0.499,0.184
296,76.18008245871047,1000,0.2269813382099158,0.0006431464886756951,1.6793671360908053,0.229,0.251,0.363,0.157
297,38.06524541754232,1000,0.2258508705065627,0.000638720782524792,1.704374082384132,0.268,0.241,0.352,0.139
298,82.29152369233331,1000,0.22472603303359945,0.0006343255311385171,1.6729970453345173,0.314,0.361,0.228,0.097
299,-23.186072187753368,112,0.2236067977499824,0.0006299605249474466,1.615892688394847,0.16964285714285715,0.13392857142857142,0.5892857142857143,0.10714285714285714
300,-1.3295011422458742,157,0.22249313675432472,0.0006256255558242739,1.6608814983706284,0.07006369426751592,0.22929936305732485,0.5159235668789809,0.18471337579617833
301,107.15372237147858,1000,0.22138502228420082,0.0006213204170738859,1.6364959333225442,0.316,0.149,0.363,0.172
302,-67.04728614792512,104,0.22028242671545434,0.000617044903423508,1.6723383463942376,0.20192307692307693,0.2980769230769231,0.27884615384615385,0.22115384615384615
303,92.98481149564137,1000,0.21918532256150944,0.0006127988110129158,1.5966695153198285,0.333,0.271,0.272,0.124
304,133.23806452822794,1000,0.21809368247268562,0.0006085819373847157,1.543954090019965,0.478,0.304,0.148,0.07
305,55.17206193977452,228,0.21700747923551592,0.0006043940814746911,1.5870882415350074,0.13157894736842105,0.20175438596491227,0.49122807017543857,0.17543859649122806
306,38.656269184194144,116,0.2159266857720685,0.0006002350436022153,1.567908337076098,0.13793103448275862,0.13793103448275862,0.5775862068965517,0.14655172413793102
307,-2.4257787784078317,168,0.21485127513927166,0.0005961046254607311,1.6082286119363396,0.08333333333333333,0.19047619047619047,0.5297619047619048,0.19642857142857142
308,76.30024766928582,1000,0.21378122052824208,0.0005920026301082949,1.6055899206732016,0.212,0.074,0.158,0.556
309,162.57086549540094,1000,0.21271649526361663,0.0005879288619581864,1.5695028253339882,0.564,0.146,0.144,0.146
310,29.18397929844747,183,0.21165707280288729,0.0005838831267695832,1.5671786798054912,0.17486338797814208,0.18579234972677597,0.4918032786885246,0.14754098360655737
311,-50.49069092454917,262,0.2106029267357395,0.0005798652316382989,1.5655433043315403,0.1183206106870229,0.14122137404580154,0.549618320610687,0.19083969465648856
312,-7.824627376877999,116,0.20955403078339377,0.0005758749849875851,1.5587495589032505,0.04310344827586207,0.25862068965517243,0.4224137931034483,0.27586206896551724
313,152.23219933010597,1000,0.2085103587979506,0.0005719121965589974,1.5135537643215038,0.648,0.139,0.134,0.079
314,136.83664936311877,1000,0.20747188476173858,0.0005679766774033234,1.5251408689508947,0.382,0.432,0.123,0.063
315,1.3667109404038484,161,0.2064385827866659,0.0005640682398715733,1.53055673653826,0.19875776397515527,0.10559006211180125,0.546583850931677,0.14906832298136646
316,-24.06732033375002,128,0.20541042711357488,0.0005601866976060327,1.5140188668981676,0.1640625,0.15625,0.53125,0.1484375
317,33.27650705182921,107,0.2043873921115999,0.0005563318655313771,1.486077803682648,0.06542056074766354,0.2616822429906542,0.4485981308411215,0.22429906542056074
318,4.751250188767614,145,0.20336945227752837,0.0005525035598458474,1.5025775841589781,0.15862068965517243,0.14482758620689656,0.5517241379310345,0.14482758620689656
319,153.2758007262151,1000,0.20235658223516506,0.0005487015980124855,1.5161881911538044,0.473,0.34,0.119,0.068
320,275.9547001462895,486,0.2013487567346994,0.0005449257987504316,1.4960280455674742,0.41358024691358025,0.25308641975308643,0.2242798353909465,0.10905349794238683
321,-137.94866797037793,854,0.20034595065207608,0.0005411759820262798,1.4919775287371415,0.18501170960187355,0.27049180327868855,0.3711943793911007,0.17330210772833723
322,38.51217355913863,133,0.19934813898836876,0.0005374519690454946,1.4884394326228587,0.12781954887218044,0.21052631578947367,0.42857142857142855,0.23308270676691728
323,62.88588976019997,153,0.1983552968691568,0.000533753582243885,1.4996264616322115,0.1503267973856209,0.20261437908496732,0.45751633986928103,0.1895424836601307
324,129.44157136125563,1000,0.1973673995439052,0.0005300806452791393,1.4781619929378795,0.596,0.218,0.117,0.069
325,238.54186637423032,452,0.19638442238534762,0.0005264329830224157,1.471283231826999,0.5575221238938053,0.1261061946902655,0.2323008849557522,0.084070796460177
326,-19.79774160037492,102,0.19540634088887243,0.0005228104215499929,1.4697690121274838,0.11764705882352941,0.23529411764705882,0.5,0.14705882352941177
327,-40.50240251098711,80,0.1944331306719118,0.0005192127881349766,1.3906627350584908,0.1,0.2625,0.4375,0.2
328,258.38334433014165,414,0.19346476747333397,0.0005156399112390642,1.4350778799030788,0.5096618357487923,0.1280193236714976,0.2584541062801932,0.10386473429951691
329,-11.787239157023606,113,0.19250122715283827,0.0005120916205043656,1.4409462881499335,0.07079646017699115,0.2920353982300885,0.3805309734513274,0.25663716814159293
330,16.996975962284736,187,0.19154248569035348,0.0005085677467452802,1.4404222973954008,0.1497326203208556,0.15508021390374332,0.5668449197860963,0.12834224598930483
331,1.8647929873713167,159,0.190588519185439,0.0005050681219404303,1.398727348789551,0.12578616352201258,0.2138364779874214,0.48427672955974843,0.1761006289308176
332,139.4285172600912,1000,0.18963930385668903,0.0005015925792246494,1.405218771709746,0.612,0.191,0.106,0.091
333,264.3394340809198,422,0.18869481604113966,0.000498140952881026,1.3919482181137952,0.523696682464455,0.13270142180094788,0.21800947867298578,0.12559241706161137
334,-111.27520180622929,508,0.1877550321936791,0.0004947130783330022,1.4090860207835736,0.20866141732283464,0.1968503937007874,0.4074803149606299,0.18700787401574803
335,37.93585039847878,173,0.18681992888646057,0.0004913087921365264,1.4417654572579532,0.16184971098265896,0.15028901734104047,0.5260115606936416,0.16184971098265896
336,42.4995628321214,144,0.18588948280831843,0.00048792793197226003,1.4116148391340824,0.125,0.18055555555555555,0.4652777777777778,0.22916666666666666
337,282.7054206145407,426,0.18496367076418696,0.0004845703366378385,1.3997388418354058,0.5070422535211268,0.1572769953051643,0.20892018779342722,0.1267605633802817
338,105.60886583641724,1000,0.18404246967452215,0.0004812358460401845,1.40077222466119,0.522,0.217,0.153,0.108
339,53.07026005784313,1000,0.18312585657472633,0.0004779243011878747,1.412102861541677,0.301,0.287,0.174,0.238
340,248.68777736121868,421,0.18221380861457573,0.00047463554418355894,1.401933803514277,0.5415676959619953,0.14014251781472684,0.2375296912114014,0.08076009501187649
341,264.1728194478886,921,0.18130630305765083,0.0004713694182164316,1.3951528775240971,0.5320304017372421,0.22041259500542887,0.13897937024972856,0.10857763300760044
342,282.1458141183029,677,0.18040331728076958,0.0004681257675547547,1.396419673760854,0.6691285081240768,0.11816838995568685,0.1344165435745938,0.07828655834564253
343,98.0175367309246,1000,0.17950482877342336,0.00046490443753843233,1.3909586502211126,0.573,0.093,0.123,0.211
344,-177.92304864944043,62,0.17861081513721588,0.00046170527457163656,1.3589886618824971,0.3870967741935484,0.2903225806451613,0.16129032258064516,0.16129032258064516
345,10.722638436768747,117,0.17772125408530481,0.00045852812611548366,1.3792837010936638,0.10256410256410256,0.23076923076923078,0.5042735042735043,0.1623931623931624
346,250.41533762091558,859,0.17683612344184615,0.00045537284068076107,1.353665958986017,0.5122235157159488,0.27823050058207216,0.13853317811408614,0.0710128055878929
347,-119.09577284098773,475,0.17595540114144145,0.0004522392678207041,1.3596712694373032,0.22526315789473683,0.4378947368421053,0.18947368421052632,0.14736842105263157
348,180.85771524849278,1000,0.17507906522858774,0.0004491272581238226,1.3771514039395412,0.643,0.137,0.115,0.105
349,270.1920916395332,375,0.17420709385713018,0.00044603666320677695,1.3454445386296157,0.35733333333333334,0.28,0.25866666666666666,0.104
350,60.28027937800907,1000,0.17333946528971744,0.0004429673357073028,1.3858299622000585,0.314,0.287,0.185,0.214
351,8.055028306226248,178,0.1724761578972599,0.00043991912927718486,1.4218451513872845,0.07865168539325842,0.24157303370786518,0.5,0.1797752808988764
352,275.2366825211277,559,0.17161715015839032,0.00043689189857527903,1.4034892030943278,0.5259391771019678,0.1735241502683363,0.19856887298747763,0.10196779964221825
353,138.15642920161665,1000,0.1707624206589275,0.00043388549926058205,1.376423325269227,0.357,0.325,0.108,0.21
354,228.8320133202204,442,0.16991194809134227,0.0004308997879853495,1.4633696665692222,0.38235294117647056,0.2171945701357466,0.16515837104072398,0.23529411764705882
355,-75.41537389150952,134,0.16906571125422645,0.0004279346223882607,1.4523257818910138,0.04477611940298507,0.34328358208955223,0.43283582089552236,0.1791044776119403
356,2.260553672613952,156,0.16822368905176427,0.00042498986108763085,1.3889365579157613,0.09615384615384616,0.21794871794871795,0.44871794871794873,0.23717948717948717
357,43.512722859233975,144,0.16738586049320645,0.00042206536367466987,1.4074890422161799,0.1527777777777778,0.16666666666666666,0.4930555555555556,0.1875
358,17.881712277471706,77,0.16655220469234697,0.00041916099070678746,1.5152547717592968,0.1038961038961039,0.2077922077922078,0.5454545454545454,0.14285714285714285
359,-32.05035191819654,118,0.1657227008670024,0.0004162766037009445,1.4403645818959199,0.19491525423728814,0.15254237288135594,0.5084745762711864,0.1440677966101695
360,-157.64394622230395,68,0.16489732833849374,0.00041341206512705,1.4131126782596888,0.3235294117647059,0.19117647058823528,0.23529411764705882,0.25
361,-4.0440239645101315,75,0.16407606653113102,0.00041056723840140346,1.381161888539425,0.18666666666666668,0.12,0.48,0.21333333333333335
362,-18.94399195006085,111,0.16325889497170032,0.00040774198788018254,1.3964939755774826,0.18018018018018017,0.11711711711711711,0.5495495495495496,0.15315315315315314
363,23.966260897667084,146,0.16244579328895342,0.00040493617885297545,1.4127692984175475,0.06164383561643835,0.23972602739726026,0.4520547945205479,0.2465753424657534
364,266.7712579616348,674,0.16163674121309993,0.00040214967753635783,1.3801497937722382,0.6661721068249258,0.08605341246290801,0.15578635014836795,0.09198813056379822
365,122.52627179640133,1000,0.16083171857530196,0.00039938235106751376,1.3429378037095854,0.317,0.5,0.108,0.075
366,39.48329725130631,144,0.16003070530717145,0.0003966340674979008,1.3734329378798644,0.11805555555555555,0.1527777777777778,0.5486111111111112,0.18055555555555555
367,223.42267320730653,227,0.1592336814402698,0.0003939046957869587,1.3393778655207833,0.31718061674008813,0.15859030837004406,0.4008810572687225,0.12334801762114538
368,-16.83737107622268,119,0.15844062710561005,0.000391194105795861,1.326148680232526,0.16806722689075632,0.20168067226890757,0.47058823529411764,0.15966386554621848
369,-9.300570173332375,145,0.15765152253316161,0.00038850216828131004,1.3292409013664546,0.1310344827586207,0.2206896551724138,0.496551724137931,0.15172413793103448
370,226.27573776987015,520,0.15686634805135746,0.00038582875488937465,1.3394366582006247,0.16923076923076924,0.10192307692307692,0.25769230769230766,0.47115384615384615
371,-136.46854368356287,61,0.15608508408660363,0.00038317373814936997,1.3633963796318194,0.09836065573770492,0.36065573770491804,0.19672131147540983,0.3442622950819672
372,-7.046970595425535,93,0.15530771116279135,0.00038053699146777946,1.3368025583012313,0.10752688172043011,0.27956989247311825,0.43010752688172044,0.1827956989247312
373,257.5345874192356,580,0.15453420990081157,0.000377918389122219,1.3237502475343328,0.6,0.11379310344827587,0.19137931034482758,0.09482758620689655
374,-188.02171266807596,66,0.1537645610180717,0.0003753178062554423,1.3352593468184644,0.10606060606060606,0.2727272727272727,0.24242424242424243,0.3787878787878788
375,46.59444967764358,158,0.15299874532801508,0.00037273511886938744,1.3011289567613393,0.08860759493670886,0.18354430379746836,0.4810126582278481,0.2468354430379747
376,117.35803074568327,1000,0.15223674373964258,0.0003701702038192647,1.325136785992569,0.457,0.173,0.134,0.236
377,31.277518677418612,168,0.15147853725703672,0.0003676229388076849,1.3023459114335372,0.16071428571428573,0.14285714285714285,0.5476190476190477,0.1488095238095238
378,236.8549678092375,682,0.1507241069788881,0.0003650932023788281,1.307376469892558,0.4340175953079179,0.14516129032258066,0.14076246334310852,0.28005865102639294
379,237.76819051219758,304,0.14997343409802424,0.00036258087391265236,1.3117470944974359,0.39473684210526316,0.17105263157894737,0.3223684210526316,0.1118421052631579
380,-188.83259512360235,82,0.1492264999009407,0.00036008583361914274,1.2651801865974481,0.024390243902439025,0.35365853658536583,0.2073170731707317,0.4146341463414634
381,-22.69417709247172,110,0.14848328576733458,0.0003576079625325995,1.2788212264858099,0.15454545454545454,0.2545454545454545,0.4090909090909091,0.18181818181818182
382,235.34023903552944,585,0.14774377316964035,0.0003551471425059655,1.3021370359164832,0.5367521367521367,0.22564102564102564,0.15384615384615385,0.08376068376068375
383,55.17909623062491,198,0.147007943672568,0.00035270325620519324,1.2919304953539101,0.1717171717171717,0.18686868686868688,0.4444444444444444,0.19696969696969696
384,138.86656799098756,1000,0.14627577893264343,0.00035027618710364985,1.2917861817241594,0.477,0.102,0.137,0.284
385,269.54410474478016,256,0.14554726069775115,0.00034786581947656136,1.2794890041272744,0.38671875,0.19140625,0.28125,0.140625
386,281.8366274753698,522,0.1448223708066793,0.0003454720383954946,1.2900935192954484,0.4540229885057471,0.23180076628352492,0.17624521072796934,0.13793103448275862
387,-7.159613545708837,106,0.14410109118866696,0.00034309472972287745,1.2659983838692328,0.12264150943396226,0.19811320754716982,0.5,0.1792452830188679
388,13.012044530715244,106,0.14338340386295353,0.0003407337801065566,1.3403340968178201,0.0660377358490566,0.22641509433962265,0.5283018867924528,0.1792452830188679
389,-298.08009216343663,98,0.1426692909383306,0.00033838907697439276,1.3395164681709097,0.5408163265306123,0.15306122448979592,0.1326530612244898,0.17346938775510204
390,-149.38588724214327,581,0.14195873461269595,0.00033606050852889326,1.284119513034251,0.09982788296041308,0.1342512908777969,0.53184165232358,0.23407917383820998
391,2.544991564303629,129,0.14125171717260968,0.0003337479637418814,1.2780472296240302,0.10852713178294573,0.20155038759689922,0.43410852713178294,0.2558139534883721
392,-19.6224282072679,146,0.1405482209928527,0.00033145133234920243,1.2930986911045155,0.1506849315068493,0.2054794520547945,0.4726027397260274,0.17123287671232876
393,44.36484869219291,109,0.13984822853598727,0.0003291705048454662,1.300656538107958,0.12844036697247707,0.14678899082568808,0.5504587155963303,0.1743119266055046
394,15.482079157119244,154,0.13915172235191997,0.0003269053724788257,1.316332143940917,0.06493506493506493,0.17532467532467533,0.551948051948052,0.2077922077922078
395,118.58310116049068,1000,0.13845868507746648,0.0003246558272457919,1.312537419444755,0.685,0.182,0.075,0.058
396,20.870035778346008,121,0.1377690994359189,0.0003224217618860838,1.3068846173567175,0.12396694214876033,0.18181818181818182,0.5619834710743802,0.1322314049586777
397,-190.4776423948409,72,0.13708294823661493,0.00032020306987751433,1.3014399634146363,0.08333333333333333,0.3472222222222222,0.3055555555555556,0.2638888888888889
398,-136.29078395753197,77,0.13640021437450947,0.0003179996454309112,1.2745986716187512,0.18181818181818182,0.2987012987012987,0.22077922077922077,0.2987012987012987
399,258.2283524420366,359,0.1357208808297481,0.0003158113834850728,1.2764988184308654,0.5236768802228412,0.13649025069637882,0.22562674094707522,0.11420612813370473
400,-34.82265460328338,150,0.13504493066724277,0.0003136381797017588,1.2778458974597864,0.12666666666666668,0.2733333333333333,0.46,0.14
401,299.66703403276495,376,0.13437234703624976,0.0003114799304607153,1.2631362973233649,0.40425531914893614,0.18882978723404256,0.2872340425531915,0.1196808510638298
402,23.383639221164145,164,0.13370311316994946,0.0003093365328547338,1.2630687221924863,0.14634146341463414,0.15853658536585366,0.5304878048780488,0.16463414634146342
403,-136.34834453300493,64,0.1330372123850285,0.000307207884684745,1.273489140868421,0.15625,0.25,0.28125,0.3125
404,-215.9867863491379,90,0.13237462808126377,0.0003050938844549454,1.2831732403774494,0.15555555555555556,0.26666666666666666,0.2777777777777778,0.3
405,-193.91443290542014,98,0.13171534374110866,0.0003029944313679582,1.2946262500304346,0.1326530612244898,0.3163265306122449,0.20408163265306123,0.3469387755102041
406,24.714652109386122,172,0.13105934292928123,0.0003009094253200269,1.3036337402546698,0.13953488372093023,0.19186046511627908,0.47674418604651164,0.19186046511627908
407,268.6752059267068,354,0.1304066092923546,0.00029883876689624264,1.3161963643992247,0.5875706214689266,0.09887005649717515,0.20056497175141244,0.11299435028248588
408,11.452952404306629,100,0.12975712655834912,0.0002967823573658037,1.2996161691313133,0.2,0.16,0.5,0.14
409,5.118249219878081,117,0.12911087853632688,0.0002947400986773081,1.2780718454300992,0.13675213675213677,0.20512820512820512,0.48717948717948717,0.17094017094017094
410,17.79104603210031,149,0.128467849115988,0.00029271189345407827,1.2778928698439649,0.12080536912751678,0.2214765100671141,0.4563758389261745,0.20134228187919462
411,246.46559770492073,305,0.12782802226726903,0.0002906976449895182,1.2474374206706231,0.5344262295081967,0.10819672131147541,0.22950819672131148,0.12786885245901639
412,-7.324367841125378,1000,0.12719138203994332,0.0002886972572425023,1.2854403229410327,0.144,0.172,0.252,0.432
413,272.7695401396063,251,0.1265579125632235,0.00028671063483279606,1.2924520887035367,0.4900398406374502,0.11553784860557768,0.3147410358565737,0.0796812749003984
414,-154.7346619923024,80,0.12592759804536563,0.00028473768303650834,1.2915991151242674,0.25,0.175,0.4375,0.1375
415,61.19545058551347,118,0.1253004227732758,0.0002827783077815747,1.3066574539723728,0.19491525423728814,0.11864406779661017,0.576271186440678,0.11016949152542373
416,15.303335174722548,96,0.12467637111211817,0.0002808324156432722,1.273950053922559,0.09375,0.21875,0.5520833333333334,0.13541666666666666
417,135.44346439949476,1000,0.12405542750492535,0.0002788999138397645,1.2790439995986258,0.612,0.217,0.096,0.075
418,-8.853109709293406,109,0.12343757647221056,0.0002769807102276782,1.2570041599515969,0.045871559633027525,0.27522935779816515,0.47706422018348627,0.2018348623853211
419,143.35571000480016,1000,0.1228228026115817,0.00027507471329770924,1.2829525801107418,0.414,0.393,0.081,0.112
420,153.34549256789114,1000,0.12221109059735742,0.0002731818321702598,1.2603294546093067,0.486,0.353,0.099,0.062
421,-68.75741526913426,115,0.12160242518018508,0.00027130197659110486,1.3010095657088339,0.3217391304347826,0.20869565217391303,0.26956521739130435,0.2
422,47.40378648565084,146,0.12099679118666054,0.00026943505692708896,1.2982487192163943,0.21232876712328766,0.1780821917808219,0.4452054794520548,0.1643835616438356
423,24.186652786706333,186,0.12039417351894997,0.00026758098416185234,1.2964234390885687,0.21505376344086022,0.15591397849462366,0.46236559139784944,0.16666666666666666
424,-147.68487555368526,105,0.11979455715441345,0.0002657396698915866,1.291610455500977,0.3142857142857143,0.21904761904761905,0.3238095238095238,0.14285714285714285
425,45.28606433554208,110,0.11919792714523043,0.00026391102632081963,1.2673898334076117,0.13636363636363635,0.15454545454545454,0.5272727272727272,0.18181818181818182
426,11.047665278231804,114,0.11860426861802718,0.0002620949662582292,1.2348767332323567,0.06140350877192982,0.22807017543859648,0.49122807017543857,0.21929824561403508
427,29.32577922083189,157,0.11801356677350594,0.0002602914031124857,1.2697613762736704,0.12738853503184713,0.15286624203821655,0.535031847133758,0.18471337579617833
428,-11.422845533171952,100,0.11742580688607601,0.00025850025088812364,1.257725887832256,0.28,0.26,0.19,0.27
429,-47.28015187324827,111,0.11684097430348667,0.00025672142418144085,1.234026747901508,0.25225225225225223,0.18018018018018017,0.34234234234234234,0.22522522522522523
430,188.61427352889308,865,0.1162590544464619,0.00025495483817642676,1.2464917717898292,0.353757225433526,0.11445086705202312,0.15375722543352602,0.37803468208092483
431,267.0867306841973,329,0.11568003280833696,0.00025320040864071813,1.2836082944557854,0.41641337386018235,0.15501519756838905,0.2978723404255319,0.13069908814589665
432,2.2893804661268717,121,0.1151038949546967,0.00025145805192158273,1.2384207772938383,0.1652892561983471,0.2066115702479339,0.39669421487603307,0.23140495867768596
433,-17.485380107432206,95,0.11453062652301578,0.00024972768494193085,1.2303938664452616,0.2,0.09473684210526316,0.5263157894736842,0.17894736842105263
434,4.181362299493088,153,0.1139602132223006,0.00024800922519635396,1.2579365758502186,0.0784313725490196,0.19607843137254902,0.5098039215686274,0.21568627450980393
435,277.7791555161393,545,0.11339264083273302,0.00024630259074719086,1.2480191578393498,0.46788990825688076,0.10825688073394496,0.25137614678899084,0.1724770642201835
436,254.6351840851308,423,0.11282789520531596,0.0002446077002206208,1.2353466110579925,0.4397163120567376,0.14657210401891252,0.24349881796690306,0.1702127659574468
437,258.90512781929306,350,0.11226596226152054,0.00024292447280278354,1.2322047785308556,0.5457142857142857,0.10857142857142857,0.24285714285714285,0.10285714285714286
438,-191.32931177803005,100,0.11170682799293526,0.00024125282823592606,1.247819627557158,0.38,0.18,0.32,0.12
439,-24.507488658362433,125,0.11115047846091669,0.00023959268681457576,1.2773596056424705,0.16,0.184,0.424,0.232
440,-217.6887581800551,96,0.11059689979624203,0.00023794396938174006,1.2465327105066395,0.4270833333333333,0.17708333333333334,0.22916666666666666,0.16666666666666666
441,-220.41671876002115,94,0.11004607819876336,0.00023630659732513216,1.2905994876533504,0.40425531914893614,0.24468085106382978,0.20212765957446807,0.14893617021276595
442,-9.441300850930062,116,0.1094979999370636,0.00023468049257342264,1.255588119225042,0.1810344827586207,0.1810344827586207,0.3706896551724138,0.2672413793103448
443,-258.4584232007875,82,0.10895265134811426,0.00023306557759251707,1.211914162082611,0.23170731707317074,0.2682926829268293,0.2682926829268293,0.23170731707317074
444,32.59044044022099,159,0.10841001883693473,0.0002314617753818591,1.2302594232020498,0.12578616352201258,0.1509433962264151,0.5471698113207547,0.1761006289308176
445,246.91891152962506,434,0.10787008887625348,0.00022986900947075884,1.2238109385292462,0.5483870967741935,0.12442396313364056,0.22811059907834103,0.09907834101382489
446,269.21577225794135,213,0.10733284800617075,0.00022828720391474694,1.240463669533464,0.40375586854460094,0.13145539906103287,0.3755868544600939,0.0892018779342723
447,275.6898970523481,466,0.10679828283382309,0.00022671628329195328,1.2210904303142587,0.5042918454935622,0.1072961373390558,0.259656652360515,0.12875536480686695
448,-48.150670781905184,96,0.10626638003304942,0.00022515617269951084,1.2164074845862334,0.11458333333333333,0.25,0.4479166666666667,0.1875
449,-262.7753623864412,113,0.10573712634405887,0.00022360679774998437,1.2667026177380238,0.02654867256637168,0.336283185840708,0.3893805309734513,0.24778761061946902
450,10.908729183081832,124,0.10521050857310017,0.00022206808456782335,1.250012711825521,0.13709677419354838,0.1774193548387097,0.46774193548387094,0.21774193548387097
451,-204.8658570398003,73,0.10468651359213282,0.0002205399597858397,1.2816984187175038,0.136986301369863,0.3561643835616438,0.2465753424657534,0.2602739726027397
452,278.7727186863294,168,0.10416512833849978,0.0002190223505417095,1.226838129152557,0.39285714285714285,0.05952380952380952,0.4166666666666667,0.13095238095238096
453,-225.9198945129875,81,0.1036463398146018,0.0002175151844744988,1.256242775951799,0.024691358024691357,0.345679012345679,0.4074074074074074,0.2222222222222222
454,-179.0448399809721,75,0.1031301350875735,0.00021601838972121353,1.2673617541387678,0.05333333333333334,0.28,0.22666666666666666,0.44
455,226.6262937775267,248,0.10261650128896083,0.00021453189491337288,1.253171020753164,0.3709677419354839,0.12903225806451613,0.36693548387096775,0.13306451612903225
456,-148.0544571163443,105,0.10210542561440039,0.00021305562917360642,1.24943280679385,0.2761904761904762,0.23809523809523808,0.3047619047619048,0.18095238095238095
457,-119.92548286804696,84,0.10159689532330018,0.00021158952211227465,1.211911439755671,0.09523809523809523,0.2261904761904762,0.5119047619047619,0.16666666666666666
458,33.46365818691157,130,0.10109089773852199,0.0002101335038241127,1.2307638253599809,0.2230769230769231,0.16923076923076924,0.4076923076923077,0.2
459,-227.1097209832684,75,0.10058742024606539,0.00020868750488489723,1.218794287980218,0.02666666666666667,0.36,0.36,0.25333333333333335
460,278.1540323460118,243,0.10008645029475326,0.00020725145634813618,1.231768509793556,0.5185185185185185,0.09465020576131687,0.25102880658436216,0.13580246913580246
461,-227.93317816861637,91,0.09958797539591889,0.00020582528974178143,1.2475092554768674,0.24175824175824176,0.2967032967032967,0.21978021978021978,0.24175824175824176
462,-401.58575065862885,89,0.0990919831230947,0.00020440893706496387,1.2289529443499978,0.1797752808988764,0.2696629213483146,0.2696629213483146,0.2808988764044944
463,-148.26303968925995,87,0.09859846111170241,0.00020300233078475116,1.2368883899816416,0.13793103448275862,0.2413793103448276,0.4367816091954023,0.1839080459770115
464,265.16285776758576,370,0.09810739705874481,0.00020160540383292762,1.249605566748994,0.527027027027027,0.1810810810810811,0.21081081081081082,0.08108108108108109
465,6.13965577890508,127,0.0976187787224991,0.00020021808960279643,1.2251793579737464,0.05511811023622047,0.25196850393700787,0.5196850393700787,0.1732283464566929
466,-147.1393694668631,72,0.09713259392221169,0.0001988403219460037,1.2053480366127292,0.2916666666666667,0.19444444444444445,0.3888888888888889,0.125
467,-232.48697102442364,107,0.09664883053779448,0.00019747203516938454,1.2571521635318763,0.18691588785046728,0.2803738317757009,0.2897196261682243,0.24299065420560748
468,-323.98073333847856,127,0.09616747650952286,0.0001961131640318307,1.2307724694654738,0.1968503937007874,0.23622047244094488,0.2440944881889764,0.3228346456692913
469,274.0688518927926,244,0.09568851983773495,0.00019476364374117975,1.2563187220676004,0.4057377049180328,0.1885245901639344,0.29918032786885246,0.10655737704918032
470,15.428154400620684,107,0.09521194858253253,0.0001934234099511259,1.2579478062994702,0.14018691588785046,0.21495327102803738,0.3644859813084112,0.2803738317757009
471,13.664546658784957,138,0.09473775086348335,0.0001920923987581518,1.2596718535309746,0.10869565217391304,0.18840579710144928,0.5072463768115942,0.1956521739130435
472,-210.17421804869554,67,0.09426591485932499,0.00019077054669848148,1.2376197703925413,0.29850746268656714,0.31343283582089554,0.26865671641791045,0.11940298507462686
473,-265.1938949767598,94,0.09379642880767017,0.00018945779074505458,1.2094580724508077,0.1595744680851064,0.32978723404255317,0.2765957446808511,0.23404255319148937
474,-207.54798934119634,71,0.09332928100471348,0.00018815406830452095,1.1932162550969012,0.028169014084507043,0.43661971830985913,0.15492957746478872,0.38028169014084506
475,31.053465273813657,154,0.09286445980493968,0.00018685931721425624,1.2340847190615645,0.09740259740259741,0.22727272727272727,0.4805194805194805,0.19480519480519481
476,-142.0015062643065,119,0.09240195362083334,0.00018557347573939793,1.2419749845118015,0.33613445378151263,0.11764705882352941,0.2605042016806723,0.2857142857142857
477,273.8244638209069,336,0.09194175092259001,0.0001842964825699017,1.2330741317579292,0.5208333333333334,0.13095238095238096,0.25595238095238093,0.09226190476190477
478,18.2870450625299,129,0.09148384023782877,0.00018302827681761824,1.2236320674615635,0.17054263565891473,0.1937984496124031,0.4496124031007752,0.18604651162790697
479,40.309013731350916,142,0.09102821015130624,0.00018176879801338986,1.2679464665595497,0.04929577464788732,0.20422535211267606,0.5352112676056338,0.2112676056338028
480,63.86770906632168,178,0.09057484930463203,0.00018051798610416744,1.2402251578103305,0.07865168539325842,0.21348314606741572,0.5674157303370787,0.1404494382022472
481,236.31349938768247,364,0.09012374639598555,0.00017927578145014698,1.2276640205597256,0.5302197802197802,0.11538461538461539,0.23351648351648352,0.12087912087912088
482,-280.40252643433985,88,0.08967489017983431,0.00017804212482192588,1.2496439651327642,0.09090909090909091,0.3522727272727273,0.32954545454545453,0.22727272727272727
483,-217.33698569530173,66,0.08922826946665352,0.00017681695739767893,1.2207984855912422,0.16666666666666666,0.45454545454545453,0.16666666666666666,0.21212121212121213
484,-4.946113166318099,112,0.08878387312264722,0.00017560022076035353,1.2446988590213806,0.11607142857142858,0.22321428571428573,0.5,0.16071428571428573
485,-170.0341893819953,103,0.0883416900694707,0.00017439185689488443,1.209366991130351,0.30097087378640774,0.23300970873786409,0.2621359223300971,0.20388349514563106
486,128.05220036694595,1000,0.08790170928395427,0.00017319180818542736,1.2161295698916021,0.359,0.478,0.101,0.062
487,-205.24995723538365,93,0.08746391979782855,0.000172000017412612,1.2043301146188972,0.20430107526881722,0.3333333333333333,0.23655913978494625,0.22580645161290322
488,-190.3928287983502,58,0.08702831069745101,0.00017081642775081368,1.2038572964806291,0.7758620689655172,0.1206896551724138,0.10344827586206896,0.0
489,-200.73377185856276,73,0.08659487112353387,0.00016964098276544382,1.2612292233821112,0.0547945205479452,0.3150684931506849,0.3150684931506849,0.3150684931506849
490,284.41125670974924,395,0.08616359027087342,0.00016847362641025915,1.2258095567407143,0.4835443037974684,0.1670886075949367,0.27848101265822783,0.07088607594936709
491,-186.43429230023918,75,0.08573445738808068,0.00016731430302468933,1.1989923902462172,0.26666666666666666,0.28,0.21333333333333335,0.24
492,-229.03877717264828,77,0.08530746177731334,0.00016616295733118305,1.2455376845437784,0.19480519480519481,0.3246753246753247,0.23376623376623376,0.24675324675324675
493,-1.6319793068080202,101,0.0848825927940091,0.0001650195344325723,1.2111382527112318,0.18811881188118812,0.19801980198019803,0.44554455445544555,0.16831683168316833
494,278.3494970754715,258,0.08445983984662027,0.0001638839798094549,1.2264672738025648,0.624031007751938,0.07751937984496124,0.24031007751937986,0.05813953488372093
495,-189.09019498085195,96,0.0840391923963498,0.00016275623931759483,1.2048168371685046,0.14583333333333334,0.3645833333333333,0.13541666666666666,0.3541666666666667
496,36.00702163106544,153,0.0836206399568885,0.00016163625918534075,1.2036201001242652,0.0457516339869281,0.22875816993464052,0.46405228758169936,0.26143790849673204
497,-290.65349995104987,106,0.08320417209415364,0.000160523986011062,1.205699370540454,0.330188679245283,0.22641509433962265,0.14150943396226415,0.3018867924528302
498,-232.40821101573616,92,0.08278977842602886,0.00015941936676060244,1.18581450421349,0.1956521739130435,0.29347826086956524,0.32608695652173914,0.18478260869565216
499,-192.6395228336474,95,0.08237744862210536,0.00015832234876475164,1.2218498562665203,0.11578947368421053,0.3894736842105263,0.16842105263157894,0.3263157894736842
500,272.6273428619993,167,0.08196717240342434,0.0001572328797167337,1.2080028217082563,0.3413173652694611,0.0718562874251497,0.49700598802395207,0.08982035928143713
501,-192.98520994276612,105,0.08155893954222078,0.00015615090766971307,1.227268944071833,0.1619047619047619,0.2857142857142857,0.34285714285714286,0.20952380952380953
502,39.06178435880912,205,0.08115273986166843,0.00015507638103431782,1.2166085858469835,0.07804878048780488,0.21951219512195122,0.5317073170731708,0.17073170731707318
503,-32.59180917994232,131,0.08074856323562621,0.00015400924857617972,1.227693404898008,0.1297709923664122,0.15267175572519084,0.5343511450381679,0.183206106870229
504,-40.29368538935607,104,0.08034639958838564,0.00015294945941349137,1.2029680306147053,0.18269230769230768,0.2692307692307692,0.3269230769230769,0.22115384615384615
505,32.22939643606421,146,0.0799462388944198,0.00015189696301458008,1.2275097941159119,0.0958904109589041,0.1780821917808219,0.5273972602739726,0.19863013698630136
506,-212.94285531754736,94,0.07954807117813331,0.00015085170919549855,1.21940556722928,0.07446808510638298,0.32978723404255317,0.32978723404255317,0.26595744680851063
507,36.94915301451414,136,0.07915188651361367,0.00014981364811763202,1.2018755290851695,0.08088235294117647,0.22794117647058823,0.47794117647058826,0.21323529411764705
508,-200.11605192764267,96,0.07875767502438383,0.00014878273028532185,1.2191482868004533,0.19791666666666666,0.28125,0.14583333333333334,0.375
509,-169.4462501677259,345,0.078365426883156,0.00014775890654350563,1.2162056766715754,0.34202898550724636,0.25507246376811593,0.24057971014492754,0.16231884057971013
510,-271.7423921103769,75,0.07797513231158659,0.00014674212807537336,1.2013618218885194,0.22666666666666666,0.29333333333333333,0.2,0.28
511,-245.40864305815035,115,0.07758678158003256,0.00014573234640003987,1.2123922283699524,0.1826086956521739,0.3217391304347826,0.20869565217391303,0.28695652173913044
512,-18.691110014347856,107,0.07720036500730874,0.00014472951337023314,1.1966124526643633,0.14953271028037382,0.18691588785046728,0.5046728971962616,0.1588785046728972
513,-31.709060236494295,139,0.07681587296044662,0.00014373358116999866,1.2072004411659065,0.16546762589928057,0.15827338129496402,0.4172661870503597,0.2589928057553957
514,-94.17983261475827,125,0.07643329585445409,0.0001427445023124195,1.2180506818544115,0.256,0.248,0.32,0.176
515,36.96576284505335,119,0.07605262415207657,0.0001417622296373521,1.1927176999678946,0.23529411764705882,0.12605042016806722,0.47058823529411764,0.16806722689075632
516,-226.1328912617134,89,0.07567384836355925,0.00014078671630917759,1.2637046420444882,0.2696629213483146,0.2808988764044944,0.25842696629213485,0.19101123595505617
517,-212.26479322895767,117,0.0752969590464105,0.0001398179158145687,1.2262699287877592,0.20512820512820512,0.2905982905982906,0.2564102564102564,0.24786324786324787
518,40.00275737446066,126,0.07492194680516646,0.00013885578196027188,1.2303464931361185,0.2619047619047619,0.23809523809523808,0.4365079365079365,0.06349206349206349
519,-211.01927651251026,106,0.07454880229115689,0.0001379002688709049,1.2196949041244745,0.18867924528301888,0.24528301886792453,0.3584905660377358,0.20754716981132076
520,-156.28046702312298,113,0.07417751620227203,0.00013695133098676928,1.237214429458406,0.09734513274336283,0.30973451327433627,0.336283185840708,0.25663716814159293
521,-172.75475671636548,64,0.07380807928273078,0.00013600892306167813,1.2049224755097412,0.171875,0.3125,0.1875,0.328125
522,34.15942318491088,115,0.07344048232284993,0.0001350730001607987,1.2232009931061472,0.11304347826086956,0.1826086956521739,0.591304347826087,0.11304347826086956
523,0.15177065720402538,93,0.07307471615881456,0.00013414351765850981,1.208043770219836,0.27956989247311825,0.15053763440860216,0.5053763440860215,0.06451612903225806
524,-254.20434757260037,98,0.0727107716724496,0.00013322043123627418,1.2029493979574375,0.17346938775510204,0.336734693877551,0.2653061224489796,0.22448979591836735
525,-17.7194361936194,111,0.07234863979099258,0.00013230369688052517,1.2110294244032804,0.18018018018018017,0.2072072072072072,0.45045045045045046,0.16216216216216217
526,-215.56889315858666,87,0.07198831148686739,0.00013139327088056821,1.1928055137590456,0.12643678160919541,0.39080459770114945,0.1724137931034483,0.3103448275862069
527,-198.76977892717338,88,0.07162977777745924,0.00013048910982649668,1.1952500103572261,0.22727272727272727,0.29545454545454547,0.2727272727272727,0.20454545454545456
528,-224.10078681137907,103,0.07127302972489075,0.00012959117060712202,1.1863378207264998,0.08737864077669903,0.3592233009708738,0.23300970873786409,0.32038834951456313
529,45.81563131901305,141,0.07091805843579913,0.00012869941040791818,1.1761638012901245,0.10638297872340426,0.24113475177304963,0.40425531914893614,0.24822695035460993
530,6.726702706971565,146,0.07056485506111447,0.00012781378670898022,1.2148372050777636,0.06164383561643835,0.22602739726027396,0.410958904109589,0.3013698630136986
531,-109.50973266992052,267,0.07021341079583919,0.00012693425728299684,1.2169131396520938,0.07865168539325842,0.1760299625468165,0.449438202247191,0.2958801498127341
532,-246.77620009249415,91,0.06986371687882846,0.00012606078019323702,1.2158124809180961,0.2857142857142857,0.21978021978021978,0.31868131868131866,0.17582417582417584
533,-194.3956768278218,84,0.06951576459257186,0.00012519331379155045,1.2011186712419357,0.14285714285714285,0.23809523809523808,0.38095238095238093,0.23809523809523808
534,-217.54655180994007,77,0.06916954526297603,0.0001243318167163816,1.224518840354258,0.05194805194805195,0.37662337662337664,0.3116883116883117,0.2597402597402597
535,-257.528444974245,87,0.06882505025914844,0.00012347624789079773,1.2501638108380106,0.1839080459770115,0.25287356321839083,0.3563218390804598,0.20689655172413793
536,230.01075486826576,313,0.06848227099318223,0.00012262656652053014,1.221923901568386,0.3801916932907348,0.14376996805111822,0.35782747603833864,0.1182108626198083
537,-58.92493510010607,115,0.06814119891994212,0.00012178273209202919,1.2102800890901468,0.30434782608695654,0.16521739130434782,0.4,0.13043478260869565
538,-237.36253473571966,97,0.06780182553685142,0.00012094470437053251,1.2088445833541712,0.29896907216494845,0.31958762886597936,0.15463917525773196,0.2268041237113402
539,-303.3492502213248,95,0.06746414238368,0.00012011244339814657,1.2176752947303862,0.25263157894736843,0.29473684210526313,0.23157894736842105,0.22105263157894736
540,60.607331411363276,212,0.06712814104233344,0.00011928590949194152,1.194363223332826,0.11320754716981132,0.2169811320754717,0.49528301886792453,0.17452830188679244
541,-28.293393235265185,106,0.06679381313664319,0.000118465063242059,1.2217171124200024,0.19811320754716982,0.1792452830188679,0.44339622641509435,0.1792452830188679
542,-53.77529899777856,130,0.0664611503321577,0.00011764986550983303,1.2188441052858572,0.13846153846153847,0.2,0.4153846153846154,0.24615384615384617
543,-19.786762488297654,97,0.06613014433593471,0.00011684027742592396,1.2305473786210237,0.20618556701030927,0.17525773195876287,0.4639175257731959,0.15463917525773196
544,231.66348292677168,226,0.06580078689633446,0.00011603626038846503,1.2041347857388116,0.24336283185840707,0.1592920353982301,0.3008849557522124,0.29646017699115046
545,-25.982366965820106,121,0.06547306980281405,0.00011523777606122184,1.210850181911238,0.38016528925619836,0.14049586776859505,0.39669421487603307,0.08264462809917356
546,-226.6538414294145,82,0.0651469848857227,0.00011444478637176445,1.1875222661491736,0.4146341463414634,0.25609756097560976,0.10975609756097561,0.21951219512195122
547,32.70192407476162,154,0.0648225240160981,0.00011365725350965203,1.2034546100379253,0.15584415584415584,0.21428571428571427,0.4935064935064935,0.13636363636363635
548,-247.96291604557211,87,0.06449967910546381,0.00011287513992463008,1.21837237881631,0.21839080459770116,0.3103448275862069,0.21839080459770116,0.25287356321839083
549,270.88586817579835,231,0.06417844210562758,0.00011209840832483992,1.2242905093459924,0.4458874458874459,0.11255411255411256,0.3333333333333333,0.10822510822510822
550,-301.31456454097986,104,0.0638588050084807,0.00011132702167504067,1.216728358654222,0.21153846153846154,0.3173076923076923,0.2692307692307692,0.20192307692307693
551,3.591341306591872,104,0.06354075984579843,0.00011056094319484329,1.2459119709330189,0.14423076923076922,0.2403846153846154,0.5,0.11538461538461539
552,-165.78743182751646,80,0.0632242986890413,0.00010980013635695692,1.2363314324568975,0.35,0.2125,0.3,0.1375
553,-130.4887069569126,126,0.06290941364915748,0.00010904456488544722,1.2193075256080712,0.15079365079365079,0.21428571428571427,0.35714285714285715,0.2777777777777778
554,-211.7740555966452,83,0.06259609687638612,0.00010829419275400668,1.2425701926681345,0.04819277108433735,0.3614457831325301,0.3253012048192771,0.26506024096385544
555,-213.89829576494517,83,0.06228434056006167,0.00010754898418423684,1.2332144846933355,0.25301204819277107,0.2891566265060241,0.26506024096385544,0.1927710843373494
556,-174.60629531544657,80,0.061974136928419146,0.00010680890364394243,1.2256018474021833,0.1875,0.2625,0.4,0.15
557,-7.5491778831864735,100,0.06166547824840039,0.00010607391584543704,1.2170932188321015,0.12,0.2,0.5,0.18
558,6.458309149654795,156,0.061358356825461334,0.00010534398574386068,1.2149310568132972,0.17307692307692307,0.1794871794871795,0.4935897435897436,0.15384615384615385
559,-216.40126295396072,93,0.06105276500338012,0.00010461907853550873,1.2304565719429637,0.07526881720430108,0.3225806451612903,0.3225806451612903,0.27956989247311825
560,304.74060095164697,216,0.06074869516406628,0.00010389915965617252,1.208214956688582,0.26851851851851855,0.16203703703703703,0.37962962962962965,0.18981481481481483
561,-226.7313056997681,75,0.06044613972737082,0.00010318419477949128,1.2311639400722123,0.22666666666666666,0.3333333333333333,0.14666666666666667,0.29333333333333333
562,-223.12920004987583,117,0.060145091150897244,0.00010247414981531538,1.2182003442457168,0.26495726495726496,0.23076923076923078,0.27350427350427353,0.23076923076923078
563,27.49995394901437,115,0.059845541929813534,0.00010176899090808095,1.1835063471385283,0.0782608695652174,0.24347826086956523,0.4956521739130435,0.1826086956521739
564,-236.8055626618744,91,0.05954748459666506,0.00010106868443519556,1.206484248919802,0.24175824175824176,0.3076923076923077,0.13186813186813187,0.31868131868131866
565,-43.181432701902956,75,0.05925091172118844,0.00010037319700543509,1.188235806038513,0.25333333333333335,0.21333333333333335,0.4266666666666667,0.10666666666666667
566,-227.679380253021,78,0.058955815910126275,9.968249545735159e-05,1.2064708073420536,0.10256410256410256,0.3974358974358974,0.24358974358974358,0.2564102564102564
567,272.297508628307,186,0.05866218980704289,9.899654685769216e-05,1.228553472921391,0.3333333333333333,0.12365591397849462,0.45161290322580644,0.0913978494623656
568,-156.8407894563594,80,0.058370026092140904,9.83153184998286e-05,1.2446271184731665,0.2,0.2625,0.3625,0.175
569,-220.45937517405756,293,0.058079317482078785,9.763877790219797e-05,1.2367493752051988,0.21843003412969283,0.15017064846416384,0.35494880546075086,0.2764505119453925
570,-67.88244112736285,115,0.05779005672978926,9.696689280675384e-05,1.2046116955914734,0.14782608695652175,0.19130434782608696,0.3652173913043478,0.2956521739130435
571,-11.640366930048657,89,0.05750223662429868,9.629963117742819e-05,1.221518635174714,0.0898876404494382,0.23595505617977527,0.48314606741573035,0.19101123595505617
572,15.197143463450317,102,0.05721584999054722,9.563696119860388e-05,1.2289581926664432,0.29411764705882354,0.11764705882352941,0.5,0.08823529411764706
573,60.005180382999754,117,0.056930889689210055,9.49788512735977e-05,1.2117256300756616,0.05128205128205128,0.1623931623931624,0.6068376068376068,0.1794871794871795
574,-197.7841903617498,71,0.05664734861651935,9.432527002315378e-05,1.1880130235752766,0.08450704225352113,0.38028169014084506,0.30985915492957744,0.22535211267605634
575,-234.0893014628637,107,0.056365219704087186,9.36761862839474e-05,1.197658815981788,0.1588785046728972,0.19626168224299065,0.37383177570093457,0.27102803738317754
576,297.291291897181,225,0.056084495918729355,9.303156910709912e-05,1.18931542213707,0.27111111111111114,0.13333333333333333,0.36,0.23555555555555555
577,193.97549429274954,399,0.05580517026229002,9.239138775669905e-05,1.2182057140468947,0.46867167919799496,0.09774436090225563,0.21303258145363407,0.22055137844611528
578,-96.8245701311549,106,0.05552723577146726,9.175561170834144e-05,1.1845446273510452,0.22641509433962265,0.29245283018867924,0.25471698113207547,0.22641509433962265
579,282.1758441748765,147,0.055250685517639495,9.112421064766915e-05,1.2294354484613983,0.3673469387755102,0.05442176870748299,0.46938775510204084,0.10884353741496598
580,-43.17330049384822,82,0.05497551260669274,9.049715446892829e-05,1.2400110968145688,0.17073170731707318,0.2682926829268293,0.3902439024390244,0.17073170731707318
581,-309.0634442957065,84,0.05470171017884877,8.98744132735327e-05,1.258829421824234,0.16666666666666666,0.2976190476190476,0.14285714285714285,0.39285714285714285
582,-147.3945111407824,123,0.05442927140849408,8.925595736863845e-05,1.2301057453142528,0.3089430894308943,0.22764227642276422,0.3170731707317073,0.14634146341463414
583,-228.46207494605426,100,0.05415818950400976,8.864175726572796e-05,1.2307099875596896,0.33,0.25,0.26,0.16
584,-39.42034756507671,129,0.053888457707602165,8.803178367920401e-05,1.2515177148089507,0.05426356589147287,0.20155038759689922,0.4728682170542636,0.2713178294573643
585,-57.1428400205641,79,0.05362006929513446,8.742600752499338e-05,1.226920210468358,0.24050632911392406,0.2911392405063291,0.31645569620253167,0.1518987341772152
586,-13.570964977997093,134,0.05335301757595899,8.682439991916009e-05,1.2428701541617309,0.17164179104477612,0.19402985074626866,0.5,0.13432835820895522
587,2.70031629124675,120,0.053087295892750505,8.622693217652819e-05,1.2272707412861672,0.15833333333333333,0.21666666666666667,0.44166666666666665,0.18333333333333332
588,12.446076010461624,145,0.052822897621340174,8.563357580931399e-05,1.2487597208150203,0.20689655172413793,0.1793103448275862,0.47586206896551725,0.13793103448275862
589,-212.60408311741907,85,0.052559816170550465,8.504430252576783e-05,1.2415991695962822,0.2,0.3058823529411765,0.16470588235294117,0.32941176470588235
590,-91.71206241829609,108,0.05229804498203084,8.445908422882499e-05,1.2331009928935004,0.23148148148148148,0.28703703703703703,0.28703703703703703,0.19444444444444445
591,-12.903338021474212,168,0.05203757753009425,8.387789301476607e-05,1.2238650818621881,0.17261904761904762,0.15476190476190477,0.5416666666666666,0.13095238095238096
592,-21.303235444580935,133,0.051778407321554455,8.33007011718865e-05,1.2273598978077294,0.15037593984962405,0.2556390977443609,0.2706766917293233,0.3233082706766917
593,-28.433690960075992,83,0.05152052789556417,8.272748117917522e-05,1.218091933531374,0.13253012048192772,0.25301204819277107,0.4457831325301205,0.1686746987951807
594,-215.5254236525904,118,0.051263932823453984,8.215820570500247e-05,1.2067563884373482,0.09322033898305085,0.2542372881355932,0.2542372881355932,0.3983050847457627
595,-245.8920795603232,90,0.051008615708572125,8.159284760581654e-05,1.2113951650296901,0.4666666666666667,0.2,0.2,0.13333333333333333
596,-10.227527113330765,167,0.050754570186124975,8.10313799248496e-05,1.2148747887231224,0.1437125748502994,0.19760479041916168,0.5209580838323353,0.1377245508982036
597,30.633134850730954,107,0.0505017899230184,8.047377589083238e-05,1.2911504001578549,0.1588785046728972,0.24299065420560748,0.4485981308411215,0.14953271028037382
598,-277.530046872436,91,0.050250268617699906,7.992000891671763e-05,1.2616628018823846,0.15384615384615385,0.2857142857142857,0.3516483516483517,0.2087912087912088
599,-345.8750107783622,112,0.05000000000000151,7.93700525984125e-05,1.2344670167427043,0.14285714285714285,0.39285714285714285,0.15178571428571427,0.3125
600,58.30840418134005,185,0.05,7.882388071351953e-05,1.2570422077853813,0.1891891891891892,0.15675675675675677,0.4648648648648649,0.1891891891891892
601,-65.27706758651101,87,0.05,7.828146722008633e-05,1.258004253356227,0.27586206896551724,0.1839080459770115,0.42528735632183906,0.11494252873563218
602,6.046018752672083,91,0.05,7.77427862553639e-05,1.2546305018427863,0.08791208791208792,0.23076923076923078,0.5274725274725275,0.15384615384615385
603,-275.40361770758904,80,0.05,7.720781213457351e-05,1.2504068631990894,0.35,0.2375,0.2,0.2125
604,31.385597036685198,143,0.05,7.667651934968192e-05,1.2144437020033445,0.23076923076923078,0.16783216783216784,0.4755244755244755,0.1258741258741259
605,25.53749691473128,116,0.05,7.614888256818525e-05,1.2449431151347083,0.25,0.1896551724137931,0.46551724137931033,0.09482758620689655
606,-59.742126098944894,147,0.05,7.562487663190101e-05,1.2300083432025295,0.23129251700680273,0.2108843537414966,0.2925170068027211,0.2653061224489796
607,-176.11492351441518,86,0.05,7.510447655576865e-05,1.205551769330227,0.06976744186046512,0.3372093023255814,0.3488372093023256,0.2441860465116279
608,-61.57510818606357,118,0.05,7.45876575266581e-05,1.236719965103422,0.2033898305084746,0.1864406779661017,0.3644067796610169,0.2457627118644068
609,-7.534660460563728,146,0.05,7.407439490218681e-05,1.2393865074796762,0.08904109589041095,0.2876712328767123,0.3561643835616438,0.2671232876712329
610,298.69487841799713,425,0.05,7.356466420954464e-05,1.2336628605414324,0.46352941176470586,0.08941176470588236,0.19294117647058823,0.2541176470588235
611,-245.02649197222354,150,0.05,7.30584411443271e-05,1.2866927089196092,0.16,0.2866666666666667,0.28,0.2733333333333333
612,-64.81522303175086,131,0.05,7.255570156937642e-05,1.2639112597507587,0.16030534351145037,0.2595419847328244,0.3053435114503817,0.2748091603053435
613,-40.113938102252675,104,0.05,7.205642151363067e-05,1.275008345979633,0.25961538461538464,0.18269230769230768,0.4230769230769231,0.1346153846153846
614,-44.38970165066601,134,0.05,7.156057717098084e-05,1.2690472771852537,0.19402985074626866,0.16417910447761194,0.4925373134328358,0.14925373134328357
615,-10.949173015452516,116,0.05,7.10681448991357e-05,1.2568682376157085,0.21551724137931033,0.23275862068965517,0.4051724137931034,0.14655172413793102
616,282.7983465932567,570,0.05,7.057910121849457e-05,1.2475039571629087,0.5385964912280702,0.13157894736842105,0.13157894736842105,0.19824561403508772
617,16.354669972200014,107,0.05,7.009342281102772e-05,1.2290498913919436,0.09345794392523364,0.2336448598130841,0.5046728971962616,0.16822429906542055
618,-173.3784831393853,107,0.05,6.96110865191646e-05,1.2162097595357448,0.18691588785046728,0.29906542056074764,0.2616822429906542,0.2523364485981308
619,2.7797225962513608,106,0.05,6.913206934468965e-05,1.2635816164835143,0.09433962264150944,0.27358490566037735,0.5,0.1320754716981132
620,-33.40895250685769,141,0.05,6.865634844764571e-05,1.238199469460634,0.2127659574468085,0.20567375886524822,0.3475177304964539,0.23404255319148937
621,-162.16773303839503,94,0.05,6.818390114524503e-05,1.2447411483051802,0.23404255319148937,0.23404255319148937,0.22340425531914893,0.30851063829787234
622,-215.4712537290678,95,0.05,6.771470491078771e-05,1.2366238182078844,0.25263157894736843,0.30526315789473685,0.18947368421052632,0.25263157894736843
623,7.8618494816179805,98,0.05,6.724873737258758e-05,1.213503306941637,0.21428571428571427,0.14285714285714285,0.5408163265306123,0.10204081632653061
624,-258.0664704211478,110,0.05,6.678597631290557e-05,1.2294088118790585,0.11818181818181818,0.2636363636363636,0.22727272727272727,0.39090909090909093
625,-191.24424542440983,85,0.05,6.632639966689026e-05,1.294195425006145,0.32941176470588235,0.17647058823529413,0.32941176470588235,0.16470588235294117
626,-187.21026616956198,89,0.05,6.586998552152588e-05,1.262576521476928,0.2247191011235955,0.21348314606741572,0.2808988764044944,0.2808988764044944
627,293.6449226851853,208,0.05,6.541671211458746e-05,1.2494023938930552,0.20673076923076922,0.15384615384615385,0.4375,0.20192307692307693
628,-186.26426756902242,86,0.05,6.496655783360315e-05,1.2347668251683879,0.29069767441860467,0.23255813953488372,0.3023255813953488,0.1744186046511628
629,-170.5047932364687,97,0.05,6.451950121482378e-05,1.2594485039288685,0.27835051546391754,0.18556701030927836,0.32989690721649484,0.20618556701030927
630,-28.168162430242376,126,0.05,6.40755209421994e-05,1.2374990814865048,0.1984126984126984,0.18253968253968253,0.46825396825396826,0.15079365079365079
631,47.07044828151339,253,0.05,6.363459584636293e-05,1.2544851869226932,0.11857707509881422,0.48221343873517786,0.2924901185770751,0.1067193675889328
632,-192.12539259827795,96,0.05,6.319670490362081e-05,1.206472798706195,0.13541666666666666,0.2708333333333333,0.21875,0.375
633,-204.5753046399871,116,0.05,6.276182723495052e-05,1.2319937040470919,0.41379310344827586,0.1896551724137931,0.23275862068965517,0.16379310344827586
634,-187.3020132091325,82,0.05,6.23299421050051e-05,1.2451769903573524,0.0975609756097561,0.2682926829268293,0.4146341463414634,0.21951219512195122
635,-180.26902583432766,110,0.05,6.190102892112444e-05,1.251011010477702,0.18181818181818182,0.22727272727272727,0.35454545454545455,0.23636363636363636
636,-158.89578035704133,84,0.05,6.147506723235341e-05,1.2643923289700212,0.08333333333333333,0.30952380952380953,0.35714285714285715,0.25
637,-428.05283223140964,112,0.05,6.105203672846676e-05,1.241172433338292,0.125,0.29464285714285715,0.3125,0.26785714285714285
638,-46.544565606203754,118,0.05,6.0631917239000664e-05,1.244638118171259,0.3220338983050847,0.2457627118644068,0.2288135593220339,0.2033898305084746
639,7.033516964348607,143,0.05,6.0214688732291044e-05,1.2286676708447772,0.23076923076923078,0.13286713286713286,0.5244755244755245,0.11188811188811189
640,-59.664999106346265,107,0.05,5.980033131451837e-05,1.2296362781275476,0.12149532710280374,0.27102803738317754,0.3177570093457944,0.2897196261682243
641,-162.56142854428947,85,0.05,5.938882522875917e-05,1.2825061040722898,0.12941176470588237,0.32941176470588235,0.27058823529411763,0.27058823529411763
642,-10.703250142832928,178,0.05,5.8980150854043945e-05,1.2797150882413046,0.03932584269662921,0.19662921348314608,0.5898876404494382,0.17415730337078653
643,-297.91341071549783,109,0.05,5.857428870442166e-05,1.2603370507768825,0.22018348623853212,0.1743119266055046,0.25688073394495414,0.3486238532110092
644,-231.63959856612752,108,0.05,5.8171219428030646e-05,1.2560589689953587,0.28703703703703703,0.25925925925925924,0.21296296296296297,0.24074074074074073
645,0.013909478648301388,89,0.05,5.777092380617584e-05,1.25847290703626,0.056179775280898875,0.2808988764044944,0.48314606741573035,0.1797752808988764
646,-215.8438545588343,95,0.05,5.737338275241247e-05,1.2646669724494803,0.3894736842105263,0.16842105263157894,0.24210526315789474,0.2
647,-79.48444005538303,82,0.05,5.697857731163596e-05,1.266938425221157,0.2682926829268293,0.23170731707317074,0.3170731707317073,0.18292682926829268
648,-195.49356063946476,104,0.05,5.6586488659178155e-05,1.2553025705513767,0.11538461538461539,0.27884615384615385,0.25961538461538464,0.34615384615384615
649,-193.97541067864643,106,0.05,5.619709809990975e-05,1.2562385031025018,0.19811320754716982,0.25471698113207547,0.27358490566037735,0.27358490566037735
650,-109.74532363317809,116,0.05,5.581038706734888e-05,1.2424360310587186,0.1896551724137931,0.23275862068965517,0.25862068965517243,0.31896551724137934
651,-175.95420596269565,77,0.05,5.542633712277583e-05,1.238399932621748,0.14285714285714285,0.22077922077922077,0.2857142857142857,0.35064935064935066
652,-184.16369515912618,85,0.05,5.5044929954353904e-05,1.233823102621819,0.11764705882352941,0.27058823529411763,0.32941176470588235,0.2823529411764706
653,266.1836926658296,181,0.05,5.4666147376256274e-05,1.267318168309438,0.49171270718232046,0.0718232044198895,0.36464088397790057,0.0718232044198895
654,19.55550495051631,120,0.05,5.428997132779887e-05,1.2441246729526667,0.15,0.225,0.45,0.175
655,-224.86746591795654,106,0.05,5.3916383872579235e-05,1.2659319614769713,0.330188679245283,0.2358490566037736,0.25471698113207547,0.1792452830188679
656,16.855033032831713,130,0.05,5.35453671976213e-05,1.2636585917915917,0.2076923076923077,0.2153846153846154,0.4461538461538462,0.13076923076923078
657,-194.70776427430988,85,0.05,5.3176903612526025e-05,1.2224450783685916,0.36470588235294116,0.1411764705882353,0.4,0.09411764705882353
658,18.028439612554976,161,0.05,5.2810975548627954e-05,1.2359702445820882,0.21739130434782608,0.19254658385093168,0.45962732919254656,0.13043478260869565
659,-193.42470800995076,99,0.05,5.244756555815747e-05,1.3081910071366478,0.20202020202020202,0.21212121212121213,0.3838383838383838,0.20202020202020202
660,5.116628759220532,131,0.05,5.208665631340891e-05,1.2759803133297651,0.2824427480916031,0.16793893129770993,0.45038167938931295,0.09923664122137404
661,-41.9034062584388,110,0.05,5.172823060591434e-05,1.2825991344509993,0.2,0.21818181818181817,0.33636363636363636,0.24545454545454545
662,-179.76706900124964,98,0.05,5.137227134562306e-05,1.2744731992950546,0.15306122448979592,0.24489795918367346,0.24489795918367346,0.35714285714285715
663,41.58330125488567,149,0.05,5.1018761560086726e-05,1.261464296897823,0.2080536912751678,0.1610738255033557,0.44966442953020136,0.18120805369127516
664,16.174067820759475,160,0.05,5.0667684393650084e-05,1.2641270955298762,0.2125,0.19375,0.44375,0.15
665,-21.816924683231605,98,0.05,5.031902310664729e-05,1.2984577489011562,0.11224489795918367,0.21428571428571427,0.47959183673469385,0.19387755102040816
666,-27.148104437250424,89,0.05,4.9972761074603725e-05,1.2574360613136775,0.11235955056179775,0.23595505617977527,0.4943820224719101,0.15730337078651685
667,-139.5991277805077,104,0.05,4.962888178744336e-05,1.254501615400256,0.23076923076923078,0.15384615384615385,0.33653846153846156,0.27884615384615385
668,49.7557454030252,161,0.05,4.928736884870152e-05,1.2514696933300078,0.11801242236024845,0.2360248447204969,0.4720496894409938,0.17391304347826086
669,34.247381238753945,94,0.05,4.894820597474307e-05,1.2488702308607948,0.19148936170212766,0.14893617021276595,0.5531914893617021,0.10638297872340426
670,-175.95745222813048,93,0.05,4.861137699398604e-05,1.255009058638025,0.11827956989247312,0.3010752688172043,0.23655913978494625,0.34408602150537637
671,-97.89998199001255,122,0.05,4.827686584613052e-05,1.2495135429160344,0.2786885245901639,0.20491803278688525,0.32786885245901637,0.1885245901639344
672,-184.3925128321227,114,0.05,4.794465658139288e-05,1.2181689060070606,0.043859649122807015,0.3157894736842105,0.2543859649122807,0.38596491228070173
673,-10.686013255249847,112,0.05,4.761473335974531e-05,1.2390702834522362,0.08035714285714286,0.16071428571428573,0.48214285714285715,0.2767857142857143
674,-169.64926298273798,78,0.05,4.728708045016051e-05,1.2504314661290545,0.19230769230769232,0.21794871794871795,0.4230769230769231,0.16666666666666666
675,-151.82163885602705,96,0.05,4.6961682229861654e-05,1.2411217570172848,0.34375,0.16666666666666666,0.25,0.23958333333333334
676,-40.75438320654768,101,0.05,4.663852318357747e-05,1.232665907407981,0.1782178217821782,0.1782178217821782,0.39603960396039606,0.24752475247524752
677,-29.761240090417886,133,0.05,4.631758790280246e-05,1.2950586480236925,0.12030075187969924,0.22556390977443608,0.42105263157894735,0.23308270676691728
678,-177.30586732422154,107,0.05,4.599886108506219e-05,1.2987366892186012,0.2616822429906542,0.21495327102803738,0.32710280373831774,0.19626168224299065
679,-158.28097049492504,79,0.05,4.5682327533183695e-05,1.2846847703153033,0.3037974683544304,0.189873417721519,0.34177215189873417,0.16455696202531644
680,284.010162032005,470,0.05,4.536797215457083e-05,1.2733875752917347,0.3127659574468085,0.21914893617021278,0.15106382978723404,0.3170212765957447
681,10.394851535876853,130,0.05,4.505577996048465e-05,1.2668891183675464,0.13846153846153847,0.19230769230769232,0.46923076923076923,0.2
682,212.7609070743589,735,0.05,4.4745736065328744e-05,1.262827536809715,0.4054421768707483,0.36054421768707484,0.12789115646258503,0.10612244897959183
683,-151.22341335439296,70,0.05,4.443782568593946e-05,1.2358614940954133,0.12857142857142856,0.2714285714285714,0.2714285714285714,0.32857142857142857
684,-187.80314911940368,99,0.05,4.4132034140881064e-05,1.2443412644733804,0.23232323232323232,0.1717171717171717,0.35353535353535354,0.24242424242424243
685,-184.58495612135033,87,0.05,4.382834684974566e-05,1.240185112265865,0.10344827586206896,0.27586206896551724,0.3563218390804598,0.26436781609195403
686,10.106239006963705,114,0.05,4.3526749332458045e-05,1.2602562649177016,0.14912280701754385,0.21052631578947367,0.40350877192982454,0.23684210526315788
687,41.270491924016426,126,0.05,4.3227227208585244e-05,1.2953006591884777,0.11904761904761904,0.19047619047619047,0.47619047619047616,0.21428571428571427
688,-205.30740586482563,88,0.05,4.292976619665085e-05,1.2755191598067819,0.056818181818181816,0.2840909090909091,0.29545454545454547,0.36363636363636365
689,-134.87911661890797,101,0.05,4.263435211345408e-05,1.2607612199192284,0.0891089108910891,0.2871287128712871,0.22772277227722773,0.39603960396039606
690,-216.48445513849458,128,0.05,4.23409708733935e-05,1.2783400280726709,0.25,0.1640625,0.2265625,0.359375
691,-217.77688456166246,87,0.05,4.2049608487795405e-05,1.258859020381748,0.3793103448275862,0.08045977011494253,0.2988505747126437,0.2413793103448276
692,-326.4961388344786,120,0.05,4.176025106424684e-05,1.2742940363100408,0.19166666666666668,0.1,0.26666666666666666,0.44166666666666665
693,286.4851135334824,412,0.05,4.1472884805933184e-05,1.2615453453635543,0.3932038834951456,0.21601941747572814,0.2111650485436893,0.1796116504854369
694,-45.575586545026226,72,0.05,4.1187496010980326e-05,1.2473390177974597,0.18055555555555555,0.20833333333333334,0.3611111111111111,0.25
695,-252.64938038151556,100,0.05,4.090407107180133e-05,1.273831358542213,0.06,0.36,0.28,0.3
696,-303.8976936074559,85,0.05,4.062259647444761e-05,1.2741912374840896,0.2,0.4235294117647059,0.12941176470588237,0.24705882352941178
697,25.420039305350087,128,0.05,4.034305879796459e-05,1.2510330681650705,0.1328125,0.234375,0.4296875,0.203125
698,-153.064861203436,91,0.05,4.0065444713751755e-05,1.2582953480748083,0.6153846153846154,0.17582417582417584,0.07692307692307693,0.13186813186813187
699,-164.77790968698758,85,0.05,3.978974098492718e-05,1.2284071053533407,0.2,0.2235294117647059,0.3058823529411765,0.27058823529411763
700,-104.09096796174984,127,0.05,3.951593446569633e-05,1.2671783153986498,0.1968503937007874,0.25196850393700787,0.25984251968503935,0.29133858267716534
701,-215.554809585046,145,0.05,3.924401210072528e-05,1.2391806475677092,0.3310344827586207,0.11724137931034483,0.18620689655172415,0.36551724137931035
702,-191.07454573692473,93,0.05,3.897396092451824e-05,1.2444690859487335,0.07526881720430108,0.26881720430107525,0.3333333333333333,0.3225806451612903
703,-180.38695003592912,95,0.05,3.8705768060799324e-05,1.3419730735933115,0.1368421052631579,0.22105263157894736,0.37894736842105264,0.2631578947368421
704,-256.87537427849225,119,0.05,3.8439420721898606e-05,1.2825804814195465,0.14285714285714285,0.19327731092436976,0.29411764705882354,0.3697478991596639
705,-145.61628829305067,89,0.05,3.8174906208142405e-05,1.3093558990542973,0.30337078651685395,0.12359550561797752,0.3258426966292135,0.24719101123595505
706,-4.7654446111941695,105,0.05,3.791221190724773e-05,1.3136092795264855,0.18095238095238095,0.21904761904761905,0.42857142857142855,0.17142857142857143
707,39.16177725086192,132,0.05,3.765132529372094e-05,1.2855560912272705,0.2196969696969697,0.1590909090909091,0.48484848484848486,0.13636363636363635
708,3.5686798016278374,93,0.05,3.7392233928260494e-05,1.2697665809341858,0.15053763440860216,0.21505376344086022,0.5161290322580645,0.11827956989247312
709,43.193548240859855,175,0.05,3.713492545716386e-05,1.2671012331040956,0.2571428571428571,0.17714285714285713,0.44,0.12571428571428572
710,7.16670557130962,115,0.05,3.687938761173845e-05,1.284194417187158,0.19130434782608696,0.24347826086956523,0.3826086956521739,0.1826086956521739
711,-115.2259673312101,108,0.05,3.662560820771668e-05,1.2599522644055734,0.16666666666666666,0.25925925925925924,0.24074074074074073,0.3333333333333333
712,19.87908763465157,106,0.05,3.637357514467496e-05,1.2723452166505018,0.19811320754716982,0.19811320754716982,0.46226415094339623,0.14150943396226415
713,-190.4827663591161,116,0.05,3.612327640545678e-05,1.296241545125288,0.3017241379310345,0.15517241379310345,0.3103448275862069,0.23275862068965517
714,-5.727778485582959,124,0.05,3.5874700055599694e-05,1.2610612517754876,0.0967741935483871,0.1774193548387097,0.46774193548387094,0.25806451612903225
715,-164.0938851332755,87,0.05,3.5627834242766295e-05,1.2525922883367608,0.16091954022988506,0.2413793103448276,0.28735632183908044,0.3103448275862069
716,31.690658657451365,131,0.05,3.5382667196179064e-05,1.2462325275866049,0.1297709923664122,0.19083969465648856,0.44274809160305345,0.2366412213740458
717,30.075653094287702,100,0.05,3.513918722605914e-05,1.2682673554584079,0.17,0.19,0.52,0.12
718,-23.028705713186312,129,0.05,3.489738272306896e-05,1.25077576227449,0.2248062015503876,0.26356589147286824,0.2248062015503876,0.2868217054263566
719,246.72898971255017,381,0.05,3.4657242157758666e-05,1.2884174333021787,0.5301837270341208,0.08661417322834646,0.23097112860892388,0.15223097112860892
720,-187.65095094037991,122,0.05,3.4418754080016435e-05,1.2792427257439019,0.22950819672131148,0.21311475409836064,0.2540983606557377,0.30327868852459017
721,7.571336742828521,126,0.05,3.4181907118522465e-05,1.2997231264580167,0.1111111111111111,0.18253968253968253,0.35714285714285715,0.3492063492063492
722,-191.53330874808154,89,0.05,3.394668998020683e-05,1.2862529299438654,0.16853932584269662,0.21348314606741572,0.3258426966292135,0.29213483146067415
723,-192.34310208258256,94,0.05,3.3713091449710984e-05,1.295420188913994,0.07446808510638298,0.2978723404255319,0.2978723404255319,0.32978723404255317
724,-155.37575299928085,86,0.05,3.3481100388853026e-05,1.3023451572863978,0.18604651162790697,0.20930232558139536,0.3023255813953488,0.3023255813953488
725,-61.03743534532445,64,0.05,3.32507057360966e-05,1.2711735546543736,0.375,0.21875,0.171875,0.234375
726,215.83211254501472,510,0.05,3.3021896506023485e-05,1.2823305030872336,0.5352941176470588,0.06470588235294118,0.07254901960784314,0.32745098039215687
727,18.195358292716165,193,0.05,3.27946617888098e-05,1.2748306688459579,0.07253886010362694,0.19170984455958548,0.5751295336787565,0.16062176165803108
728,-73.88143671630189,108,0.05,3.256899074970581e-05,1.2699518183917637,0.2222222222222222,0.17592592592592593,0.32407407407407407,0.2777777777777778
729,-110.88491871103888,106,0.05,3.2344872628519324e-05,1.2501615680214289,0.03773584905660377,0.33962264150943394,0.3113207547169811,0.3113207547169811
730,-58.60299458983917,71,0.05,3.2122296739102625e-05,1.2547487867650051,0.323943661971831,0.18309859154929578,0.352112676056338,0.14084507042253522
731,282.58812053689235,196,0.05,3.190125246884296e-05,1.2761270784554997,0.413265306122449,0.1326530612244898,0.32142857142857145,0.1326530612244898
732,-27.33839452986564,72,0.05,3.168172927815652e-05,1.3054618779624414,0.19444444444444445,0.2222222222222222,0.2916666666666667,0.2916666666666667
733,-129.80559558578872,89,0.05,3.146371669998587e-05,1.3116251520208715,0.2247191011235955,0.14606741573033707,0.42696629213483145,0.20224719101123595
734,-146.38275837443882,98,0.05,3.124720433930093e-05,1.3138953009708283,0.16326530612244897,0.1836734693877551,0.3877551020408163,0.2653061224489796
735,30.14273240856292,96,0.05,3.10321818726033e-05,1.2962021672578097,0.0625,0.23958333333333334,0.5208333333333334,0.17708333333333334
736,-120.11760357802115,100,0.05,3.081863904743399e-05,1.3120844626087804,0.22,0.19,0.31,0.28
737,-184.413818786638,122,0.05,3.0606565681884654e-05,1.2904341442381517,0.06557377049180328,0.22131147540983606,0.45901639344262296,0.2540983606557377
738,-71.56540685630353,98,0.05,3.0395951664112036e-05,1.2936719218308739,0.11224489795918367,0.16326530612244897,0.46938775510204084,0.25510204081632654
739,-92.29542770217584,119,0.05,3.018678695185587e-05,1.2943276310735183,0.1092436974789916,0.17647058823529413,0.4369747899159664,0.2773109243697479
740,-32.11696517522262,194,0.05,2.9979061571960033e-05,1.2952823612266489,0.17010309278350516,0.16494845360824742,0.5309278350515464,0.13402061855670103
741,-116.77123394186745,131,0.05,2.9772765619897032e-05,1.2747863615594917,0.20610687022900764,0.16030534351145037,0.35877862595419846,0.2748091603053435
742,-113.38709466706989,120,0.05,2.956788925929574e-05,1.2902686593653094,0.3,0.11666666666666667,0.38333333333333336,0.2
743,-60.18448011699115,211,0.05,2.9364422721472388e-05,1.2952625302223615,0.12796208530805686,0.1895734597156398,0.5213270142180095,0.16113744075829384
744,25.187742191339026,101,0.05,2.916235630496479e-05,1.2711108584246769,0.16831683168316833,0.19801980198019803,0.5148514851485149,0.1188118811881188
745,30.4332307075355,129,0.05,2.896168037506977e-05,1.2832118569449276,0.13953488372093023,0.26356589147286824,0.4263565891472868,0.17054263565891473
746,-140.79563901212407,85,0.05,2.876238536338376e-05,1.286941711197834,0.2235294117647059,0.17647058823529413,0.35294117647058826,0.24705882352941178
747,-179.6927402332342,95,0.05,2.856446176734659e-05,1.279043851152929,0.11578947368421053,0.25263157894736843,0.29473684210526313,0.3368421052631579
748,-93.80199033387083,143,0.05,2.8367900149788368e-05,1.291668791968966,0.04895104895104895,0.17482517482517482,0.5104895104895105,0.26573426573426573
749,-108.62106824114682,112,0.05,2.817269113847954e-05,1.3156697400646185,0.0625,0.29464285714285715,0.30357142857142855,0.3392857142857143
750,-213.43719309872347,83,0.05,2.7978825425683996e-05,1.3353556346113418,0.7228915662650602,0.18072289156626506,0.04819277108433735,0.04819277108433735
751,11.01360062810356,96,0.05,2.778629376771527e-05,1.3427079581393448,0.22916666666666666,0.11458333333333333,0.5729166666666666,0.08333333333333333
752,-160.85025726749828,116,0.05,2.7595086984495794e-05,1.2985404601676043,0.05172413793103448,0.2672413793103448,0.3620689655172414,0.31896551724137934
753,-50.681813908961644,180,0.05,2.740519595911919e-05,1.3366679325238535,0.1,0.2,0.5055555555555555,0.19444444444444445
754,139.04123415771608,271,0.05,2.7216611637415555e-05,1.3074553057767255,0.033210332103321034,0.19557195571955718,0.42066420664206644,0.3505535055350554
755,-65.76370283324874,107,0.05,2.7029325027519766e-05,1.30820054152108,0.1308411214953271,0.14953271028037382,0.5233644859813084,0.19626168224299065
756,-147.83813009142477,154,0.05,2.6843327199442725e-05,1.3132740691717675,0.2987012987012987,0.09740259740259741,0.4090909090909091,0.19480519480519481
757,-34.958278600225,248,0.05,2.6658609284645578e-05,1.2958637366594357,0.11693548387096774,0.2056451612903226,0.4879032258064516,0.18951612903225806
758,-63.45568437428005,243,0.05,2.647516247561686e-05,1.3020675648832272,0.1728395061728395,0.12345679012345678,0.5390946502057613,0.1646090534979424
759,-58.58548578812528,237,0.05,2.6292978025452534e-05,1.2960112042561434,0.2742616033755274,0.1518987341772152,0.46835443037974683,0.10548523206751055
760,-132.10867930001695,100,0.05,2.6112047247438936e-05,1.3017027953904092,0.31,0.09,0.35,0.25
761,-96.64471752806307,143,0.05,2.5932361514638587e-05,1.321368281077375,0.14685314685314685,0.20279720279720279,0.4125874125874126,0.23776223776223776
762,-126.27808330530544,97,0.05,2.5753912259478847e-05,1.3632223584189742,0.21649484536082475,0.1958762886597938,0.31958762886597936,0.26804123711340205
763,44.30392269947322,221,0.05,2.557669097334341e-05,1.331613447153443,0.14027149321266968,0.20361990950226244,0.502262443438914,0.15384615384615385
764,-69.59032959413165,123,0.05,2.5400689206166612e-05,1.3307601906659212,0.18699186991869918,0.14634146341463414,0.45528455284552843,0.21138211382113822
765,-77.00418175210784,172,0.05,2.522589856603051e-05,1.3295369489061888,0.12209302325581395,0.16279069767441862,0.5465116279069767,0.1686046511627907
766,-38.29789760059447,222,0.05,2.5052310718764757e-05,1.3358598526100094,0.07207207207207207,0.21171171171171171,0.5045045045045045,0.21171171171171171
767,-42.52486683583328,191,0.05,2.4879917387549227e-05,1.319261547090134,0.08900523560209424,0.21465968586387435,0.5235602094240838,0.17277486910994763
768,227.99575093099764,200,0.05,2.4708710352519355e-05,1.3224258256679877,0.06,0.49,0.335,0.115
769,-49.326988212533436,200,0.05,2.4538681450374215e-05,1.3301637206375405,0.09,0.165,0.57,0.175
770,-88.96783531821143,206,0.05,2.4369822573987288e-05,1.3049037989235175,0.14563106796116504,0.18446601941747573,0.529126213592233,0.1407766990291262
771,-74.40047775380516,186,0.05,2.4202125672019906e-05,1.309733395295745,0.10752688172043011,0.21505376344086022,0.4946236559139785,0.1827956989247312
772,-80.30711016032292,176,0.05,2.4035582748537352e-05,1.3385032406616104,0.26704545454545453,0.125,0.4943181818181818,0.11363636363636363
773,-48.64620894686898,186,0.05,2.3870185862627613e-05,1.392304664637296,0.053763440860215055,0.1827956989247312,0.532258064516129,0.23118279569892472
774,-17.714861910275744,82,0.05,2.3705927128022745e-05,1.3314467079930266,0.21951219512195122,0.23170731707317074,0.4268292682926829,0.12195121951219512
775,-111.4281093293337,219,0.05,2.354279871272286e-05,1.360241006543407,0.0867579908675799,0.2100456621004566,0.5251141552511416,0.1780821917808219
776,-151.36727376995663,171,0.05,2.338079283862267e-05,1.3441591425313835,0.04093567251461988,0.30994152046783624,0.4853801169590643,0.16374269005847952
777,-33.75441428646202,203,0.05,2.3219901781140642e-05,1.3463935515050338,0.054187192118226604,0.16748768472906403,0.6059113300492611,0.1724137931034483
778,-66.30422317804175,436,0.05,2.306011786885067e-05,1.3350210895673251,0.19495412844036697,0.21100917431192662,0.3623853211009174,0.231651376146789
779,-68.25659393730386,252,0.05,2.290143348311629e-05,1.3480794946027506,0.10714285714285714,0.18253968253968253,0.5238095238095238,0.1865079365079365
780,45.00397949631275,86,0.05,2.2743841057727436e-05,1.3379821096221187,0.06976744186046512,0.23255813953488372,0.5581395348837209,0.13953488372093023
781,-81.96379407241356,269,0.05,2.2587333078539656e-05,1.3491152977432157,0.17100371747211895,0.1970260223048327,0.4646840148698885,0.16728624535315986
782,-86.69131860555854,79,0.05,2.2431902083115847e-05,1.3523096393700926,0.05063291139240506,0.189873417721519,0.4810126582278481,0.27848101265822783
783,-99.88413427916808,141,0.05,2.2277540660370424e-05,1.3920483436800024,0.028368794326241134,0.23404255319148937,0.4326241134751773,0.3049645390070922
784,-20.373843330183306,120,0.05,2.2124241450215965e-05,1.369073467204075,0.14166666666666666,0.19166666666666668,0.44166666666666665,0.225
785,-215.09936196346672,83,0.05,2.1971997143212276e-05,1.3630100705231378,0.6506024096385542,0.18072289156626506,0.060240963855421686,0.10843373493975904
786,-29.19382255928474,95,0.05,2.1820800480217858e-05,1.3697752796956026,0.07368421052631578,0.18947368421052632,0.4842105263157895,0.25263157894736843
787,-113.26685162092213,205,0.05,2.16706442520438e-05,1.3612302837078198,0.08780487804878048,0.1951219512195122,0.5463414634146342,0.17073170731707318
788,-64.34596472110877,207,0.05,2.1521521299110032e-05,1.3557368487394175,0.12560386473429952,0.19806763285024154,0.4975845410628019,0.178743961352657
789,-43.371401105176645,90,0.05,2.1373424511103943e-05,1.3447191728467933,0.011111111111111112,0.17777777777777778,0.5222222222222223,0.28888888888888886
790,-9.449609416354804,222,0.05,2.1226346826641367e-05,1.3525523181415338,0.08108108108108109,0.19369369369369369,0.5585585585585585,0.16666666666666666
791,-49.09310379956935,179,0.05,2.1080281232929883e-05,1.3471123254792106,0.17318435754189945,0.2011173184357542,0.48044692737430167,0.1452513966480447
792,207.50925494774094,385,0.05,2.0935220765434445e-05,1.3501575909625105,0.3012987012987013,0.1038961038961039,0.21818181818181817,0.37662337662337664
793,206.68503442625052,544,0.05,2.0791158507545297e-05,1.393275644271554,0.33455882352941174,0.3088235294117647,0.2261029411764706,0.13051470588235295
794,-33.683499624495724,97,0.05,2.0648087590248188e-05,1.3761874814135975,0.061855670103092786,0.15463917525773196,0.5257731958762887,0.25773195876288657
795,-38.53883374636629,259,0.05,2.0506001191796858e-05,1.378662527272031,0.1583011583011583,0.18532818532818532,0.5135135135135135,0.14285714285714285
796,-85.33813878658685,227,0.05,2.036489253738776e-05,1.3552587017066686,0.15859030837004406,0.15418502202643172,0.5198237885462555,0.16740088105726872
797,-126.33129093003281,235,0.05,2.0224754898837043e-05,1.3536966698671957,0.17446808510638298,0.1702127659574468,0.5106382978723404,0.14468085106382977
798,240.45936496112685,443,0.05,2.008558159425973e-05,1.360821752855132,0.48081264108352145,0.13318284424379231,0.2505643340857788,0.13544018058690746
799,-68.06450272440492,195,0.05,1.9947365987751136e-05,1.3580381268400188,0.09230769230769231,0.1794871794871795,0.5641025641025641,0.1641025641025641
800,-83.86102908553354,242,0.05,1.981010148907046e-05,1.3458977275381674,0.12396694214876033,0.19834710743801653,0.5206611570247934,0.15702479338842976
801,-92.92820201465496,190,0.05,1.9673781553326545e-05,1.417519300701724,0.12631578947368421,0.23684210526315788,0.4473684210526316,0.18947368421052632
802,-104.49740160900025,51,0.05,1.9538399680665823e-05,1.3841483060915412,0.45098039215686275,0.2549019607843137,0.0196078431372549,0.27450980392156865
803,-50.21925494755396,212,0.05,1.9403949415962396e-05,1.400678837585102,0.2358490566037736,0.14622641509433962,0.4811320754716981,0.13679245283018868
804,-75.7129685312686,178,0.05,1.9270424348510242e-05,1.393723456081842,0.1348314606741573,0.1797752808988764,0.5168539325842697,0.16853932584269662
805,-147.94331517151434,89,0.05,1.913781811171755e-05,1.3792550456166333,0.550561797752809,0.25842696629213485,0.033707865168539325,0.15730337078651685
806,-47.6950089303504,117,0.05,1.9006124382803167e-05,1.3906458264581938,0.08547008547008547,0.21367521367521367,0.4700854700854701,0.23076923076923078
807,-72.24332498202887,197,0.05,1.8875336882495104e-05,1.3636599859005902,0.17258883248730963,0.16243654822335024,0.5228426395939086,0.14213197969543148
808,-75.05657736141245,220,0.05,1.8745449374731143e-05,1.3551519431742431,0.1,0.2318181818181818,0.4727272727272727,0.19545454545454546
809,-201.8557038907731,164,0.05,1.86164556663615e-05,1.3916156482282713,0.06097560975609756,0.21951219512195122,0.5670731707317073,0.1524390243902439
810,-65.11055956463332,223,0.05,1.8488349606853527e-05,1.3799974840763267,0.13004484304932734,0.18834080717488788,0.5067264573991032,0.17488789237668162
811,-40.168130801666024,203,0.05,1.8361125087998447e-05,1.3649246444321013,0.1921182266009852,0.13793103448275862,0.5615763546798029,0.10837438423645321
812,-67.02516003512503,240,0.05,1.823477604362011e-05,1.3958151417765938,0.07083333333333333,0.2375,0.5083333333333333,0.18333333333333332
813,-364.2223900084024,865,0.05,1.8109296449285756e-05,1.4058431067986479,0.06127167630057803,0.18265895953757225,0.5757225433526012,0.18034682080924855
814,-83.10845151417526,416,0.05,1.7984680322018758e-05,1.3931948400960708,0.036057692307692304,0.1875,0.5721153846153846,0.20432692307692307
815,-236.6508796307597,239,0.05,1.7860921720013358e-05,1.378437316366651,0.0502092050209205,0.18410041841004185,0.5188284518828452,0.24686192468619247
816,-241.63570330526127,322,0.05,1.773801474235135e-05,1.3757498794972263,0.08695652173913043,0.15838509316770186,0.5496894409937888,0.20496894409937888
817,-85.51540185530833,54,0.05,1.7615953528720717e-05,1.4111816722456405,0.2962962962962963,0.2037037037037037,0.16666666666666666,0.3333333333333333
818,-63.58478758870483,123,0.05,1.7494732259136213e-05,1.4547858645441993,0.032520325203252036,0.22764227642276422,0.4878048780487805,0.25203252032520324
819,-20.330646441375507,73,0.05,1.7374345153661857e-05,1.4502189612181613,0.273972602739726,0.2054794520547945,0.3561643835616438,0.1643835616438356
820,-218.86906859540147,249,0.05,1.725478647213534e-05,1.4257746782430205,0.05622489959839357,0.20080321285140562,0.5140562248995983,0.2289156626506024
821,-114.5616222046536,254,0.05,1.7136050513894327e-05,1.4167116688314316,0.10236220472440945,0.24015748031496062,0.4409448818897638,0.21653543307086615
822,33.19034953697479,78,0.05,1.7018131617504658e-05,1.412935437524826,0.21794871794871795,0.1794871794871795,0.5256410256410257,0.07692307692307693
823,-115.14668931821744,433,0.05,1.6901024160490384e-05,1.3947000195891037,0.07159353348729793,0.18937644341801385,0.5496535796766744,0.18937644341801385
824,-10.973252700143163,105,0.05,1.67847225590657e-05,1.3824189515341727,0.10476190476190476,0.1523809523809524,0.5428571428571428,0.2
825,-70.81402407851584,56,0.05,1.66692212678687e-05,1.3800698249976795,0.39285714285714285,0.17857142857142858,0.19642857142857142,0.23214285714285715
826,-302.2944359707937,92,0.05,1.6554514779696966e-05,1.3774265922150741,0.6739130434782609,0.14130434782608695,0.10869565217391304,0.07608695652173914
827,-161.4271258460716,70,0.05,1.6440597625244978e-05,1.3895715277982372,0.6428571428571429,0.2,0.02857142857142857,0.12857142857142856
828,-113.90671598935731,1000,0.05,1.6327464372843345e-05,1.420500360464356,0.057,0.177,0.583,0.183
829,252.31362060420648,331,0.05,1.6215109628199808e-05,1.3999466557002769,0.37462235649546827,0.13595166163141995,0.3685800604229607,0.12084592145015106
830,-31.264024514646678,101,0.05,1.6103528034142037e-05,1.402813324086657,0.297029702970297,0.2079207920792079,0.31683168316831684,0.1782178217821782
831,-51.20358669300384,240,0.05,1.5992714270362195e-05,1.4201739631132813,0.12916666666666668,0.21666666666666667,0.4875,0.16666666666666666
832,-125.86696595771562,93,0.05,1.5882663053163262e-05,1.3838526669759712,0.3333333333333333,0.3010752688172043,0.11827956989247312,0.24731182795698925
833,-22.61821101443475,217,0.05,1.577336913520711e-05,1.4081310026697091,0.16129032258064516,0.17511520737327188,0.5299539170506913,0.1336405529953917
834,19.747155809815084,100,0.05,1.56648273052643e-05,1.3864249839284737,0.1,0.25,0.43,0.22
835,-47.72078229228498,205,0.05,1.5557032387965604e-05,1.3862479096628626,0.13658536585365855,0.18048780487804877,0.551219512195122,0.13170731707317074
836,-85.07980069766606,231,0.05,1.544997924355524e-05,1.4077406075403411,0.15151515151515152,0.18181818181818182,0.4935064935064935,0.17316017316017315
837,-130.34329225158132,139,0.05,1.53436627676458e-05,1.4835037014144987,0.17266187050359713,0.14388489208633093,0.460431654676259,0.22302158273381295
838,-34.620148965571744,93,0.05,1.5238077890974887e-05,1.4335273554620023,0.25806451612903225,0.17204301075268819,0.45161290322580644,0.11827956989247312
839,-159.250744111571,86,0.05,1.5133219579163384e-05,1.4418145148138393,0.23255813953488372,0.38372093023255816,0.023255813953488372,0.36046511627906974
840,-166.07867737459966,205,0.05,1.5029082832475423e-05,1.4338125516375817,0.05853658536585366,0.1902439024390244,0.5414634146341464,0.2097560975609756
841,-230.02166658635554,243,0.05,1.4925662685579993e-05,1.4270760621998466,0.06995884773662552,0.205761316872428,0.5061728395061729,0.21810699588477367
842,-83.63631443058554,320,0.05,1.4822954207314186e-05,1.429010942728381,0.075,0.171875,0.546875,0.20625
843,-2.2920855871127657,130,0.05,1.4720952500448076e-05,1.4163814708831217,0.15384615384615385,0.2153846153846154,0.4,0.23076923076923078
844,-193.5971201458686,88,0.05,1.4619652701451211e-05,1.4182080365070815,0.3068181818181818,0.36363636363636365,0.045454545454545456,0.2840909090909091
845,5.77212404119291,125,0.05,1.4519049980260725e-05,1.3960731802300828,0.168,0.152,0.52,0.16
846,140.2407586189284,446,0.05,1.4419139540051027e-05,1.418870831663925,0.3094170403587444,0.10762331838565023,0.29596412556053814,0.28699551569506726
847,32.02219315426535,132,0.05,1.4319916617005086e-05,1.4416749749789097,0.29545454545454547,0.13636363636363635,0.42424242424242425,0.14393939393939395
848,-65.72369048819547,103,0.05,1.4221376480087294e-05,1.4920406062119949,0.1553398058252427,0.23300970873786409,0.4174757281553398,0.1941747572815534
849,190.03802603401286,364,0.05,1.4123514430817878e-05,1.4619710345123444,0.0989010989010989,0.09615384615384616,0.32967032967032966,0.47527472527472525
850,-92.75718969413876,237,0.05,1.4026325803048881e-05,1.4424007950337343,0.04219409282700422,0.1729957805907173,0.5822784810126582,0.20253164556962025
851,-117.12126906148917,61,0.05,1.3929805962741665e-05,1.4630792544811588,0.22950819672131148,0.4426229508196721,0.01639344262295082,0.3114754098360656
852,-122.35840684442955,59,0.05,1.3833950307745965e-05,1.4317925393301132,0.2711864406779661,0.3898305084745763,0.06779661016949153,0.2711864406779661
853,-181.13166761043612,192,0.05,1.3738754267580453e-05,1.4289263815287134,0.052083333333333336,0.28125,0.4427083333333333,0.22395833333333334
854,202.705534411974,365,0.05,1.364421330321481e-05,1.4355216734249836,0.04657534246575343,0.13972602739726028,0.4520547945205479,0.36164383561643837
855,13.102819692675595,101,0.05,1.3550322906853302e-05,1.4361664198588597,0.1782178217821782,0.18811881188118812,0.5148514851485149,0.1188118811881188
856,-137.29916242590366,147,0.05,1.345707860171985e-05,1.4371741302362466,0.0,0.22448979591836735,0.54421768707483,0.23129251700680273
857,-51.171071693399156,99,0.05,1.3364475941844564e-05,1.4188984170996624,0.1111111111111111,0.1717171717171717,0.5252525252525253,0.1919191919191919
858,-212.4436625558664,250,0.05,1.3272510511851765e-05,1.4132270987515145,0.088,0.16,0.564,0.188
859,-143.47957907293846,332,0.05,1.3181177926749448e-05,1.5078647565969656,0.11746987951807229,0.14156626506024098,0.4036144578313253,0.3373493975903614
860,-109.55573990883725,54,0.05,1.3090473831720205e-05,1.479280830345254,0.3148148148148148,0.46296296296296297,0.0,0.2222222222222222
861,-207.15009676589136,235,0.05,1.3000393901913585e-05,1.4474088513352423,0.03829787234042553,0.17872340425531916,0.5872340425531914,0.19574468085106383
862,-18.87988405863652,92,0.05,1.2910933842239878e-05,1.4727310016115376,0.16304347826086957,0.2391304347826087,0.43478260869565216,0.16304347826086957
863,-132.36923580654556,125,0.05,1.2822089387165325e-05,1.4611069399307017,0.192,0.176,0.392,0.24
864,-118.20381232188129,118,0.05,1.273385630050873e-05,1.4578216163465687,0.059322033898305086,0.2033898305084746,0.4745762711864407,0.2627118644067797
865,-146.43645834919965,182,0.05,1.2646230375239476e-05,1.4565972305149382,0.08791208791208792,0.15384615384615385,0.5439560439560439,0.21428571428571427
866,-111.66852179431177,204,0.05,1.2559207433276937e-05,1.456568861473847,0.11274509803921569,0.21568627450980393,0.4950980392156863,0.17647058823529413
867,-57.82067945654916,126,0.05,1.2472783325291252e-05,1.4230248392882126,0.23015873015873015,0.19047619047619047,0.35714285714285715,0.2222222222222222
868,-154.7999987533193,480,0.05,1.2386953930505488e-05,1.4400667573025663,0.11666666666666667,0.15,0.5125,0.22083333333333333
869,-127.92638142021816,262,0.05,1.2301715156499158e-05,1.5040855230118577,0.07633587786259542,0.16793893129770993,0.5763358778625954,0.17938931297709923
870,18.77333830719158,90,0.05,1.2217062939013088e-05,1.5221003814462841,0.14444444444444443,0.23333333333333334,0.4777777777777778,0.14444444444444443
871,-147.1413153828574,161,0.05,1.2132993241755632e-05,1.475192286505661,0.14285714285714285,0.20496894409937888,0.40372670807453415,0.2484472049689441
872,-56.812839214273225,120,0.05,1.2049502056210217e-05,1.4802845510984313,0.20833333333333334,0.175,0.43333333333333335,0.18333333333333332
873,-118.00333977513027,168,0.05,1.1966585401444214e-05,1.4515569957743188,0.23809523809523808,0.10714285714285714,0.49404761904761907,0.16071428571428573
874,-110.49034877882549,162,0.05,1.1884239323919121e-05,1.4485370281462653,0.043209876543209874,0.18518518518518517,0.5555555555555556,0.21604938271604937
875,-130.22836489954207,115,0.05,1.1802459897302061e-05,1.424002402148543,0.1391304347826087,0.16521739130434782,0.46956521739130436,0.22608695652173913
876,-111.63797156785058,249,0.05,1.1721243222278564e-05,1.452367711171029,0.12048192771084337,0.13654618473895583,0.5662650602409639,0.17670682730923695
877,-149.98982551599508,138,0.05,1.1640585426366647e-05,1.4201510628011207,0.10869565217391304,0.2318840579710145,0.3695652173913043,0.2898550724637681
878,-47.598464469389114,128,0.05,1.1560482663732173e-05,1.460085380277219,0.1484375,0.1953125,0.4453125,0.2109375
879,-4.095071863476875,176,0.05,1.1480931115005475e-05,1.4376303800046195,0.17613636363636365,0.125,0.6193181818181818,0.07954545454545454
880,-184.69966059792677,278,0.05,1.1401926987099248e-05,1.44926441816513,0.07913669064748201,0.1510791366906475,0.5719424460431655,0.19784172661870503
881,-138.9422192576601,184,0.05,1.1323466513027688e-05,1.539318356829659,0.06521739130434782,0.24456521739130435,0.5,0.19021739130434784
882,6.0895711294299275,77,0.05,1.1245545951726881e-05,1.5092972960056092,0.2987012987012987,0.15584415584415584,0.45454545454545453,0.09090909090909091
883,-85.35895149577355,118,0.05,1.1168161587876426e-05,1.5011784248845328,0.05084745762711865,0.2542372881355932,0.423728813559322,0.2711864406779661
884,-133.02935800135575,123,0.05,1.1091309731722286e-05,1.4774662255232969,0.13821138211382114,0.21951219512195122,0.3902439024390244,0.25203252032520324
885,181.30249991762997,571,0.05,1.1014986718900852e-05,1.4828923579934694,0.07530647985989491,0.14185639229422067,0.18739054290718038,0.5954465849387041
886,-71.75317697423033,120,0.05,1.093918891026423e-05,1.4620801913535364,0.11666666666666667,0.15833333333333333,0.525,0.2
887,-186.7999355341422,283,0.05,1.0863912691706718e-05,1.466968662628136,0.09540636042402827,0.1519434628975265,0.519434628975265,0.2332155477031802
888,-134.7314209627993,160,0.05,1.0789154473992486e-05,1.4633364978473273,0.15625,0.14375,0.51875,0.18125
889,-195.44538409784616,287,0.05,1.0714910692584437e-05,1.458140795816931,0.13240418118466898,0.13588850174216027,0.5749128919860628,0.156794425087108
890,-34.41741699175466,123,0.05,1.0641177807474243e-05,1.5190327070145775,0.08130081300813008,0.21138211382113822,0.43902439024390244,0.2682926829268293
891,-83.25717992220132,107,0.05,1.0567952303013563e-05,1.5893439328530947,0.09345794392523364,0.205607476635514,0.48598130841121495,0.21495327102803738
892,-63.27292741831093,132,0.05,1.0495230687746404e-05,1.517752755416859,0.13636363636363635,0.14393939393939395,0.5151515151515151,0.20454545454545456
893,-159.61548251883895,70,0.05,1.042300949424265e-05,1.5229231712249205,0.12857142857142856,0.5,0.0,0.37142857142857144
894,-54.35868654795786,137,0.05,1.0351285278932735e-05,1.511851669084174,0.029197080291970802,0.15328467153284672,0.583941605839416,0.23357664233576642
895,-65.26061551990088,164,0.05,1.0280054621943443e-05,1.511279022926203,0.042682926829268296,0.1524390243902439,0.6158536585365854,0.18902439024390244
896,-120.40701910192513,153,0.05,1.0209314126934852e-05,1.4994001247885764,0.05228758169934641,0.1830065359477124,0.5228758169934641,0.24183006535947713
897,-150.71267904789187,166,0.05,1.0139060420938391e-05,1.4925669070115195,0.18674698795180722,0.1566265060240964,0.45180722891566266,0.20481927710843373
898,-164.83864087003172,152,0.05,1.0069290154196015e-05,1.4933960902636403,0.05263157894736842,0.21052631578947367,0.4934210526315789,0.24342105263157895
899,-185.4973552654684,183,0.05,1.0000000000000484e-05,1.473171875986571,0.060109289617486336,0.23497267759562843,0.5245901639344263,0.18032786885245902
900,-41.41117771303314,99,0.05,1e-05,1.4973767188379887,0.40404040404040403,0.1717171717171717,0.25252525252525254,0.1717171717171717
901,-153.26154452810897,77,0.05,1e-05,1.4585878622939912,0.6493506493506493,0.19480519480519481,0.03896103896103896,0.11688311688311688
902,-121.2373443668293,117,0.05,1e-05,1.467323413011179,0.042735042735042736,0.15384615384615385,0.5982905982905983,0.20512820512820512
903,-131.2465779896241,158,0.05,1e-05,1.4730032213030166,0.189873417721519,0.11392405063291139,0.5379746835443038,0.15822784810126583
904,-4.985563173866865,128,0.05,1e-05,1.4512743140228808,0.2265625,0.109375,0.5390625,0.125
905,-125.9445804167488,263,0.05,1e-05,1.5356980286289672,0.1520912547528517,0.18631178707224336,0.49809885931558934,0.1634980988593156
906,-129.10175600850678,152,0.05,1e-05,1.5363674740599582,0.08552631578947369,0.1513157894736842,0.5592105263157895,0.20394736842105263
907,-122.84961906984037,159,0.05,1e-05,1.526350641782295,0.06918238993710692,0.18867924528301888,0.559748427672956,0.18238993710691823
908,-129.0268383835103,243,0.05,1e-05,1.5188428482966907,0.09053497942386832,0.11934156378600823,0.6172839506172839,0.1728395061728395
909,-103.66259258709933,139,0.05,1e-05,1.5160079894029028,0.1366906474820144,0.17985611510791366,0.460431654676259,0.22302158273381295
910,-153.00686309427496,188,0.05,1e-05,1.484313172031851,0.05319148936170213,0.26063829787234044,0.48936170212765956,0.19680851063829788
911,-174.46510335933215,143,0.05,1e-05,1.5060824381506663,0.18181818181818182,0.2097902097902098,0.3776223776223776,0.23076923076923078
912,-148.79304649208632,154,0.05,1e-05,1.48842681419651,0.21428571428571427,0.13636363636363635,0.487012987012987,0.16233766233766234
913,-210.7277841862703,189,0.05,1e-05,1.4632803157018648,0.10582010582010581,0.20105820105820105,0.48148148148148145,0.21164021164021163
914,276.0239515722656,231,0.05,1e-05,1.4886841472624626,0.3116883116883117,0.2813852813852814,0.29004329004329005,0.11688311688311688
915,-118.97911870091357,90,0.05,1e-05,1.5045937744998288,0.5,0.2222222222222222,0.011111111111111112,0.26666666666666666
916,-67.23738012617241,129,0.05,1e-05,1.4779857505503182,0.1937984496124031,0.14728682170542637,0.4806201550387597,0.17829457364341086
917,-80.5249486731355,118,0.05,1e-05,1.582762765717696,0.03389830508474576,0.2711864406779661,0.3898305084745763,0.3050847457627119
918,231.05357860623627,237,0.05,1e-05,1.551992986492063,0.14345991561181434,0.16877637130801687,0.2616033755274262,0.42616033755274263
919,34.31654841338684,96,0.05,1e-05,1.552847009166691,0.19791666666666666,0.20833333333333334,0.4895833333333333,0.10416666666666667
920,-172.06649027734397,134,0.05,1e-05,1.5488114834664894,0.06716417910447761,0.1791044776119403,0.5074626865671642,0.2462686567164179
921,-94.82486890899264,303,0.05,1e-05,1.535255485707393,0.1254125412541254,0.1716171617161716,0.5016501650165016,0.20132013201320131
922,-78.687478075049,225,0.05,1e-05,1.511276790042652,0.13777777777777778,0.16,0.5955555555555555,0.10666666666666667
923,-210.43714599931016,193,0.05,1e-05,1.5209266527503777,0.04145077720207254,0.20207253886010362,0.5492227979274611,0.20725388601036268
924,195.9495245454669,495,0.05,1e-05,1.5077436362254824,0.22424242424242424,0.16161616161616163,0.39191919191919194,0.2222222222222222
925,-93.16745784487293,88,0.05,1e-05,1.4754345056439997,0.14772727272727273,0.3409090909090909,0.2840909090909091,0.22727272727272727
926,-83.93506333526575,121,0.05,1e-05,1.509349518223249,0.1322314049586777,0.17355371900826447,0.5041322314049587,0.19008264462809918
927,-227.61380069113272,187,0.05,1e-05,1.5831817825302505,0.1443850267379679,0.18181818181818182,0.5133689839572193,0.16042780748663102
928,-239.9485207811379,176,0.05,1e-05,1.5633708080336632,0.1534090909090909,0.18181818181818182,0.5,0.16477272727272727
929,-103.03109723076123,66,0.05,1e-05,1.5338020394884135,0.5151515151515151,0.21212121212121213,0.16666666666666666,0.10606060606060606
930,14.40650064333289,80,0.05,1e-05,1.5537993308139117,0.2125,0.225,0.4625,0.1
931,-128.1738275926347,337,0.05,1e-05,1.5294600700230387,0.10979228486646884,0.19287833827893175,0.5133531157270029,0.18397626112759644
932,-239.57585244443644,222,0.05,1e-05,1.5117467246775884,0.13063063063063063,0.16666666666666666,0.5405405405405406,0.16216216216216217
933,-163.41364155379966,166,0.05,1e-05,1.5467864003469565,0.07228915662650602,0.1144578313253012,0.5120481927710844,0.30120481927710846
934,-176.23056149103707,267,0.05,1e-05,1.523577045202704,0.08614232209737828,0.16853932584269662,0.5617977528089888,0.18352059925093633
935,-175.25611161327248,210,0.05,1e-05,1.51752896870348,0.11428571428571428,0.16666666666666666,0.5571428571428572,0.1619047619047619
936,-197.3652274023433,241,0.05,1e-05,1.5181489467134783,0.15352697095435686,0.14522821576763487,0.5477178423236515,0.15352697095435686
937,-75.59929368331933,145,0.05,1e-05,1.596733043004874,0.1310344827586207,0.15862068965517243,0.503448275862069,0.20689655172413793
938,-27.46772611999576,136,0.05,1e-05,1.5866359120872577,0.014705882352941176,0.16911764705882354,0.5882352941176471,0.22794117647058823
939,-202.0279416996901,257,0.05,1e-05,1.5790186890883644,0.07782101167315175,0.19066147859922178,0.5408560311284046,0.19066147859922178
940,-145.48209791853066,183,0.05,1e-05,1.5467209409113611,0.060109289617486336,0.18579234972677597,0.5628415300546448,0.1912568306010929
941,-155.83287947229266,134,0.05,1e-05,1.5528324846325121,0.12686567164179105,0.1044776119402985,0.5970149253731343,0.17164179104477612
942,-280.3317172309064,248,0.05,1e-05,1.546861739948431,0.14919354838709678,0.2217741935483871,0.4838709677419355,0.14516129032258066
943,-73.04322377065463,124,0.05,1e-05,1.5382892102315686,0.21774193548387097,0.1693548387096774,0.43548387096774194,0.1774193548387097
944,-224.99935316599462,235,0.05,1e-05,1.5384246502212628,0.1702127659574468,0.10638297872340426,0.6042553191489362,0.11914893617021277
945,-72.64278080981936,116,0.05,1e-05,1.5043741117356544,0.10344827586206896,0.15517241379310345,0.5517241379310345,0.1896551724137931
946,-112.7408667278599,146,0.05,1e-05,1.5181472302280454,0.0547945205479452,0.2054794520547945,0.4794520547945205,0.2602739726027397
947,-59.95959510104682,131,0.05,1e-05,1.5174324414432718,0.030534351145038167,0.1984732824427481,0.5267175572519084,0.24427480916030533
948,-84.94781201722326,158,0.05,1e-05,1.5088118424957477,0.1962025316455696,0.15822784810126583,0.4873417721518987,0.15822784810126583
949,-216.38261326593067,203,0.05,1e-05,1.6129122463607273,0.09852216748768473,0.1724137931034483,0.5812807881773399,0.1477832512315271
950,-125.91390783721607,86,0.05,1e-05,1.6205784726837924,0.38372093023255816,0.26744186046511625,0.08139534883720931,0.26744186046511625
951,-196.3341296574117,257,0.05,1e-05,1.5736867781850934,0.058365758754863814,0.17509727626459143,0.5875486381322957,0.17898832684824903
952,-60.70044359952397,123,0.05,1e-05,1.5358935366037112,0.10569105691056911,0.16260162601626016,0.5203252032520326,0.21138211382113822
953,-6.17394582320064,104,0.05,1e-05,1.5304192875914877,0.25,0.21153846153846154,0.41346153846153844,0.125
954,-119.15848252311436,54,0.05,1e-05,1.5695494249571138,0.7592592592592593,0.12962962962962962,0.0,0.1111111111111111
955,-226.3046158050205,216,0.05,1e-05,1.5480155093247812,0.16203703703703703,0.09259259259259259,0.6435185185185185,0.10185185185185185
956,-11.59722707577967,142,0.05,1e-05,1.5695415074271686,0.06338028169014084,0.13380281690140844,0.6056338028169014,0.19718309859154928
957,-34.264993199570426,116,0.05,1e-05,1.55790575636149,0.008620689655172414,0.2413793103448276,0.5086206896551724,0.2413793103448276
958,-189.20095544759465,153,0.05,1e-05,1.545806307553594,0.20915032679738563,0.058823529411764705,0.6209150326797386,0.1111111111111111
959,59.04575423064102,123,0.05,1e-05,1.551674263275136,0.18699186991869918,0.2682926829268293,0.4634146341463415,0.08130081300813008
960,-77.01845736221556,114,0.05,1e-05,1.5493747782964211,0.03508771929824561,0.2543859649122807,0.43859649122807015,0.2719298245614035
961,-160.20942814048,129,0.05,1e-05,1.5155741774202423,0.10852713178294573,0.17054263565891473,0.5271317829457365,0.1937984496124031
962,-137.95989620599164,166,0.05,1e-05,1.5571848485004112,0.1144578313253012,0.13253012048192772,0.5542168674698795,0.19879518072289157
963,-4.560138077652823,123,0.05,1e-05,1.5967119502474765,0.12195121951219512,0.0975609756097561,0.5691056910569106,0.21138211382113822
964,-7.496446076275092,149,0.05,1e-05,1.6229855979787884,0.24161073825503357,0.1476510067114094,0.40939597315436244,0.20134228187919462
965,-116.90180748218563,88,0.05,1e-05,1.6319155953125863,0.5568181818181818,0.19318181818181818,0.056818181818181816,0.19318181818181818
966,-161.9123892762168,315,0.05,1e-05,1.602058803379155,0.08571428571428572,0.1365079365079365,0.6190476190476191,0.15873015873015872
967,-126.4325999575376,146,0.05,1e-05,1.5561779243810738,0.18493150684931506,0.1643835616438356,0.4178082191780822,0.2328767123287671
968,-133.38752355659713,123,0.05,1e-05,1.5435095351707615,0.0975609756097561,0.16260162601626016,0.5365853658536586,0.2032520325203252
969,-114.1021395262336,65,0.05,1e-05,1.5445142173207984,0.46153846153846156,0.26153846153846155,0.0,0.27692307692307694
970,-218.8576490803601,257,0.05,1e-05,1.5549013449480102,0.23735408560311283,0.08949416342412451,0.5642023346303502,0.10894941634241245
971,-217.56346340079892,257,0.05,1e-05,1.5531356008260835,0.24124513618677043,0.10505836575875487,0.556420233463035,0.09727626459143969
972,263.79041731114626,188,0.05,1e-05,1.5499928035004453,0.3829787234042553,0.18085106382978725,0.3776595744680851,0.05851063829787234
973,-218.80602818001893,232,0.05,1e-05,1.5447235667941066,0.23275862068965517,0.1206896551724138,0.5474137931034483,0.09913793103448276
974,-210.98594635927262,250,0.05,1e-05,1.5727466813112787,0.216,0.112,0.564,0.108
975,19.564557664941645,107,0.05,1e-05,1.6475760965207982,0.1588785046728972,0.2336448598130841,0.40186915887850466,0.205607476635514
976,28.336708179243402,105,0.05,1e-05,1.594108914079641,0.17142857142857143,0.1523809523809524,0.5904761904761905,0.08571428571428572
977,-99.50485977286175,67,0.05,1e-05,1.6080143910161013,0.04477611940298507,0.43283582089552236,0.16417910447761194,0.3582089552238806
978,-252.31040054183646,123,0.05,1e-05,1.5996395973209667,0.04065040650406504,0.1951219512195122,0.4959349593495935,0.2682926829268293
979,-229.55556256661484,208,0.05,1e-05,1.5673426728693403,0.1875,0.10096153846153846,0.6201923076923077,0.09134615384615384
980,-219.3367462162276,272,0.05,1e-05,1.5746542584280436,0.12867647058823528,0.15808823529411764,0.5551470588235294,0.15808823529411764
981,-213.40818000413338,261,0.05,1e-05,1.5734625004992768,0.0421455938697318,0.17624521072796934,0.5977011494252874,0.1839080459770115
982,-186.53682376364344,96,0.05,1e-05,1.5631095410132059,0.20833333333333334,0.13541666666666666,0.4375,0.21875
983,-160.6045545076453,99,0.05,1e-05,1.5751877909958265,0.06060606060606061,0.20202020202020202,0.41414141414141414,0.32323232323232326
984,-227.43878349045872,243,0.05,1e-05,1.5602861308959213,0.26337448559670784,0.10699588477366255,0.5267489711934157,0.102880658436214
985,-205.0307332476665,141,0.05,1e-05,1.5687932224007053,0.1347517730496454,0.09929078014184398,0.6028368794326241,0.16312056737588654
986,-87.9303252610662,138,0.05,1e-05,1.567134901122731,0.14492753623188406,0.17391304347826086,0.45652173913043476,0.2246376811594203
987,-40.66527093167238,158,0.05,1e-05,1.6302853949280478,0.12658227848101267,0.15822784810126583,0.47468354430379744,0.24050632911392406
988,-284.8794258974391,232,0.05,1e-05,1.6171133049160216,0.1939655172413793,0.11206896551724138,0.5905172413793104,0.10344827586206896
989,-41.68783264046856,117,0.05,1e-05,1.6056876180015804,0.042735042735042736,0.1623931623931624,0.5299145299145299,0.26495726495726496
990,-215.3489839445893,243,0.05,1e-05,1.6027609298590415,0.1522633744855967,0.12757201646090535,0.6049382716049383,0.11522633744855967
991,-35.28026966375545,126,0.05,1e-05,1.5999262616303394,0.10317460317460317,0.12698412698412698,0.5396825396825397,0.23015873015873015
992,-18.738169438717605,126,0.05,1e-05,1.5834030881498906,0.2619047619047619,0.21428571428571427,0.38095238095238093,0.14285714285714285
993,-109.07500165704496,168,0.05,1e-05,1.5576128170708305,0.047619047619047616,0.14285714285714285,0.6011904761904762,0.20833333333333334
994,-10.265818969727846,115,0.05,1e-05,1.5677546682302612,0.3217391304347826,0.16521739130434782,0.3739130434782609,0.1391304347826087
995,-262.52551431203165,134,0.05,1e-05,1.5978053630112383,0.12686567164179105,0.09701492537313433,0.664179104477612,0.11194029850746269
996,175.96934301239958,727,0.05,1e-05,1.5980003131576224,0.15268225584594222,0.20495185694635487,0.22283356258596973,0.4195323246217332
997,10.069642290949815,114,0.05,1e-05,1.6234249296901884,0.07017543859649122,0.22807017543859648,0.5614035087719298,0.14035087719298245
998,1.8793054322166967,128,0.05,1e-05,1.609968248906776,0.0859375,0.1796875,0.5234375,0.2109375
999,-289.0886195482754,233,0.05,1e-05,1.6199218627849856,0.15021459227467812,0.11587982832618025,0.6094420600858369,0.12446351931330472
