Episode,Total_Reward,Steps,Epsilon,Learning_Rate,Average_Loss,Action_0_Percentage,Action_1_Percentage,Action_2_Percentage,Action_3_Percentage
0,-326.40212886579377,97,0.9950195566196387,0.00496559332726813,0.0,0.26804123711340205,0.28865979381443296,0.24742268041237114,0.1958762886597938
1,-100.39921096787793,85,0.9900639180555424,0.004931423418361956,0.0,0.2,0.35294117647058826,0.21176470588235294,0.23529411764705882
2,-121.05805655337929,90,0.9851329607687281,0.004897488644030385,0.0,0.2222222222222222,0.28888888888888886,0.2111111111111111,0.2777777777777778
3,-78.73625065309815,100,0.9802265618354918,0.004863787386233744,0.0,0.29,0.21,0.23,0.27
4,-170.20783144294924,105,0.975344598944344,0.004830318038066636,0.0,0.24761904761904763,0.24761904761904763,0.24761904761904763,0.2571428571428571
5,-100.03861516708382,69,0.9704869503929605,0.004797079003681315,0.0,0.3333333333333333,0.2753623188405797,0.17391304347826086,0.21739130434782608
6,-172.74442812192729,102,0.9656534950851489,0.004764068698211598,0.0,0.30392156862745096,0.29411764705882354,0.21568627450980393,0.18627450980392157
7,-216.62993534917473,84,0.9608441125278293,0.0047312855476972955,0.0,0.27380952380952384,0.25,0.23809523809523808,0.23809523809523808
8,-173.52982989118613,111,0.956058682828031,0.004698727989009166,0.0,0.2882882882882883,0.17117117117117117,0.27927927927927926,0.26126126126126126
9,-101.6554671844292,72,0.9512970866899032,0.004666394469774383,0.0,0.2916666666666667,0.20833333333333334,0.2361111111111111,0.2638888888888889
10,-295.48925275193676,155,0.9465592054117414,0.004634283448302516,0.0,0.25161290322580643,0.2645161290322581,0.3161290322580645,0.16774193548387098
11,-99.0349113766785,97,0.9418449208830285,0.004602393393512023,0.0,0.26804123711340205,0.25773195876288657,0.30927835051546393,0.16494845360824742
12,-129.37862028465213,147,0.9371541155814898,0.004570722784857245,0.0,0.23809523809523808,0.24489795918367346,0.2789115646258503,0.23809523809523808
13,-237.77046419945862,72,0.9324866725701636,0.004539270112255908,0.0,0.20833333333333334,0.25,0.3055555555555556,0.2361111111111111
14,-88.64157693354622,62,0.9278424754944864,0.004508033876017119,0.0,0.24193548387096775,0.3548387096774194,0.12903225806451613,0.27419354838709675
15,-220.82537944330534,128,0.9232214085793918,0.004477012586769858,0.0,0.1953125,0.171875,0.328125,0.3046875
16,-87.91912535203119,123,0.9186233566264248,0.004446204765391968,0.0,0.21951219512195122,0.25203252032520324,0.3008130081300813,0.22764227642276422
17,-225.27999485915737,82,0.9140482050108695,0.004415608942939624,0.0,0.2073170731707317,0.3048780487804878,0.24390243902439024,0.24390243902439024
18,-335.4976018547941,125,0.9094958396788919,0.004385223660577296,0.0,0.192,0.208,0.352,0.248
19,-479.61914283835375,109,0.904966147144697,0.004355047469508188,0.0,0.26605504587155965,0.21100917431192662,0.3669724770642202,0.1559633027522936
20,-41.775113892667285,76,0.9004590144876992,0.004325078930905163,0.0,0.25,0.34210526315789475,0.25,0.15789473684210525
21,-136.54824353203648,85,0.8959743293497072,0.004295316615842131,0.0,0.25882352941176473,0.24705882352941178,0.24705882352941178,0.24705882352941178
22,-61.42193358423455,65,0.8915119799321238,0.004265759105225923,0.0,0.36923076923076925,0.16923076923076924,0.2923076923076923,0.16923076923076924
23,-98.80986368685485,60,0.8870718549931581,0.004236404989728622,0.0,0.2,0.38333333333333336,0.23333333333333334,0.18333333333333332
24,-400.3911694689261,87,0.8826538438450526,0.004207252869720371,0.0,0.21839080459770116,0.3333333333333333,0.28735632183908044,0.16091954022988506
25,1.2480490970055342,140,0.878257836351324,0.0041783013552026335,0.0,0.24285714285714285,0.2,0.32857142857142857,0.22857142857142856
26,-217.6314082977716,111,0.8738837229240176,0.004149549065741917,0.0,0.18018018018018017,0.2702702702702703,0.3063063063063063,0.24324324324324326
27,-66.01106589493003,77,0.8695313945209752,0.004120994630403953,0.0,0.2077922077922078,0.3246753246753247,0.2857142857142857,0.18181818181818182
28,-296.84837389763334,107,0.8652007426431169,0.004092636687688333,0.0,0.22429906542056074,0.27102803738317754,0.2336448598130841,0.27102803738317754
29,-286.6662205210223,83,0.8608916593317363,0.004064473885463585,0.0,0.2891566265060241,0.25301204819277107,0.20481927710843373,0.25301204819277107
30,-416.4231700191063,98,0.8566040371658092,0.00403650488090271,0.0,0.32653061224489793,0.15306122448979592,0.24489795918367346,0.2755102040816326
31,-327.978565714841,102,0.852337769259316,0.004008728340419147,0.0,0.22549019607843138,0.18627450980392157,0.29411764705882354,0.29411764705882354
32,-202.89962440251497,77,0.8480927492585766,0.003981142939603193,0.0,0.19480519480519481,0.2727272727272727,0.2857142857142857,0.24675324675324675
33,-221.17501564566066,110,0.8438688713395993,0.003953747363158849,0.0,0.15454545454545454,0.39090909090909093,0.23636363636363636,0.21818181818181817
34,-140.37332376057702,60,0.8396660302054431,0.003926540304841109,0.0,0.21666666666666667,0.4166666666666667,0.15,0.21666666666666667
35,-164.09377187872192,90,0.8354841210835922,0.0038995204673936763,0.0,0.18888888888888888,0.4222222222222222,0.18888888888888888,0.2
36,-192.20161669797002,152,0.8313230397233444,0.003872686562487108,0.0,0.20394736842105263,0.2894736842105263,0.29605263157894735,0.21052631578947367
37,-69.98966325938741,102,0.8271826823932125,0.003846037310657387,0.0,0.22549019607843138,0.18627450980392157,0.3627450980392157,0.22549019607843138
38,-144.43684697167626,120,0.8230629458783377,0.0038195714412449172,0.0,0.2916666666666667,0.26666666666666666,0.2916666666666667,0.15
39,-137.69795523746222,125,0.8189637274779172,0.003793287692333935,0.0,0.168,0.288,0.304,0.24
40,-433.0225106801536,92,0.8148849250026439,0.0037671848106923425,0.0,0.18478260869565216,0.25,0.42391304347826086,0.14130434782608695
41,-50.60140131012378,106,0.8108264367721583,0.00374126155171195,0.0,0.25471698113207547,0.2641509433962264,0.3113207547169811,0.16981132075471697
42,-219.42059464678795,94,0.8067881616125144,0.003715516679349134,0.0,0.2127659574468085,0.30851063829787234,0.2765957446808511,0.20212765957446807
43,-283.6970801644396,100,0.8027699988536575,0.0036899489660659,0.0,0.21,0.21,0.38,0.2
44,-275.78360869817186,89,0.7987718483269142,0.003664557192771354,0.0,0.16853932584269662,0.24719101123595505,0.38202247191011235,0.20224719101123595
45,-161.15778259898588,117,0.7947936103624954,0.0036393401487635735,0.0,0.23931623931623933,0.3162393162393162,0.28205128205128205,0.1623931623931624
46,-349.30065007869945,124,0.7908351857870121,0.003614296631671881,0.0,0.22580645161290322,0.1935483870967742,0.43548387096774194,0.14516129032258066
47,-133.2239052688252,126,0.7868964759210023,0.0035894254473995144,0.0,0.1349206349206349,0.20634920634920634,0.46825396825396826,0.19047619047619047
48,-135.1251063962921,74,0.7829773825764719,0.00356472541006669,0.0,0.0945945945945946,0.2972972972972973,0.2972972972972973,0.3108108108108108
49,-314.50371987240396,113,0.7790778080544463,0.0035401953419540613,0.0,0.336283185840708,0.1592920353982301,0.3274336283185841,0.17699115044247787
50,-35.62469071519887,145,0.7751976551425351,0.0035158340734465607,1.3352475955798362,0.18620689655172415,0.18620689655172415,0.45517241379310347,0.1724137931034483
51,-117.9401156936027,119,0.771336827112509,0.003491640442977634,1.0097720229767861,0.18487394957983194,0.226890756302521,0.35294117647058826,0.23529411764705882
52,-157.73462737543292,121,0.7674952277178876,0.0034676132969738557,0.9008099432284196,0.2231404958677686,0.2644628099173554,0.30578512396694213,0.2066115702479339
53,-140.22247572550282,108,0.7636727611915411,0.003443751489799924,0.8455859871987493,0.21296296296296297,0.17592592592592593,0.42592592592592593,0.18518518518518517
54,-164.89083255002078,141,0.7598693322433026,0.0034200538837040368,0.7951194156366134,0.20567375886524822,0.2127659574468085,0.3900709219858156,0.19148936170212766
55,-119.3282656335531,107,0.7560848460575919,0.0033965193487636436,0.7323484642662444,0.205607476635514,0.21495327102803738,0.34579439252336447,0.2336448598130841
56,-100.69502587071767,141,0.7523192082910528,0.003373146762831569,0.7563810391271708,0.19858156028368795,0.2127659574468085,0.3617021276595745,0.22695035460992907
57,-111.19150286400347,81,0.748572325070201,0.0033499350114825064,0.7150525300408467,0.18518518518518517,0.2716049382716049,0.35802469135802467,0.18518518518518517
58,-75.23450158841982,86,0.7448441029890834,0.0033268829879598842,1.0405060734674634,0.22093023255813954,0.16279069767441862,0.4186046511627907,0.19767441860465115
59,-338.86543191720256,159,0.7411344491069503,0.003303989593123092,1.367847655505622,0.18238993710691823,0.2641509433962264,0.2893081761006289,0.2641509433962264
60,-164.35423792274554,85,0.7374432709459379,0.0032812537353950743,1.1773817372971018,0.23529411764705882,0.2,0.3411764705882353,0.2235294117647059
61,-263.97030339754565,118,0.7337704764887631,0.0032586743307102817,1.080702801411575,0.211864406779661,0.2542372881355932,0.2796610169491525,0.2542372881355932
62,-25.90765516827966,130,0.7301159741764301,0.003236250302462983,1.0555165577181158,0.2,0.23076923076923078,0.36923076923076925,0.2
63,-88.07186710515758,86,0.7264796729059471,0.003213980581455931,1.020282394702011,0.1744186046511628,0.27906976744186046,0.3488372093023256,0.19767441860465115
64,-142.40104402416824,106,0.7228614820280556,0.0031918641058493835,1.0000982411046635,0.16037735849056603,0.2641509433962264,0.36792452830188677,0.20754716981132076
65,-28.737856441930035,174,0.7192613113449707,0.003169899821110471,0.9553841818427249,0.14367816091954022,0.20114942528735633,0.4425287356321839,0.21264367816091953
66,-107.90604937453078,138,0.7156790711081327,0.003148086679962919,0.8933677676110459,0.17391304347826086,0.2028985507246377,0.3695652173913043,0.2536231884057971
67,-59.20860933849955,110,0.712114672015969,0.0031264236423371103,0.9256258696426977,0.16363636363636364,0.21818181818181817,0.41818181818181815,0.2
68,-86.11575104981041,96,0.708568025211669,0.0031049096753204956,0.8841247567193545,0.22916666666666666,0.10416666666666667,0.4479166666666667,0.21875
69,-130.65770323501573,136,0.7050390422809678,0.003083543753108342,0.8529408676238627,0.16911764705882354,0.19852941176470587,0.4264705882352941,0.20588235294117646
70,-108.55971171422674,88,0.7015276352499433,0.0030623248569548217,0.8771481988977555,0.17045454545454544,0.19318181818181818,0.4318181818181818,0.20454545454545456
71,-153.01101115789453,136,0.6980337165828222,0.0030412519751244387,0.7983574223863846,0.2426470588235294,0.19117647058823528,0.39705882352941174,0.16911764705882354
72,-131.8189595336896,114,0.6945571991797983,0.003020324102843787,0.7996682363673637,0.13157894736842105,0.22807017543859648,0.37719298245614036,0.2631578947368421
73,-241.71364166974672,196,0.691097996374861,0.002999540242253642,0.8116461940826359,0.14285714285714285,0.23469387755102042,0.42857142857142855,0.19387755102040816
74,-104.91191361281426,102,0.6876560219336348,0.002978899402361383,0.8632185527122541,0.14705882352941177,0.21568627450980393,0.5,0.13725490196078433
75,-56.69553401981757,121,0.6842311900512299,0.002958400598993741,1.5418950696593783,0.15702479338842976,0.2231404958677686,0.4297520661157025,0.19008264462809918
76,-26.90814543457516,123,0.6808234153501025,0.0029380428547498717,1.2759651664561185,0.2032520325203252,0.2032520325203252,0.3902439024390244,0.2032520325203252
77,-54.79137185198799,81,0.6774326128779271,0.0029178251989547543,1.2290959151513674,0.19753086419753085,0.20987654320987653,0.4074074074074074,0.18518518518518517
78,-108.0814582547398,105,0.6740586981054784,0.0028977466676129065,1.2136156960758053,0.20952380952380953,0.21904761904761905,0.42857142857142855,0.14285714285714285
79,-2.9217939527993906,113,0.670701586924524,0.0028778063033624217,1.1310545760563726,0.168141592920354,0.11504424778761062,0.49557522123893805,0.22123893805309736
80,-123.16584789723422,123,0.6673611956457279,0.002858003155429321,1.0413903790551007,0.15447154471544716,0.2601626016260163,0.34959349593495936,0.23577235772357724
81,-197.19354902959822,129,0.6640374409965641,0.0028383362795822193,1.0090717245358543,0.1937984496124031,0.24031007751937986,0.29457364341085274,0.2713178294573643
82,-81.84502684266778,102,0.6607302401192408,0.002818804738087304,1.0609234569054402,0.14705882352941177,0.17647058823529413,0.4803921568627451,0.19607843137254902
83,-93.73886574397453,139,0.6574395105686344,0.002799407599663621,1.0431305949363396,0.18705035971223022,0.17266187050359713,0.5035971223021583,0.1366906474820144
84,-97.57841889608737,85,0.6541651703102348,0.002780143939438674,0.9710720986164073,0.18823529411764706,0.2823529411764706,0.36470588235294116,0.16470588235294117
85,-75.86014701586036,118,0.6509071377181003,0.0027610128389043225,1.0229626676298789,0.1440677966101695,0.23728813559322035,0.4576271186440678,0.16101694915254236
86,-68.50064831033778,142,0.6476653315728222,0.0027420133858729883,0.9441364318048968,0.176056338028169,0.2676056338028169,0.323943661971831,0.2323943661971831
87,-125.38284633999078,131,0.6444396710595008,0.0027231446744341607,1.0152610674409728,0.1984732824427481,0.16030534351145037,0.4198473282442748,0.22137404580152673
88,-245.01618816817978,137,0.6412300757657303,0.002704405804911203,0.9814345051135182,0.18248175182481752,0.24817518248175183,0.30656934306569344,0.26277372262773724
89,-9.100678750357858,99,0.6380364656795943,0.0026857958838184533,0.9351725024317012,0.16161616161616163,0.1717171717171717,0.47474747474747475,0.1919191919191919
90,-105.58896331114377,149,0.6348587611876713,0.002667314023818624,0.9513925838934763,0.16778523489932887,0.2214765100671141,0.4228187919463087,0.18791946308724833
91,-70.58113151438563,137,0.6316968830730497,0.0026489593436804936,1.154440435736703,0.1897810218978102,0.24087591240875914,0.36496350364963503,0.20437956204379562
92,-14.518430389772831,160,0.6285507525133537,0.0026307309682368847,1.7445589192852622,0.125,0.25,0.45625,0.16875
93,-231.30979601881873,98,0.6254202910787774,0.0026126280283429405,1.6367710786653018,0.17346938775510204,0.2653061224489796,0.40816326530612246,0.15306122448979592
94,-202.76103117899282,176,0.6223054207301305,0.002594649660834679,1.5459451789298995,0.11363636363636363,0.26136363636363635,0.39204545454545453,0.23295454545454544
95,-76.76606462095728,127,0.6192060638168921,0.00257679500848784,1.3917875899117005,0.11811023622047244,0.1968503937007874,0.5039370078740157,0.18110236220472442
96,-122.58702654023556,147,0.6161221430752757,0.0025590632199770087,1.3442890863445152,0.16326530612244897,0.19047619047619047,0.4421768707482993,0.20408163265306123
97,-67.77180916363648,166,0.6130535816263024,0.002541453449835026,1.256662363187493,0.1746987951807229,0.21084337349397592,0.4457831325301205,0.1686746987951807
98,-0.6223057329001733,181,0.6100003029738849,0.0025239648584126748,1.293699176034735,0.17679558011049723,0.15469613259668508,0.4972375690607735,0.1712707182320442
99,-73.0272755656007,111,0.6069622310029202,0.002506596611838646,1.1792801922808245,0.21621621621621623,0.1981981981981982,0.43243243243243246,0.15315315315315314
100,-157.82908531092767,109,0.6039392899773924,0.002489347881979777,1.233010915888269,0.13761467889908258,0.27522935779816515,0.3119266055045872,0.27522935779816515
101,-13.647006687843188,138,0.6009314045384845,0.0024722178464015665,1.2089614981721308,0.11594202898550725,0.21014492753623187,0.5,0.17391304347826086
102,-103.03985867804406,221,0.5979384997026995,0.0024552056883289613,1.1754359163931314,0.1493212669683258,0.19004524886877827,0.46153846153846156,0.19909502262443438
103,-130.04169970004872,125,0.5949605008599921,0.0024383105966074093,1.1138551829058907,0.128,0.16,0.512,0.2
104,-51.778718062889396,144,0.5919973337719074,0.002421531765664185,1.1257834165783216,0.1875,0.19444444444444445,0.3958333333333333,0.2222222222222222
105,-248.16393210125742,111,0.5890489245697316,0.002404868395469978,1.5380258418134256,0.14414414414414414,0.2702702702702703,0.35135135135135137,0.23423423423423423
106,-86.09391440833625,163,0.5861151997526493,0.0023883196915007476,1.69476104773309,0.20245398773006135,0.17791411042944785,0.44785276073619634,0.17177914110429449
107,-40.59772692006902,153,0.583196086185912,0.002371884864699838,1.621496689373044,0.1568627450980392,0.1830065359477124,0.43137254901960786,0.22875816993464052
108,-107.49429682347406,247,0.5802915110990148,0.0023555631314403575,1.4554341334754584,0.13765182186234817,0.21052631578947367,0.46963562753036436,0.18218623481781376
109,1.8104754095769522,141,0.5774014020838818,0.002339353713487812,1.4704036422884597,0.20567375886524822,0.2198581560283688,0.3049645390070922,0.2695035460992908
110,-103.64920307150393,106,0.5745256870930618,0.002323255837963,1.3255937028370604,0.1792452830188679,0.1509433962264151,0.4716981132075472,0.19811320754716982
111,-45.98566377131508,129,0.5716642944379317,0.00230726873730516,1.350072480762986,0.16279069767441862,0.20930232558139536,0.3953488372093023,0.23255813953488372
112,-49.963470267545105,232,0.5688171527869094,0.002291391649235373,1.3163140602041674,0.11206896551724138,0.23275862068965517,0.4698275862068966,0.1853448275862069
113,-26.983318834940377,143,0.5659841911636758,0.002275623816720217,1.2986045571814933,0.21678321678321677,0.18181818181818182,0.3916083916083916,0.2097902097902098
114,-86.88681480649353,99,0.5631653389454055,0.002259964487935669,1.3388310706007178,0.1919191919191919,0.18181818181818182,0.46464646464646464,0.16161616161616163
115,-58.66010588313034,156,0.5603605258610059,0.002244412916231259,1.2980266178262703,0.1794871794871795,0.1858974358974359,0.4551282051282051,0.1794871794871795
116,-117.65968501436072,189,0.5575696819893657,0.002228968360094469,1.2229613713231373,0.13227513227513227,0.21164021164021163,0.42328042328042326,0.2328042328042328
117,-70.84177803352534,124,0.5547927377576116,0.0022136300831153764,1.1498084530151103,0.12903225806451613,0.16129032258064516,0.46774193548387094,0.24193548387096775
118,-41.17454369751346,199,0.5520296239393742,0.002198397353951542,1.6728842875823187,0.1457286432160804,0.24623115577889448,0.4723618090452261,0.135678391959799
119,-1.513359886744439,185,0.5492802716530619,0.002183269446293138,1.7880627489245393,0.11351351351351352,0.23243243243243245,0.4486486486486487,0.20540540540540542
120,-20.985642067494254,164,0.5465446123601444,0.0021682456388283184,1.6471862191185955,0.18902439024390244,0.14634146341463414,0.5060975609756098,0.15853658536585366
121,-97.15256151933703,117,0.5438225778634432,0.0021533252152088245,1.6177048597770243,0.1623931623931624,0.21367521367521367,0.4017094017094017,0.2222222222222222
122,-59.58054335859986,163,0.5411141003054323,0.0021385074640158297,1.5290540606176561,0.19631901840490798,0.17791411042944785,0.39263803680981596,0.2331288343558282
123,1.1978842429048058,155,0.5384191121665459,0.002123791678726019,1.5226106509080568,0.1870967741935484,0.2,0.4129032258064516,0.2
124,-46.480625134481336,133,0.535737546263496,0.0021091771576779,1.5032389647654478,0.14285714285714285,0.21804511278195488,0.48120300751879697,0.15789473684210525
125,-127.00590103274422,128,0.533069335747597,0.0020946632040383484,1.4295791450963968,0.171875,0.1640625,0.46875,0.1953125
126,-258.78298774075233,152,0.5304144141030992,0.0020802491257693807,1.4189301042120839,0.20394736842105263,0.24342105263157895,0.34868421052631576,0.20394736842105263
127,-43.73256162656672,70,0.5277727151455311,0.00206593423559516,1.4792531162083364,0.17142857142857143,0.12857142857142856,0.42857142857142855,0.2714285714285714
128,-45.353497313731864,109,0.5251441730200492,0.0020517178509692224,1.4416432438011817,0.1834862385321101,0.22018348623853212,0.42201834862385323,0.1743119266055046
129,-69.33635595833442,103,0.5225287221997962,0.0020375992940419355,1.435915910429786,0.0970873786407767,0.2524271844660194,0.4563106796116505,0.1941747572815534
130,-34.11934276096524,156,0.5199262974842676,0.0020235778916281775,1.333306643412007,0.17307692307692307,0.24358974358974358,0.3525641025641026,0.23076923076923078
131,-15.629677528301741,84,0.5173368339976863,0.002009652975175238,1.2746898351105445,0.20238095238095238,0.13095238095238096,0.5357142857142857,0.13095238095238096
132,-46.57851457604637,101,0.5147602671873854,0.0019958238807309416,1.35930540086804,0.16831683168316833,0.16831683168316833,0.44554455445544555,0.21782178217821782
133,-61.29356801594159,187,0.512196532822199,0.0019820899489119896,1.9457037693415808,0.16042780748663102,0.18181818181818182,0.42780748663101603,0.22994652406417113
134,-40.83892056388666,122,0.5096455669908607,0.001968450524872521,2.0255599221788962,0.14754098360655737,0.23770491803278687,0.45081967213114754,0.16393442622950818
135,-45.622675481616,80,0.5071073061004107,0.0019549049582728876,2.06637006230372,0.1375,0.225,0.4625,0.175
136,-32.697714499324306,137,0.50458168687461,0.0019414526032486465,1.8376693435365405,0.145985401459854,0.24087591240875914,0.4306569343065693,0.18248175182481752
137,-25.596139232643807,84,0.5020686463523638,0.0019280928183797639,1.836755459662983,0.09523809523809523,0.2619047619047619,0.4642857142857143,0.17857142857142858
138,-27.15253923437612,158,0.49956812188615124,0.0019148249666600316,1.8236028992646194,0.06962025316455696,0.2468354430379747,0.5126582278481012,0.17088607594936708
139,-29.45195421598855,173,0.49708005114046383,0.0019016484154666946,1.7614133656074564,0.13872832369942195,0.18497109826589594,0.4682080924855491,0.20809248554913296
140,-29.109560932436167,156,0.49460437209025165,0.0018885625365302864,1.747496758752884,0.08974358974358974,0.21153846153846154,0.4935897435897436,0.20512820512820512
141,-27.659375321860296,141,0.492141023019377,0.001875566705904673,1.6438789458936476,0.14184397163120568,0.2127659574468085,0.4326241134751773,0.2127659574468085
142,-51.9839319834521,156,0.48968994251907594,0.0018626603039373023,1.7132737441674653,0.17307692307692307,0.20512820512820512,0.42948717948717946,0.19230769230769232
143,3.085629512149012,163,0.4872510694864273,0.0018498427152396591,1.6964184315866098,0.12883435582822086,0.12883435582822086,0.49079754601226994,0.25153374233128833
144,-123.31531724064456,230,0.4848243431228297,0.0018371133286579223,1.5943355431000368,0.15217391304347827,0.1826086956521739,0.4652173913043478,0.2
145,-6.227040272051568,218,0.4824097029324856,0.0018244715372438245,1.582308093358605,0.13302752293577982,0.2018348623853211,0.44495412844036697,0.22018348623853212
146,-202.47779942894442,217,0.4800070887208934,0.0018119167382257126,1.6567473762170806,0.19815668202764977,0.2304147465437788,0.3778801843317972,0.1935483870967742
147,-311.49005176574974,275,0.47761644059334696,0.0017994483329798066,1.6635511040426982,0.12727272727272726,0.23272727272727273,0.44,0.2
148,-40.346939483264485,72,0.4752376989534421,0.0017870657270016577,1.7461632271684346,0.08333333333333333,0.18055555555555555,0.4722222222222222,0.2638888888888889
149,-70.35425689407363,207,0.4728708045015913,0.0017747683298778003,1.554218785254287,0.1111111111111111,0.2463768115942029,0.42995169082125606,0.21256038647342995
150,-147.24963992602704,96,0.4705156982335452,0.001762555555257602,1.5697840570740649,0.11458333333333333,0.17708333333333334,0.4375,0.2708333333333333
151,-36.71018144082801,280,0.4681723214389219,0.0017504268208253044,1.5102773937496363,0.11428571428571428,0.18928571428571428,0.5035714285714286,0.19285714285714287
152,-62.5775177522317,199,0.46584061569974305,0.0017383815482722598,1.531089925139875,0.19095477386934673,0.1658291457286432,0.4221105527638191,0.22110552763819097
153,-26.438302803559196,148,0.4635205228889778,0.001726419163269355,1.553886274965194,0.10135135135135136,0.2635135135135135,0.4391891891891892,0.19594594594594594
154,18.162185923138566,189,0.4612119851690938,0.0017145390954396275,1.4943164345785218,0.13756613756613756,0.14814814814814814,0.5978835978835979,0.1164021164021164
155,-57.45820018927445,202,0.4589149449906151,0.00170274077833107,1.4906946847577944,0.11386138613861387,0.19306930693069307,0.45544554455445546,0.2376237623762376
156,-236.92432219116662,99,0.4566293450906877,0.0016910236493896207,1.4828691824697962,0.16161616161616163,0.23232323232323232,0.31313131313131315,0.29292929292929293
157,-76.88453879138304,168,0.45435512849165205,0.0016793871499323405,1.7138357298078282,0.09523809523809523,0.20833333333333334,0.5059523809523809,0.19047619047619047
158,-313.92354555786454,194,0.4520922384996226,0.0016678307251207745,1.8500716654194795,0.14432989690721648,0.2422680412371134,0.39690721649484534,0.21649484536082475
159,-34.61881665368249,145,0.44984061870307446,0.001656353823934497,1.826140963731343,0.15862068965517243,0.20689655172413793,0.43448275862068964,0.2
160,-8.037733437892086,164,0.4476002129714371,0.0016449558991448378,1.6896614454522179,0.0975609756097561,0.24390243902439024,0.4573170731707317,0.20121951219512196
161,36.52768363005197,425,0.4453709654536952,0.0016336364072887907,1.6495398753763613,0.15529411764705883,0.19058823529411764,0.4423529411764706,0.21176470588235294
162,-14.655674577175674,187,0.44315282057699623,0.0016223948086431,1.6710224937104252,0.1497326203208556,0.1711229946524064,0.5454545454545454,0.13368983957219252
163,-64.5760553963216,244,0.4409457230452651,0.0016112305671985266,1.589305453298684,0.0860655737704918,0.1598360655737705,0.5532786885245902,0.20081967213114754
164,-23.25985193166983,206,0.4387496178378257,0.0016001431506342896,1.6214890310612398,0.1407766990291262,0.20388349514563106,0.5145631067961165,0.1407766990291262
165,-18.841121664705668,107,0.43656445020802925,0.0015891320302926862,1.569607633586079,0.102803738317757,0.2336448598130841,0.4672897196261682,0.19626168224299065
166,-55.69633600283393,220,0.4343901656818896,0.0015781966811538838,1.4867299795417188,0.1409090909090909,0.18181818181818182,0.43636363636363634,0.2409090909090909
167,-28.045915121195364,141,0.4322267100567252,0.0015673365818108867,1.9564201757549806,0.10638297872340426,0.19148936170212766,0.45390070921985815,0.24822695035460993
168,23.182557203408507,1000,0.4300740293998078,0.0015565512144446758,1.7997966958470315,0.215,0.233,0.265,0.287
169,92.90367654097734,1000,0.4279320700470182,0.0015458400647995172,1.7695532828503697,0.273,0.223,0.212,0.292
170,-69.2338808577538,204,0.4258007786015082,0.0015352026221584433,2.127852897664477,0.16176470588235295,0.14705882352941177,0.49019607843137253,0.20098039215686275
171,-27.130499229361504,157,0.42368010193236966,0.0015246383793189005,2.035531778527091,0.12101910828025478,0.17834394904458598,0.5031847133757962,0.19745222929936307
172,24.069470108838928,189,0.4215699871733098,0.0015141468325685658,2.0056404201823663,0.1746031746031746,0.21693121693121692,0.455026455026455,0.15343915343915343
173,-17.836051476176948,122,0.4194703817213335,0.001503727481661329,1.992989938846392,0.09836065573770492,0.1885245901639344,0.5409836065573771,0.1721311475409836
174,-39.648095303519,116,0.41738123323543186,0.001493379829793441,1.9196988172931626,0.14655172413793102,0.1724137931034483,0.5431034482758621,0.13793103448275862
175,-78.7732741200683,230,0.41530248963527744,0.0014831033835798254,1.968954311421759,0.10434782608695652,0.1826086956521739,0.5434782608695652,0.16956521739130434
176,7.955864434818494,325,0.41323409909992587,0.0014728976530305534,1.8805844301982815,0.15076923076923077,0.17846153846153845,0.49230769230769234,0.17846153846153845
177,-25.623842477480864,115,0.4111760100665241,0.0014627621515274811,1.884010237171801,0.14782608695652175,0.16521739130434782,0.5130434782608696,0.17391304347826086
178,-90.42247186911402,104,0.4091281712290249,0.0014526963958010467,1.9405285587841559,0.11538461538461539,0.17307692307692307,0.5384615384615384,0.17307692307692307
179,-46.300999672351224,126,0.407090531536908,0.0014426999059072281,1.8820091647518764,0.11904761904761904,0.25396825396825395,0.4444444444444444,0.18253968253968253
180,-16.082014364836482,214,0.40506304019390726,0.0014327722052046583,1.8153059613428906,0.1261682242990654,0.24299065420560748,0.46261682242990654,0.16822429906542055
181,-97.54961174808801,104,0.40304564665674447,0.0014229128203318991,2.029444009018879,0.18269230769230768,0.2403846153846154,0.4230769230769231,0.15384615384615385
182,52.6244108838482,1000,0.40103830063386947,0.0014131212811848708,1.898811861438943,0.279,0.222,0.216,0.283
183,-18.22949844867702,277,0.39904095208420615,0.001403397120894437,1.7980708044397304,0.09747292418772563,0.18411552346570398,0.555956678700361,0.1624548736462094
184,-193.0760452061866,981,0.3970535512159053,0.0013937398758041444,1.9172612023511633,0.2415902140672783,0.23955147808358818,0.2324159021406728,0.28644240570846075
185,31.81579075925478,176,0.3950760484851031,0.0013841490854481144,1.9484374057081697,0.09090909090909091,0.14772727272727273,0.5681818181818182,0.19318181818181818
186,-26.880007316114188,361,0.39310839459468616,0.0013746242925290883,1.9062911039218662,0.14681440443213298,0.17174515235457063,0.518005540166205,0.1634349030470914
187,113.15096950467291,1000,0.3911505404930626,0.0013651650428966229,1.8464873497301706,0.199,0.25,0.184,0.367
188,92.70587854213832,1000,0.38920243737293914,0.0013557708855254362,2.055515046355462,0.301,0.222,0.235,0.242
189,20.369860729375517,127,0.3872640366701046,0.0013464413724939021,2.031934922083048,0.10236220472440945,0.15748031496062992,0.5669291338582677,0.1732283464566929
190,-29.179170469279782,370,0.385335290062219,0.0013371760589626926,1.9297794960762125,0.10810810810810811,0.17567567567567569,0.5432432432432432,0.17297297297297298
191,-21.33435328432273,280,0.38341614946760905,0.0013279745031535685,1.9255625797236697,0.14642857142857144,0.15357142857142858,0.5392857142857143,0.16071428571428573
192,-7.871128184193253,154,0.3815065670440695,0.001318836266328314,1.8982304487582085,0.16233766233766234,0.2012987012987013,0.4675324675324675,0.16883116883116883
193,29.230921214031042,135,0.3796064951876705,0.0013097609127678182,1.8998345144156616,0.0962962962962963,0.2222222222222222,0.48148148148148145,0.2
194,-120.44375101137005,246,0.3777158865315709,0.0013007480097512987,1.7738963152259433,0.15040650406504066,0.1991869918699187,0.45528455284552843,0.1951219512195122
195,90.06249462343129,1000,0.37583469394483743,0.0012917971275356699,1.7415482253890757,0.26,0.226,0.315,0.199
196,-15.550847283143796,197,0.37396287053126975,0.001282907839335052,1.7478284714039116,0.116751269035533,0.17766497461928935,0.5126903553299492,0.19289340101522842
197,-60.321263653182115,157,0.3721003696282314,0.0012740797213004217,1.6831103865667898,0.1464968152866242,0.21656050955414013,0.46496815286624205,0.17197452229299362
198,-50.242346364657365,144,0.3702471448054865,0.0012653123524994027,1.600337351332963,0.125,0.13194444444444445,0.5277777777777778,0.2152777777777778
199,-33.96031856884845,379,0.3684031498640423,0.0012566053148961949,1.7702891940127776,0.14511873350923482,0.16886543535620052,0.5488126649076517,0.13720316622691292
200,-17.20707765343319,121,0.3665683388349977,0.0012479581933316425,1.9881419490570928,0.2066115702479339,0.17355371900826447,0.47107438016528924,0.1487603305785124
201,-136.25030498026075,252,0.3647426659783969,0.001239370575503439,1.916581853925529,0.15079365079365079,0.14285714285714285,0.5277777777777778,0.17857142857142858
202,-186.40888876116887,553,0.36292608578208946,0.0012308420519464677,1.8291694587024452,0.13381555153707053,0.15913200723327306,0.5352622061482821,0.1717902350813743
203,9.006379841068636,246,0.36111855296059564,0.0012223722160132787,1.803551147868571,0.07723577235772358,0.17886178861788618,0.5528455284552846,0.1910569105691057
204,-4.594310496495325,190,0.3593200224539774,0.0012139606638546987,1.8086331636749675,0.09473684210526316,0.19473684210526315,0.5842105263157895,0.12631578947368421
205,-104.80454157657691,160,0.3575304494267152,0.0012056069944005763,1.7364393120310715,0.1375,0.225,0.41875,0.21875
206,-24.02463205793616,162,0.3557497892665903,0.0011973108093406575,1.721263854744824,0.16666666666666666,0.22839506172839505,0.41358024691358025,0.19135802469135801
207,115.03799383876891,1000,0.35397799758357257,0.0011890717131055946,1.8499040839535983,0.347,0.196,0.259,0.198
208,-43.50266503529626,212,0.3522150302087139,0.001180889312848085,1.7525344623834478,0.10377358490566038,0.19811320754716982,0.49056603773584906,0.20754716981132076
209,94.43885903214394,1000,0.35046084319304716,0.0011727632184241397,1.7632637014019155,0.371,0.235,0.209,0.185
210,-35.984491989074,103,0.3487153928064905,0.001164693042374481,1.9616762441950804,0.10679611650485436,0.1941747572815534,0.5631067961165048,0.13592233009708737
211,-21.59146681465151,98,0.34697863553675734,0.001156678399906068,1.9374758998524633,0.07142857142857142,0.19387755102040816,0.5612244897959183,0.17346938775510204
212,4.074439295946775,233,0.3452505280882715,0.0011487189088737499,1.9418424193267385,0.11158798283261803,0.14163090128755365,0.6094420600858369,0.13733905579399142
213,-39.0004662793646,196,0.34353102738108804,0.001140814189762044,1.8864386558607438,0.19387755102040816,0.1377551020408163,0.4897959183673469,0.17857142857142858
214,-8.296122400052653,137,0.34182009054981916,0.0011329638656670407,1.8478390236044555,0.2846715328467153,0.18248175182481752,0.34306569343065696,0.1897810218978102
215,-41.36354951627141,256,0.3401176749425658,0.0011251675622784326,1.8301604484732263,0.140625,0.171875,0.55859375,0.12890625
216,134.66739538831672,1000,0.3384237381198542,0.0011174249078616666,1.7958690741125645,0.473,0.146,0.157,0.224
217,76.95613942700705,1000,0.33673823785357804,0.0011097355332402193,1.883238344574287,0.322,0.196,0.187,0.295
218,-63.02993775299851,298,0.3350611321259457,0.0011020990717779946,1.8306743058834405,0.17785234899328858,0.15771812080536912,0.5134228187919463,0.15100671140939598
219,15.44906253303813,114,0.33339237912843267,0.001094515159361842,1.776229058170411,0.11403508771929824,0.18421052631578946,0.5701754385964912,0.13157894736842105
220,6.045379427239382,103,0.3317319372607396,0.0010869834343841954,1.748546565515345,0.0970873786407767,0.18446601941747573,0.5533980582524272,0.1650485436893204
221,99.99547869089275,1000,0.3300797651297549,0.0010795035377258312,1.7806738246525142,0.421,0.156,0.246,0.177
222,-46.58459257046334,177,0.3284358215485232,0.0010720751127387454,1.7216401418648668,0.11299435028248588,0.1807909604519774,0.5141242937853108,0.192090395480226
223,-5.277547929609241,251,0.32680006553521834,0.0010646978052291486,1.7414791571526187,0.09163346613545817,0.19123505976095617,0.5258964143426295,0.19123505976095617
224,109.96459200727678,1000,0.3251724563121218,0.0010573712634405767,1.7051976560637487,0.426,0.16,0.206,0.208
225,-22.232221708861843,186,0.3235529533046063,0.00105009513803712,1.767455604490408,0.15591397849462366,0.1827956989247312,0.521505376344086,0.13978494623655913
226,-83.91276163386941,137,0.32194151614012406,0.0010428690820867659,1.71490848966921,0.1678832116788321,0.1678832116788321,0.45985401459854014,0.20437956204379562
227,110.11606257636785,1000,0.32033810464720053,0.001035692751044857,1.7162664857754855,0.436,0.153,0.23,0.181
228,9.82987585315843,1000,0.3187426788544329,0.0010285658027376627,1.6939006043157618,0.358,0.213,0.22,0.209
229,-14.748869733432599,200,0.31715519898949374,0.0010214878973460653,1.7456435998172048,0.105,0.155,0.575,0.165
230,-8.690442271959157,223,0.31557562547813933,0.0010144586973893548,1.6915172975728674,0.1031390134529148,0.19282511210762332,0.5067264573991032,0.19730941704035873
231,111.25530352427691,1000,0.3140039189432234,0.00100747786770914,1.7137278322483347,0.391,0.182,0.195,0.232
232,-61.55358141551312,217,0.3124400402037151,0.0010005450754533658,1.6428329805981363,0.0967741935483871,0.20276497695852536,0.5023041474654378,0.19815668202764977
233,126.89520537919165,1000,0.3108839502737227,0.0009936599900604443,1.5938177919571992,0.536,0.127,0.203,0.134
234,-9.44093530712982,274,0.30933561036152135,0.0009868222832434916,1.570564108633697,0.12408759124087591,0.16423357664233576,0.5072992700729927,0.20437956204379562
235,42.77333077163331,114,0.3077949818685863,0.0009800316289746765,1.5203832859135815,0.07894736842105263,0.09649122807017543,0.5964912280701754,0.22807017543859648
236,20.49107645281582,228,0.3062620263886305,0.0009732877034696739,1.5567615067124683,0.16228070175438597,0.13596491228070176,0.5657894736842105,0.13596491228070176
237,-54.592093279019224,133,0.3047367057066472,0.0009665901851722271,1.4970256770526489,0.13533834586466165,0.22556390977443608,0.40601503759398494,0.23308270676691728
238,91.82212049663505,1000,0.3032189817979574,0.0009599387547388154,1.5674375494287096,0.476,0.127,0.231,0.166
239,-87.43798395227931,147,0.3017088168272619,0.000953333095023428,1.593104838806866,0.17006802721088435,0.1360544217687075,0.4897959183673469,0.20408163265306123
240,69.33867451039193,1000,0.30020617314769793,0.0009467728910624417,1.5229993263270047,0.248,0.382,0.192,0.178
241,-63.4705706525084,104,0.2987110132999009,0.0009402578300596034,1.5411171096207967,0.15384615384615385,0.27884615384615385,0.2980769230769231,0.2692307692307692
242,43.66109265694129,282,0.2972233000110704,0.0009337876013711156,1.6023137348554979,0.19148936170212766,0.1524822695035461,0.5070921985815603,0.14893617021276595
243,24.24432772775519,317,0.2957429961940411,0.0009273618964908249,1.5700788070099743,0.14826498422712933,0.17350157728706625,0.5078864353312302,0.17034700315457413
244,-114.71079692888945,162,0.29427006494635827,0.0009209804090355117,1.524048936328169,0.19135802469135801,0.15432098765432098,0.4691358024691358,0.18518518518518517
245,97.0609911598383,1000,0.2928044695493577,0.000914642834730282,1.5450447422808475,0.466,0.175,0.224,0.135
246,155.81184144623762,1000,0.2913461734672504,0.0009083488713940591,1.6119014088626562,0.474,0.205,0.191,0.13
247,41.11205715685245,1000,0.28989514034621183,0.0009020982189251753,1.5769726000237148,0.227,0.416,0.194,0.163
248,-132.75617299617588,515,0.2884513340134756,0.0008958905792870631,1.6136787297044954,0.12233009708737864,0.14951456310679612,0.5533980582524272,0.17475728155339806
249,152.5305443066733,1000,0.2870147184764318,0.000889725656494044,1.6293331689210997,0.502,0.128,0.215,0.155
250,104.16691174305966,1000,0.28558525792172956,0.0008836031565972163,1.6047673711826023,0.235,0.318,0.241,0.206
251,36.07128104682559,1000,0.2841629167143845,0.0008775227876704388,1.6239969600295112,0.315,0.301,0.257,0.127
252,-12.687838036358727,198,0.28274765939689017,0.0008714842597964118,1.651705946092342,0.15151515151515152,0.1919191919191919,0.4898989898989899,0.16666666666666666
253,-100.5003976725589,656,0.28133945068833427,0.0008654872850528536,1.5813365717438161,0.11432926829268293,0.24542682926829268,0.5213414634146342,0.11890243902439024
254,-61.67072814827051,141,0.2799382554835191,0.000859531577498772,1.6013475430900508,0.16312056737588654,0.20567375886524822,0.45390070921985815,0.1773049645390071
255,19.849673025260973,1000,0.2785440388520863,0.0008536168531608304,1.616994499453217,0.252,0.293,0.254,0.201
256,-10.853574914585536,145,0.27715676603764633,0.0008477428300198077,1.6407965166793865,0.12413793103448276,0.18620689655172415,0.5172413793103449,0.1724137931034483
257,28.35655701840568,165,0.27577640245691176,0.0008419092279971516,1.5948896292884287,0.16363636363636364,0.15757575757575756,0.5454545454545454,0.13333333333333333
258,-30.346125238114197,130,0.2744029136988354,0.0008361157689416238,1.627931603733807,0.16923076923076924,0.13076923076923078,0.5461538461538461,0.15384615384615385
259,-14.385167998617604,104,0.2730362655237522,0.0008303621766160378,1.5491614601433847,0.08653846153846154,0.20192307692307693,0.46153846153846156,0.25
260,60.09239385146314,1000,0.2716764238625259,0.0008246481766840876,1.5505644049226894,0.329,0.176,0.342,0.153
261,-336.8836593736138,533,0.2703233548156995,0.000818973496697267,1.5562516456281281,0.23452157598499063,0.1200750469043152,0.3808630393996248,0.26454033771106944
262,-15.67045923759632,1000,0.2689770246526506,0.0008133378660818794,1.5287944062913401,0.287,0.23,0.256,0.227
263,98.77045535139048,1000,0.26763739981075,0.0008077410161261361,1.5511475123358647,0.512,0.104,0.244,0.14
264,-10.743856284203758,134,0.2663044468945255,0.0008021826799673441,1.5234643914945059,0.291044776119403,0.1417910447761194,0.4253731343283582,0.1417910447761194
265,35.2551581651677,1000,0.2649781326748289,0.000796662592579182,1.5730164455871807,0.258,0.245,0.235,0.262
266,46.151326270232644,1000,0.26365842408800805,0.000791180490759063,1.6154588221363417,0.406,0.203,0.264,0.127
267,102.93025597560063,1000,0.26234528823508246,0.0007857361131155856,1.6088734621232412,0.521,0.145,0.189,0.145
268,5.887413315929777,98,0.2610386923809231,0.0007803292000560697,1.6088429690428894,0.061224489795918366,0.23469387755102042,0.5408163265306123,0.16326530612244897
269,-30.756136310410454,85,0.25973860395343634,0.0007749594937741795,1.638800413235217,0.16470588235294117,0.18823529411764706,0.43529411764705883,0.21176470588235294
270,-38.733751103406675,144,0.25844499054275216,0.0007696267382376308,1.579615108864199,0.1597222222222222,0.1388888888888889,0.5555555555555556,0.14583333333333334
271,113.81647009715282,1000,0.257157819900416,0.0007643306791759831,1.5569067525921205,0.388,0.369,0.15,0.093
272,59.461096389169924,1000,0.2558770599385848,0.0007590710640685158,1.5420077197020017,0.233,0.232,0.242,0.293
273,195.7861368627223,354,0.25460267872922737,0.0007538476421321883,1.5348952176673685,0.211864406779661,0.3644067796610169,0.288135593220339,0.13559322033898305
274,121.91446437366707,1000,0.25333464450332815,0.0007486601643096816,1.484424397203131,0.506,0.125,0.203,0.166
275,-98.03036628572406,500,0.25207292565009537,0.0007435083832575234,1.5310017535660614,0.13,0.164,0.51,0.196
276,132.10910073594943,1000,0.25081749071617304,0.0007383920533342948,1.5272375547943744,0.508,0.108,0.224,0.16
277,-26.659130070984062,169,0.24956830840485686,0.0007333109305889175,1.5046101346091585,0.10650887573964497,0.17751479289940827,0.5443786982248521,0.17159763313609466
278,-11.037324117473688,1000,0.2483253475753139,0.0007282647727490224,1.5007019338698524,0.267,0.144,0.405,0.184
279,168.8729798271042,872,0.24708857724180652,0.0007232533392093973,1.4660125001728983,0.48853211009174313,0.24541284403669725,0.19495412844036697,0.07110091743119266
280,249.68379803541407,334,0.24585796657291967,0.0007182763910205153,1.4440982012104573,0.26047904191616766,0.18263473053892215,0.3323353293413174,0.2245508982035928
281,-17.873317694626692,135,0.24463348489079248,0.0007133336908771411,1.4518388773713153,0.07407407407407407,0.22962962962962963,0.4740740740740741,0.2222222222222222
282,16.206940307876785,1000,0.2434151016703534,0.0007084250031070158,1.4460883713382773,0.279,0.187,0.342,0.192
283,54.069114163502036,1000,0.2422027865385593,0.0007035500936596204,1.4443751835949825,0.497,0.146,0.232,0.125
284,-33.358433288523955,200,0.24099650927363828,0.0006987087300950158,1.457719733259092,0.155,0.1,0.575,0.17
285,-80.83709753866663,293,0.2397962398043362,0.0006939006815727599,1.459994239029906,0.13651877133105803,0.17064846416382254,0.5324232081911263,0.16040955631399317
286,56.48894400117284,1000,0.23860194820916716,0.0006891257188409008,1.4396732066469955,0.307,0.128,0.203,0.362
287,-115.27939086880527,108,0.2374136047156675,0.0006843836142250461,1.4548220507328684,0.16666666666666666,0.16666666666666666,0.4074074074074074,0.25925925925925924
288,193.25989800331143,588,0.23623117969965363,0.000679674141617507,1.4376083264745576,0.34523809523809523,0.18877551020408162,0.33843537414965985,0.12755102040816327
289,34.8499818967133,1000,0.23505464368448353,0.0006749970764665174,1.4245120621499041,0.232,0.502,0.177,0.089
290,-19.31405037465882,143,0.23388396734032196,0.0006703521957655269,1.412745214216531,0.0979020979020979,0.15384615384615385,0.4825174825174825,0.26573426573426573
291,-19.125257916680383,182,0.23271912148340923,0.000665739278042568,1.386875047815761,0.14285714285714285,0.22527472527472528,0.43956043956043955,0.19230769230769232
292,9.901578003899312,1000,0.2315600770753337,0.0006611581033496956,1.4633392292113296,0.191,0.242,0.422,0.145
293,1.4723675000400203,1000,0.2304068052223079,0.0006566084532525002,1.4715586557451925,0.142,0.177,0.487,0.194
294,-30.132159786196475,1000,0.22925927717444824,0.0006520901108196926,1.508706799541191,0.199,0.167,0.457,0.177
295,-137.2966788685157,96,0.22811746432505836,0.0006476028606127603,1.4630042959446976,0.0625,0.25,0.28125,0.40625
296,202.643569877631,410,0.2269813382099158,0.0006431464886756951,1.5123693225708832,0.2804878048780488,0.22682926829268293,0.35121951219512193,0.14146341463414633
297,-109.4788519690382,122,0.2258508705065627,0.000638720782524792,1.4781233714434892,0.2540983606557377,0.14754098360655737,0.36885245901639346,0.22950819672131148
298,-21.868761533498954,1000,0.22472603303359945,0.0006343255311385171,1.510273920601677,0.228,0.151,0.472,0.149
299,194.03276370863324,957,0.2236067977499824,0.0006299605249474466,1.4766168623482998,0.13375130616509928,0.5297805642633229,0.17136886102403343,0.16509926854754442
300,-28.510935390111072,99,0.22249313675432472,0.0006256255558242739,1.4721385618755982,0.24242424242424243,0.21212121212121213,0.36363636363636365,0.18181818181818182
301,-19.43088044859654,123,0.22138502228420082,0.0006213204170738859,1.4839530185563903,0.11382113821138211,0.1951219512195122,0.5121951219512195,0.17886178861788618
302,96.86777011445947,1000,0.22028242671545434,0.000617044903423508,1.4913392694389898,0.373,0.195,0.229,0.203
303,26.369015605099776,123,0.21918532256150944,0.0006127988110129158,1.5375629670583575,0.17886178861788618,0.0975609756097561,0.5934959349593496,0.13008130081300814
304,-86.60277063338593,110,0.21809368247268562,0.0006085819373847157,1.5446779763795888,0.11818181818181818,0.2818181818181818,0.2909090909090909,0.3090909090909091
305,13.470022457023632,109,0.21700747923551592,0.0006043940814746911,1.4732638889461152,0.05504587155963303,0.21100917431192662,0.4954128440366973,0.23853211009174313
306,-90.40639234439595,95,0.2159266857720685,0.0006002350436022153,1.526666792318062,0.15789473684210525,0.25263157894736843,0.2736842105263158,0.3157894736842105
307,-154.770284777561,117,0.21485127513927166,0.0005961046254607311,1.498929372670394,0.07692307692307693,0.1794871794871795,0.4358974358974359,0.3076923076923077
308,2.0143837715102393,99,0.21378122052824208,0.0005920026301082949,1.4756172056142998,0.18181818181818182,0.21212121212121213,0.3838383838383838,0.2222222222222222
309,22.79086624358999,166,0.21271649526361663,0.0005879288619581864,1.5073986195067333,0.10843373493975904,0.14457831325301204,0.5903614457831325,0.1566265060240964
310,207.0203714782436,861,0.21165707280288729,0.0005838831267695832,1.477909421488765,0.21254355400696864,0.5110336817653891,0.15098722415795587,0.1254355400696864
311,24.389478417871686,122,0.2106029267357395,0.0005798652316382989,1.4073215504300327,0.13934426229508196,0.1557377049180328,0.5737704918032787,0.13114754098360656
312,35.86014879757556,138,0.20955403078339377,0.0005758749849875851,1.4834605948190618,0.13043478260869565,0.15217391304347827,0.5289855072463768,0.18840579710144928
313,-72.92305834768501,130,0.2085103587979506,0.0005719121965589974,1.4216533987682756,0.2,0.13846153846153847,0.5076923076923077,0.15384615384615385
314,236.49765071759091,789,0.20747188476173858,0.0005679766774033234,1.4194783506253734,0.4879594423320659,0.29277566539923955,0.14068441064638784,0.07858048162230671
315,-90.23602725511519,92,0.2064385827866659,0.0005640682398715733,1.387140018364936,0.09782608695652174,0.32608695652173914,0.2608695652173913,0.31521739130434784
316,256.1494675759958,277,0.20541042711357488,0.0005601866976060327,1.4153206469805806,0.26714801444043323,0.1407942238267148,0.47653429602888087,0.11552346570397112
317,79.01736883741678,1000,0.2043873921115999,0.0005563318655313771,1.4292709821221752,0.461,0.32,0.145,0.074
318,15.481189598454847,168,0.20336945227752837,0.0005525035598458474,1.4354856546988022,0.08928571428571429,0.16666666666666666,0.5416666666666666,0.20238095238095238
319,121.13647318261216,1000,0.20235658223516506,0.0005487015980124855,1.4209272530086434,0.453,0.141,0.278,0.128
320,42.20584098287196,206,0.2013487567346994,0.0005449257987504316,1.3830272367394585,0.18932038834951456,0.0970873786407767,0.558252427184466,0.1553398058252427
321,-18.0995375867641,127,0.20034595065207608,0.0005411759820262798,1.457458686861984,0.14960629921259844,0.2283464566929134,0.41732283464566927,0.2047244094488189
322,245.50911037546084,847,0.19934813898836876,0.0005374519690454946,1.42199675339276,0.46871310507674147,0.21369539551357733,0.19834710743801653,0.1192443919716647
323,36.51646555843057,1000,0.1983552968691568,0.000533753582243885,1.415258017511272,0.299,0.276,0.315,0.11
324,27.405432545960608,155,0.1973673995439052,0.0005300806452791393,1.4409566581484123,0.17419354838709677,0.1935483870967742,0.4838709677419355,0.14838709677419354
325,3.268785371249095,106,0.19638442238534762,0.0005264329830224157,1.4561931251218823,0.11320754716981132,0.1792452830188679,0.6226415094339622,0.08490566037735849
326,-23.329942424636187,217,0.19540634088887243,0.0005228104215499929,1.4398868281148471,0.16129032258064516,0.14285714285714285,0.5391705069124424,0.15668202764976957
327,133.69390275781285,1000,0.1944331306719118,0.0005192127881349766,1.4491614680864928,0.457,0.25,0.204,0.089
328,26.705550120137417,207,0.19346476747333397,0.0005156399112390642,1.4392996252249879,0.14009661835748793,0.18840579710144928,0.4927536231884058,0.178743961352657
329,-16.808774203359466,1000,0.19250122715283827,0.0005120916205043656,1.4610944064737692,0.3,0.164,0.374,0.162
330,199.73735570544062,765,0.19154248569035348,0.0005085677467452802,1.468726996964676,0.5098039215686274,0.2954248366013072,0.12156862745098039,0.07320261437908497
331,-66.65940540345699,90,0.190588519185439,0.0005050681219404303,1.410395933316652,0.18888888888888888,0.16666666666666666,0.4222222222222222,0.2222222222222222
332,-109.39037883282002,391,0.18963930385668903,0.0005015925792246494,1.4314444997176103,0.24808184143222506,0.14578005115089515,0.391304347826087,0.21483375959079284
333,-55.23244589500438,512,0.18869481604113966,0.000498140952881026,1.5078236283822346,0.1875,0.19140625,0.35546875,0.265625
334,10.964624953441103,199,0.1877550321936791,0.0004947130783330022,1.4850872874239343,0.1658291457286432,0.135678391959799,0.5276381909547738,0.1708542713567839
335,-33.16557696886251,83,0.18681992888646057,0.0004913087921365264,1.5016769000957382,0.0963855421686747,0.12048192771084337,0.46987951807228917,0.3132530120481928
336,4.121811308935818,251,0.18588948280831843,0.00048792793197226003,1.5057777282265652,0.12749003984063745,0.18326693227091634,0.49800796812749004,0.19123505976095617
337,-63.61220283122985,112,0.18496367076418696,0.0004845703366378385,1.4827388021190058,0.10714285714285714,0.29464285714285715,0.26785714285714285,0.33035714285714285
338,8.943811686463135,139,0.18404246967452215,0.0004812358460401845,1.499508404946906,0.07913669064748201,0.17266187050359713,0.5251798561151079,0.22302158273381295
339,-29.505888330384295,95,0.18312585657472633,0.0004779243011878747,1.494555466324488,0.031578947368421054,0.21052631578947367,0.4105263157894737,0.3473684210526316
340,-269.6006268421453,97,0.18221380861457573,0.00047463554418355894,1.474457232726317,0.07216494845360824,0.2268041237113402,0.05154639175257732,0.6494845360824743
341,-52.66578871976492,150,0.18130630305765083,0.0004713694182164316,1.4888347311381596,0.17333333333333334,0.16666666666666666,0.48,0.18
342,-88.6239662701099,100,0.18040331728076958,0.0004681257675547547,1.4955279803876487,0.06,0.21,0.36,0.37
343,222.98744854408665,235,0.17950482877342336,0.00046490443753843233,1.4872055962976034,0.32340425531914896,0.16595744680851063,0.3702127659574468,0.14042553191489363
344,142.81702226098764,1000,0.17861081513721588,0.00046170527457163656,1.5196810427929468,0.571,0.119,0.153,0.157
345,-212.28839434240484,109,0.17772125408530481,0.00045852812611548366,1.4766082793174198,0.1651376146788991,0.12844036697247707,0.3302752293577982,0.3761467889908257
346,-13.172959073776738,142,0.17683612344184615,0.00045537284068076107,1.5008660044746511,0.056338028169014086,0.1619718309859155,0.5422535211267606,0.23943661971830985
347,215.10031456149443,255,0.17595540114144145,0.0004522392678207041,1.5026394653212394,0.3176470588235294,0.24705882352941178,0.32941176470588235,0.10588235294117647
348,-121.63564180391593,80,0.17507906522858774,0.0004491272581238226,1.4728309039818928,0.0875,0.1875,0.3375,0.3875
349,-111.91262203708055,104,0.17420709385713018,0.00044603666320677695,1.4795111326104378,0.125,0.16346153846153846,0.41346153846153844,0.2980769230769231
350,-90.94411719305248,85,0.17333946528971744,0.0004429673357073028,1.4845515486467125,0.17647058823529413,0.17647058823529413,0.35294117647058826,0.29411764705882354
351,-4.590326460630735,155,0.1724761578972599,0.00043991912927718486,1.4802768187237698,0.12258064516129032,0.1032258064516129,0.5548387096774193,0.21935483870967742
352,-217.3045617395496,79,0.17161715015839032,0.00043689189857527903,1.499425894367966,0.06329113924050633,0.24050632911392406,0.16455696202531644,0.5316455696202531
353,-143.07450094470784,171,0.1707624206589275,0.00043388549926058205,1.5157016209466765,0.15204678362573099,0.16374269005847952,0.36257309941520466,0.3216374269005848
354,-41.86559893540125,149,0.16991194809134227,0.0004308997879853495,1.5554895082988371,0.174496644295302,0.12080536912751678,0.46308724832214765,0.24161073825503357
355,-114.87405699297324,91,0.16906571125422645,0.0004279346223882607,1.5310317395094557,0.10989010989010989,0.17582417582417584,0.31868131868131866,0.3956043956043956
356,-115.72180272696072,88,0.16822368905176427,0.00042498986108763085,1.5316716358012317,0.056818181818181816,0.1590909090909091,0.38636363636363635,0.3977272727272727
357,-243.36929902287562,127,0.16738586049320645,0.00042206536367466987,1.5291918816402812,0.18110236220472442,0.2047244094488189,0.25984251968503935,0.3543307086614173
358,-208.54448284463683,86,0.16655220469234697,0.00041916099070678746,1.528571571218008,0.11627906976744186,0.1744186046511628,0.13953488372093023,0.5697674418604651
359,-42.03515452525355,153,0.1657227008670024,0.0004162766037009445,1.534643394630061,0.06535947712418301,0.16339869281045752,0.5098039215686274,0.26143790849673204
360,-4.0030600883388985,164,0.16489732833849374,0.00041341206512705,1.5127185608831477,0.2073170731707317,0.15853658536585366,0.3780487804878049,0.25609756097560976
361,-198.41573201008475,116,0.16407606653113102,0.00041056723840140346,1.5361915581217942,0.1724137931034483,0.07758620689655173,0.4396551724137931,0.3103448275862069
362,-194.81692250447807,79,0.16325889497170032,0.00040774198788018254,1.561420959392638,0.11392405063291139,0.25316455696202533,0.08860759493670886,0.5443037974683544
363,-86.8935733540584,84,0.16244579328895342,0.00040493617885297545,1.520360708019839,0.11904761904761904,0.14285714285714285,0.35714285714285715,0.38095238095238093
364,-164.3999798131773,140,0.16163674121309993,0.00040214967753635783,1.5409611568786243,0.32142857142857145,0.07857142857142857,0.32857142857142857,0.2714285714285714
365,24.78963418389519,106,0.16083171857530196,0.00039938235106751376,1.5161907921376532,0.2169811320754717,0.2358490566037736,0.05660377358490566,0.49056603773584906
366,-125.2339642655402,78,0.16003070530717145,0.0003966340674979008,1.524987206933303,0.07692307692307693,0.19230769230769232,0.2564102564102564,0.47435897435897434
367,-49.78040601272488,128,0.1592336814402698,0.0003939046957869587,1.5056072491557164,0.25,0.1015625,0.453125,0.1953125
368,-209.38965354582365,66,0.15844062710561005,0.000391194105795861,1.4948182865426933,0.09090909090909091,0.2727272727272727,0.045454545454545456,0.5909090909090909
369,-258.1600952714006,67,0.15765152253316161,0.00038850216828131004,1.5317386052547137,0.16417910447761194,0.05970149253731343,0.1791044776119403,0.5970149253731343
370,-101.78935619958828,104,0.15686634805135746,0.00038582875488937465,1.5211464850591574,0.21153846153846154,0.15384615384615385,0.4230769230769231,0.21153846153846154
371,-147.15830165189288,66,0.15608508408660363,0.00038317373814936997,1.486056961727902,0.3333333333333333,0.12121212121212122,0.030303030303030304,0.5151515151515151
372,-79.55474135171647,115,0.15530771116279135,0.00038053699146777946,1.5774379916709376,0.19130434782608696,0.17391304347826086,0.3652173913043478,0.26956521739130435
373,-316.37647799155536,104,0.15453420990081157,0.000377918389122219,1.5474518840045446,0.47115384615384615,0.15384615384615385,0.125,0.25
374,-135.62858278906734,82,0.1537645610180717,0.0003753178062554423,1.5803653786657,0.06097560975609756,0.2804878048780488,0.2073170731707317,0.45121951219512196
375,-222.86624017900976,86,0.15299874532801508,0.00037273511886938744,1.5652600503341243,0.4186046511627907,0.1511627906976744,0.06976744186046512,0.36046511627906974
376,-74.28233643432291,99,0.15223674373964258,0.0003701702038192647,1.5892538304828994,0.10101010101010101,0.1414141414141414,0.4444444444444444,0.31313131313131315
377,-154.12048103444096,89,0.15147853725703672,0.0003676229388076849,1.527740492749086,0.20224719101123595,0.10112359550561797,0.33707865168539325,0.3595505617977528
378,-78.12660923399567,131,0.1507241069788881,0.0003650932023788281,1.5347201184106662,0.09923664122137404,0.16030534351145037,0.3893129770992366,0.3511450381679389
379,-218.26236706042658,116,0.14997343409802424,0.00036258087391265236,1.5226737547103781,0.19827586206896552,0.1810344827586207,0.19827586206896552,0.4224137931034483
380,-338.14919097386326,66,0.1492264999009407,0.00036008583361914274,1.5375637647728797,0.10606060606060606,0.09090909090909091,0.015151515151515152,0.7878787878787878
381,-170.72029377351333,140,0.14848328576733458,0.0003576079625325995,1.5498402180896886,0.11428571428571428,0.17857142857142858,0.29285714285714287,0.4142857142857143
382,-161.6662915488895,56,0.14774377316964035,0.0003551471425059655,1.522095655860395,0.03571428571428571,0.17857142857142858,0.10714285714285714,0.6785714285714286
383,-338.3029336607899,70,0.147007943672568,0.00035270325620519324,1.5262003626405367,0.3142857142857143,0.07142857142857142,0.02857142857142857,0.5857142857142857
384,-275.48771228328724,129,0.14627577893264343,0.00035027618710364985,1.5391759353471581,0.10077519379844961,0.20155038759689922,0.26356589147286824,0.43410852713178294
385,-17.229998535798657,128,0.14554726069775115,0.00034786581947656136,1.5486195061498305,0.15625,0.1953125,0.4609375,0.1875
386,150.50836342546333,1000,0.1448223708066793,0.0003454720383954946,1.5583415923449693,0.651,0.177,0.11,0.062
387,-223.5959261930614,70,0.14410109118866696,0.00034309472972287745,1.6396126261422697,0.07142857142857142,0.21428571428571427,0.04285714285714286,0.6714285714285714
388,-237.43760417031055,108,0.14338340386295353,0.0003407337801065566,1.5918494030101815,0.05555555555555555,0.1388888888888889,0.3611111111111111,0.4444444444444444
389,-223.50838430918913,97,0.1426692909383306,0.00033838907697439276,1.614518986149158,0.3402061855670103,0.08247422680412371,0.27835051546391754,0.29896907216494845
390,-65.97544585563517,138,0.14195873461269595,0.00033606050852889326,1.5965717004578683,0.10869565217391304,0.13768115942028986,0.4782608695652174,0.2753623188405797
391,-115.1401590387805,77,0.14125171717260968,0.0003337479637418814,1.5896169433317513,0.09090909090909091,0.2597402597402597,0.18181818181818182,0.4675324675324675
392,-226.36757028093245,66,0.1405482209928527,0.00033145133234920243,1.5805976248753313,0.13636363636363635,0.22727272727272727,0.12121212121212122,0.5151515151515151
393,-253.70566942416113,83,0.13984822853598727,0.0003291705048454662,1.6364374977599545,0.18072289156626506,0.13253012048192772,0.21686746987951808,0.46987951807228917
394,-229.60528431012355,80,0.13915172235191997,0.0003269053724788257,1.565060290818835,0.25,0.1875,0.075,0.4875
395,-201.7526327548873,101,0.13845868507746648,0.0003246558272457919,1.5666917851236395,0.09900990099009901,0.10891089108910891,0.38613861386138615,0.40594059405940597
396,-270.445332073358,105,0.1377690994359189,0.0003224217618860838,1.592866771636835,0.3619047619047619,0.08571428571428572,0.21904761904761905,0.3333333333333333
397,-162.78179739802516,105,0.13708294823661493,0.00032020306987751433,1.5818852820596048,0.1619047619047619,0.14285714285714285,0.3333333333333333,0.3619047619047619
398,-35.55185848131909,135,0.13640021437450947,0.0003179996454309112,1.582152862358099,0.18518518518518517,0.17037037037037037,0.28888888888888886,0.35555555555555557
399,-62.56303474869863,163,0.1357208808297481,0.0003158113834850728,1.5836868008827694,0.1165644171779141,0.20245398773006135,0.3987730061349693,0.2822085889570552
400,-204.74725149511715,69,0.13504493066724277,0.0003136381797017588,1.5910543889233069,0.18840579710144928,0.17391304347826086,0.15942028985507245,0.4782608695652174
401,256.2982801298408,613,0.13437234703624976,0.0003114799304607153,1.6290781574201343,0.5562805872756933,0.0864600326264274,0.15823817292006526,0.19902120717781402
402,-74.00210421513364,200,0.13370311316994946,0.0003093365328547338,1.6354330064410163,0.09,0.15,0.495,0.265
403,-141.31653834199778,178,0.1330372123850285,0.000307207884684745,1.6381312796486218,0.25280898876404495,0.16853932584269662,0.4157303370786517,0.16292134831460675
404,-105.29513403279675,107,0.13237462808126377,0.0003050938844549454,1.6480187584230868,0.06542056074766354,0.2897196261682243,0.24299065420560748,0.40186915887850466
405,-201.66517659963765,67,0.13171534374110866,0.0003029944313679582,1.6057376968859405,0.14925373134328357,0.07462686567164178,0.2835820895522388,0.4925373134328358
406,-246.1806536241787,73,0.13105934292928123,0.0003009094253200269,1.620299255173802,0.3287671232876712,0.1506849315068493,0.1095890410958904,0.410958904109589
407,-319.5431826002874,106,0.1304066092923546,0.00029883876689624264,1.636425514247273,0.19811320754716982,0.16037735849056603,0.27358490566037735,0.36792452830188677
408,-339.0350669873259,58,0.12975712655834912,0.0002967823573658037,1.646561235894614,0.20689655172413793,0.05172413793103448,0.10344827586206896,0.6379310344827587
409,-156.06029782810924,89,0.12911087853632688,0.0002947400986773081,1.641951388159927,0.2696629213483146,0.14606741573033707,0.1348314606741573,0.449438202247191
410,-216.40224020805093,114,0.128467849115988,0.00029271189345407827,1.6309061449519713,0.14035087719298245,0.21929824561403508,0.20175438596491227,0.43859649122807015
411,-130.4976909692138,72,0.12782802226726903,0.0002906976449895182,1.6091415112713818,0.4861111111111111,0.125,0.125,0.2638888888888889
412,-162.57736820693202,81,0.12719138203994332,0.0002886972572425023,1.5878902120221319,0.08641975308641975,0.25925925925925924,0.1111111111111111,0.5432098765432098
413,-181.67173180170687,71,0.1265579125632235,0.00028671063483279606,1.6300232347571308,0.14084507042253522,0.19718309859154928,0.19718309859154928,0.4647887323943662
414,-219.99354132331388,73,0.12592759804536563,0.00028473768303650834,1.635829614561048,0.1917808219178082,0.0958904109589041,0.2465753424657534,0.4657534246575342
415,-88.96537583756916,111,0.1253004227732758,0.0002827783077815747,1.6451344945468604,0.11711711711711711,0.21621621621621623,0.3063063063063063,0.36036036036036034
416,-225.46772498060668,123,0.12467637111211817,0.0002808324156432722,1.6245226371903947,0.056910569105691054,0.15447154471544716,0.35772357723577236,0.43089430894308944
417,-289.25292402407104,88,0.12405542750492535,0.0002788999138397645,1.6784601476753798,0.07954545454545454,0.20454545454545456,0.14772727272727273,0.5681818181818182
418,-274.8215773325447,79,0.12343757647221056,0.0002769807102276782,1.788309015608722,0.13924050632911392,0.12658227848101267,0.24050632911392406,0.4936708860759494
419,-290.3215788340515,86,0.1228228026115817,0.00027507471329770924,1.7532043920528535,0.313953488372093,0.08139534883720931,0.1744186046511628,0.43023255813953487
420,-161.23975553417262,68,0.12221109059735742,0.0002731818321702598,1.7653809700197618,0.11764705882352941,0.22058823529411764,0.11764705882352941,0.5441176470588235
421,-262.95646687531985,68,0.12160242518018508,0.00027130197659110486,1.7827962976264955,0.07352941176470588,0.10294117647058823,0.25,0.5735294117647058
422,-207.8789682772612,65,0.12099679118666054,0.00026943505692708896,1.7938925787256312,0.3076923076923077,0.09230769230769231,0.18461538461538463,0.4153846153846154
423,-348.1490993337758,94,0.12039417351894997,0.00026758098416185234,1.7675816790845424,0.2127659574468085,0.10638297872340426,0.2978723404255319,0.3829787234042553
424,-168.86230501835212,58,0.11979455715441345,0.0002657396698915866,1.7564502848326817,0.06896551724137931,0.1724137931034483,0.22413793103448276,0.5344827586206896
425,-325.1069681809252,71,0.11919792714523043,0.00026391102632081963,1.7399996003952056,0.056338028169014086,0.2676056338028169,0.056338028169014086,0.6197183098591549
426,-253.00859882212234,85,0.11860426861802718,0.0002620949662582292,1.7599669748982478,0.10588235294117647,0.2,0.25882352941176473,0.43529411764705883
427,-276.0091628150666,99,0.11801356677350594,0.0002602914031124857,1.7855153260513852,0.21212121212121213,0.15151515151515152,0.2828282828282828,0.35353535353535354
428,-268.25724910512747,93,0.11742580688607601,0.00025850025088812364,1.7435387110876805,0.26881720430107525,0.22580645161290322,0.03225806451612903,0.4731182795698925
429,-268.80861601919366,102,0.11684097430348667,0.00025672142418144085,1.7581374847406734,0.11764705882352941,0.21568627450980393,0.18627450980392157,0.4803921568627451
430,-307.17591431408573,91,0.1162590544464619,0.00025495483817642676,1.7648007495302982,0.27472527472527475,0.17582417582417584,0.0989010989010989,0.45054945054945056
431,-382.41553003026104,84,0.11568003280833696,0.00025320040864071813,1.7444634524556664,0.20238095238095238,0.19047619047619047,0.11904761904761904,0.4880952380952381
432,-144.13458121301693,69,0.1151038949546967,0.00025145805192158273,1.7296148958279998,0.15942028985507245,0.18840579710144928,0.2028985507246377,0.4492753623188406
433,-194.09024234519785,126,0.11453062652301578,0.00024972768494193085,1.7352642642632685,0.23015873015873015,0.24603174603174602,0.2777777777777778,0.24603174603174602
434,-368.65461490761504,77,0.1139602132223006,0.00024800922519635396,1.6976367807092476,0.11688311688311688,0.23376623376623376,0.09090909090909091,0.5584415584415584
435,-272.11767541859194,82,0.11339264083273302,0.00024630259074719086,1.7735193972471692,0.2682926829268293,0.12195121951219512,0.23170731707317074,0.3780487804878049
436,-302.3557225498575,81,0.11282789520531596,0.0002446077002206208,1.7918073540686432,0.16049382716049382,0.18518518518518517,0.13580246913580246,0.5185185185185185
437,-340.3599842556332,101,0.11226596226152054,0.00024292447280278354,1.7698557868655203,0.33663366336633666,0.2871287128712871,0.13861386138613863,0.2376237623762376
438,-110.42678434945037,131,0.11170682799293526,0.00024125282823592606,1.7649346090438254,0.183206106870229,0.20610687022900764,0.2748091603053435,0.33587786259541985
439,-277.7269944135912,58,0.11115047846091669,0.00023959268681457576,1.7411195557796477,0.1206896551724138,0.0,0.1896551724137931,0.6896551724137931
440,-55.705769667775556,122,0.11059689979624203,0.00023794396938174006,1.7746888956714193,0.12295081967213115,0.22131147540983606,0.3770491803278688,0.2786885245901639
441,-213.20938044250363,88,0.11004607819876336,0.00023630659732513216,2.0265870978273983,0.14772727272727273,0.23863636363636365,0.125,0.48863636363636365
442,-358.7051641467174,74,0.1094979999370636,0.00023468049257342264,2.003674200285196,0.4189189189189189,0.08108108108108109,0.08108108108108109,0.4189189189189189
443,-181.0883038790466,53,0.10895265134811426,0.00023306557759251707,1.948289662101139,0.05660377358490566,0.2830188679245283,0.09433962264150944,0.5660377358490566
444,-239.4024683234986,73,0.10841001883693473,0.0002314617753818591,1.9767302436555347,0.1643835616438356,0.1917808219178082,0.2054794520547945,0.4383561643835616
445,-267.24361400616567,56,0.10787008887625348,0.00022986900947075884,2.0346282839524172,0.08928571428571429,0.19642857142857142,0.17857142857142858,0.5357142857142857
446,-272.8163978895584,74,0.10733284800617075,0.00022828720391474694,1.9776189529742558,0.24324324324324326,0.16216216216216217,0.12162162162162163,0.47297297297297297
447,-391.8550112630721,96,0.10679828283382309,0.00022671628329195328,2.010347932969923,0.2708333333333333,0.10416666666666667,0.1875,0.4375
448,-355.2025332697435,74,0.10626638003304942,0.00022515617269951084,2.0009813329029416,0.25675675675675674,0.10810810810810811,0.04054054054054054,0.5945945945945946
449,-265.03037332806247,77,0.10573712634405887,0.00022360679774998437,1.9790230202181451,0.15584415584415584,0.24675324675324675,0.06493506493506493,0.5324675324675324
450,-136.33261264237905,106,0.10521050857310017,0.00022206808456782335,1.9885276219054144,0.16981132075471697,0.1792452830188679,0.3018867924528302,0.3490566037735849
451,-257.0242697161831,68,0.10468651359213282,0.0002205399597858397,1.969084256560726,0.27941176470588236,0.11764705882352941,0.16176470588235295,0.4411764705882353
452,-495.90400619341705,88,0.10416512833849978,0.0002190223505417095,1.9640800173632895,0.022727272727272728,0.10227272727272728,0.22727272727272727,0.6477272727272727
453,-218.81697285421137,117,0.1036463398146018,0.0002175151844744988,2.016051946643532,0.358974358974359,0.1452991452991453,0.1623931623931624,0.3333333333333333
454,-275.874628275172,90,0.1031301350875735,0.00021601838972121353,1.9594870975174148,0.32222222222222224,0.14444444444444443,0.13333333333333333,0.4
455,-272.06114223819725,97,0.10261650128896083,0.00021453189491337288,1.9938366970449108,0.23711340206185566,0.14432989690721648,0.1958762886597938,0.422680412371134
456,-106.52236548335273,75,0.10210542561440039,0.00021305562917360642,2.034878858004596,0.08,0.3466666666666667,0.10666666666666667,0.4666666666666667
457,-280.12930875853874,61,0.10159689532330018,0.00021158952211227465,2.0089722394081324,0.14754098360655737,0.03278688524590164,0.22950819672131148,0.5901639344262295
458,-255.61741973942753,56,0.10109089773852199,0.0002101335038241127,2.042553706903931,0.42857142857142855,0.05357142857142857,0.03571428571428571,0.48214285714285715
459,-255.48050679975523,55,0.10058742024606539,0.00020868750488489723,1.9572409475269896,0.4727272727272727,0.14545454545454545,0.0,0.38181818181818183
460,-226.879244340671,92,0.10008645029475326,0.00020725145634813618,1.992159431632837,0.2826086956521739,0.13043478260869565,0.22826086956521738,0.358695652173913
461,-152.07211282876335,92,0.09958797539591889,0.00020582528974178143,2.003464244653132,0.32608695652173914,0.25,0.043478260869565216,0.3804347826086957
462,-143.87903573805568,89,0.0990919831230947,0.00020440893706496387,1.9323692901165943,0.2247191011235955,0.19101123595505617,0.24719101123595505,0.33707865168539325
463,-281.51372514736994,107,0.09859846111170241,0.00020300233078475116,1.9975227862266869,0.2523364485981308,0.18691588785046728,0.14953271028037382,0.411214953271028
464,-266.1356641209019,74,0.09810739705874481,0.00020160540383292762,1.9987997874184618,0.10810810810810811,0.2702702702702703,0.08108108108108109,0.5405405405405406
465,-273.23121551767025,60,0.0976187787224991,0.00020021808960279643,2.022743320603643,0.3,0.15,0.08333333333333333,0.4666666666666667
466,-334.9792699677122,87,0.09713259392221169,0.0001988403219460037,2.0687440430535133,0.25287356321839083,0.09195402298850575,0.19540229885057472,0.45977011494252873
467,-216.33522950840415,79,0.09664883053779448,0.00019747203516938454,2.097201299207118,0.1518987341772152,0.31645569620253167,0.02531645569620253,0.5063291139240507
468,26.692635705377015,108,0.09616747650952286,0.0001961131640318307,2.095965526173827,0.09259259259259259,0.19444444444444445,0.3888888888888889,0.32407407407407407
469,-170.4007625592517,54,0.09568851983773495,0.00019476364374117975,2.0790464915107383,0.2222222222222222,0.18518518518518517,0.05555555555555555,0.5370370370370371
470,-162.58115275382147,73,0.09521194858253253,0.0001934234099511259,2.0454405729097442,0.0684931506849315,0.3013698630136986,0.0684931506849315,0.5616438356164384
471,-57.38212543617455,111,0.09473775086348335,0.0001920923987581518,2.055914830645121,0.12612612612612611,0.1981981981981982,0.3153153153153153,0.36036036036036034
472,-262.5151931247412,55,0.09426591485932499,0.00019077054669848148,2.0677994818728274,0.18181818181818182,0.12727272727272726,0.2,0.4909090909090909
473,-207.59117853340996,93,0.09379642880767017,0.00018945779074505458,2.0937519415291703,0.13978494623655913,0.3225806451612903,0.043010752688172046,0.4946236559139785
474,-220.34042826143545,68,0.09332928100471348,0.00018815406830452095,2.0221176682693773,0.17647058823529413,0.20588235294117646,0.10294117647058823,0.5147058823529411
475,-80.15687928608438,126,0.09286445980493968,0.00018685931721425624,2.0718088511822486,0.12698412698412698,0.2222222222222222,0.2857142857142857,0.36507936507936506
476,-162.7640032180734,69,0.09240195362083334,0.00018557347573939793,2.0268043117383097,0.2318840579710145,0.2898550724637681,0.014492753623188406,0.463768115942029
477,-179.35660406214998,63,0.09194175092259001,0.0001842964825699017,2.037304113858107,0.15873015873015872,0.25396825396825395,0.09523809523809523,0.49206349206349204
478,-304.6785593188918,88,0.09148384023782877,0.00018302827681761824,2.063599296195916,0.23863636363636365,0.23863636363636365,0.10227272727272728,0.42045454545454547
479,-203.47560908393257,66,0.09102821015130624,0.00018176879801338986,2.0505607842865192,0.16666666666666666,0.12121212121212122,0.24242424242424243,0.4696969696969697
480,-120.97537039796508,84,0.09057484930463203,0.00018051798610416744,2.062524874422585,0.23809523809523808,0.17857142857142858,0.23809523809523808,0.34523809523809523
481,-100.8137874962519,92,0.09012374639598555,0.00017927578145014698,2.047911544465522,0.17391304347826086,0.18478260869565216,0.31521739130434784,0.32608695652173914
482,-329.422908325638,78,0.08967489017983431,0.00017804212482192588,2.1052052960938963,0.24358974358974358,0.10256410256410256,0.1282051282051282,0.5256410256410257
483,-217.97020870558538,55,0.08922826946665352,0.00017681695739767893,2.0474945746579856,0.2,0.12727272727272726,0.09090909090909091,0.5818181818181818
484,-326.1883935999512,96,0.08878387312264722,0.00017560022076035353,2.0269049510851493,0.3229166666666667,0.14583333333333334,0.10416666666666667,0.4270833333333333
485,-297.49482626462145,74,0.0883416900694707,0.00017439185689488443,2.0376576491374623,0.36486486486486486,0.0945945945945946,0.05405405405405406,0.4864864864864865
486,-220.35381289589714,97,0.08790170928395427,0.00017319180818542736,2.0467338678386877,0.18556701030927836,0.17525773195876287,0.1958762886597938,0.44329896907216493
487,-298.40223129568307,103,0.08746391979782855,0.000172000017412612,2.079189387888023,0.23300970873786409,0.13592233009708737,0.21359223300970873,0.4174757281553398
488,-130.11465209527773,88,0.08702831069745101,0.00017081642775081368,2.0559868914888946,0.10227272727272728,0.2727272727272727,0.18181818181818182,0.4431818181818182
489,-295.8028541692904,69,0.08659487112353387,0.00016964098276544382,2.0688821383641143,0.17391304347826086,0.13043478260869565,0.15942028985507245,0.5362318840579711
490,-365.6635809305404,74,0.08616359027087342,0.00016847362641025915,2.1376864486019387,0.12162162162162163,0.25675675675675674,0.02702702702702703,0.5945945945945946
491,-178.6117267657346,86,0.08573445738808068,0.00016731430302468933,2.1478502986565924,0.29069767441860467,0.19767441860465115,0.046511627906976744,0.46511627906976744
492,-348.8395487809348,71,0.08530746177731334,0.00016616295733118305,2.179517405870458,0.2676056338028169,0.16901408450704225,0.04225352112676056,0.5211267605633803
493,-466.13871907874335,94,0.0848825927940091,0.0001650195344325723,2.2075316427748315,0.18085106382978725,0.3191489361702128,0.07446808510638298,0.425531914893617
494,-218.15331384771866,55,0.08445983984662027,0.0001638839798094549,2.1590324174616304,0.18181818181818182,0.23636363636363636,0.03636363636363636,0.5454545454545454
495,-474.25582716889585,79,0.0840391923963498,0.00016275623931759483,2.171164821111348,0.17721518987341772,0.10126582278481013,0.0379746835443038,0.6835443037974683
496,-311.34427531699674,75,0.0836206399568885,0.00016163625918534075,2.1676187624687233,0.13333333333333333,0.16,0.12,0.5866666666666667
497,-377.1502675314535,85,0.08320417209415364,0.000160523986011062,2.1628158777049222,0.2823529411764706,0.1411764705882353,0.07058823529411765,0.5058823529411764
498,-294.04663181777244,90,0.08278977842602886,0.00015941936676060244,2.1450694230742497,0.26666666666666666,0.13333333333333333,0.2222222222222222,0.37777777777777777
499,-311.0110779899321,106,0.08237744862210536,0.00015832234876475164,2.1208575150636153,0.18867924528301888,0.19811320754716982,0.1509433962264151,0.46226415094339623
500,-129.52506193889633,106,0.08196717240342434,0.0001572328797167337,2.1420895010117067,0.2358490566037736,0.1320754716981132,0.2830188679245283,0.3490566037735849
501,-312.7407091219031,72,0.08155893954222078,0.00015615090766971307,2.186163365163879,0.125,0.2361111111111111,0.027777777777777776,0.6111111111111112
502,-344.07709975162163,56,0.08115273986166843,0.00015507638103431782,2.167913229553623,0.35714285714285715,0.07142857142857142,0.03571428571428571,0.5357142857142857
503,-91.01374367814168,110,0.08074856323562621,0.00015400924857617972,2.2004253330812054,0.09090909090909091,0.2,0.35454545454545455,0.35454545454545455
504,-376.3822030287927,52,0.08034639958838564,0.00015294945941349137,2.159200140174948,0.07692307692307693,0.11538461538461539,0.1346153846153846,0.6730769230769231
505,-279.0645126699999,82,0.0799462388944198,0.00015189696301458008,2.14315639329159,0.3780487804878049,0.12195121951219512,0.0975609756097561,0.4024390243902439
506,-520.7655201427349,69,0.07954807117813331,0.00015085170919549855,2.2037675331879707,0.15942028985507245,0.07246376811594203,0.0,0.7681159420289855
507,-183.76334508746794,102,0.07915188651361367,0.00014981364811763202,2.15976779872018,0.2549019607843137,0.12745098039215685,0.21568627450980393,0.4019607843137255
508,-342.11633254830883,81,0.07875767502438383,0.00014878273028532185,2.1640306664482822,0.1728395061728395,0.14814814814814814,0.07407407407407407,0.6049382716049383
509,-283.3075671123454,57,0.078365426883156,0.00014775890654350563,2.185536632622856,0.12280701754385964,0.12280701754385964,0.07017543859649122,0.6842105263157895
510,-391.1143360223108,91,0.07797513231158659,0.00014674212807537336,2.1246424415355247,0.31868131868131866,0.17582417582417584,0.01098901098901099,0.4945054945054945
511,-441.43751168050153,112,0.07758678158003256,0.00014573234640003987,2.1313063632770164,0.2767857142857143,0.16964285714285715,0.16964285714285715,0.38392857142857145
512,-277.77310226314216,100,0.07720036500730874,0.00014472951337023314,2.110873791122007,0.18,0.24,0.1,0.48
513,-143.53080314223797,101,0.07681587296044662,0.00014373358116999866,2.137308776600628,0.32673267326732675,0.16831683168316833,0.1188118811881188,0.38613861386138615
514,-397.2045995778479,62,0.07643329585445409,0.0001427445023124195,2.184750933578761,0.22580645161290322,0.0967741935483871,0.14516129032258066,0.532258064516129
515,-277.69260620624095,70,0.07605262415207657,0.0001417622296373521,2.210348088353248,0.07142857142857142,0.18571428571428572,0.12857142857142856,0.6142857142857143
516,-167.10742306846703,88,0.07567384836355925,0.00014078671630917759,2.1974394622374134,0.25,0.14772727272727273,0.20454545454545456,0.3977272727272727
517,-198.17335093617095,57,0.0752969590464105,0.0001398179158145687,2.1575674671456095,0.17543859649122806,0.17543859649122806,0.17543859649122806,0.47368421052631576
518,-196.69480634892057,72,0.07492194680516646,0.00013885578196027188,2.200601327579875,0.06944444444444445,0.19444444444444445,0.19444444444444445,0.5416666666666666
519,-397.2681940442692,77,0.07454880229115689,0.0001379002688709049,2.2225699751258805,0.14285714285714285,0.15584415584415584,0.09090909090909091,0.6103896103896104
520,-202.1004420874007,79,0.07417751620227203,0.00013695133098676928,2.226694991188378,0.16455696202531644,0.25316455696202533,0.10126582278481013,0.4810126582278481
521,-288.16201457630916,113,0.07380807928273078,0.00013600892306167813,2.2191151069609556,0.2831858407079646,0.13274336283185842,0.17699115044247787,0.40707964601769914
522,-329.4689431589985,105,0.07344048232284993,0.0001350730001607987,2.203134715948839,0.10476190476190476,0.22857142857142856,0.18095238095238095,0.4857142857142857
523,-69.67205642523521,109,0.07307471615881456,0.00013414351765850981,2.223446856906612,0.1559633027522936,0.1559633027522936,0.3302752293577982,0.3577981651376147
524,-388.696787001077,102,0.0727107716724496,0.00013322043123627418,2.2190618711196026,0.3627450980392157,0.049019607843137254,0.24509803921568626,0.3431372549019608
525,-90.82174801280388,130,0.07234863979099258,0.00013230369688052517,2.1860428252980304,0.2076923076923077,0.19230769230769232,0.27692307692307694,0.3230769230769231
526,-248.207898053424,79,0.07198831148686739,0.00013139327088056821,2.192010742036911,0.12658227848101267,0.20253164556962025,0.189873417721519,0.4810126582278481
527,-187.9969501413267,79,0.07162977777745924,0.00013048910982649668,2.2038565269048833,0.1518987341772152,0.189873417721519,0.1518987341772152,0.5063291139240507
528,-81.69408494900671,87,0.07127302972489075,0.00012959117060712202,2.207061512687419,0.21839080459770116,0.19540229885057472,0.21839080459770116,0.367816091954023
529,-363.57617925765567,79,0.07091805843579913,0.00012869941040791818,2.1641750840521645,0.06329113924050633,0.4050632911392405,0.10126582278481013,0.43037974683544306
530,-129.20743847036232,93,0.07056485506111447,0.00012781378670898022,2.186605641405497,0.08602150537634409,0.22580645161290322,0.27956989247311825,0.40860215053763443
531,-267.4102908367904,83,0.07021341079583919,0.00012693425728299684,2.2391422563660743,0.13253012048192772,0.1566265060240964,0.21686746987951808,0.4939759036144578
532,-429.93372103053866,81,0.06986371687882846,0.00012606078019323702,2.225290010320252,0.345679012345679,0.18518518518518517,0.0,0.4691358024691358
533,-185.68602232356434,120,0.06951576459257186,0.00012519331379155045,2.184381155960305,0.10833333333333334,0.175,0.3333333333333333,0.38333333333333336
534,-64.79306743070961,156,0.06916954526297603,0.0001243318167163816,2.216646030354633,0.20512820512820512,0.25,0.24358974358974358,0.30128205128205127
535,-319.72976897561256,64,0.06882505025914844,0.00012347624789079773,2.173724884851482,0.109375,0.234375,0.140625,0.515625
536,-316.5293431284,80,0.06848227099318223,0.00012262656652053014,2.2669986523732435,0.275,0.1625,0.075,0.4875
537,-248.8480911045126,64,0.06814119891994212,0.00012178273209202919,2.293123844319252,0.3125,0.140625,0.109375,0.4375
538,-485.0210441089288,75,0.06780182553685142,0.00012094470437053251,2.280344165094836,0.16,0.13333333333333333,0.02666666666666667,0.68
539,-488.53574837753854,90,0.06746414238368,0.00012011244339814657,2.292099887742289,0.15555555555555556,0.28888888888888886,0.022222222222222223,0.5333333333333333
540,-259.72273593234905,62,0.06712814104233344,0.00011928590949194152,2.286702250167717,0.3709677419354839,0.1774193548387097,0.04838709677419355,0.4032258064516129
541,-324.27714742594173,56,0.06679381313664319,0.000118465063242059,2.3438446765798893,0.16071428571428573,0.17857142857142858,0.16071428571428573,0.5
542,-258.97764704461304,75,0.0664611503321577,0.00011764986550983303,2.3171242509986008,0.24,0.16,0.08,0.52
543,-107.77905745620075,102,0.06613014433593471,0.00011684027742592396,2.2727043214391323,0.17647058823529413,0.21568627450980393,0.27450980392156865,0.3333333333333333
544,-353.96045419063523,61,0.06580078689633446,0.00011603626038846503,2.253465609296725,0.13114754098360656,0.21311475409836064,0.03278688524590164,0.6229508196721312
545,-442.87823594088366,89,0.06547306980281405,0.00011523777606122184,2.2808858934418414,0.33707865168539325,0.15730337078651685,0.11235955056179775,0.39325842696629215
546,-455.5069475914434,90,0.0651469848857227,0.00011444478637176445,2.2702096910273166,0.2222222222222222,0.12222222222222222,0.06666666666666667,0.5888888888888889
547,-253.68405519718362,74,0.0648225240160981,0.00011365725350965203,2.2757482478797524,0.16216216216216217,0.17567567567567569,0.14864864864864866,0.5135135135135135
548,-266.44940763992014,64,0.06449967910546381,0.00011287513992463008,2.2285584982523217,0.25,0.078125,0.109375,0.5625
549,-332.5586658152678,54,0.06417844210562758,0.00011209840832483992,2.282878432359168,0.12962962962962962,0.25925925925925924,0.037037037037037035,0.5740740740740741
550,-288.99803997907054,83,0.0638588050084807,0.00011132702167504067,2.260048437701604,0.20481927710843373,0.18072289156626506,0.20481927710843373,0.40963855421686746
551,-325.4392748368857,84,0.06354075984579843,0.00011056094319484329,2.2640620648115637,0.08333333333333333,0.42857142857142855,0.07142857142857142,0.4166666666666667
552,-343.70827648205864,88,0.0632242986890413,0.00010980013635695692,2.2736367450771864,0.20454545454545456,0.3522727272727273,0.056818181818181816,0.38636363636363635
553,-178.98946800855788,92,0.06290941364915748,0.00010904456488544722,2.2877239922686434,0.021739130434782608,0.2717391304347826,0.2391304347826087,0.4673913043478261
554,-330.61387106415475,88,0.06259609687638612,0.00010829419275400668,2.2621984957054524,0.2159090909090909,0.38636363636363635,0.022727272727272728,0.375
555,-292.87668267578476,83,0.06228434056006167,0.00010754898418423684,2.2901878623049434,0.24096385542168675,0.10843373493975904,0.13253012048192772,0.5180722891566265
556,-203.408428098163,58,0.061974136928419146,0.00010680890364394243,2.297189599028729,0.1206896551724138,0.10344827586206896,0.20689655172413793,0.5689655172413793
557,-135.44491748618205,92,0.06166547824840039,0.00010607391584543704,2.266130827870211,0.20652173913043478,0.20652173913043478,0.21739130434782608,0.3695652173913043
558,-23.849121715986584,99,0.061358356825461334,0.00010534398574386068,2.293351574573623,0.10101010101010101,0.21212121212121213,0.37373737373737376,0.31313131313131315
559,-95.2950623418812,66,0.06105276500338012,0.00010461907853550873,2.2836488497680447,0.2727272727272727,0.24242424242424243,0.13636363636363635,0.3484848484848485
560,-162.83233967061693,94,0.06074869516406628,0.00010389915965617252,2.3057715242536565,0.13829787234042554,0.2553191489361702,0.1595744680851064,0.44680851063829785
561,-347.0252258619069,63,0.06044613972737082,0.00010318419477949128,2.3102534249887237,0.23809523809523808,0.20634920634920634,0.15873015873015872,0.3968253968253968
562,-287.0910701427496,54,0.060145091150897244,0.00010247414981531538,2.434166676474745,0.1111111111111111,0.25925925925925924,0.018518518518518517,0.6111111111111112
563,-245.94718067613553,76,0.059845541929813534,0.00010176899090808095,2.421464230886599,0.06578947368421052,0.2236842105263158,0.17105263157894737,0.5394736842105263
564,-98.20279089488544,102,0.05954748459666506,0.00010106868443519556,2.3952828501102537,0.2647058823529412,0.20588235294117646,0.18627450980392157,0.3431372549019608
565,-264.99692136869726,69,0.05925091172118844,0.00010037319700543509,2.4036660828253327,0.07246376811594203,0.2608695652173913,0.13043478260869565,0.5362318840579711
566,-14.637983229156774,122,0.058955815910126275,9.968249545735159e-05,2.3833697926627715,0.1721311475409836,0.22950819672131148,0.21311475409836064,0.38524590163934425
567,-314.09050771984784,113,0.05866218980704289,9.899654685769216e-05,2.3896684076594714,0.11504424778761062,0.2743362831858407,0.21238938053097345,0.39823008849557523
568,-344.09668742475696,60,0.058370026092140904,9.83153184998286e-05,2.345425042249272,0.2,0.2833333333333333,0.08333333333333333,0.43333333333333335
569,-399.40882030336564,80,0.058079317482078785,9.763877790219797e-05,2.4005662378788193,0.1875,0.2375,0.05,0.525
570,-304.4622942225034,68,0.05779005672978926,9.696689280675384e-05,2.3867773589854457,0.27941176470588236,0.2647058823529412,0.04411764705882353,0.4117647058823529
571,-131.40729836753167,91,0.05750223662429868,9.629963117742819e-05,2.394478089392968,0.23076923076923078,0.23076923076923078,0.18681318681318682,0.3516483516483517
572,-416.2741788332249,90,0.05721584999054722,9.563696119860388e-05,2.4156143395380743,0.23333333333333334,0.18888888888888888,0.15555555555555556,0.4222222222222222
573,-314.8755655208737,64,0.056930889689210055,9.49788512735977e-05,2.4233049944013656,0.421875,0.015625,0.109375,0.453125
574,-408.3336332518383,81,0.05664734861651935,9.432527002315378e-05,2.399377206824829,0.2345679012345679,0.30864197530864196,0.012345679012345678,0.4444444444444444
575,-468.70583798682486,80,0.056365219704087186,9.36761862839474e-05,2.3669483635277153,0.275,0.075,0.075,0.575
576,-323.78715999615315,90,0.056084495918729355,9.303156910709912e-05,2.3360951768774663,0.16666666666666666,0.24444444444444444,0.14444444444444443,0.4444444444444444
577,-411.10950886107037,83,0.05580517026229002,9.239138775669905e-05,2.4036612352622435,0.46987951807228917,0.18072289156626506,0.012048192771084338,0.3373493975903614
578,-230.9816233901212,80,0.05552723577146726,9.175561170834144e-05,2.403783248811429,0.2375,0.1625,0.1625,0.4375
579,-258.23933569873657,66,0.055250685517639495,9.112421064766915e-05,2.392257418510194,0.21212121212121213,0.21212121212121213,0.13636363636363635,0.4393939393939394
580,-295.67602989401905,70,0.05497551260669274,9.049715446892829e-05,2.42033290779702,0.32857142857142857,0.14285714285714285,0.05714285714285714,0.4714285714285714
581,-82.96071141886814,127,0.05470171017884877,8.98744132735327e-05,2.3936675966828997,0.2992125984251969,0.11023622047244094,0.36220472440944884,0.2283464566929134
582,-216.61147959594254,62,0.05442927140849408,8.925595736863845e-05,2.380562564788824,0.14516129032258066,0.20967741935483872,0.14516129032258066,0.5
583,-252.7660140750017,55,0.05415818950400976,8.864175726572796e-05,2.371641276678826,0.09090909090909091,0.2909090909090909,0.05454545454545454,0.5636363636363636
584,-359.85787970452895,63,0.053888457707602165,8.803178367920401e-05,2.417515719531976,0.3333333333333333,0.30158730158730157,0.0,0.36507936507936506
585,-256.786027896559,129,0.05362006929513446,8.742600752499338e-05,2.407716694051154,0.20930232558139536,0.17054263565891473,0.3178294573643411,0.3023255813953488
586,-270.6779346552002,64,0.05335301757595899,8.682439991916009e-05,2.506575963110299,0.234375,0.0625,0.078125,0.625
587,-197.42631128877755,93,0.053087295892750505,8.622693217652819e-05,2.520260722082834,0.27956989247311825,0.21505376344086022,0.08602150537634409,0.41935483870967744
588,-207.13953532136458,176,0.052822897621340174,8.563357580931399e-05,2.54421901340506,0.29545454545454547,0.4318181818181818,0.11363636363636363,0.1590909090909091
589,-322.31586374861945,84,0.052559816170550465,8.504430252576783e-05,2.5126339693508966,0.03571428571428571,0.19047619047619047,0.25,0.5238095238095238
590,-345.08033135838025,78,0.05229804498203084,8.445908422882499e-05,2.525788814668693,0.10256410256410256,0.34615384615384615,0.08974358974358974,0.46153846153846156
591,-362.58384183401586,74,0.05203757753009425,8.387789301476607e-05,2.4865357201298237,0.22972972972972974,0.2972972972972973,0.05405405405405406,0.4189189189189189
592,-370.2418441778702,78,0.051778407321554455,8.33007011718865e-05,2.5230482657952344,0.2564102564102564,0.3076923076923077,0.02564102564102564,0.41025641025641024
593,-309.51205277669203,57,0.05152052789556417,8.272748117917522e-05,2.5334385939636426,0.2631578947368421,0.22807017543859648,0.017543859649122806,0.49122807017543857
594,-318.22289155675213,54,0.051263932823453984,8.215820570500247e-05,2.527998697371554,0.1111111111111111,0.2962962962962963,0.12962962962962962,0.46296296296296297
595,-248.77110125468394,101,0.051008615708572125,8.159284760581654e-05,2.5289688130967893,0.12871287128712872,0.3069306930693069,0.1188118811881188,0.44554455445544555
596,-360.7634137384532,86,0.050754570186124975,8.10313799248496e-05,2.5463224974383336,0.1744186046511628,0.19767441860465115,0.16279069767441862,0.46511627906976744
597,-322.928264701766,79,0.0505017899230184,8.047377589083238e-05,2.5332888261789104,0.4177215189873418,0.1518987341772152,0.02531645569620253,0.4050632911392405
598,-275.26132853181537,59,0.050250268617699906,7.992000891671763e-05,2.522929122901773,0.1864406779661017,0.2033898305084746,0.06779661016949153,0.5423728813559322
599,-236.2911751203024,89,0.05000000000000151,7.93700525984125e-05,2.521334394119929,0.23595505617977527,0.23595505617977527,0.10112359550561797,0.42696629213483145
600,-198.17022008303798,52,0.05,7.882388071351953e-05,2.4720377899648684,0.2692307692307692,0.057692307692307696,0.09615384615384616,0.5769230769230769
601,-334.413978772772,72,0.05,7.828146722008633e-05,2.5283190596397103,0.1527777777777778,0.2777777777777778,0.125,0.4444444444444444
602,-448.35964592599043,90,0.05,7.77427862553639e-05,2.516491430157509,0.2777777777777778,0.15555555555555556,0.044444444444444446,0.5222222222222223
603,-181.9213179138959,54,0.05,7.720781213457351e-05,2.5207141182319965,0.2037037037037037,0.2777777777777778,0.037037037037037035,0.48148148148148145
604,-326.6550687738391,84,0.05,7.667651934968192e-05,2.5020961881992627,0.2857142857142857,0.25,0.023809523809523808,0.44047619047619047
605,-121.98819983343816,117,0.05,7.614888256818525e-05,2.5020415626353776,0.3333333333333333,0.1452991452991453,0.21367521367521367,0.3076923076923077
606,-254.7908882174537,76,0.05,7.562487663190101e-05,2.51128506744695,0.39473684210526316,0.19736842105263158,0.0,0.40789473684210525
607,-246.7629551952093,68,0.05,7.510447655576865e-05,2.5006219338283606,0.11764705882352941,0.3088235294117647,0.058823529411764705,0.5147058823529411
608,-244.62017467266617,59,0.05,7.45876575266581e-05,2.5088629195336853,0.13559322033898305,0.23728813559322035,0.1016949152542373,0.5254237288135594
609,-271.7654155550309,92,0.05,7.407439490218681e-05,2.502080507175674,0.2717391304347826,0.1956521739130435,0.10869565217391304,0.42391304347826086
610,-419.92085327560966,82,0.05,7.356466420954464e-05,2.5023574588561397,0.36585365853658536,0.1951219512195122,0.10975609756097561,0.32926829268292684
611,-182.93050037970306,64,0.05,7.30584411443271e-05,2.6602731125166974,0.0625,0.203125,0.328125,0.40625
612,-301.47107373962984,73,0.05,7.255570156937642e-05,2.6123834946237023,0.2328767123287671,0.2602739726027397,0.1095890410958904,0.3972602739726027
613,-220.29280153176012,61,0.05,7.205642151363067e-05,2.6360915887825964,0.04918032786885246,0.26229508196721313,0.22950819672131148,0.45901639344262296
614,-213.23900329011232,53,0.05,7.156057717098084e-05,2.6814247645398157,0.33962264150943394,0.1320754716981132,0.1320754716981132,0.39622641509433965
615,-270.25682091539613,93,0.05,7.10681448991357e-05,2.670357996157086,0.3225806451612903,0.20430107526881722,0.1935483870967742,0.27956989247311825
616,-360.5954903988296,93,0.05,7.057910121849457e-05,2.6451797757158313,0.12903225806451613,0.3118279569892473,0.17204301075268819,0.3870967741935484
617,-312.8432755324204,65,0.05,7.009342281102772e-05,2.6328488736608606,0.24615384615384617,0.3384615384615385,0.03076923076923077,0.38461538461538464
618,-308.23281912886193,100,0.05,6.96110865191646e-05,2.6416357278738793,0.21,0.35,0.06,0.38
619,-254.58416477278456,85,0.05,6.913206934468965e-05,2.631623649680523,0.24705882352941178,0.27058823529411763,0.11764705882352941,0.36470588235294116
620,-330.18512558897396,69,0.05,6.865634844764571e-05,2.6511352123155074,0.17391304347826086,0.36231884057971014,0.043478260869565216,0.42028985507246375
621,-421.188897384176,109,0.05,6.818390114524503e-05,2.6546625027778163,0.1743119266055046,0.23853211009174313,0.2018348623853211,0.3853211009174312
622,-334.34712177023357,79,0.05,6.771470491078771e-05,2.6284988686418194,0.3291139240506329,0.3037974683544304,0.012658227848101266,0.35443037974683544
623,-274.95473905021237,54,0.05,6.724873737258758e-05,2.656305760581886,0.2222222222222222,0.2037037037037037,0.05555555555555555,0.5185185185185185
624,-280.0547763496338,60,0.05,6.678597631290557e-05,2.657748637290814,0.23333333333333334,0.2,0.05,0.5166666666666667
625,-338.6976739318262,56,0.05,6.632639966689026e-05,2.6314307884096957,0.30357142857142855,0.17857142857142858,0.05357142857142857,0.4642857142857143
626,-239.3672694618187,90,0.05,6.586998552152588e-05,2.592586287573777,0.26666666666666666,0.25555555555555554,0.06666666666666667,0.4111111111111111
627,-297.0415294007304,85,0.05,6.541671211458746e-05,2.6438728332863612,0.18823529411764706,0.2823529411764706,0.011764705882352941,0.5176470588235295
628,-274.94001292878335,62,0.05,6.496655783360315e-05,2.625545438271629,0.04838709677419355,0.22580645161290322,0.08064516129032258,0.6451612903225806
629,-179.94315283353063,77,0.05,6.451950121482378e-05,2.6455918052707466,0.23376623376623376,0.2727272727272727,0.03896103896103896,0.45454545454545453
630,-178.0630155739615,67,0.05,6.40755209421994e-05,2.6447151094188177,0.1044776119402985,0.22388059701492538,0.23880597014925373,0.43283582089552236
631,-315.38660551974345,81,0.05,6.363459584636293e-05,2.61262557930687,0.2345679012345679,0.19753086419753085,0.04938271604938271,0.5185185185185185
632,-206.46870483194476,51,0.05,6.319670490362081e-05,2.622118882091562,0.13725490196078433,0.21568627450980393,0.1568627450980392,0.49019607843137253
633,-287.47831869446327,52,0.05,6.276182723495052e-05,2.630543398380389,0.0,0.4230769230769231,0.038461538461538464,0.5384615384615384
634,-323.6129146960777,53,0.05,6.23299421050051e-05,2.6204231435251786,0.09433962264150944,0.3018867924528302,0.0,0.6037735849056604
635,-330.01925537433124,74,0.05,6.190102892112444e-05,2.5919243854289173,0.04054054054054054,0.4864864864864865,0.04054054054054054,0.43243243243243246
636,-192.83481280581086,76,0.05,6.147506723235341e-05,2.6038941695542364,0.19736842105263158,0.21052631578947367,0.21052631578947367,0.3815789473684211
637,-363.3482426515899,100,0.05,6.105203672846676e-05,2.622236993267423,0.21,0.26,0.18,0.35
638,-214.60961776195865,64,0.05,6.0631917239000664e-05,2.683543342974173,0.125,0.296875,0.15625,0.421875
639,-317.0545355818694,59,0.05,6.0214688732291044e-05,2.674569757957602,0.15254237288135594,0.3559322033898305,0.06779661016949153,0.423728813559322
640,-237.78690645130766,68,0.05,5.980033131451837e-05,2.65885003233402,0.11764705882352941,0.2647058823529412,0.08823529411764706,0.5294117647058824
641,-223.01349119445715,54,0.05,5.938882522875917e-05,2.64872677331661,0.14814814814814814,0.2222222222222222,0.07407407407407407,0.5555555555555556
642,-245.69739238722204,109,0.05,5.8980150854043945e-05,2.667020230495676,0.13761467889908258,0.30275229357798167,0.1926605504587156,0.3669724770642202
643,-325.2471663610263,62,0.05,5.857428870442166e-05,2.627776672000973,0.1774193548387097,0.0967741935483871,0.0967741935483871,0.6290322580645161
644,-280.92699669515764,60,0.05,5.8171219428030646e-05,2.6745282052046084,0.16666666666666666,0.3333333333333333,0.03333333333333333,0.4666666666666667
645,-279.6895924094655,78,0.05,5.777092380617584e-05,2.6869488399274037,0.07692307692307693,0.21794871794871795,0.3076923076923077,0.3974358974358974
646,-272.20203192067345,62,0.05,5.737338275241247e-05,2.6844347014864898,0.1935483870967742,0.1935483870967742,0.04838709677419355,0.5645161290322581
647,-192.33343625892962,67,0.05,5.697857731163596e-05,2.6833288265804343,0.11940298507462686,0.208955223880597,0.16417910447761194,0.5074626865671642
648,-274.4326801554873,55,0.05,5.6586488659178155e-05,2.677006885514858,0.2909090909090909,0.2909090909090909,0.0,0.41818181818181815
649,-328.31754009731566,88,0.05,5.619709809990975e-05,2.669399047792547,0.5681818181818182,0.045454545454545456,0.056818181818181816,0.32954545454545453
650,-265.44261217338214,86,0.05,5.581038706734888e-05,2.652905781994271,0.3023255813953488,0.3488372093023256,0.023255813953488372,0.32558139534883723
651,-274.7977587758587,65,0.05,5.542633712277583e-05,2.635727648222317,0.26153846153846155,0.2153846153846154,0.1076923076923077,0.4153846153846154
652,-264.69081105936607,54,0.05,5.5044929954353904e-05,2.654828618980877,0.24074074074074073,0.25925925925925924,0.018518518518518517,0.48148148148148145
653,-183.06405118652197,56,0.05,5.4666147376256274e-05,2.685276376179814,0.30357142857142855,0.10714285714285714,0.08928571428571429,0.5
654,-290.4370288898661,65,0.05,5.428997132779887e-05,2.6803589549491478,0.2,0.38461538461538464,0.0,0.4153846153846154
655,-201.140133104,54,0.05,5.3916383872579235e-05,2.6512998900591813,0.12962962962962962,0.2777777777777778,0.05555555555555555,0.5370370370370371
656,-329.7829164125171,75,0.05,5.35453671976213e-05,2.657000136517071,0.2,0.37333333333333335,0.0,0.4266666666666667
657,-245.4713194518189,77,0.05,5.3176903612526025e-05,2.6544521580453395,0.2077922077922078,0.2987012987012987,0.06493506493506493,0.42857142857142855
658,-202.14664973934927,58,0.05,5.2810975548627954e-05,2.6513149044566693,0.13793103448275862,0.27586206896551724,0.1724137931034483,0.41379310344827586
659,-252.1451681994926,55,0.05,5.244756555815747e-05,2.6328483074658138,0.21818181818181817,0.2727272727272727,0.03636363636363636,0.4727272727272727
660,-275.12055185917626,64,0.05,5.208665631340891e-05,2.6298636076751034,0.34375,0.203125,0.03125,0.421875
661,-287.1233692937005,53,0.05,5.172823060591434e-05,2.6025146867330995,0.22641509433962265,0.2830188679245283,0.05660377358490566,0.4339622641509434
662,-278.8499231485034,81,0.05,5.137227134562306e-05,2.662420868597079,0.4444444444444444,0.18518518518518517,0.06172839506172839,0.30864197530864196
663,260.67419552330676,301,0.05,5.1018761560086726e-05,2.646190933133113,0.09302325581395349,0.10963455149501661,0.23588039867109634,0.5614617940199336
664,-238.62503976663217,60,0.05,5.0667684393650084e-05,2.66186870269979,0.16666666666666666,0.2,0.13333333333333333,0.5
665,-265.1403474615429,73,0.05,5.031902310664729e-05,2.7228223806812157,0.5342465753424658,0.2054794520547945,0.0136986301369863,0.2465753424657534
666,-184.57779902190754,69,0.05,4.9972761074603725e-05,2.7200923325344872,0.10144927536231885,0.2753623188405797,0.15942028985507245,0.463768115942029
667,-294.8230687252876,86,0.05,4.962888178744336e-05,2.712110344201075,0.23255813953488372,0.37209302325581395,0.023255813953488372,0.37209302325581395
668,-255.4986061476855,82,0.05,4.928736884870152e-05,2.7255218880030125,0.35365853658536583,0.15853658536585366,0.0975609756097561,0.3902439024390244
669,-282.3441332890967,62,0.05,4.894820597474307e-05,2.7516137884035277,0.20967741935483872,0.3064516129032258,0.04838709677419355,0.43548387096774194
670,-223.0208481257726,58,0.05,4.861137699398604e-05,2.7428423677560416,0.1724137931034483,0.29310344827586204,0.08620689655172414,0.4482758620689655
671,-218.2524416871676,92,0.05,4.827686584613052e-05,2.7188236963753183,0.13043478260869565,0.34782608695652173,0.06521739130434782,0.45652173913043476
672,-309.6793554971515,57,0.05,4.794465658139288e-05,2.745255145948601,0.2631578947368421,0.3157894736842105,0.017543859649122806,0.40350877192982454
673,-242.1577030221725,81,0.05,4.761473335974531e-05,2.7148953406678595,0.06172839506172839,0.35802469135802467,0.19753086419753085,0.38271604938271603
674,-273.41569207913653,83,0.05,4.728708045016051e-05,2.6935058087164956,0.24096385542168675,0.3493975903614458,0.012048192771084338,0.39759036144578314
675,-250.7614758733233,76,0.05,4.6961682229861654e-05,2.692201310355213,0.23684210526315788,0.2894736842105263,0.06578947368421052,0.40789473684210525
676,-316.25348427607594,89,0.05,4.663852318357747e-05,2.6854989258237603,0.4606741573033708,0.21348314606741572,0.02247191011235955,0.30337078651685395
677,-233.8895902212437,73,0.05,4.631758790280246e-05,2.64666205031804,0.1506849315068493,0.2876712328767123,0.1506849315068493,0.410958904109589
678,-229.13496020496564,73,0.05,4.599886108506219e-05,2.6598561649797197,0.2328767123287671,0.273972602739726,0.136986301369863,0.3561643835616438
679,-303.48621522568004,71,0.05,4.5682327533183695e-05,2.658197056435029,0.09859154929577464,0.39436619718309857,0.09859154929577464,0.4084507042253521
680,-181.3515467870012,92,0.05,4.536797215457083e-05,2.6915301783098333,0.2608695652173913,0.18478260869565216,0.20652173913043478,0.34782608695652173
681,-234.67268380613015,63,0.05,4.505577996048465e-05,2.703442529721529,0.06349206349206349,0.31746031746031744,0.15873015873015872,0.4603174603174603
682,-278.3438688104043,102,0.05,4.4745736065328744e-05,2.6752511127430343,0.27450980392156865,0.11764705882352941,0.12745098039215685,0.4803921568627451
683,-240.68843078686703,82,0.05,4.443782568593946e-05,2.6927926239339754,0.1951219512195122,0.32926829268292684,0.08536585365853659,0.3902439024390244
684,-195.43466666728406,54,0.05,4.4132034140881064e-05,2.691047508872523,0.037037037037037035,0.2777777777777778,0.12962962962962962,0.5555555555555556
685,-247.4075276441732,73,0.05,4.382834684974566e-05,2.675796586217106,0.2465753424657534,0.2602739726027397,0.136986301369863,0.3561643835616438
686,-217.579231509909,68,0.05,4.3526749332458045e-05,2.681687601675312,0.11764705882352941,0.27941176470588236,0.19117647058823528,0.4117647058823529
687,-220.57308345910002,70,0.05,4.3227227208585244e-05,2.7177819409796675,0.14285714285714285,0.2714285714285714,0.12857142857142856,0.45714285714285713
688,-285.1994404875512,85,0.05,4.292976619665085e-05,2.6716126133185547,0.4,0.23529411764705882,0.047058823529411764,0.3176470588235294
689,-320.14280808058663,74,0.05,4.263435211345408e-05,2.676686898694541,0.12162162162162163,0.4594594594594595,0.02702702702702703,0.3918918918918919
690,-223.01348533197304,67,0.05,4.23409708733935e-05,2.6872752001458773,0.16417910447761194,0.26865671641791045,0.11940298507462686,0.44776119402985076
691,-367.47620875652393,85,0.05,4.2049608487795405e-05,2.729254336020328,0.08235294117647059,0.3176470588235294,0.18823529411764706,0.4117647058823529
692,-287.572917382203,52,0.05,4.176025106424684e-05,2.7812585885985404,0.28846153846153844,0.17307692307692307,0.038461538461538464,0.5
693,-311.8328856100327,71,0.05,4.1472884805933184e-05,2.7547302523542556,0.29577464788732394,0.30985915492957744,0.056338028169014086,0.3380281690140845
694,-172.49930732369899,60,0.05,4.1187496010980326e-05,2.7490491635829257,0.08333333333333333,0.2,0.25,0.4666666666666667
695,-277.8931410668766,90,0.05,4.090407107180133e-05,2.7429649386076327,0.25555555555555554,0.25555555555555554,0.1,0.3888888888888889
696,-332.01349305089764,80,0.05,4.062259647444761e-05,2.770026578137402,0.2125,0.3875,0.075,0.325
697,-278.9348013521035,66,0.05,4.034305879796459e-05,2.7690633277909877,0.2878787878787879,0.3333333333333333,0.030303030303030304,0.3484848484848485
698,-263.4594820595516,70,0.05,4.0065444713751755e-05,2.758119697090139,0.04285714285714286,0.37142857142857144,0.12857142857142856,0.45714285714285713
699,-306.30509162149167,88,0.05,3.978974098492718e-05,2.761280362920923,0.2159090909090909,0.375,0.0,0.4090909090909091
700,-262.32040692196813,86,0.05,3.951593446569633e-05,2.781155519709001,0.313953488372093,0.23255813953488372,0.046511627906976744,0.4069767441860465
701,-204.30919373130254,79,0.05,3.924401210072528e-05,2.7437544582310265,0.17721518987341772,0.24050632911392406,0.17721518987341772,0.4050632911392405
702,-219.3421140393291,57,0.05,3.897396092451824e-05,2.7669428414130297,0.14035087719298245,0.3684210526315789,0.05263157894736842,0.43859649122807015
703,-196.96665374016303,74,0.05,3.8705768060799324e-05,2.7382083862923055,0.20270270270270271,0.28378378378378377,0.12162162162162163,0.3918918918918919
704,-242.74527275875568,63,0.05,3.8439420721898606e-05,2.7630356968295624,0.015873015873015872,0.31746031746031744,0.19047619047619047,0.47619047619047616
705,-204.51095789447635,56,0.05,3.8174906208142405e-05,2.723211375682079,0.19642857142857142,0.23214285714285715,0.10714285714285714,0.4642857142857143
706,-253.85542510706932,74,0.05,3.791221190724773e-05,2.757246341585092,0.1891891891891892,0.2972972972972973,0.08108108108108109,0.43243243243243246
707,-254.7663919051575,75,0.05,3.765132529372094e-05,2.7626622186211884,0.16,0.32,0.09333333333333334,0.4266666666666667
708,-328.62772028919494,57,0.05,3.7392233928260494e-05,2.755818744839245,0.2807017543859649,0.22807017543859648,0.10526315789473684,0.38596491228070173
709,-316.561978088226,67,0.05,3.713492545716386e-05,2.737252383886506,0.47761194029850745,0.22388059701492538,0.04477611940298507,0.2537313432835821
710,-250.29951836270314,89,0.05,3.687938761173845e-05,2.736716832988541,0.15730337078651685,0.30337078651685395,0.12359550561797752,0.4157303370786517
711,-241.09556864374414,66,0.05,3.662560820771668e-05,2.714337185309288,0.18181818181818182,0.2727272727272727,0.10606060606060606,0.4393939393939394
712,-255.9790606398747,75,0.05,3.637357514467496e-05,2.7586094648065016,0.14666666666666667,0.28,0.04,0.5333333333333333
713,-223.84052734171746,79,0.05,3.612327640545678e-05,2.7653383311525195,0.16455696202531644,0.2911392405063291,0.1518987341772152,0.3924050632911392
714,-206.35251014314898,64,0.05,3.5874700055599694e-05,2.729859228302987,0.421875,0.15625,0.078125,0.34375
715,-243.48287137507108,138,0.05,3.5627834242766295e-05,2.755808394566674,0.13768115942028986,0.30434782608695654,0.21014492753623187,0.34782608695652173
716,-199.56544753889622,58,0.05,3.5382667196179064e-05,2.75310906461866,0.1724137931034483,0.25862068965517243,0.15517241379310345,0.41379310344827586
717,-218.10749529290322,93,0.05,3.513918722605914e-05,2.764083639148688,0.2903225806451613,0.25806451612903225,0.13978494623655913,0.3118279569892473
718,-186.43906731292526,61,0.05,3.489738272306896e-05,2.7975642533319016,0.16393442622950818,0.21311475409836064,0.21311475409836064,0.4098360655737705
719,-261.3040872476,84,0.05,3.4657242157758666e-05,2.8328384176729293,0.2619047619047619,0.21428571428571427,0.14285714285714285,0.38095238095238093
720,-281.7637701008091,93,0.05,3.4418754080016435e-05,2.8381999135757914,0.2903225806451613,0.25806451612903225,0.17204301075268819,0.27956989247311825
721,-287.68502187972734,88,0.05,3.4181907118522465e-05,2.8293510878742,0.23863636363636365,0.3409090909090909,0.022727272727272728,0.3977272727272727
722,-301.4252125917405,83,0.05,3.394668998020683e-05,2.8444869317661046,0.21686746987951808,0.27710843373493976,0.10843373493975904,0.39759036144578314
723,-266.11203996283575,111,0.05,3.3713091449710984e-05,2.825138126836714,0.13513513513513514,0.3153153153153153,0.13513513513513514,0.4144144144144144
724,-174.37428898988622,79,0.05,3.3481100388853026e-05,2.8326714769286343,0.12658227848101267,0.27848101265822783,0.189873417721519,0.4050632911392405
725,-273.3420681533181,89,0.05,3.32507057360966e-05,2.823842591849113,0.3258426966292135,0.23595505617977527,0.0898876404494382,0.34831460674157305
726,-295.4986163022636,89,0.05,3.3021896506023485e-05,2.835751262220734,0.11235955056179775,0.39325842696629215,0.0898876404494382,0.4044943820224719
727,-393.83845548363144,99,0.05,3.27946617888098e-05,2.850173068728078,0.09090909090909091,0.43434343434343436,0.030303030303030304,0.4444444444444444
728,-197.05271091799477,83,0.05,3.256899074970581e-05,2.8416036500027317,0.1566265060240964,0.2289156626506024,0.14457831325301204,0.46987951807228917
729,-248.04755965150042,77,0.05,3.2344872628519324e-05,2.8087476664197735,0.2987012987012987,0.24675324675324675,0.07792207792207792,0.37662337662337664
730,-208.6842891734638,58,0.05,3.2122296739102625e-05,2.829017956012831,0.05172413793103448,0.3275862068965517,0.1206896551724138,0.5
731,-420.79700903593294,88,0.05,3.190125246884296e-05,2.833394548072007,0.11363636363636363,0.4318181818181818,0.125,0.32954545454545453
732,-233.31815611161886,53,0.05,3.168172927815652e-05,2.838998931814186,0.18867924528301888,0.24528301886792453,0.07547169811320754,0.49056603773584906
733,-335.3726172222457,83,0.05,3.146371669998587e-05,2.8266547879728523,0.21686746987951808,0.30120481927710846,0.13253012048192772,0.3493975903614458
734,-209.9592764823094,61,0.05,3.124720433930093e-05,2.8507770470561278,0.29508196721311475,0.2786885245901639,0.14754098360655737,0.2786885245901639
735,-261.1597744749565,77,0.05,3.10321818726033e-05,2.827081182895277,0.2987012987012987,0.24675324675324675,0.15584415584415584,0.2987012987012987
736,-230.82732304755757,69,0.05,3.081863904743399e-05,2.808736162043168,0.057971014492753624,0.4492753623188406,0.11594202898550725,0.37681159420289856
737,-232.6427786762391,93,0.05,3.0606565681884654e-05,2.8075107836545974,0.41935483870967744,0.1827956989247312,0.10752688172043011,0.2903225806451613
738,-218.85998791132306,59,0.05,3.0395951664112036e-05,2.754605302683864,0.13559322033898305,0.22033898305084745,0.13559322033898305,0.5084745762711864
739,-235.5383982013923,134,0.05,3.018678695185587e-05,2.8116481261932207,0.1417910447761194,0.22388059701492538,0.34328358208955223,0.291044776119403
740,-268.461944933509,79,0.05,2.9979061571960033e-05,2.7736329445846915,0.12658227848101267,0.3291139240506329,0.10126582278481013,0.4430379746835443
741,-259.9193543875807,97,0.05,2.9772765619897032e-05,2.7952736275031427,0.21649484536082475,0.30927835051546393,0.07216494845360824,0.4020618556701031
742,-237.97832655478695,89,0.05,2.956788925929574e-05,2.860908582189134,0.19101123595505617,0.33707865168539325,0.0898876404494382,0.38202247191011235
743,-225.90177317025427,76,0.05,2.9364422721472388e-05,2.8662013937043525,0.09210526315789473,0.34210526315789475,0.13157894736842105,0.4342105263157895
744,-238.01916125210536,83,0.05,2.916235630496479e-05,2.8742291042721595,0.060240963855421686,0.40963855421686746,0.0963855421686747,0.43373493975903615
745,-221.5628423904874,81,0.05,2.896168037506977e-05,2.911027769641284,0.19753086419753085,0.2962962962962963,0.16049382716049382,0.345679012345679
746,-247.0169863603464,84,0.05,2.876238536338376e-05,2.891945490514821,0.14285714285714285,0.2857142857142857,0.2619047619047619,0.30952380952380953
747,-180.4957104629596,94,0.05,2.856446176734659e-05,2.8990082441097633,0.2872340425531915,0.2553191489361702,0.1595744680851064,0.2978723404255319
748,-204.41719570636513,65,0.05,2.8367900149788368e-05,2.8698379376410563,0.2,0.27692307692307694,0.15384615384615385,0.36923076923076925
749,-205.86732082968024,89,0.05,2.817269113847954e-05,2.885290958828338,0.21348314606741572,0.2696629213483146,0.14606741573033707,0.3707865168539326
750,-234.0559099324035,69,0.05,2.7978825425683996e-05,2.866970240006752,0.18840579710144928,0.2753623188405797,0.13043478260869565,0.4057971014492754
751,-236.08442086578495,95,0.05,2.778629376771527e-05,2.89126498306375,0.21052631578947367,0.35789473684210527,0.07368421052631578,0.35789473684210527
752,-224.61633595706476,83,0.05,2.7595086984495794e-05,2.8665474515127847,0.12048192771084337,0.3132530120481928,0.25301204819277107,0.3132530120481928
753,-271.01271535726204,75,0.05,2.740519595911919e-05,2.8944342703640453,0.09333333333333334,0.32,0.22666666666666666,0.36
754,-230.7931934301609,52,0.05,2.7216611637415555e-05,2.9029711503995275,0.057692307692307696,0.36538461538461536,0.07692307692307693,0.5
755,-159.06713672880844,61,0.05,2.7029325027519766e-05,2.8586040978542187,0.19672131147540983,0.18032786885245902,0.21311475409836064,0.4098360655737705
756,-142.74142768768138,63,0.05,2.6843327199442725e-05,2.8526116732069178,0.15873015873015872,0.20634920634920634,0.3333333333333333,0.30158730158730157
757,-249.8530612952345,62,0.05,2.6658609284645578e-05,2.897217998932862,0.22580645161290322,0.2903225806451613,0.08064516129032258,0.4032258064516129
758,-226.1578024865147,73,0.05,2.647516247561686e-05,2.89631226912634,0.1780821917808219,0.273972602739726,0.1506849315068493,0.3972602739726027
759,-186.7452545504206,70,0.05,2.6292978025452534e-05,2.905047433523196,0.12857142857142856,0.24285714285714285,0.2714285714285714,0.35714285714285715
760,-208.60314310643918,64,0.05,2.6112047247438936e-05,2.874605827997657,0.046875,0.375,0.25,0.328125
761,-260.03168474803385,79,0.05,2.5932361514638587e-05,2.881620094524937,0.35443037974683544,0.21518987341772153,0.0759493670886076,0.35443037974683544
762,-285.84009579229723,67,0.05,2.5753912259478847e-05,2.857705314758129,0.11940298507462686,0.40298507462686567,0.19402985074626866,0.2835820895522388
763,-261.9711551610868,69,0.05,2.557669097334341e-05,2.8939281080674832,0.028985507246376812,0.36231884057971014,0.15942028985507245,0.4492753623188406
764,-348.2477178316841,103,0.05,2.5400689206166612e-05,2.8579159764822175,0.17475728155339806,0.21359223300970873,0.08737864077669903,0.5242718446601942
765,-82.34245554568429,101,0.05,2.522589856603051e-05,2.8796982973073777,0.0594059405940594,0.297029702970297,0.2376237623762376,0.40594059405940597
766,-163.86520799180676,60,0.05,2.5052310718764757e-05,2.883053135899336,0.03333333333333333,0.3,0.25,0.4166666666666667
767,-173.87005618604866,52,0.05,2.4879917387549227e-05,2.8412622065913786,0.34615384615384615,0.3269230769230769,0.07692307692307693,0.25
768,-243.92797088942606,55,0.05,2.4708710352519355e-05,2.865957639360149,0.3090909090909091,0.21818181818181817,0.09090909090909091,0.38181818181818183
769,-198.16201207528536,74,0.05,2.4538681450374215e-05,2.9372068057112743,0.2702702702702703,0.3783783783783784,0.08108108108108109,0.2702702702702703
770,-200.42674146128923,58,0.05,2.4369822573987288e-05,2.9807519136920892,0.05172413793103448,0.4482758620689655,0.05172413793103448,0.4482758620689655
771,-197.13696986336572,56,0.05,2.4202125672019906e-05,2.965354704737013,0.03571428571428571,0.4107142857142857,0.10714285714285714,0.44642857142857145
772,-252.7555832662854,67,0.05,2.4035582748537352e-05,2.9511068795633304,0.13432835820895522,0.40298507462686567,0.13432835820895522,0.3283582089552239
773,-176.69736109708145,55,0.05,2.3870185862627613e-05,2.954014800597966,0.03636363636363636,0.2909090909090909,0.2,0.4727272727272727
774,-233.93621576246312,68,0.05,2.3705927128022745e-05,2.970502089346435,0.3382352941176471,0.10294117647058823,0.27941176470588236,0.27941176470588236
775,-225.2977062623118,76,0.05,2.354279871272286e-05,2.9511341488012897,0.06578947368421052,0.4868421052631579,0.10526315789473684,0.34210526315789475
776,54.39868111087162,128,0.05,2.338079283862267e-05,2.952298575293976,0.1796875,0.203125,0.2890625,0.328125
777,-217.57937329595387,91,0.05,2.3219901781140642e-05,2.9406477143292125,0.21978021978021978,0.23076923076923078,0.2087912087912088,0.34065934065934067
778,-219.51390563620498,71,0.05,2.306011786885067e-05,2.948623170303612,0.30985915492957744,0.22535211267605634,0.14084507042253522,0.323943661971831
779,-232.1988680798785,66,0.05,2.290143348311629e-05,2.9765325005128624,0.015151515151515152,0.2878787878787879,0.2727272727272727,0.42424242424242425
780,-263.7213292922917,71,0.05,2.2743841057727436e-05,2.944702511357327,0.056338028169014086,0.4225352112676056,0.09859154929577464,0.4225352112676056
781,-120.63032864655534,87,0.05,2.2587333078539656e-05,2.9407859221793626,0.09195402298850575,0.3333333333333333,0.10344827586206896,0.47126436781609193
782,-193.35732457320825,90,0.05,2.2431902083115847e-05,2.947710162640265,0.2,0.28888888888888886,0.14444444444444443,0.36666666666666664
783,-212.4408955369405,64,0.05,2.2277540660370424e-05,2.9161764604742473,0.125,0.296875,0.21875,0.359375
784,-186.77090643006406,75,0.05,2.2124241450215965e-05,2.9524305474969315,0.05333333333333334,0.3333333333333333,0.25333333333333335,0.36
785,-189.45887074924087,72,0.05,2.1971997143212276e-05,2.930405841399733,0.1388888888888889,0.3055555555555556,0.18055555555555555,0.375
786,-227.55059839517764,67,0.05,2.1820800480217858e-05,2.93949164883648,0.07462686567164178,0.34328358208955223,0.208955223880597,0.373134328358209
787,-280.762273195911,83,0.05,2.16706442520438e-05,2.9161244571853135,0.24096385542168675,0.3373493975903614,0.13253012048192772,0.2891566265060241
788,-116.6857565747721,91,0.05,2.1521521299110032e-05,2.9357215822471923,0.03296703296703297,0.38461538461538464,0.07692307692307693,0.5054945054945055
789,-236.11703980693065,67,0.05,2.1373424511103943e-05,2.955481537046846,0.1791044776119403,0.373134328358209,0.13432835820895522,0.31343283582089554
790,-256.20203622199176,86,0.05,2.1226346826641367e-05,2.9102148175476406,0.16279069767441862,0.3372093023255814,0.19767441860465115,0.3023255813953488
791,-141.49218282812123,75,0.05,2.1080281232929883e-05,2.922215503688237,0.10666666666666667,0.26666666666666666,0.10666666666666667,0.52
792,-226.8772383782782,63,0.05,2.0935220765434445e-05,2.941566282413496,0.25396825396825395,0.30158730158730157,0.25396825396825395,0.19047619047619047
793,-233.44152948306873,85,0.05,2.0791158507545297e-05,2.9317628083664045,0.15294117647058825,0.36470588235294116,0.10588235294117647,0.3764705882352941
794,-207.00715112370526,72,0.05,2.0648087590248188e-05,2.901317472091466,0.06944444444444445,0.2638888888888889,0.25,0.4166666666666667
795,-222.86550964520535,68,0.05,2.0506001191796858e-05,2.9417240678554704,0.058823529411764705,0.39705882352941174,0.17647058823529413,0.36764705882352944
796,-305.5548052168112,71,0.05,2.036489253738776e-05,3.00387052385616,0.08450704225352113,0.43661971830985913,0.2112676056338028,0.2676056338028169
797,-129.46661107637382,115,0.05,2.0224754898837043e-05,2.9843697986003486,0.09565217391304348,0.30434782608695654,0.23478260869565218,0.3652173913043478
798,-245.73115705163417,84,0.05,2.008558159425973e-05,3.0218465006908954,0.2857142857142857,0.27380952380952384,0.20238095238095238,0.23809523809523808
799,-276.5101090354415,73,0.05,1.9947365987751136e-05,2.97495291019715,0.0547945205479452,0.3972602739726027,0.1643835616438356,0.3835616438356164
800,-174.79145247959818,61,0.05,1.981010148907046e-05,2.994669200205103,0.08196721311475409,0.2786885245901639,0.3114754098360656,0.32786885245901637
801,-189.54689908329686,96,0.05,1.9673781553326545e-05,2.9892715011473285,0.21875,0.21875,0.2916666666666667,0.2708333333333333
802,-217.85113226361122,74,0.05,1.9538399680665823e-05,3.0043386999886423,0.22972972972972974,0.3918918918918919,0.14864864864864866,0.22972972972972974
803,-230.0466372578902,81,0.05,1.9403949415962396e-05,3.0077014748096995,0.09876543209876543,0.3950617283950617,0.14814814814814814,0.35802469135802467
804,-388.9301262933219,89,0.05,1.9270424348510242e-05,2.9769879895117364,0.0898876404494382,0.4044943820224719,0.1797752808988764,0.3258426966292135
805,-188.97052255163476,92,0.05,1.913781811171755e-05,2.9754981505956524,0.13043478260869565,0.31521739130434784,0.21739130434782608,0.33695652173913043
806,-190.2744306289606,54,0.05,1.9006124382803167e-05,2.9946053190962676,0.12962962962962962,0.37037037037037035,0.14814814814814814,0.35185185185185186
807,-4.693592961791211,115,0.05,1.8875336882495104e-05,2.9995423459582597,0.10434782608695652,0.3217391304347826,0.1826086956521739,0.391304347826087
808,-229.08473404086175,68,0.05,1.8745449374731143e-05,2.9771779569554986,0.10294117647058823,0.3235294117647059,0.23529411764705882,0.3382352941176471
809,-254.44613706623204,62,0.05,1.86164556663615e-05,2.9562230862439423,0.27419354838709675,0.3225806451612903,0.12903225806451613,0.27419354838709675
810,-183.5422677297767,72,0.05,1.8488349606853527e-05,2.98385343446664,0.1111111111111111,0.3194444444444444,0.16666666666666666,0.4027777777777778
811,-271.5339118352341,71,0.05,1.8361125087998447e-05,2.9706065930506043,0.07042253521126761,0.39436619718309857,0.2676056338028169,0.2676056338028169
812,-293.51085109889766,82,0.05,1.823477604362011e-05,2.99685844257336,0.1951219512195122,0.35365853658536583,0.18292682926829268,0.2682926829268293
813,-240.8871801045314,70,0.05,1.8109296449285756e-05,2.995641740934508,0.2,0.18571428571428572,0.32857142857142857,0.2857142857142857
814,-204.1428636312574,62,0.05,1.7984680322018758e-05,2.978828011435013,0.0967741935483871,0.3064516129032258,0.2903225806451613,0.3064516129032258
815,-161.91706106457406,74,0.05,1.7860921720013358e-05,2.9590255978750477,0.13513513513513514,0.24324324324324326,0.33783783783783783,0.28378378378378377
816,-307.6040759655938,86,0.05,1.773801474235135e-05,2.9787557418850277,0.22093023255813954,0.29069767441860467,0.2441860465116279,0.2441860465116279
817,-340.8689657689893,94,0.05,1.7615953528720717e-05,2.9813804893283673,0.19148936170212766,0.32978723404255317,0.23404255319148937,0.24468085106382978
818,-249.36741603256374,65,0.05,1.7494732259136213e-05,3.002577148192922,0.3076923076923077,0.27692307692307694,0.2,0.2153846153846154
819,-396.2625089748726,83,0.05,1.7374345153661857e-05,2.9628831300050003,0.060240963855421686,0.5180722891566265,0.10843373493975904,0.3132530120481928
820,-43.87957033848497,92,0.05,1.725478647213534e-05,2.9903571140000733,0.08695652173913043,0.30434782608695654,0.18478260869565216,0.42391304347826086
821,-94.36775450766571,105,0.05,1.7136050513894327e-05,3.018486494067297,0.06666666666666667,0.34285714285714286,0.18095238095238095,0.4095238095238095
822,-351.6201429861263,106,0.05,1.7018131617504658e-05,3.016881402214334,0.12264150943396226,0.2830188679245283,0.16037735849056603,0.4339622641509434
823,-165.11989644806206,62,0.05,1.6901024160490384e-05,3.021611676929643,0.11290322580645161,0.25806451612903225,0.24193548387096775,0.3870967741935484
824,-168.81484776367427,61,0.05,1.67847225590657e-05,3.050639183166864,0.18032786885245902,0.14754098360655737,0.3114754098360656,0.36065573770491804
825,-358.30073174959665,92,0.05,1.66692212678687e-05,2.9914392162865213,0.07608695652173914,0.43478260869565216,0.20652173913043478,0.2826086956521739
826,-206.7123850860388,66,0.05,1.6554514779696966e-05,2.9942861423579497,0.12121212121212122,0.3181818181818182,0.24242424242424243,0.3181818181818182
827,-302.65864625771064,87,0.05,1.6440597625244978e-05,3.032003698252357,0.06896551724137931,0.26436781609195403,0.2988505747126437,0.367816091954023
828,-228.8595852603945,61,0.05,1.6327464372843345e-05,3.0271372822479456,0.4262295081967213,0.2459016393442623,0.09836065573770492,0.22950819672131148
829,-200.65367632541123,59,0.05,1.6215109628199808e-05,3.0029277902560874,0.1016949152542373,0.3728813559322034,0.1864406779661017,0.3389830508474576
830,-194.78719857224695,100,0.05,1.6103528034142037e-05,3.013949792315018,0.2,0.25,0.25,0.3
831,-369.06149966150406,94,0.05,1.5992714270362195e-05,3.0019581712834356,0.010638297872340425,0.3404255319148936,0.2765957446808511,0.3723404255319149
832,-246.40563772993315,62,0.05,1.5882663053163262e-05,3.016940499451599,0.04838709677419355,0.3387096774193548,0.3387096774193548,0.27419354838709675
833,-191.60338541785663,54,0.05,1.577336913520711e-05,2.990410260065305,0.1111111111111111,0.3148148148148148,0.24074074074074073,0.3333333333333333
834,-226.355158071884,85,0.05,1.56648273052643e-05,2.965423684758474,0.12941176470588237,0.4470588235294118,0.11764705882352941,0.3058823529411765
835,-385.5239954104812,106,0.05,1.5557032387965604e-05,3.006242010228128,0.1509433962264151,0.42452830188679247,0.1509433962264151,0.27358490566037735
836,-143.897146124175,181,0.05,1.544997924355524e-05,3.006584155406333,0.16574585635359115,0.26519337016574585,0.3259668508287293,0.2430939226519337
837,-133.60034030249716,61,0.05,1.53436627676458e-05,3.0104267639329536,0.03278688524590164,0.22950819672131148,0.3770491803278688,0.36065573770491804
838,-209.28338242086025,60,0.05,1.5238077890974887e-05,2.9989405416918795,0.08333333333333333,0.2833333333333333,0.31666666666666665,0.31666666666666665
839,-170.826180494161,81,0.05,1.5133219579163384e-05,3.0112803911689694,0.1728395061728395,0.2222222222222222,0.30864197530864196,0.2962962962962963
840,-271.8679152805285,63,0.05,1.5029082832475423e-05,3.0669245758346215,0.12698412698412698,0.2222222222222222,0.23809523809523808,0.4126984126984127
841,-168.42936545967328,81,0.05,1.4925662685579993e-05,3.0159818570336214,0.09876543209876543,0.2962962962962963,0.25925925925925924,0.345679012345679
842,34.73200036128051,107,0.05,1.4822954207314186e-05,3.0037575028674453,0.07476635514018691,0.38317757009345793,0.21495327102803738,0.32710280373831774
843,-174.45328394138693,58,0.05,1.4720952500448076e-05,3.011708677382943,0.2413793103448276,0.15517241379310345,0.29310344827586204,0.3103448275862069
844,-297.580223789129,77,0.05,1.4619652701451211e-05,2.9825307719496927,0.14285714285714285,0.19480519480519481,0.2077922077922078,0.45454545454545453
845,-319.2743065662627,93,0.05,1.4519049980260725e-05,3.0433046327876454,0.21505376344086022,0.26881720430107525,0.26881720430107525,0.24731182795698925
846,-156.08510299633997,91,0.05,1.4419139540051027e-05,3.063236332601794,0.03296703296703297,0.31868131868131866,0.3076923076923077,0.34065934065934067
847,-178.10206095101208,69,0.05,1.4319916617005086e-05,3.0370675175674307,0.014492753623188406,0.21739130434782608,0.391304347826087,0.37681159420289856
848,-321.46241648175464,83,0.05,1.4221376480087294e-05,3.026568026991121,0.14457831325301204,0.18072289156626506,0.30120481927710846,0.37349397590361444
849,17.321884308753383,134,0.05,1.4123514430817878e-05,3.047013836356653,0.014925373134328358,0.373134328358209,0.27611940298507465,0.3358208955223881
850,-208.1073749216863,71,0.05,1.4026325803048881e-05,3.027937583991283,0.14084507042253522,0.15492957746478872,0.352112676056338,0.352112676056338
851,-199.62109122842327,72,0.05,1.3929805962741665e-05,3.0240936686263646,0.1388888888888889,0.5,0.1527777777777778,0.20833333333333334
852,-237.05686395044683,111,0.05,1.3833950307745965e-05,3.031987428547608,0.12612612612612611,0.3333333333333333,0.22522522522522523,0.3153153153153153
853,-440.9102761331771,88,0.05,1.3738754267580453e-05,3.018406083743234,0.125,0.42045454545454547,0.20454545454545456,0.25
854,-504.2218527722804,91,0.05,1.364421330321481e-05,3.002999085557696,0.27472527472527475,0.21978021978021978,0.34065934065934067,0.16483516483516483
855,-184.88550935873508,65,0.05,1.3550322906853302e-05,3.0129301834734306,0.24615384615384617,0.27692307692307694,0.26153846153846155,0.2153846153846154
856,-214.90486518686475,87,0.05,1.345707860171985e-05,3.027585308865389,0.08045977011494253,0.367816091954023,0.21839080459770116,0.3333333333333333
857,-308.0941647175164,103,0.05,1.3364475941844564e-05,3.0347447132036933,0.08737864077669903,0.2815533980582524,0.2524271844660194,0.3786407766990291
858,-345.0360642525619,96,0.05,1.3272510511851765e-05,3.0015848259684206,0.08333333333333333,0.3333333333333333,0.28125,0.3020833333333333
859,-140.97595734194442,81,0.05,1.3181177926749448e-05,3.0284455204063403,0.2345679012345679,0.24691358024691357,0.2962962962962963,0.2222222222222222
860,-194.30238150107073,59,0.05,1.3090473831720205e-05,3.0498589347317955,0.11864406779661017,0.1864406779661017,0.3728813559322034,0.3220338983050847
861,-316.30555010722924,89,0.05,1.3000393901913585e-05,3.0063664699686963,0.033707865168539325,0.48314606741573035,0.23595505617977527,0.24719101123595505
862,-261.2697674493653,70,0.05,1.2910933842239878e-05,2.9949090523599877,0.17142857142857143,0.2714285714285714,0.34285714285714286,0.21428571428571427
863,-340.59391993959065,75,0.05,1.2822089387165325e-05,3.0315974187507133,0.08,0.4,0.25333333333333335,0.26666666666666666
864,-187.21331951396465,63,0.05,1.273385630050873e-05,3.0367873475131657,0.14285714285714285,0.36507936507936506,0.23809523809523808,0.25396825396825395
865,-158.02745199282617,97,0.05,1.2646230375239476e-05,3.013852038083857,0.020618556701030927,0.5360824742268041,0.21649484536082475,0.2268041237113402
866,-246.9664522397866,95,0.05,1.2559207433276937e-05,3.0168638494108873,0.16842105263157894,0.3894736842105263,0.15789473684210525,0.28421052631578947
867,-285.34437040848644,102,0.05,1.2472783325291252e-05,2.998708515304892,0.18627450980392157,0.3235294117647059,0.20588235294117646,0.28431372549019607
868,-24.212904597697133,90,0.05,1.2386953930505488e-05,3.0644489314096632,0.06666666666666667,0.34444444444444444,0.32222222222222224,0.26666666666666666
869,-342.7744432740773,80,0.05,1.2301715156499158e-05,3.0851153659257564,0.1125,0.4875,0.1875,0.2125
870,-304.803748818177,109,0.05,1.2217062939013088e-05,3.0591785143684156,0.09174311926605505,0.3669724770642202,0.21100917431192662,0.3302752293577982
871,-218.5869081902952,84,0.05,1.2132993241755632e-05,3.0379406262523476,0.23809523809523808,0.2857142857142857,0.21428571428571427,0.2619047619047619
872,16.32554945112696,105,0.05,1.2049502056210217e-05,3.0456624178528915,0.06666666666666667,0.34285714285714286,0.29523809523809524,0.29523809523809524
873,-224.00522900295223,88,0.05,1.1966585401444214e-05,3.055808822982645,0.1590909090909091,0.29545454545454547,0.36363636363636365,0.18181818181818182
874,-199.48660322204802,86,0.05,1.1884239323919121e-05,3.0747785333548343,0.2441860465116279,0.26744186046511625,0.313953488372093,0.1744186046511628
875,-192.7506183071634,76,0.05,1.1802459897302061e-05,3.058057623054873,0.09210526315789473,0.2631578947368421,0.3815789473684211,0.2631578947368421
876,-145.08871287282557,88,0.05,1.1721243222278564e-05,3.0659840610878337,0.045454545454545456,0.2840909090909091,0.36363636363636365,0.3068181818181818
877,-239.14784026893156,66,0.05,1.1640585426366647e-05,3.044404784533532,0.18181818181818182,0.21212121212121213,0.4393939393939394,0.16666666666666666
878,-129.98972329622575,58,0.05,1.1560482663732173e-05,3.0641304125394853,0.05172413793103448,0.20689655172413793,0.41379310344827586,0.3275862068965517
879,-230.03357356271619,62,0.05,1.1480931115005475e-05,3.0634644106916777,0.14516129032258066,0.2903225806451613,0.3387096774193548,0.22580645161290322
880,-141.62729987717336,57,0.05,1.1401926987099248e-05,3.0372570850554927,0.08771929824561403,0.3333333333333333,0.2982456140350877,0.2807017543859649
881,-90.78938424046947,89,0.05,1.1323466513027688e-05,3.0520810682976767,0.06741573033707865,0.30337078651685395,0.3595505617977528,0.2696629213483146
882,-69.33772589817247,90,0.05,1.1245545951726881e-05,3.0455299791486405,0.12222222222222222,0.25555555555555554,0.4,0.2222222222222222
883,-203.69959877295196,99,0.05,1.1168161587876426e-05,3.031439071921506,0.1919191919191919,0.35353535353535354,0.2222222222222222,0.23232323232323232
884,-219.80323005870503,78,0.05,1.1091309731722286e-05,3.0376699420183795,0.16666666666666666,0.32051282051282054,0.28205128205128205,0.23076923076923078
885,-309.6523284067481,85,0.05,1.1014986718900852e-05,3.0393920016435394,0.3176470588235294,0.21176470588235294,0.3411764705882353,0.12941176470588237
886,-108.95690727015364,81,0.05,1.093918891026423e-05,3.088608398551493,0.012345679012345678,0.2716049382716049,0.4444444444444444,0.2716049382716049
887,-229.36050289148443,79,0.05,1.0863912691706718e-05,3.0493615284872364,0.1518987341772152,0.34177215189873417,0.24050632911392406,0.26582278481012656
888,-138.02354224870504,63,0.05,1.0789154473992486e-05,3.0406652340926446,0.07936507936507936,0.19047619047619047,0.3968253968253968,0.3333333333333333
889,-67.47281306846982,106,0.05,1.0714910692584437e-05,3.02244706377682,0.08490566037735849,0.32075471698113206,0.2641509433962264,0.330188679245283
890,-164.1415670008792,60,0.05,1.0641177807474243e-05,3.044830282404136,0.016666666666666666,0.23333333333333334,0.43333333333333335,0.31666666666666665
891,-305.7827316956848,76,0.05,1.0567952303013563e-05,3.0659619395300446,0.13157894736842105,0.2894736842105263,0.2894736842105263,0.2894736842105263
892,-192.2807247962122,60,0.05,1.0495230687746404e-05,3.026885118589649,0.25,0.21666666666666667,0.31666666666666665,0.21666666666666667
893,-337.30905033173497,106,0.05,1.042300949424265e-05,3.1063280226693526,0.1792452830188679,0.36792452830188677,0.24528301886792453,0.20754716981132076
894,-394.071505488635,105,0.05,1.0351285278932735e-05,3.1004108017266687,0.29523809523809524,0.22857142857142856,0.3142857142857143,0.1619047619047619
895,-310.94554132143605,100,0.05,1.0280054621943443e-05,3.0926450595978565,0.26,0.25,0.23,0.26
896,-336.2007100618911,88,0.05,1.0209314126934852e-05,3.093612363395701,0.18181818181818182,0.23863636363636365,0.375,0.20454545454545456
897,-170.21505411162155,81,0.05,1.0139060420938391e-05,3.0930192609149882,0.12345679012345678,0.24691358024691357,0.35802469135802467,0.2716049382716049
898,-353.21423275193905,95,0.05,1.0069290154196015e-05,3.098338085551773,0.29473684210526313,0.30526315789473685,0.23157894736842105,0.16842105263157894
899,-339.88558500795574,71,0.05,1.0000000000000484e-05,3.089754399225108,0.11267605633802817,0.29577464788732394,0.4225352112676056,0.16901408450704225
900,-204.00479737083342,65,0.05,1e-05,3.0897598387981,0.09230769230769231,0.2153846153846154,0.4153846153846154,0.27692307692307694
901,-206.0759072771424,78,0.05,1e-05,3.089598343359334,0.19230769230769232,0.34615384615384615,0.21794871794871795,0.24358974358974358
902,-209.16234987280734,82,0.05,1e-05,3.075005490115153,0.18292682926829268,0.34146341463414637,0.23170731707317074,0.24390243902439024
903,-182.74492846607376,86,0.05,1e-05,3.0721382440731086,0.12790697674418605,0.313953488372093,0.29069767441860467,0.26744186046511625
904,-170.74843404967476,95,0.05,1e-05,3.0845303171848824,0.042105263157894736,0.3368421052631579,0.3473684210526316,0.2736842105263158
905,-327.56798324930355,88,0.05,1e-05,3.070752072665712,0.1590909090909091,0.29545454545454547,0.3068181818181818,0.23863636363636365
906,-114.41266468927942,78,0.05,1e-05,3.098952311898641,0.01282051282051282,0.21794871794871795,0.47435897435897434,0.2948717948717949
907,-334.21980576444975,90,0.05,1e-05,3.071561689861025,0.14444444444444443,0.28888888888888886,0.28888888888888886,0.2777777777777778
908,-168.9861516573122,72,0.05,1e-05,3.0842758716058833,0.1388888888888889,0.3194444444444444,0.3194444444444444,0.2222222222222222
909,-212.922648156624,72,0.05,1e-05,3.071837895692438,0.1111111111111111,0.3888888888888889,0.2222222222222222,0.2777777777777778
910,-203.7163251271397,75,0.05,1e-05,3.0943457804481747,0.25333333333333335,0.29333333333333333,0.24,0.21333333333333335
911,-270.1200429204147,73,0.05,1e-05,3.0474798536011694,0.1506849315068493,0.2602739726027397,0.3013698630136986,0.2876712328767123
912,-407.4907418624245,115,0.05,1e-05,3.093695019610712,0.2956521739130435,0.30434782608695654,0.2,0.2
913,-141.20050275199583,77,0.05,1e-05,3.0632902324769176,0.0,0.2597402597402597,0.4155844155844156,0.3246753246753247
914,-160.64137213354513,59,0.05,1e-05,3.086295810016095,0.1864406779661017,0.1864406779661017,0.3559322033898305,0.2711864406779661
915,-220.93188881592826,69,0.05,1e-05,3.0820392546425324,0.18840579710144928,0.30434782608695654,0.2608695652173913,0.2463768115942029
916,-321.8494367176637,80,0.05,1e-05,3.040753840009735,0.075,0.4125,0.2875,0.225
917,-309.83016542298503,82,0.05,1e-05,3.1430817417860486,0.07317073170731707,0.32926829268292684,0.34146341463414637,0.25609756097560976
918,-189.57204333992354,87,0.05,1e-05,3.1466659280167883,0.12643678160919541,0.28735632183908044,0.3218390804597701,0.26436781609195403
919,-233.31186697936488,70,0.05,1e-05,3.1333486297084643,0.3,0.2,0.2857142857142857,0.21428571428571427
920,-230.90817857469278,66,0.05,1e-05,3.1102351769534637,0.18181818181818182,0.19696969696969696,0.4393939393939394,0.18181818181818182
921,-179.9544193051733,63,0.05,1e-05,3.0966329194975213,0.23809523809523808,0.15873015873015872,0.3492063492063492,0.25396825396825395
922,-188.06894344195513,60,0.05,1e-05,3.143114216682969,0.38333333333333336,0.2833333333333333,0.15,0.18333333333333332
923,-69.97279494689803,101,0.05,1e-05,3.1027968432980577,0.1188118811881188,0.39603960396039606,0.297029702970297,0.18811881188118812
924,-123.2145536532378,108,0.05,1e-05,3.1326515306575584,0.16666666666666666,0.2962962962962963,0.28703703703703703,0.25
925,-249.0794060592192,75,0.05,1e-05,3.1233690949120216,0.3333333333333333,0.21333333333333335,0.29333333333333333,0.16
926,-163.5263376438031,63,0.05,1e-05,3.1298712025903095,0.1111111111111111,0.23809523809523808,0.36507936507936506,0.2857142857142857
927,-66.09877529133698,105,0.05,1e-05,3.1218965461948835,0.11428571428571428,0.3904761904761905,0.24761904761904763,0.24761904761904763
928,-257.11926228128357,87,0.05,1e-05,3.0878035233672816,0.21839080459770116,0.2413793103448276,0.26436781609195403,0.27586206896551724
929,-216.81347239421777,72,0.05,1e-05,3.137370943086061,0.20833333333333334,0.25,0.2916666666666667,0.25
930,-181.57475439279648,70,0.05,1e-05,3.1392495591997878,0.15714285714285714,0.2,0.4,0.24285714285714285
931,-251.00260354638132,84,0.05,1e-05,3.1193312371727226,0.10714285714285714,0.2976190476190476,0.38095238095238093,0.21428571428571427
932,-329.55558809289204,107,0.05,1e-05,3.10054285603137,0.18691588785046728,0.37383177570093457,0.27102803738317754,0.16822429906542055
933,-208.44272602942493,92,0.05,1e-05,3.115783254689881,0.06521739130434782,0.34782608695652173,0.33695652173913043,0.25
934,-255.81930712159087,76,0.05,1e-05,3.1089098003388798,0.07894736842105263,0.2894736842105263,0.3026315789473684,0.32894736842105265
935,-144.76255772411,74,0.05,1e-05,3.1241911780320817,0.013513513513513514,0.24324324324324326,0.47297297297297297,0.2702702702702703
936,-155.8894638403749,80,0.05,1e-05,3.1323923053475426,0.0625,0.225,0.4125,0.3
937,-324.2817493132999,79,0.05,1e-05,3.120970741264293,0.16455696202531644,0.35443037974683544,0.27848101265822783,0.20253164556962025
938,-298.76843594189484,78,0.05,1e-05,3.108466300602364,0.08974358974358974,0.32051282051282054,0.3333333333333333,0.2564102564102564
939,-240.41762502217074,95,0.05,1e-05,3.1346079936151234,0.16842105263157894,0.2631578947368421,0.3684210526315789,0.2
940,-271.5978951573473,74,0.05,1e-05,3.1398911088605947,0.21621621621621623,0.21621621621621623,0.35135135135135137,0.21621621621621623
941,-184.6630386509074,98,0.05,1e-05,3.142459238227715,0.23469387755102042,0.2755102040816326,0.23469387755102042,0.25510204081632654
942,-197.27527347045418,69,0.05,1e-05,3.161289986641858,0.10144927536231885,0.2753623188405797,0.36231884057971014,0.2608695652173913
943,-67.9917134635621,90,0.05,1e-05,3.12692049068162,0.03333333333333333,0.35555555555555557,0.37777777777777777,0.23333333333333334
944,-210.73497289363726,66,0.05,1e-05,3.162349002732678,0.16666666666666666,0.22727272727272727,0.4393939393939394,0.16666666666666666
945,-257.76477304172715,79,0.05,1e-05,3.127300097862404,0.31645569620253167,0.21518987341772153,0.379746835443038,0.08860759493670886
946,-294.07102714577366,101,0.05,1e-05,3.1251926410686512,0.1485148514851485,0.33663366336633666,0.2871287128712871,0.22772277227722773
947,-148.9221666680291,105,0.05,1e-05,3.1503407907607777,0.20952380952380953,0.21904761904761905,0.3238095238095238,0.24761904761904763
948,-189.97497226097641,93,0.05,1e-05,3.171413947484158,0.15053763440860216,0.25806451612903225,0.3118279569892473,0.27956989247311825
949,-346.4461146268317,81,0.05,1e-05,3.1307148698094407,0.16049382716049382,0.2345679012345679,0.43209876543209874,0.1728395061728395
950,-336.6984951511164,108,0.05,1e-05,3.1619574199918468,0.1111111111111111,0.37037037037037035,0.25925925925925924,0.25925925925925924
951,-66.11843667500389,68,0.05,1e-05,3.1462751942328113,0.029411764705882353,0.29411764705882354,0.38235294117647056,0.29411764705882354
952,-397.69912370768475,103,0.05,1e-05,3.154107022285326,0.27184466019417475,0.17475728155339806,0.39805825242718446,0.1553398058252427
953,-175.01905798297213,59,0.05,1e-05,3.1488844205884083,0.06779661016949153,0.288135593220339,0.3050847457627119,0.3389830508474576
954,-113.41610932418331,95,0.05,1e-05,3.131376992871462,0.031578947368421054,0.3263157894736842,0.3368421052631579,0.30526315789473685
955,-266.0426492201867,81,0.05,1e-05,3.141646160327383,0.19753086419753085,0.32098765432098764,0.2962962962962963,0.18518518518518517
956,-139.02332054979627,66,0.05,1e-05,3.128117142901629,0.16666666666666666,0.25757575757575757,0.3484848484848485,0.22727272727272727
957,-315.5962419335055,95,0.05,1e-05,3.1230388709176355,0.2631578947368421,0.3263157894736842,0.2631578947368421,0.14736842105263157
958,-196.39802311304774,70,0.05,1e-05,3.161802867346788,0.32857142857142857,0.12857142857142856,0.35714285714285715,0.18571428571428572
959,-220.79140158339249,60,0.05,1e-05,3.1476996756515665,0.15,0.25,0.4,0.2
960,24.383165915863984,114,0.05,1e-05,3.1403320743750873,0.08771929824561403,0.30701754385964913,0.42105263157894735,0.18421052631578946
961,-50.3383684576626,84,0.05,1e-05,3.1449474863095226,0.09523809523809523,0.20238095238095238,0.47619047619047616,0.2261904761904762
962,-215.2292441231398,98,0.05,1e-05,3.149717153729826,0.08163265306122448,0.37755102040816324,0.336734693877551,0.20408163265306123
963,-234.32948193230882,80,0.05,1e-05,3.1305484169580806,0.15,0.2375,0.4,0.2125
964,-528.7374879654565,108,0.05,1e-05,3.128910885946368,0.19444444444444445,0.37037037037037035,0.2222222222222222,0.21296296296296297
965,-59.90065059138121,105,0.05,1e-05,3.1912956975383353,0.2,0.2857142857142857,0.3142857142857143,0.2
966,-196.28712293000314,75,0.05,1e-05,3.1827814239130587,0.05333333333333334,0.32,0.41333333333333333,0.21333333333333335
967,-206.64053247838297,141,0.05,1e-05,3.187267159077286,0.09219858156028368,0.2765957446808511,0.425531914893617,0.20567375886524822
968,-203.71510979967394,90,0.05,1e-05,3.189469081109404,0.3333333333333333,0.17777777777777778,0.35555555555555557,0.13333333333333333
969,-149.2352070305663,94,0.05,1e-05,3.1840075692688945,0.1276595744680851,0.2553191489361702,0.39361702127659576,0.22340425531914893
970,-150.69892092626077,67,0.05,1e-05,3.176430046793922,0.2835820895522388,0.208955223880597,0.3582089552238806,0.14925373134328357
971,-214.6337247308118,77,0.05,1e-05,3.1763506337179956,0.09090909090909091,0.2597402597402597,0.42857142857142855,0.22077922077922077
972,-119.22429776103995,114,0.05,1e-05,3.1591489907753596,0.10526315789473684,0.3333333333333333,0.30701754385964913,0.2543859649122807
973,-352.44989656122164,89,0.05,1e-05,3.1785816297924683,0.2247191011235955,0.2247191011235955,0.3707865168539326,0.1797752808988764
974,-158.6771876219093,99,0.05,1e-05,3.1693990383122563,0.16161616161616163,0.25252525252525254,0.3333333333333333,0.25252525252525254
975,-181.1453356867363,98,0.05,1e-05,3.1764255591280124,0.25510204081632654,0.20408163265306123,0.3469387755102041,0.19387755102040816
976,-83.98232920572795,116,0.05,1e-05,3.1791810088075874,0.16379310344827586,0.2413793103448276,0.39655172413793105,0.19827586206896552
977,-306.27786165863296,88,0.05,1e-05,3.204110994246294,0.18181818181818182,0.2727272727272727,0.32954545454545453,0.2159090909090909
978,-255.07595644630254,63,0.05,1e-05,3.164985539349168,0.19047619047619047,0.14285714285714285,0.49206349206349204,0.1746031746031746
979,-212.1174319933574,91,0.05,1e-05,3.17922869208162,0.01098901098901099,0.34065934065934067,0.3516483516483517,0.2967032967032967
980,-170.29048815826565,70,0.05,1e-05,3.174787037411273,0.18571428571428572,0.21428571428571427,0.4,0.2
981,33.62870063992372,100,0.05,1e-05,3.1664097689840456,0.05,0.34,0.41,0.2
982,-385.51615079428507,88,0.05,1e-05,3.1408787512312126,0.13636363636363635,0.36363636363636365,0.3409090909090909,0.1590909090909091
983,-370.35098480779675,103,0.05,1e-05,3.1743649953480735,0.22330097087378642,0.27184466019417475,0.3106796116504854,0.1941747572815534
984,-18.415575115115274,116,0.05,1e-05,3.1505637272109075,0.06896551724137931,0.3448275862068966,0.31896551724137934,0.2672413793103448
985,-131.94947985541492,72,0.05,1e-05,3.1250301594591603,0.1388888888888889,0.18055555555555555,0.4444444444444444,0.2361111111111111
986,-149.67086182776302,89,0.05,1e-05,3.207785203078332,0.0449438202247191,0.38202247191011235,0.3707865168539326,0.20224719101123595
987,-195.10177423591392,72,0.05,1e-05,3.19518211229878,0.16666666666666666,0.2222222222222222,0.4583333333333333,0.1527777777777778
988,-94.14769204672484,105,0.05,1e-05,3.2050192087197416,0.11428571428571428,0.3047619047619048,0.34285714285714286,0.23809523809523808
989,-214.55113276194135,83,0.05,1e-05,3.1690394866961165,0.21686746987951808,0.3614457831325301,0.3253012048192771,0.0963855421686747
990,-268.4224472865574,87,0.05,1e-05,3.188990134900629,0.14942528735632185,0.3218390804597701,0.3563218390804598,0.1724137931034483
991,-294.3544515319255,93,0.05,1e-05,3.2006242561339437,0.12903225806451613,0.3655913978494624,0.27956989247311825,0.22580645161290322
992,-169.3640509682076,77,0.05,1e-05,3.1939373380840577,0.11688311688311688,0.37662337662337664,0.33766233766233766,0.16883116883116883
993,-36.483853851864026,78,0.05,1e-05,3.208506921254604,0.07692307692307693,0.3076923076923077,0.41025641025641024,0.20512820512820512
994,-151.21250025040382,97,0.05,1e-05,3.202728493061642,0.16494845360824742,0.28865979381443296,0.31958762886597936,0.2268041237113402
995,-230.02915999337222,88,0.05,1e-05,3.2145297298860767,0.2159090909090909,0.22727272727272727,0.36363636363636365,0.19318181818181818
996,-145.76843776659786,105,0.05,1e-05,3.1969487467770126,0.18095238095238095,0.26666666666666666,0.2761904761904762,0.2761904761904762
997,-71.33009610513014,97,0.05,1e-05,3.1734928987393167,0.10309278350515463,0.21649484536082475,0.44329896907216493,0.23711340206185566
998,-440.33928207445666,85,0.05,1e-05,3.200927834833022,0.16470588235294117,0.2823529411764706,0.3411764705882353,0.21176470588235294
999,-21.647961626499296,84,0.05,1e-05,3.1762415754546964,0.16666666666666666,0.25,0.39285714285714285,0.19047619047619047
