Episode,Total_Reward,Steps,Epsilon,Learning_Rate,Average_Loss,Action_0_Percentage,Action_1_Percentage,Action_2_Percentage,Action_3_Percentage
0,-129.6098083774006,63,0.9950195566196387,0.00496559332726813,0.0,0.30158730158730157,0.25396825396825395,0.1746031746031746,0.2698412698412698
1,-80.02962249628939,84,0.9900639180555424,0.004931423418361956,0.0,0.23809523809523808,0.2261904761904762,0.2976190476190476,0.23809523809523808
2,-354.6980911240079,80,0.9851329607687281,0.004897488644030385,0.0,0.2875,0.2375,0.2375,0.2375
3,-65.32835559210203,91,0.9802265618354918,0.004863787386233744,0.0,0.2087912087912088,0.27472527472527475,0.2967032967032967,0.21978021978021978
4,-271.86973660848344,80,0.975344598944344,0.004830318038066636,0.0,0.275,0.2125,0.275,0.2375
5,-128.66942947369773,70,0.9704869503929605,0.004797079003681315,0.0,0.2714285714285714,0.17142857142857143,0.22857142857142856,0.32857142857142857
6,-216.7143592322848,85,0.9656534950851489,0.004764068698211598,0.0,0.27058823529411763,0.21176470588235294,0.21176470588235294,0.3058823529411765
7,-391.12131646866214,107,0.9608441125278293,0.0047312855476972955,0.0,0.17757009345794392,0.16822429906542055,0.32710280373831774,0.32710280373831774
8,-28.7245129014716,66,0.956058682828031,0.004698727989009166,0.0,0.30303030303030304,0.2878787878787879,0.25757575757575757,0.15151515151515152
9,-343.78771557270136,91,0.9512970866899032,0.004666394469774383,0.0,0.23076923076923078,0.2967032967032967,0.21978021978021978,0.25274725274725274
10,-124.54128927978653,73,0.9465592054117414,0.004634283448302516,0.0,0.3287671232876712,0.1917808219178082,0.273972602739726,0.2054794520547945
11,-526.8963051292927,116,0.9418449208830285,0.004602393393512023,0.0,0.21551724137931033,0.1724137931034483,0.2672413793103448,0.3448275862068966
12,-159.86440999018203,111,0.9371541155814898,0.004570722784857245,0.0,0.1891891891891892,0.3333333333333333,0.2702702702702703,0.2072072072072072
13,-140.71478801962303,105,0.9324866725701636,0.004539270112255908,0.0,0.3047619047619048,0.20952380952380953,0.21904761904761905,0.26666666666666666
14,-286.07691579454377,123,0.9278424754944864,0.004508033876017119,0.0,0.3170731707317073,0.21138211382113822,0.2682926829268293,0.2032520325203252
15,-240.2044379145495,86,0.9232214085793918,0.004477012586769858,0.0,0.16279069767441862,0.3023255813953488,0.26744186046511625,0.26744186046511625
16,-114.20684549848741,91,0.9186233566264248,0.004446204765391968,0.0,0.26373626373626374,0.24175824175824176,0.25274725274725274,0.24175824175824176
17,-110.23774835846957,113,0.9140482050108695,0.004415608942939624,0.0,0.2831858407079646,0.21238938053097345,0.22123893805309736,0.2831858407079646
18,-373.17487205032734,103,0.9094958396788919,0.004385223660577296,0.0,0.24271844660194175,0.20388349514563106,0.24271844660194175,0.3106796116504854
19,-398.8075703868625,84,0.904966147144697,0.004355047469508188,0.0,0.20238095238095238,0.21428571428571427,0.32142857142857145,0.2619047619047619
20,-175.55056358889513,86,0.9004590144876992,0.004325078930905163,0.0,0.20930232558139536,0.3023255813953488,0.2441860465116279,0.2441860465116279
21,-64.81556214446888,63,0.8959743293497072,0.004295316615842131,0.0,0.20634920634920634,0.2698412698412698,0.23809523809523808,0.2857142857142857
22,-122.73796661806662,116,0.8915119799321238,0.004265759105225923,0.0,0.2413793103448276,0.27586206896551724,0.23275862068965517,0.25
23,-111.64291237834425,72,0.8870718549931581,0.004236404989728622,0.0,0.20833333333333334,0.2777777777777778,0.20833333333333334,0.3055555555555556
24,-115.8892139712052,82,0.8826538438450526,0.004207252869720371,0.0,0.2926829268292683,0.25609756097560976,0.2073170731707317,0.24390243902439024
25,-130.16711672435048,98,0.878257836351324,0.0041783013552026335,0.0,0.24489795918367346,0.21428571428571427,0.25510204081632654,0.2857142857142857
26,-205.51424830628184,66,0.8738837229240176,0.004149549065741917,0.0,0.19696969696969696,0.21212121212121213,0.22727272727272727,0.36363636363636365
27,-389.43127664505016,103,0.8695313945209752,0.004120994630403953,0.0,0.22330097087378642,0.18446601941747573,0.30097087378640774,0.2912621359223301
28,-247.12737992798154,117,0.8652007426431169,0.004092636687688333,0.0,0.19658119658119658,0.21367521367521367,0.27350427350427353,0.3162393162393162
29,-140.30993344702676,97,0.8608916593317363,0.004064473885463585,0.0,0.18556701030927836,0.2268041237113402,0.26804123711340205,0.31958762886597936
30,-153.37746705943957,62,0.8566040371658092,0.00403650488090271,0.0,0.24193548387096775,0.1774193548387097,0.16129032258064516,0.41935483870967744
31,-180.037199273128,104,0.852337769259316,0.004008728340419147,0.0,0.20192307692307693,0.23076923076923078,0.2980769230769231,0.2692307692307692
32,-308.8231904319672,83,0.8480927492585766,0.003981142939603193,0.0,0.14457831325301204,0.1927710843373494,0.2891566265060241,0.37349397590361444
33,-312.0188721180062,132,0.8438688713395993,0.003953747363158849,0.0,0.29545454545454547,0.2727272727272727,0.20454545454545456,0.22727272727272727
34,-82.52560107127066,101,0.8396660302054431,0.003926540304841109,0.0,0.22772277227722773,0.18811881188118812,0.33663366336633666,0.24752475247524752
35,-225.0164851439028,81,0.8354841210835922,0.0038995204673936763,0.0,0.2345679012345679,0.19753086419753085,0.2222222222222222,0.345679012345679
36,-358.2604273414797,96,0.8313230397233444,0.003872686562487108,0.0,0.15625,0.19791666666666666,0.4479166666666667,0.19791666666666666
37,-151.34415671406896,72,0.8271826823932125,0.003846037310657387,0.0,0.09722222222222222,0.1527777777777778,0.3194444444444444,0.4305555555555556
38,-164.3072847610445,69,0.8230629458783377,0.0038195714412449172,0.0,0.2753623188405797,0.2318840579710145,0.17391304347826086,0.3188405797101449
39,-166.25262246266436,81,0.8189637274779172,0.003793287692333935,0.0,0.19753086419753085,0.2222222222222222,0.2716049382716049,0.30864197530864196
40,-135.48917533434673,77,0.8148849250026439,0.0037671848106923425,0.0,0.24675324675324675,0.2077922077922078,0.16883116883116883,0.37662337662337664
41,-139.88894072133314,73,0.8108264367721583,0.00374126155171195,0.0,0.1780821917808219,0.273972602739726,0.2054794520547945,0.3424657534246575
42,-139.41415335150583,76,0.8067881616125144,0.003715516679349134,0.0,0.23684210526315788,0.23684210526315788,0.2236842105263158,0.3026315789473684
43,-121.83661251046641,102,0.8027699988536575,0.0036899489660659,0.0,0.22549019607843138,0.21568627450980393,0.27450980392156865,0.28431372549019607
44,-341.76129300443665,78,0.7987718483269142,0.003664557192771354,0.0,0.19230769230769232,0.14102564102564102,0.24358974358974358,0.4230769230769231
45,-64.01762379306393,118,0.7947936103624954,0.0036393401487635735,0.0,0.19491525423728814,0.23728813559322035,0.3135593220338983,0.2542372881355932
46,-326.593757529448,64,0.7908351857870121,0.003614296631671881,0.0,0.203125,0.203125,0.203125,0.390625
47,-411.0652974482179,80,0.7868964759210023,0.0035894254473995144,0.0,0.1625,0.2,0.2,0.4375
48,-248.629846419083,143,0.7829773825764719,0.00356472541006669,0.0,0.15384615384615385,0.1958041958041958,0.46853146853146854,0.18181818181818182
49,-385.552025461277,83,0.7790778080544463,0.0035401953419540613,0.0,0.1686746987951807,0.21686746987951808,0.40963855421686746,0.20481927710843373
50,-2.88762055927738,68,0.7751976551425351,0.0035158340734465607,0.0,0.14705882352941177,0.29411764705882354,0.19117647058823528,0.36764705882352944
51,-278.9794412106275,138,0.771336827112509,0.003491640442977634,0.0,0.15217391304347827,0.21014492753623187,0.4492753623188406,0.18840579710144928
52,-197.00746952783874,167,0.7674952277178876,0.0034676132969738557,0.0,0.20958083832335328,0.20359281437125748,0.3592814371257485,0.2275449101796407
53,-425.35935130361946,123,0.7636727611915411,0.003443751489799924,0.0,0.21951219512195122,0.13008130081300814,0.5121951219512195,0.13821138211382114
54,-216.1728763241794,128,0.7598693322433026,0.0034200538837040368,1.3007393849197257,0.2265625,0.2734375,0.25,0.25
55,-35.35436146273547,114,0.7560848460575919,0.0033965193487636436,0.9297141523210537,0.14912280701754385,0.21052631578947367,0.3684210526315789,0.2719298245614035
56,-148.66352693051817,74,0.7523192082910528,0.003373146762831569,0.8279723606686129,0.2702702702702703,0.16216216216216217,0.36486486486486486,0.20270270270270271
57,-149.2456299277954,129,0.748572325070201,0.0033499350114825064,0.7792797894794006,0.16279069767441862,0.21705426356589147,0.4263565891472868,0.1937984496124031
58,-141.3394686525588,71,0.7448441029890834,0.0033268829879598842,0.7381343751905948,0.16901408450704225,0.23943661971830985,0.30985915492957744,0.28169014084507044
59,-215.56505546263577,130,0.7411344491069503,0.003303989593123092,0.7457925307728271,0.14615384615384616,0.26153846153846155,0.4,0.19230769230769232
60,-64.04229233630518,107,0.7374432709459379,0.0032812537353950743,0.7195109651355863,0.1588785046728972,0.2336448598130841,0.3925233644859813,0.21495327102803738
61,-336.2142008741664,95,0.7337704764887631,0.0032586743307102817,0.7198168855319376,0.16842105263157894,0.23157894736842105,0.3157894736842105,0.28421052631578947
62,-85.15109989781261,77,0.7301159741764301,0.003236250302462983,0.6966263977714057,0.12987012987012986,0.2727272727272727,0.4155844155844156,0.18181818181818182
63,-11.152495961459692,143,0.7264796729059471,0.003213980581455931,1.1338514758845764,0.18181818181818182,0.2097902097902098,0.35664335664335667,0.2517482517482518
64,-199.40771705319136,110,0.7228614820280556,0.0031918641058493835,1.3339106362363051,0.2,0.17272727272727273,0.34545454545454546,0.2818181818181818
65,-148.72384687046906,115,0.7192613113449707,0.003169899821110471,1.1461340033460456,0.1391304347826087,0.28695652173913044,0.3826086956521739,0.19130434782608696
66,-188.95084337313205,99,0.7156790711081327,0.003148086679962919,1.0901739973844762,0.23232323232323232,0.18181818181818182,0.26262626262626265,0.32323232323232326
67,-122.58017138955402,96,0.712114672015969,0.0031264236423371103,1.0043696631218433,0.20833333333333334,0.22916666666666666,0.3854166666666667,0.17708333333333334
68,-187.85894047087135,166,0.708568025211669,0.0031049096753204956,1.0242050648811896,0.13253012048192772,0.23493975903614459,0.42168674698795183,0.21084337349397592
69,-163.57681138087983,115,0.7050390422809678,0.003083543753108342,0.9441061307564449,0.2,0.2,0.3217391304347826,0.2782608695652174
70,-110.52412011005347,74,0.7015276352499433,0.0030623248569548217,0.9300670037831712,0.20270270270270271,0.22972972972972974,0.33783783783783783,0.22972972972972974
71,-125.63257064694447,113,0.6980337165828222,0.0030412519751244387,0.9260065087413517,0.20353982300884957,0.19469026548672566,0.45132743362831856,0.1504424778761062
72,-275.0298892646572,117,0.6945571991797983,0.003020324102843787,0.9253681884281246,0.19658119658119658,0.3076923076923077,0.18803418803418803,0.3076923076923077
73,-78.29346069347523,122,0.691097996374861,0.002999540242253642,0.8865029488428728,0.14754098360655737,0.21311475409836064,0.4262295081967213,0.21311475409836064
74,-84.79995328178424,87,0.6876560219336348,0.002978899402361383,0.9390492422501665,0.20689655172413793,0.2413793103448276,0.42528735632183906,0.12643678160919541
75,-79.4995169049089,77,0.6842311900512299,0.002958400598993741,0.8821582777991016,0.2077922077922078,0.2597402597402597,0.42857142857142855,0.1038961038961039
76,-162.12792108622784,111,0.6808234153501025,0.0029380428547498717,0.9041211065320547,0.21621621621621623,0.21621621621621623,0.27927927927927926,0.2882882882882883
77,-116.88946138227112,169,0.6774326128779271,0.0029178251989547543,0.8699199019486618,0.23076923076923078,0.1893491124260355,0.33136094674556216,0.2485207100591716
78,-53.77242701641711,77,0.6740586981054784,0.0028977466676129065,0.8191191333150802,0.15584415584415584,0.24675324675324675,0.4025974025974026,0.19480519480519481
79,-103.22299516506509,113,0.670701586924524,0.0028778063033624217,0.8382250943103692,0.20353982300884957,0.1415929203539823,0.46017699115044247,0.19469026548672566
80,-63.635530115622245,183,0.6673611956457279,0.002858003155429321,0.8543196806824169,0.18579234972677597,0.20218579234972678,0.4207650273224044,0.1912568306010929
81,-221.8400754125754,117,0.6640374409965641,0.0028383362795822193,1.613240567603089,0.19658119658119658,0.2905982905982906,0.28205128205128205,0.23076923076923078
82,-266.43226316609423,212,0.6607302401192408,0.002818804738087304,1.339773386509003,0.18396226415094338,0.1792452830188679,0.4528301886792453,0.18396226415094338
83,-138.10847145552026,73,0.6574395105686344,0.002799407599663621,1.3712519672929664,0.1917808219178082,0.1917808219178082,0.3561643835616438,0.2602739726027397
84,-146.77704564919424,134,0.6541651703102348,0.002780143939438674,1.2342578229275962,0.13432835820895522,0.2462686567164179,0.27611940298507465,0.34328358208955223
85,-142.63056212140617,119,0.6509071377181003,0.0027610128389043225,1.261997426708759,0.17647058823529413,0.2689075630252101,0.3025210084033613,0.25210084033613445
86,-68.31758159846713,172,0.6476653315728222,0.0027420133858729883,1.1375850066613018,0.14534883720930233,0.23837209302325582,0.3953488372093023,0.22093023255813954
87,-61.06458752210618,93,0.6444396710595008,0.0027231446744341607,1.0626786419181915,0.16129032258064516,0.20430107526881722,0.3978494623655914,0.23655913978494625
88,-100.89588212844684,130,0.6412300757657303,0.002704405804911203,1.072007363536215,0.1076923076923077,0.23076923076923078,0.4076923076923077,0.25384615384615383
89,-100.88617786688397,101,0.6380364656795943,0.0026857958838184533,1.1287415818705535,0.1188118811881188,0.26732673267326734,0.39603960396039606,0.21782178217821782
90,-107.53737806772307,138,0.6348587611876713,0.002667314023818624,1.0934538037216597,0.14492753623188406,0.15942028985507245,0.5072463768115942,0.18840579710144928
91,-96.9324483591074,136,0.6316968830730497,0.0026489593436804936,1.0116791404583956,0.18382352941176472,0.2426470588235294,0.3161764705882353,0.25735294117647056
92,-103.01582626038083,109,0.6285507525133537,0.0026307309682368847,1.0086377378000841,0.1559633027522936,0.25688073394495414,0.3853211009174312,0.2018348623853211
93,-82.0867959901438,138,0.6254202910787774,0.0026126280283429405,0.9688890675444598,0.13043478260869565,0.2318840579710145,0.39855072463768115,0.2391304347826087
94,19.82065888939664,150,0.6223054207301305,0.002594649660834679,0.9864792207988309,0.17333333333333334,0.20666666666666667,0.4266666666666667,0.19333333333333333
95,-257.8976213543101,212,0.6192060638168921,0.00257679500848784,1.1245810516290922,0.1320754716981132,0.1650943396226415,0.4858490566037736,0.2169811320754717
96,-39.586643657621636,172,0.6161221430752757,0.0025590632199770087,1.5883682314990317,0.1511627906976744,0.20348837209302326,0.46511627906976744,0.18023255813953487
97,-7.527179446340014,86,0.6130535816263024,0.002541453449835026,1.4491876698134596,0.23255813953488372,0.27906976744186046,0.26744186046511625,0.22093023255813954
98,-12.555577425422456,171,0.6100003029738849,0.0025239648584126748,1.3145264327324206,0.12280701754385964,0.19883040935672514,0.49122807017543857,0.1871345029239766
99,-56.22288267724958,179,0.6069622310029202,0.002506596611838646,1.3965255627858795,0.16201117318435754,0.1787709497206704,0.4972067039106145,0.16201117318435754
100,-81.34742936392955,123,0.6039392899773924,0.002489347881979777,1.308637706433656,0.17886178861788618,0.15447154471544716,0.4715447154471545,0.1951219512195122
101,-120.91313579572864,82,0.6009314045384845,0.0024722178464015665,1.2322445528679102,0.14634146341463414,0.18292682926829268,0.32926829268292684,0.34146341463414637
102,-26.68382990726944,119,0.5979384997026995,0.0024552056883289613,1.2135286959701188,0.15126050420168066,0.14285714285714285,0.5294117647058824,0.17647058823529413
103,-89.94546531953043,83,0.5949605008599921,0.0024383105966074093,1.2400291373800334,0.1566265060240964,0.20481927710843373,0.40963855421686746,0.2289156626506024
104,-3.620211423002445,173,0.5919973337719074,0.002421531765664185,1.1558355519840668,0.1791907514450867,0.15028901734104047,0.5202312138728323,0.15028901734104047
105,-44.347636457539195,202,0.5890489245697316,0.002404868395469978,1.2043362665345139,0.13861386138613863,0.22772277227722773,0.44554455445544555,0.18811881188118812
106,-57.36969864259531,119,0.5861151997526493,0.0023883196915007476,1.0955415064079184,0.14285714285714285,0.14285714285714285,0.5126050420168067,0.20168067226890757
107,-54.04953345721101,91,0.583196086185912,0.002371884864699838,1.079993013458703,0.12087912087912088,0.13186813186813187,0.5054945054945055,0.24175824175824176
108,-107.52522592249066,92,0.5802915110990148,0.0023555631314403575,1.1085158446525738,0.15217391304347827,0.2608695652173913,0.3804347826086957,0.20652173913043478
109,-93.21074262234667,131,0.5774014020838818,0.002339353713487812,1.185675367377473,0.16793893129770993,0.16030534351145037,0.48091603053435117,0.19083969465648856
110,-219.8305127842324,118,0.5745256870930618,0.002323255837963,1.0670485677688744,0.1864406779661017,0.211864406779661,0.2966101694915254,0.3050847457627119
111,21.84787730642479,187,0.5716642944379317,0.00230726873730516,1.661516538775344,0.18181818181818182,0.17647058823529413,0.5026737967914439,0.13903743315508021
112,-69.67649417697507,147,0.5688171527869094,0.002291391649235373,1.5696686865909588,0.1836734693877551,0.2108843537414966,0.42857142857142855,0.17687074829931973
113,-67.1361580524927,225,0.5659841911636758,0.002275623816720217,1.5061523590653076,0.2222222222222222,0.18666666666666668,0.41333333333333333,0.17777777777777778
114,-72.91731917007255,137,0.5631653389454055,0.002259964487935669,1.5727545675592334,0.10948905109489052,0.26277372262773724,0.41605839416058393,0.2116788321167883
115,-6.941043230768159,182,0.5603605258610059,0.002244412916231259,1.4242245048043818,0.13186813186813187,0.19230769230769232,0.4725274725274725,0.2032967032967033
116,-80.95182834540363,108,0.5575696819893657,0.002228968360094469,1.2895060940695302,0.10185185185185185,0.2037037037037037,0.3888888888888889,0.3055555555555556
117,-207.75282884005696,185,0.5547927377576116,0.0022136300831153764,1.3896410571378697,0.1783783783783784,0.2864864864864865,0.3567567567567568,0.1783783783783784
118,-77.98420460526586,128,0.5520296239393742,0.002198397353951542,1.278028833244634,0.1015625,0.2109375,0.3203125,0.3671875
119,-111.12686212223825,88,0.5492802716530619,0.002183269446293138,1.383829620584427,0.11363636363636363,0.19318181818181818,0.4659090909090909,0.22727272727272727
120,-319.18273253805705,134,0.5465446123601444,0.0021682456388283184,1.385300615993905,0.208955223880597,0.23880597014925373,0.30597014925373134,0.2462686567164179
121,-65.31040431689988,106,0.5438225778634432,0.0021533252152088245,1.3363898096351121,0.12264150943396226,0.25471698113207547,0.4528301886792453,0.16981132075471697
122,-182.3527409027579,108,0.5411141003054323,0.0021385074640158297,1.2587989521430696,0.2037037037037037,0.2222222222222222,0.3611111111111111,0.21296296296296297
123,-58.11186507708999,112,0.5384191121665459,0.002123791678726019,1.2468404738499614,0.07142857142857142,0.15178571428571427,0.5625,0.21428571428571427
124,-189.08524702024852,230,0.535737546263496,0.0021091771576779,1.352589610870438,0.14782608695652175,0.21304347826086956,0.45217391304347826,0.18695652173913044
125,-236.68174589165324,236,0.533069335747597,0.0020946632040383484,1.5533315979947042,0.16101694915254236,0.19915254237288135,0.4661016949152542,0.17372881355932204
126,-53.25391398831371,104,0.5304144141030992,0.0020802491257693807,1.3714316535317321,0.17307692307692307,0.22115384615384615,0.47115384615384615,0.1346153846153846
127,-214.34813545195868,113,0.5277727151455311,0.00206593423559516,1.3761986637640191,0.18584070796460178,0.23008849557522124,0.35398230088495575,0.23008849557522124
128,-33.3548214417646,112,0.5251441730200492,0.0020517178509692224,1.5597972433911653,0.20535714285714285,0.1875,0.5089285714285714,0.09821428571428571
129,-39.986917792562274,188,0.5225287221997962,0.0020375992940419355,1.410423613952446,0.17553191489361702,0.17553191489361702,0.4627659574468085,0.18617021276595744
130,-216.81941894112336,185,0.5199262974842676,0.0020235778916281775,1.3420547756562469,0.1945945945945946,0.1891891891891892,0.42702702702702705,0.1891891891891892
131,-36.38607483005651,147,0.5173368339976863,0.002009652975175238,1.3892632356249124,0.1564625850340136,0.20408163265306123,0.4557823129251701,0.1836734693877551
132,-125.89308182950016,206,0.5147602671873854,0.0019958238807309416,1.356013255625409,0.17475728155339806,0.1796116504854369,0.3786407766990291,0.2669902912621359
133,-162.6705800086937,199,0.512196532822199,0.0019820899489119896,1.2605504331001556,0.1306532663316583,0.1708542713567839,0.45226130653266333,0.24623115577889448
134,-310.44812596128463,129,0.5096455669908607,0.001968450524872521,1.237703512345135,0.20155038759689922,0.13953488372093023,0.3643410852713178,0.29457364341085274
135,-15.704262683078213,138,0.5071073061004107,0.0019549049582728876,1.3322971578063851,0.18840579710144928,0.2536231884057971,0.35507246376811596,0.2028985507246377
136,-31.90847149111417,116,0.50458168687461,0.0019414526032486465,1.270537998341583,0.15517241379310345,0.1206896551724138,0.5603448275862069,0.16379310344827586
137,-76.25080415150498,119,0.5020686463523638,0.0019280928183797639,1.6726093715124346,0.13445378151260504,0.19327731092436976,0.4117647058823529,0.2605042016806723
138,-102.76973159717585,202,0.49956812188615124,0.0019148249666600316,1.7539105135886082,0.11386138613861387,0.22772277227722773,0.45544554455445546,0.20297029702970298
139,-33.29616713724468,320,0.49708005114046383,0.0019016484154666946,1.6965210417694407,0.140625,0.171875,0.540625,0.146875
140,-87.31226794734734,214,0.49460437209025165,0.0018885625365302864,1.6378031877493193,0.16355140186915887,0.20093457943925233,0.4719626168224299,0.16355140186915887
141,13.181642761971872,133,0.492141023019377,0.001875566705904673,1.5666606005821042,0.24812030075187969,0.18796992481203006,0.37593984962406013,0.18796992481203006
142,-80.11666261551653,215,0.48968994251907594,0.0018626603039373023,1.5326111430596865,0.18604651162790697,0.13953488372093023,0.5348837209302325,0.13953488372093023
143,-14.770774804471571,234,0.4872510694864273,0.0018498427152396591,1.48469135184628,0.1282051282051282,0.1581196581196581,0.5341880341880342,0.1794871794871795
144,-108.2674907992123,200,0.4848243431228297,0.0018371133286579223,1.4446251945921609,0.155,0.185,0.45,0.21
145,-39.61157007735517,209,0.4824097029324856,0.0018244715372438245,1.405683440863723,0.13875598086124402,0.15789473684210525,0.4354066985645933,0.2679425837320574
146,-29.80591330117023,1000,0.4800070887208934,0.0018119167382257126,1.754425764208399,0.18,0.252,0.331,0.237
147,-234.2311299441911,163,0.47761644059334696,0.0017994483329798066,1.726845478611182,0.09815950920245399,0.25153374233128833,0.4110429447852761,0.2392638036809816
148,-68.88733163114725,169,0.4752376989534421,0.0017870657270016577,1.7072070963873216,0.1301775147928994,0.21301775147928995,0.5029585798816568,0.15384615384615385
149,-32.41629415783734,278,0.4728708045015913,0.0017747683298778003,1.5915041112068329,0.1366906474820144,0.17266187050359713,0.4892086330935252,0.2014388489208633
150,-74.90564697146571,129,0.4705156982335452,0.001762555555257602,1.6328365603085724,0.10077519379844961,0.24806201550387597,0.43410852713178294,0.21705426356589147
151,-39.19980199293023,117,0.4681723214389219,0.0017504268208253044,1.500537991249664,0.11965811965811966,0.21367521367521367,0.5128205128205128,0.15384615384615385
152,-62.75345166160767,100,0.46584061569974305,0.0017383815482722598,1.5962312496774453,0.17,0.2,0.43,0.2
153,18.605084816125455,88,0.4635205228889778,0.001726419163269355,1.5701725229980836,0.09090909090909091,0.18181818181818182,0.4659090909090909,0.26136363636363635
154,-81.78217256679102,184,0.4612119851690938,0.0017145390954396275,1.551161307706976,0.10869565217391304,0.22826086956521738,0.5163043478260869,0.14673913043478262
155,-383.74755776491133,249,0.4589149449906151,0.00170274077833107,1.7963224091801697,0.1606425702811245,0.23293172690763053,0.3855421686746988,0.22088353413654618
156,-113.60023127490938,257,0.4566293450906877,0.0016910236493896207,1.7464618645838772,0.14785992217898833,0.16731517509727625,0.4669260700389105,0.2178988326848249
157,-50.75010473753105,187,0.45435512849165205,0.0016793871499323405,1.666616953151266,0.16042780748663102,0.1925133689839572,0.43315508021390375,0.21390374331550802
158,-1.652808650131135,247,0.4520922384996226,0.0016678307251207745,1.6357524188662864,0.13765182186234817,0.20242914979757085,0.4817813765182186,0.17813765182186234
159,-15.595027319885403,120,0.44984061870307446,0.001656353823934497,1.6148185674879447,0.11666666666666667,0.16666666666666666,0.49166666666666664,0.225
160,126.89608718906545,1000,0.4476002129714371,0.0016449558991448378,1.6480600821353144,0.323,0.203,0.218,0.256
161,-173.9822752939406,370,0.4453709654536952,0.0016336364072887907,1.7451979085037046,0.13243243243243244,0.15135135135135136,0.5054054054054054,0.21081081081081082
162,-127.1113511250363,266,0.44315282057699623,0.0016223948086431,1.6982371915036591,0.15789473684210525,0.20300751879699247,0.47368421052631576,0.16541353383458646
163,-46.26919569001906,174,0.4409457230452651,0.0016112305671985266,1.6677304954259937,0.09195402298850575,0.21264367816091953,0.5172413793103449,0.1781609195402299
164,17.773994721801458,199,0.4387496178378257,0.0016001431506342896,1.608117561421081,0.16080402010050251,0.22110552763819097,0.4321608040201005,0.18592964824120603
165,-64.41627937099537,121,0.43656445020802925,0.0015891320302926862,1.684638366026576,0.12396694214876033,0.19008264462809918,0.4380165289256198,0.24793388429752067
166,-36.25615314403589,164,0.4343901656818896,0.0015781966811538838,1.6537342416828564,0.13414634146341464,0.14634146341463414,0.5060975609756098,0.21341463414634146
167,-4.2965991495856315,140,0.4322267100567252,0.0015673365818108867,1.6020251205908973,0.10714285714285714,0.22857142857142856,0.5071428571428571,0.15714285714285714
168,-238.97493121870727,238,0.4300740293998078,0.0015565512144446758,1.5681840242542027,0.12184873949579832,0.2184873949579832,0.4117647058823529,0.24789915966386555
169,-43.025886929075284,225,0.4279320700470182,0.0015458400647995172,1.6098189906771954,0.13333333333333333,0.17333333333333334,0.5511111111111111,0.14222222222222222
170,-72.79588752799327,285,0.4258007786015082,0.0015352026221584433,1.8047042366678159,0.1543859649122807,0.14736842105263157,0.5298245614035088,0.16842105263157894
171,-25.048367864370405,165,0.42368010193236966,0.0015246383793189005,1.7823268246051571,0.11515151515151516,0.24848484848484848,0.4484848484848485,0.18787878787878787
172,107.91621600002124,1000,0.4215699871733098,0.0015141468325685658,1.7689517748504884,0.283,0.185,0.23,0.302
173,-44.60080858031307,180,0.4194703817213335,0.001503727481661329,1.7350563428489492,0.08333333333333333,0.16666666666666666,0.5333333333333333,0.21666666666666667
174,-68.72119850913259,221,0.41738123323543186,0.001493379829793441,1.703176794113367,0.16289592760180996,0.18552036199095023,0.5113122171945701,0.14027149321266968
175,-38.46590779577397,274,0.41530248963527744,0.0014831033835798254,1.7133801762709184,0.16058394160583941,0.21532846715328466,0.4562043795620438,0.1678832116788321
176,-28.116439022237515,200,0.41323409909992587,0.0014728976530305534,1.8351661239163877,0.14,0.205,0.49,0.165
177,-21.51205257893284,104,0.4111760100665241,0.0014627621515274811,1.8122211694461898,0.057692307692307696,0.16346153846153846,0.5673076923076923,0.21153846153846154
178,-65.95695255625333,217,0.4091281712290249,0.0014526963958010467,1.8244011128600253,0.09216589861751152,0.1935483870967742,0.5299539170506913,0.18433179723502305
179,-43.278783591865874,137,0.407090531536908,0.0014426999059072281,1.7268370701847557,0.13138686131386862,0.25547445255474455,0.41605839416058393,0.19708029197080293
180,-14.203140434466675,291,0.40506304019390726,0.0014327722052046583,1.7529027502906538,0.15463917525773196,0.1718213058419244,0.5085910652920962,0.16494845360824742
181,-98.62105302822047,179,0.40304564665674447,0.0014229128203318991,1.6723895467792735,0.08379888268156424,0.2849162011173184,0.4022346368715084,0.22905027932960895
182,-32.54904464064899,94,0.40103830063386947,0.0014131212811848708,1.7183158390653623,0.09574468085106383,0.11702127659574468,0.5106382978723404,0.2765957446808511
183,-251.06220770893816,167,0.39904095208420615,0.001403397120894437,1.6852727984995821,0.11377245508982035,0.25748502994011974,0.40119760479041916,0.2275449101796407
184,-366.287522094858,508,0.3970535512159053,0.0013937398758041444,1.695969239856294,0.16338582677165353,0.16929133858267717,0.5236220472440944,0.1437007874015748
185,-40.84713407577099,130,0.3950760484851031,0.0013841490854481144,1.807785984555288,0.1076923076923077,0.24615384615384617,0.46153846153846156,0.18461538461538463
186,-38.164935579025325,411,0.39310839459468616,0.0013746242925290883,1.79037853562378,0.09245742092457421,0.1630170316301703,0.5523114355231143,0.1922141119221411
187,78.48572635208835,1000,0.3911505404930626,0.0013651650428966229,1.774351194037611,0.302,0.299,0.173,0.226
188,-13.383222581978274,260,0.38920243737293914,0.0013557708855254362,1.782903899279975,0.09230769230769231,0.1576923076923077,0.5653846153846154,0.18461538461538463
189,13.586417066246748,1000,0.3872640366701046,0.0013464413724939021,1.8425851965263123,0.171,0.201,0.437,0.191
190,-39.09833930770667,318,0.385335290062219,0.0013371760589626926,1.8645216225130343,0.08490566037735849,0.2138364779874214,0.4811320754716981,0.22012578616352202
191,-142.6051643334119,260,0.38341614946760905,0.0013279745031535685,1.7671193580557247,0.11153846153846154,0.21153846153846154,0.5038461538461538,0.17307692307692307
192,72.63469861127174,1000,0.3815065670440695,0.001318836266328314,1.8497857304758132,0.283,0.218,0.21,0.289
193,103.65497911060982,1000,0.3796064951876705,0.0013097609127678182,1.8878301756451201,0.325,0.139,0.248,0.288
194,-39.569596952870484,192,0.3777158865315709,0.0013007480097512987,1.8711180210060367,0.08854166666666667,0.22395833333333334,0.4583333333333333,0.22916666666666666
195,-84.42486127938855,166,0.37583469394483743,0.0012917971275356699,1.8641279462908504,0.21084337349397592,0.20481927710843373,0.3795180722891566,0.20481927710843373
196,-19.563370046328245,123,0.37396287053126975,0.001282907839335052,1.7544179066050323,0.0975609756097561,0.15447154471544716,0.5447154471544715,0.2032520325203252
197,12.63484830648305,174,0.3721003696282314,0.0012740797213004217,1.8373320622863822,0.20689655172413793,0.1896551724137931,0.41954022988505746,0.1839080459770115
198,10.979738417985532,1000,0.3702471448054865,0.0012653123524994027,1.8555058056509006,0.153,0.171,0.504,0.172
199,-24.235315568005376,253,0.3684031498640423,0.0012566053148961949,1.8598122014836171,0.1541501976284585,0.1976284584980237,0.45849802371541504,0.18972332015810275
200,-17.30511889101183,199,0.3665683388349977,0.0012479581933316425,1.7912346062810336,0.11557788944723618,0.15577889447236182,0.5527638190954773,0.17587939698492464
201,-60.69236692486372,193,0.3647426659783969,0.001239370575503439,1.800043867073943,0.12435233160621761,0.19170984455958548,0.49740932642487046,0.18652849740932642
202,63.077333167609424,1000,0.36292608578208946,0.0012308420519464677,1.870210523397252,0.269,0.136,0.274,0.321
203,-19.414539586277954,182,0.36111855296059564,0.0012223722160132787,1.9054800411334247,0.11538461538461539,0.17032967032967034,0.5659340659340659,0.14835164835164835
204,30.7200670251203,145,0.3593200224539774,0.0012139606638546987,1.8497520408791435,0.12413793103448276,0.13793103448275862,0.5724137931034483,0.16551724137931034
205,7.881527420001518,119,0.3575304494267152,0.0012056069944005763,1.8572128733626563,0.10084033613445378,0.18487394957983194,0.5294117647058824,0.18487394957983194
206,95.00129210098771,1000,0.3557497892665903,0.0011973108093406575,1.8811944959772608,0.257,0.257,0.188,0.298
207,-56.27674150422111,289,0.35397799758357257,0.0011890717131055946,2.003070096451574,0.11072664359861592,0.20069204152249134,0.5190311418685121,0.1695501730103806
208,37.08123187917505,1000,0.3522150302087139,0.001180889312848085,1.9450604492233352,0.235,0.171,0.266,0.328
209,40.457698242436805,104,0.35046084319304716,0.0011727632184241397,2.001185971586478,0.07692307692307693,0.17307692307692307,0.5480769230769231,0.20192307692307693
210,-124.79147898670311,570,0.3487153928064905,0.001164693042374481,1.8969958972555934,0.18947368421052632,0.14210526315789473,0.38421052631578945,0.28421052631578947
211,-144.73025862109728,478,0.34697863553675734,0.001156678399906068,1.945009832809557,0.14644351464435146,0.14225941422594143,0.5209205020920502,0.1903765690376569
212,-203.16824778016485,774,0.3452505280882715,0.0011487189088737499,1.895324604310724,0.21705426356589147,0.12919896640826872,0.3669250645994832,0.2868217054263566
213,-119.47445622082711,544,0.34353102738108804,0.001140814189762044,1.8680053910684005,0.09926470588235294,0.17095588235294118,0.5606617647058824,0.16911764705882354
214,-81.51984727925924,520,0.34182009054981916,0.0011329638656670407,1.9242986788631622,0.11153846153846154,0.14423076923076922,0.5557692307692308,0.18846153846153846
215,11.663304381406133,1000,0.3401176749425658,0.0011251675622784326,1.8808627742608524,0.204,0.274,0.36,0.162
216,103.13873678598895,1000,0.3384237381198542,0.0011174249078616666,1.884720307757021,0.298,0.148,0.223,0.331
217,56.42326288230037,1000,0.33673823785357804,0.0011097355332402193,1.8372612653311862,0.253,0.226,0.341,0.18
218,87.53758822884744,1000,0.3350611321259457,0.0011020990717779946,1.7830639833930737,0.352,0.218,0.248,0.182
219,50.95267211296529,1000,0.33339237912843267,0.001094515159361842,1.7458238301709048,0.258,0.157,0.323,0.262
220,-23.315153955979525,107,0.3317319372607396,0.0010869834343841954,1.7502728321209242,0.14953271028037382,0.22429906542056074,0.42990654205607476,0.19626168224299065
221,12.189651480821055,118,0.3300797651297549,0.0010795035377258312,1.7089943648542807,0.1016949152542373,0.13559322033898305,0.576271186440678,0.1864406779661017
222,15.561566249410262,103,0.3284358215485232,0.0010720751127387454,1.7251879586513665,0.08737864077669903,0.17475728155339806,0.5728155339805825,0.1650485436893204
223,16.57369148808995,106,0.32680006553521834,0.0010646978052291486,1.7123417084217778,0.12264150943396226,0.14150943396226415,0.5660377358490566,0.16981132075471697
224,46.37999278034218,1000,0.3251724563121218,0.0010573712634405767,1.768720293319912,0.195,0.386,0.175,0.244
225,-53.91731931093021,1000,0.3235529533046063,0.00105009513803712,1.7558885907118815,0.108,0.165,0.513,0.214
226,-93.49137327574323,164,0.32194151614012406,0.0010428690820867659,1.7261862409085953,0.14634146341463414,0.18902439024390244,0.5,0.16463414634146342
227,29.361024288302843,190,0.32033810464720053,0.001035692751044857,1.8432527817603375,0.1736842105263158,0.14210526315789473,0.5105263157894737,0.1736842105263158
228,80.0707376406841,1000,0.3187426788544329,0.0010285658027376627,1.7592244505483077,0.339,0.153,0.291,0.217
229,-75.71637201748742,440,0.31715519898949374,0.0010214878973460653,1.7328408299098836,0.1340909090909091,0.17727272727272728,0.5159090909090909,0.17272727272727273
230,111.00022595204538,1000,0.31557562547813933,0.0010144586973893548,1.7210834256096723,0.364,0.167,0.255,0.214
231,13.260487706938795,1000,0.3140039189432234,0.00100747786770914,1.677494646692189,0.202,0.159,0.472,0.167
232,3.3313757130177493,257,0.3124400402037151,0.0010005450754533658,1.635601646639307,0.14007782101167315,0.15953307392996108,0.556420233463035,0.14396887159533073
233,66.60038566964445,1000,0.3108839502737227,0.0009936599900604443,1.6864452476649259,0.253,0.177,0.373,0.197
234,46.92958010945015,1000,0.30933561036152135,0.0009868222832434916,1.6416234358516058,0.221,0.249,0.387,0.143
235,30.607078636199407,1000,0.3077949818685863,0.0009800316289746765,1.6537873256440634,0.263,0.231,0.261,0.245
236,-220.10543614231054,1000,0.3062620263886305,0.0009732877034696739,1.6276908610010397,0.2,0.215,0.365,0.22
237,-157.21443737093813,366,0.3047367057066472,0.0009665901851722271,1.710755000383702,0.16393442622950818,0.1885245901639344,0.5136612021857924,0.13387978142076504
238,23.65371673544518,1000,0.3032189817979574,0.0009599387547388154,1.7031051640150174,0.157,0.431,0.312,0.1
239,60.978509737389,1000,0.3017088168272619,0.000953333095023428,1.6787433879626497,0.277,0.217,0.33,0.176
240,-106.26924078373071,423,0.30020617314769793,0.0009467728910624417,1.761323495729726,0.2033096926713948,0.15602836879432624,0.46808510638297873,0.17257683215130024
241,74.62966504742528,1000,0.2987110132999009,0.0009402578300596034,1.7107646746821115,0.313,0.248,0.259,0.18
242,81.07257252644114,1000,0.2972233000110704,0.0009337876013711156,1.6855330888864792,0.346,0.156,0.312,0.186
243,80.6103161328076,1000,0.2957429961940411,0.0009273618964908249,1.664777265838624,0.381,0.148,0.269,0.202
244,49.52976776536122,1000,0.29427006494635827,0.0009209804090355117,1.669152699225037,0.235,0.123,0.316,0.326
245,83.2778287429533,1000,0.2928044695493577,0.000914642834730282,1.6345199966058148,0.155,0.185,0.48,0.18
246,111.4776010271229,1000,0.2913461734672504,0.0009083488713940591,1.690417389542338,0.292,0.341,0.222,0.145
247,45.93130713681214,93,0.28989514034621183,0.0009020982189251753,1.6256072080075339,0.12903225806451613,0.22580645161290322,0.5591397849462365,0.08602150537634409
248,-179.6137258220245,643,0.2884513340134756,0.0008958905792870631,1.663732099450331,0.2332814930015552,0.26749611197511663,0.33748055987558323,0.16174183514774496
249,149.94599588293886,1000,0.2870147184764318,0.000889725656494044,1.6315403594908415,0.345,0.228,0.225,0.202
250,28.31466209765327,108,0.28558525792172956,0.0008836031565972163,1.5935624134693638,0.09259259259259259,0.16666666666666666,0.5092592592592593,0.23148148148148148
251,2.1509938765718175,1000,0.2841629167143845,0.0008775227876704388,1.6076767092537592,0.169,0.178,0.48,0.173
252,-116.6707030516337,73,0.28274765939689017,0.0008714842597964118,1.611577685676105,0.1232876712328767,0.3150684931506849,0.0547945205479452,0.5068493150684932
253,78.5621105055676,1000,0.28133945068833427,0.0008654872850528536,1.61855143070437,0.337,0.206,0.272,0.185
254,-10.702957265208767,190,0.2799382554835191,0.000859531577498772,1.59807409888496,0.11052631578947368,0.1736842105263158,0.5210526315789473,0.19473684210526315
255,142.95100414111516,1000,0.2785440388520863,0.0008536168531608304,1.5825611809655602,0.447,0.149,0.15,0.254
256,-70.41976535176411,129,0.27715676603764633,0.0008477428300198077,1.5041556004397532,0.2248062015503876,0.20930232558139536,0.3488372093023256,0.21705426356589147
257,0.8170046452125916,296,0.27577640245691176,0.0008419092279971516,1.618802328909273,0.11486486486486487,0.1858108108108108,0.5067567567567568,0.19256756756756757
258,115.03942135896845,1000,0.2744029136988354,0.0008361157689416238,1.582481525157222,0.401,0.269,0.203,0.127
259,186.25519312397142,376,0.2730362655237522,0.0008303621766160378,1.5648058743030389,0.15159574468085107,0.2127659574468085,0.4867021276595745,0.14893617021276595
260,-167.20434725241643,430,0.2716764238625259,0.0008246481766840876,1.5544572240890053,0.2069767441860465,0.1186046511627907,0.27209302325581397,0.40232558139534885
261,11.3524500903155,84,0.2703233548156995,0.000818973496697267,1.7841106603011163,0.07142857142857142,0.2857142857142857,0.5,0.14285714285714285
262,-1.62915324461909,106,0.2689770246526506,0.0008133378660818794,1.6710207515829114,0.14150943396226415,0.14150943396226415,0.6037735849056604,0.11320754716981132
263,109.64259168153954,1000,0.26763739981075,0.0008077410161261361,1.6969698918332798,0.293,0.195,0.274,0.238
264,76.60068885352642,1000,0.2663044468945255,0.0008021826799673441,1.6610132554771628,0.286,0.231,0.334,0.149
265,128.40433381638064,1000,0.2649781326748289,0.000796662592579182,1.6353296727185176,0.404,0.199,0.23,0.167
266,-19.53452711516158,86,0.26365842408800805,0.000791180490759063,1.6288424575227387,0.18604651162790697,0.10465116279069768,0.5697674418604651,0.13953488372093023
267,63.38522050640178,1000,0.26234528823508246,0.0007857361131155856,1.6298678559628796,0.306,0.082,0.161,0.451
268,63.94084545315269,1000,0.2610386923809231,0.0007803292000560697,1.729320479564487,0.391,0.293,0.203,0.113
269,8.250564038912643,125,0.25973860395343634,0.0007749594937741795,1.6990061485787478,0.144,0.232,0.416,0.208
270,40.99631768288431,1000,0.25844499054275216,0.0007696267382376308,1.7413572327091758,0.233,0.194,0.417,0.156
271,7.042714147218987,111,0.257157819900416,0.0007643306791759831,1.7784005912117498,0.2072072072072072,0.14414414414414414,0.5225225225225225,0.12612612612612611
272,88.24545005256721,1000,0.2558770599385848,0.0007590710640685158,1.7431757300081936,0.401,0.136,0.182,0.281
273,-21.295265932731752,91,0.25460267872922737,0.0007538476421321883,1.7242232392948766,0.27472527472527475,0.10989010989010989,0.4945054945054945,0.12087912087912088
274,-19.675434848629436,90,0.25333464450332815,0.0007486601643096816,1.7269847222953079,0.1111111111111111,0.18888888888888888,0.45555555555555555,0.24444444444444444
275,-41.21969385734924,74,0.25207292565009537,0.0007435083832575234,1.679079546195717,0.14864864864864866,0.16216216216216217,0.47297297297297297,0.21621621621621623
276,-27.24737530114041,87,0.25081749071617304,0.0007383920533342948,1.6907942044598823,0.13793103448275862,0.21839080459770116,0.39080459770114945,0.25287356321839083
277,-13.928979652754762,75,0.24956830840485686,0.0007333109305889175,1.6915905631453858,0.26666666666666666,0.13333333333333333,0.38666666666666666,0.21333333333333335
278,44.21937487623524,1000,0.2483253475753139,0.0007282647727490224,1.6887956748346904,0.273,0.152,0.389,0.186
279,67.34278925478495,1000,0.24708857724180652,0.0007232533392093973,1.695697962960793,0.195,0.187,0.455,0.163
280,-37.4447108688147,82,0.24585796657291967,0.0007182763910205153,1.5946781609541487,0.23170731707317074,0.14634146341463414,0.4024390243902439,0.21951219512195122
281,0.7547891338726345,126,0.24463348489079248,0.0007133336908771411,1.7186256359147614,0.09523809523809523,0.24603174603174602,0.42857142857142855,0.23015873015873015
282,9.74576380415263,131,0.2434151016703534,0.0007084250031070158,1.6911699726656968,0.0916030534351145,0.26717557251908397,0.4351145038167939,0.20610687022900764
283,-26.094585667560153,239,0.2422027865385593,0.0007035500936596204,1.6736700100204236,0.12133891213389121,0.1589958158995816,0.5313807531380753,0.18828451882845187
284,21.875811145284104,92,0.24099650927363828,0.0006987087300950158,1.596422698522516,0.07608695652173914,0.21739130434782608,0.5,0.20652173913043478
285,104.86351799556431,1000,0.2397962398043362,0.0006939006815727599,1.6489758949957953,0.284,0.167,0.291,0.258
286,53.38537494880555,1000,0.23860194820916716,0.0006891257188409008,1.6815011939417304,0.316,0.11,0.139,0.435
287,134.05567701672788,1000,0.2374136047156675,0.0006843836142250461,1.6936837887862881,0.394,0.22,0.221,0.165
288,-5.923543495614226,115,0.23623117969965363,0.000679674141617507,1.649444397857736,0.1391304347826087,0.2,0.4782608695652174,0.1826086956521739
289,-43.723391572695576,134,0.23505464368448353,0.0006749970764665174,1.6405084661018352,0.06716417910447761,0.19402985074626866,0.5149253731343284,0.22388059701492538
290,9.660425242027557,1000,0.23388396734032196,0.0006703521957655269,1.7267602230431636,0.177,0.174,0.469,0.18
291,-9.411110173946852,199,0.23271912148340923,0.000665739278042568,1.694501215318522,0.09045226130653267,0.18090452261306533,0.5326633165829145,0.19597989949748743
292,-69.51875109541324,95,0.2315600770753337,0.0006611581033496956,1.7366235011516586,0.1368421052631579,0.3263157894736842,0.29473684210526313,0.24210526315789474
293,-224.20511050565696,684,0.2304068052223079,0.0006566084532525002,1.6751223307093197,0.2719298245614035,0.12719298245614036,0.20321637426900585,0.39766081871345027
294,34.21498947700424,1000,0.22925927717444824,0.0006520901108196926,1.7135269465003766,0.217,0.165,0.301,0.317
295,-2.3778779058556085,1000,0.22811746432505836,0.0006476028606127603,1.7079837369129363,0.182,0.161,0.45,0.207
296,4.180170120804053,1000,0.2269813382099158,0.0006431464886756951,1.7766901865750777,0.172,0.218,0.456,0.154
297,-4.629250828694751,105,0.2258508705065627,0.000638720782524792,1.7547470172045707,0.23809523809523808,0.1619047619047619,0.4666666666666667,0.13333333333333333
298,0.41116222672830816,93,0.22472603303359945,0.0006343255311385171,1.6702831629919794,0.21505376344086022,0.16129032258064516,0.3763440860215054,0.24731182795698925
299,18.479313170298056,87,0.2236067977499824,0.0006299605249474466,1.7281048432527053,0.21839080459770116,0.19540229885057472,0.4367816091954023,0.14942528735632185
300,-16.216367587977814,109,0.22249313675432472,0.0006256255558242739,1.727090532404063,0.08256880733944955,0.24770642201834864,0.47706422018348627,0.1926605504587156
301,-18.485965351488815,88,0.22138502228420082,0.0006213204170738859,1.7317220642638207,0.25,0.125,0.4772727272727273,0.14772727272727273
302,-53.98871852690737,65,0.22028242671545434,0.000617044903423508,1.725236724486047,0.16923076923076924,0.3384615384615385,0.3230769230769231,0.16923076923076924
303,51.987026911694585,1000,0.21918532256150944,0.0006127988110129158,1.7447949351920256,0.235,0.173,0.191,0.401
304,-12.17773235227105,78,0.21809368247268562,0.0006085819373847157,1.7020860425776057,0.2564102564102564,0.10256410256410256,0.4358974358974359,0.20512820512820512
305,95.02901110089877,1000,0.21700747923551592,0.0006043940814746911,1.7533656627942853,0.297,0.204,0.291,0.208
306,66.86542326234166,1000,0.2159266857720685,0.0006002350436022153,1.7499469527955183,0.374,0.23,0.239,0.157
307,116.25097441479434,1000,0.21485127513927166,0.0005961046254607311,1.7295455648548075,0.41,0.199,0.226,0.165
308,73.60649218360493,1000,0.21378122052824208,0.0005920026301082949,1.7995975187918285,0.242,0.287,0.278,0.193
309,115.09699549207903,1000,0.21271649526361663,0.0005879288619581864,1.8040998747687051,0.392,0.345,0.151,0.112
310,79.81831959179901,1000,0.21165707280288729,0.0005838831267695832,1.7646125176759984,0.315,0.227,0.323,0.135
311,-31.76169750185592,118,0.2106029267357395,0.0005798652316382989,1.7701238484248196,0.1016949152542373,0.2627118644067797,0.3728813559322034,0.2627118644067797
312,35.23920045940798,102,0.20955403078339377,0.0005758749849875851,1.8317652400527726,0.17647058823529413,0.11764705882352941,0.5490196078431373,0.1568627450980392
313,12.38664084949427,163,0.2085103587979506,0.0005719121965589974,1.7570278101705945,0.1656441717791411,0.1901840490797546,0.44171779141104295,0.20245398773006135
314,-68.14860331369388,119,0.20747188476173858,0.0005679766774033234,1.6818870071726033,0.14285714285714285,0.2857142857142857,0.3445378151260504,0.226890756302521
315,51.30462101055764,1000,0.2064385827866659,0.0005640682398715733,1.7269336321796536,0.283,0.168,0.343,0.206
316,4.233359179734435,113,0.20541042711357488,0.0005601866976060327,1.7192400297179589,0.26548672566371684,0.12389380530973451,0.4424778761061947,0.168141592920354
317,100.03649436795885,1000,0.2043873921115999,0.0005563318655313771,1.6450272383717315,0.383,0.207,0.259,0.151
318,79.27789222501416,1000,0.20336945227752837,0.0005525035598458474,1.6408396384380033,0.361,0.111,0.134,0.394
319,-169.42764590710868,69,0.20235658223516506,0.0005487015980124855,1.6681366363731502,0.34782608695652173,0.4492753623188406,0.043478260869565216,0.15942028985507245
320,-21.808724199571586,133,0.2013487567346994,0.0005449257987504316,1.6743487648954323,0.22556390977443608,0.17293233082706766,0.42105263157894735,0.18045112781954886
321,103.65371204112841,1000,0.20034595065207608,0.0005411759820262798,1.6455709022551452,0.284,0.284,0.156,0.276
322,-86.61914187419313,75,0.19934813898836876,0.0005374519690454946,1.6439832343291219,0.09333333333333334,0.32,0.22666666666666666,0.36
323,95.58373148201926,1000,0.1983552968691568,0.000533753582243885,1.6159626965552936,0.367,0.166,0.277,0.19
324,-7.6336561282633255,105,0.1973673995439052,0.0005300806452791393,1.615321246881308,0.1523809523809524,0.29523809523809524,0.3142857142857143,0.23809523809523808
325,-26.423202403678886,146,0.19638442238534762,0.0005264329830224157,1.6070103687375958,0.1780821917808219,0.19863013698630136,0.3835616438356164,0.23972602739726026
326,-14.891529731298363,120,0.19540634088887243,0.0005228104215499929,1.5927302721139138,0.11666666666666667,0.18333333333333332,0.5583333333333333,0.14166666666666666
327,-29.226353405539797,66,0.1944331306719118,0.0005192127881349766,1.594912865777137,0.21212121212121213,0.21212121212121213,0.3939393939393939,0.18181818181818182
328,31.067663165406145,140,0.19346476747333397,0.0005156399112390642,1.6232288863565436,0.15,0.2,0.42857142857142855,0.22142857142857142
329,93.95579900412527,1000,0.19250122715283827,0.0005120916205043656,1.5724789655057385,0.385,0.117,0.169,0.329
330,255.59561628709477,398,0.19154248569035348,0.0005085677467452802,1.6042434630226565,0.5326633165829145,0.11809045226130653,0.22110552763819097,0.12814070351758794
331,152.735496357154,1000,0.190588519185439,0.0005050681219404303,1.5624924284558952,0.573,0.135,0.143,0.149
332,17.377926718801262,94,0.18963930385668903,0.0005015925792246494,1.5575044104613265,0.10638297872340426,0.18085106382978725,0.5638297872340425,0.14893617021276595
333,254.873738605903,581,0.18869481604113966,0.000498140952881026,1.520158841899677,0.4664371772805508,0.14457831325301204,0.2117039586919105,0.17728055077452667
334,31.908821718895183,84,0.1877550321936791,0.0004947130783330022,1.591583566754153,0.05952380952380952,0.20238095238095238,0.5476190476190477,0.19047619047619047
335,-21.625224743499345,94,0.18681992888646057,0.0004913087921365264,1.597851437944732,0.05319148936170213,0.2765957446808511,0.3723404255319149,0.2978723404255319
336,-55.42874018774596,75,0.18588948280831843,0.00048792793197226003,1.6688953967275244,0.26666666666666666,0.21333333333333335,0.4,0.12
337,14.007961868063717,91,0.18496367076418696,0.0004845703366378385,1.5302718230282013,0.01098901098901099,0.21978021978021978,0.5384615384615384,0.23076923076923078
338,-30.867701776359922,91,0.18404246967452215,0.0004812358460401845,1.5614375479246618,0.13186813186813187,0.24175824175824176,0.42857142857142855,0.1978021978021978
339,114.52514418642261,1000,0.18312585657472633,0.0004779243011878747,1.5560618239267765,0.417,0.123,0.109,0.351
340,12.120973874719667,97,0.18221380861457573,0.00047463554418355894,1.5754389526010064,0.1134020618556701,0.15463917525773196,0.5773195876288659,0.15463917525773196
341,33.6612264809672,152,0.18130630305765083,0.0004713694182164316,1.5464711980520556,0.10526315789473684,0.21052631578947367,0.5,0.18421052631578946
342,139.67184495203685,1000,0.18040331728076958,0.0004681257675547547,1.5666193480300967,0.498,0.195,0.162,0.145
343,54.07073819525925,1000,0.17950482877342336,0.00046490443753843233,1.5603382073190164,0.284,0.337,0.249,0.13
344,11.825812922318846,113,0.17861081513721588,0.00046170527457163656,1.528577433737357,0.11504424778761062,0.20353982300884957,0.4336283185840708,0.24778761061946902
345,44.015713227395594,101,0.17772125408530481,0.00045852812611548366,1.5878315434445818,0.04950495049504951,0.13861386138613863,0.6138613861386139,0.19801980198019803
346,69.70642213597954,1000,0.17683612344184615,0.00045537284068076107,1.5512995412858226,0.479,0.225,0.194,0.102
347,-47.52198100489556,69,0.17595540114144145,0.0004522392678207041,1.5427634016448715,0.2318840579710145,0.2608695652173913,0.2898550724637681,0.21739130434782608
348,166.4037557651933,1000,0.17507906522858774,0.0004491272581238226,1.5384865654637665,0.517,0.205,0.144,0.134
349,137.84395564529962,1000,0.17420709385713018,0.00044603666320677695,1.4979292436993614,0.491,0.074,0.162,0.273
350,111.66087298070946,1000,0.17333946528971744,0.0004429673357073028,1.4893844545136603,0.53,0.087,0.201,0.182
351,-71.5252844399949,84,0.1724761578972599,0.00043991912927718486,1.53074084758746,0.32142857142857145,0.08333333333333333,0.35714285714285715,0.23809523809523808
352,108.48015182278624,1000,0.17161715015839032,0.00043689189857527903,1.5110906869607448,0.336,0.127,0.13,0.407
353,21.102168035857602,108,0.1707624206589275,0.00043388549926058205,1.5131604690289477,0.1574074074074074,0.2222222222222222,0.39814814814814814,0.2222222222222222
354,8.882361688206856,146,0.16991194809134227,0.0004308997879853495,1.5050212422947542,0.0684931506849315,0.2191780821917808,0.4794520547945205,0.2328767123287671
355,258.4032934221076,463,0.16906571125422645,0.0004279346223882607,1.5187214975600043,0.4319654427645788,0.10367170626349892,0.24622030237580994,0.21814254859611232
356,-117.07439878601502,60,0.16822368905176427,0.00042498986108763085,1.567043837910987,0.21666666666666667,0.4,0.16666666666666666,0.21666666666666667
357,236.10685721189554,446,0.16738586049320645,0.00042206536367466987,1.5036250711607189,0.23318385650224216,0.4125560538116592,0.24663677130044842,0.10762331838565023
358,7.09250530137723,96,0.16655220469234697,0.00041916099070678746,1.5083374836165726,0.19791666666666666,0.125,0.5520833333333334,0.125
359,28.33719262914127,132,0.1657227008670024,0.0004162766037009445,1.4744080787375098,0.19696969696969696,0.12121212121212122,0.5606060606060606,0.12121212121212122
360,114.06483730012727,1000,0.16489732833849374,0.00041341206512705,1.473559756054935,0.413,0.089,0.117,0.381
361,134.33140141250598,1000,0.16407606653113102,0.00041056723840140346,1.4793565731885165,0.62,0.114,0.154,0.112
362,271.68082308994394,329,0.16325889497170032,0.00040774198788018254,1.4977610481808907,0.5957446808510638,0.08814589665653495,0.19756838905775076,0.11854103343465046
363,-96.10305456405777,65,0.16244579328895342,0.00040493617885297545,1.3767074270800008,0.27692307692307694,0.27692307692307694,0.2153846153846154,0.23076923076923078
364,16.691425763424576,71,0.16163674121309993,0.00040214967753635783,1.4924902455444904,0.08450704225352113,0.2535211267605634,0.4507042253521127,0.2112676056338028
365,239.21191096646962,368,0.16083171857530196,0.00039938235106751376,1.4400367966979264,0.45652173913043476,0.17391304347826086,0.25815217391304346,0.11141304347826086
366,9.292056094014612,105,0.16003070530717145,0.0003966340674979008,1.4360252045763595,0.14285714285714285,0.19047619047619047,0.49523809523809526,0.17142857142857143
367,14.688198040859334,107,0.1592336814402698,0.0003939046957869587,1.432646760535822,0.16822429906542055,0.14953271028037382,0.514018691588785,0.16822429906542055
368,224.44236056651275,860,0.15844062710561005,0.000391194105795861,1.4603613359281622,0.4046511627906977,0.3918604651162791,0.10697674418604651,0.09651162790697675
369,-24.355823324228197,135,0.15765152253316161,0.00038850216828131004,1.4365705422996924,0.17777777777777778,0.2740740740740741,0.3925925925925926,0.15555555555555556
370,14.402408056895439,125,0.15686634805135746,0.00038582875488937465,1.4723747483901761,0.016,0.264,0.472,0.248
371,21.677173028448948,109,0.15608508408660363,0.00038317373814936997,1.4633614746715622,0.11926605504587157,0.22935779816513763,0.4036697247706422,0.24770642201834864
372,-32.51977965040622,79,0.15530771116279135,0.00038053699146777946,1.4509896013650643,0.05063291139240506,0.3037974683544304,0.3670886075949367,0.27848101265822783
373,249.00958088052712,548,0.15453420990081157,0.000377918389122219,1.4208204798170656,0.6733576642335767,0.09306569343065693,0.1624087591240876,0.07116788321167883
374,-9.80666744103992,163,0.1537645610180717,0.0003753178062554423,1.432374405574007,0.11042944785276074,0.17177914110429449,0.5030674846625767,0.2147239263803681
375,-11.140809150698587,95,0.15299874532801508,0.00037273511886938744,1.4098432508432879,0.16842105263157894,0.07368421052631578,0.5368421052631579,0.22105263157894736
376,-120.45338968923029,104,0.15223674373964258,0.0003701702038192647,1.3925816913324236,0.18269230769230768,0.375,0.18269230769230768,0.25961538461538464
377,139.3721568435094,1000,0.15147853725703672,0.0003676229388076849,1.4332226083903894,0.565,0.153,0.167,0.115
378,-38.089398076123345,110,0.1507241069788881,0.0003650932023788281,1.4271923488128786,0.18181818181818182,0.23636363636363636,0.4090909090909091,0.17272727272727273
379,222.07474574109614,493,0.14997343409802424,0.00036258087391265236,1.4122276612200793,0.35699797160243407,0.12981744421906694,0.15010141987829614,0.3630831643002028
380,-224.7329067553435,92,0.1492264999009407,0.00036008583361914274,1.3562691816288046,0.03260869565217391,0.5652173913043478,0.10869565217391304,0.29347826086956524
381,-30.029249449356854,81,0.14848328576733458,0.0003576079625325995,1.391596602981796,0.1728395061728395,0.19753086419753085,0.4444444444444444,0.18518518518518517
382,-36.39323153392289,101,0.14774377316964035,0.0003551471425059655,1.4024440675983354,0.1188118811881188,0.2376237623762376,0.40594059405940597,0.2376237623762376
383,75.23086845116742,1000,0.147007943672568,0.00035270325620519324,1.3895837295849887,0.262,0.111,0.118,0.509
384,231.08651110849294,617,0.14627577893264343,0.00035027618710364985,1.3907958224074957,0.5283630470016207,0.13614262560777957,0.23014586709886548,0.1053484602917342
385,257.42844853252063,381,0.14554726069775115,0.00034786581947656136,1.3649124818708291,0.3858267716535433,0.12335958005249344,0.3228346456692913,0.1679790026246719
386,-109.96028299915021,95,0.1448223708066793,0.0003454720383954946,1.3721166518371044,0.21052631578947367,0.3473684210526316,0.11578947368421053,0.3263157894736842
387,-42.53769344912537,121,0.14410109118866696,0.00034309472972287745,1.3767972066907201,0.1652892561983471,0.12396694214876033,0.4462809917355372,0.2644628099173554
388,261.3725007283506,288,0.14338340386295353,0.0003407337801065566,1.3987526594798336,0.4201388888888889,0.16319444444444445,0.3194444444444444,0.09722222222222222
389,-26.575381613469744,102,0.1426692909383306,0.00033838907697439276,1.34328610937502,0.27450980392156865,0.11764705882352941,0.4215686274509804,0.18627450980392157
390,265.27965162988323,754,0.14195873461269595,0.00033606050852889326,1.3897660482660072,0.5716180371352785,0.123342175066313,0.21220159151193635,0.09283819628647215
391,136.99996785230303,1000,0.14125171717260968,0.0003337479637418814,1.363783806652885,0.561,0.165,0.156,0.118
392,209.66383235083137,388,0.1405482209928527,0.00033145133234920243,1.3758980701864427,0.23969072164948454,0.2809278350515464,0.3634020618556701,0.11597938144329897
393,258.87974958268694,434,0.13984822853598727,0.0003291705048454662,1.3688228618137157,0.5092165898617511,0.17972350230414746,0.2073732718894009,0.10368663594470046
394,220.2953985768283,321,0.13915172235191997,0.0003269053724788257,1.387884770698203,0.3333333333333333,0.21495327102803738,0.3177570093457944,0.13395638629283488
395,251.880704817381,317,0.13845868507746648,0.0003246558272457919,1.354911402957201,0.41324921135646686,0.1167192429022082,0.334384858044164,0.13564668769716087
396,-99.6266868600074,105,0.1377690994359189,0.0003224217618860838,1.321240594766532,0.3142857142857143,0.22857142857142856,0.14285714285714285,0.3142857142857143
397,236.13325954004208,290,0.13708294823661493,0.00032020306987751433,1.3728211401771115,0.5172413793103449,0.1310344827586207,0.24482758620689654,0.10689655172413794
398,-0.9801258906523742,135,0.13640021437450947,0.0003179996454309112,1.3594714827859962,0.14074074074074075,0.13333333333333333,0.5777777777777777,0.14814814814814814
399,256.54486821010335,229,0.1357208808297481,0.0003158113834850728,1.3471480362354549,0.31004366812227074,0.14847161572052403,0.42358078602620086,0.11790393013100436
400,231.5018896447812,531,0.13504493066724277,0.0003136381797017588,1.3795278358355747,0.60075329566855,0.10357815442561205,0.2033898305084746,0.09227871939736347
401,274.01726226058895,261,0.13437234703624976,0.0003114799304607153,1.3556155906385505,0.4367816091954023,0.13409961685823754,0.30268199233716475,0.12643678160919541
402,198.46050512216618,509,0.13370311316994946,0.0003093365328547338,1.3566068007507905,0.28487229862475444,0.0825147347740668,0.2082514734774067,0.4243614931237721
403,264.4766663425414,293,0.1330372123850285,0.000307207884684745,1.351715672447685,0.40955631399317405,0.10238907849829351,0.35494880546075086,0.13310580204778158
404,12.106336071244058,84,0.13237462808126377,0.0003050938844549454,1.3516650919445408,0.17857142857142858,0.19047619047619047,0.4523809523809524,0.17857142857142858
405,185.7704513642277,415,0.13171534374110866,0.0003029944313679582,1.3707914336634541,0.1686746987951807,0.10361445783132531,0.3108433734939759,0.41686746987951806
406,247.47022952782663,346,0.13105934292928123,0.0003009094253200269,1.3419633309569687,0.3265895953757225,0.1936416184971098,0.3265895953757225,0.1531791907514451
407,74.7637243678029,95,0.1304066092923546,0.00029883876689624264,1.3803307750818015,0.22105263157894736,0.17894736842105263,0.49473684210526314,0.10526315789473684
408,1.4471933242861894,159,0.12975712655834912,0.0002967823573658037,1.3427947807673712,0.16352201257861634,0.18238993710691823,0.5031446540880503,0.1509433962264151
409,244.24265064391702,216,0.12911087853632688,0.0002947400986773081,1.3482568248622835,0.3101851851851852,0.19907407407407407,0.375,0.11574074074074074
410,23.26998684978578,72,0.128467849115988,0.00029271189345407827,1.3610525523201984,0.1111111111111111,0.16666666666666666,0.5555555555555556,0.16666666666666666
411,236.72559564243045,417,0.12782802226726903,0.0002906976449895182,1.3243034813432852,0.35251798561151076,0.19424460431654678,0.31414868105515587,0.13908872901678657
412,247.91230556616395,206,0.12719138203994332,0.0002886972572425023,1.324336321527587,0.2669902912621359,0.13106796116504854,0.48058252427184467,0.12135922330097088
413,16.262030076330447,184,0.1265579125632235,0.00028671063483279606,1.3158361821684896,0.11413043478260869,0.18478260869565216,0.4782608695652174,0.22282608695652173
414,294.3817755107716,422,0.12592759804536563,0.00028473768303650834,1.3196228175138507,0.5379146919431279,0.12085308056872038,0.2109004739336493,0.13033175355450238
415,24.70341982055733,156,0.1253004227732758,0.0002827783077815747,1.3232662597181566,0.16666666666666666,0.14743589743589744,0.5384615384615384,0.14743589743589744
416,157.40486228848624,1000,0.12467637111211817,0.0002808324156432722,1.3133598166675355,0.612,0.079,0.115,0.194
417,-229.4400126151424,85,0.12405542750492535,0.0002788999138397645,1.3017285774977154,0.10588235294117647,0.47058823529411764,0.07058823529411765,0.35294117647058826
418,-79.89371981791334,83,0.12343757647221056,0.0002769807102276782,1.2921294735104707,0.3253012048192771,0.14457831325301204,0.27710843373493976,0.25301204819277107
419,265.5652879187071,266,0.1228228026115817,0.00027507471329770924,1.2797288545331278,0.37969924812030076,0.16917293233082706,0.33458646616541354,0.11654135338345864
420,238.67329096052976,259,0.12221109059735742,0.0002731818321702598,1.3260406442391668,0.4015444015444015,0.17374517374517376,0.3166023166023166,0.10810810810810811
421,239.65773038187032,816,0.12160242518018508,0.00027130197659110486,1.30559385081316,0.5649509803921569,0.16666666666666666,0.18259803921568626,0.0857843137254902
422,241.37021155982032,267,0.12099679118666054,0.00026943505692708896,1.326722940515583,0.2883895131086142,0.15355805243445692,0.3707865168539326,0.18726591760299627
423,40.6078618538111,148,0.12039417351894997,0.00026758098416185234,1.2841065804576117,0.18243243243243243,0.10810810810810811,0.6013513513513513,0.10810810810810811
424,-26.18522286477095,152,0.11979455715441345,0.0002657396698915866,1.2831602403027664,0.19736842105263158,0.1513157894736842,0.48026315789473684,0.17105263157894737
425,33.905333667466465,113,0.11919792714523043,0.00026391102632081963,1.3054695419549636,0.1592920353982301,0.23893805309734514,0.3805309734513274,0.22123893805309736
426,-79.77262174522374,93,0.11860426861802718,0.0002620949662582292,1.300634144247466,0.2903225806451613,0.1827956989247312,0.24731182795698925,0.27956989247311825
427,281.4398530162773,319,0.11801356677350594,0.0002602914031124857,1.3084569944270776,0.46394984326018807,0.09404388714733543,0.2601880877742947,0.18181818181818182
428,230.58008167996067,320,0.11742580688607601,0.00025850025088812364,1.3420475874445437,0.49375,0.078125,0.303125,0.125
429,249.32747110441562,283,0.11684097430348667,0.00025672142418144085,1.3239212096031692,0.4204946996466431,0.15547703180212014,0.31802120141342755,0.10600706713780919
430,-104.82910330657532,155,0.1162590544464619,0.00025495483817642676,1.3354662400669264,0.2,0.17419354838709677,0.41935483870967744,0.2064516129032258
431,253.95140260811934,384,0.11568003280833696,0.00025320040864071813,1.2867742405876426,0.4713541666666667,0.109375,0.23958333333333334,0.1796875
432,-84.08518818904706,101,0.1151038949546967,0.00025145805192158273,1.3482769332428732,0.4158415841584158,0.18811881188118812,0.1188118811881188,0.27722772277227725
433,244.4892392137886,428,0.11453062652301578,0.00024972768494193085,1.3084955361211685,0.6565420560747663,0.0630841121495327,0.205607476635514,0.07476635514018691
434,5.857767488816307,148,0.1139602132223006,0.00024800922519635396,1.2826981837962912,0.20270270270270271,0.18243243243243243,0.44594594594594594,0.16891891891891891
435,231.1011663447532,413,0.11339264083273302,0.00024630259074719086,1.3120769081114494,0.4600484261501211,0.14527845036319612,0.2857142857142857,0.1089588377723971
436,2.0040265487898665,158,0.11282789520531596,0.0002446077002206208,1.2744397270085928,0.14556962025316456,0.16455696202531644,0.45569620253164556,0.23417721518987342
437,169.79906732918442,797,0.11226596226152054,0.00024292447280278354,1.30323896249633,0.12547051442910917,0.6348808030112923,0.16938519447929737,0.07026348808030113
438,-2.506261569110279,136,0.11170682799293526,0.00024125282823592606,1.2858269129603421,0.16176470588235295,0.11029411764705882,0.6029411764705882,0.125
439,294.90606979578536,360,0.11115047846091669,0.00023959268681457576,1.2931303778936438,0.41944444444444445,0.16944444444444445,0.3194444444444444,0.09166666666666666
440,251.19130955563801,218,0.11059689979624203,0.00023794396938174006,1.297698173082699,0.38990825688073394,0.11009174311926606,0.37155963302752293,0.12844036697247707
441,35.057286405291705,120,0.11004607819876336,0.00023630659732513216,1.3077735943431144,0.13333333333333333,0.175,0.5666666666666667,0.125
442,271.6797782244934,254,0.1094979999370636,0.00023468049257342264,1.289839132811911,0.31496062992125984,0.18503937007874016,0.30708661417322836,0.19291338582677164
443,274.106778374332,198,0.10895265134811426,0.00023306557759251707,1.298230711503169,0.40404040404040403,0.11616161616161616,0.30808080808080807,0.1717171717171717
444,233.9602418195873,327,0.10841001883693473,0.0002314617753818591,1.3043597465482513,0.42201834862385323,0.10091743119266056,0.3394495412844037,0.13761467889908258
445,36.4367472103728,151,0.10787008887625348,0.00022986900947075884,1.307380543508575,0.2847682119205298,0.12582781456953643,0.4304635761589404,0.15894039735099338
446,2.7945358833646026,128,0.10733284800617075,0.00022828720391474694,1.2707058369171418,0.1640625,0.125,0.53125,0.1796875
447,166.37815566437874,1000,0.10679828283382309,0.00022671628329195328,1.2911995373565601,0.598,0.047,0.128,0.227
448,256.8073243843991,178,0.10626638003304942,0.00022515617269951084,1.3011664123913054,0.43258426966292135,0.10674157303370786,0.38764044943820225,0.07303370786516854
449,239.64767717860627,231,0.10573712634405887,0.00022360679774998437,1.2459300835126517,0.3939393939393939,0.11255411255411256,0.37662337662337664,0.11688311688311688
450,-79.30708185691927,94,0.10521050857310017,0.00022206808456782335,1.2982315451009514,0.0851063829787234,0.3617021276595745,0.30851063829787234,0.24468085106382978
451,276.9244065609649,287,0.10468651359213282,0.0002205399597858397,1.277983772723557,0.5226480836236934,0.06620209059233449,0.24041811846689895,0.17073170731707318
452,1.1804279584055166,196,0.10416512833849978,0.0002190223505417095,1.2851729020195315,0.09183673469387756,0.19387755102040816,0.4489795918367347,0.2653061224489796
453,-75.7059157398437,80,0.1036463398146018,0.0002175151844744988,1.2400050271453589,0.275,0.175,0.2875,0.2625
454,255.01274649263252,603,0.1031301350875735,0.00021601838972121353,1.2719613370577008,0.4792703150912106,0.08291873963515754,0.19237147595356552,0.24543946932006633
455,-10.584248205380888,107,0.10261650128896083,0.00021453189491337288,1.2856893115986556,0.08411214953271028,0.22429906542056074,0.4672897196261682,0.22429906542056074
456,-76.32882687148802,92,0.10210542561440039,0.00021305562917360642,1.2987941254301572,0.2717391304347826,0.2717391304347826,0.15217391304347827,0.30434782608695654
457,293.1086597787995,244,0.10159689532330018,0.00021158952211227465,1.2783767548149316,0.36885245901639346,0.10655737704918032,0.4180327868852459,0.10655737704918032
458,291.0310576606015,255,0.10109089773852199,0.0002101335038241127,1.272063217222437,0.34901960784313724,0.08235294117647059,0.34901960784313724,0.2196078431372549
459,266.7222938861393,220,0.10058742024606539,0.00020868750488489723,1.270239742855646,0.35454545454545455,0.09545454545454546,0.38181818181818183,0.16818181818181818
460,271.41273156710474,275,0.10008645029475326,0.00020725145634813618,1.2915089784410334,0.2909090909090909,0.09090909090909091,0.44363636363636366,0.17454545454545456
461,281.3302021943641,321,0.09958797539591889,0.00020582528974178143,1.2626535114670965,0.3613707165109034,0.14953271028037382,0.37694704049844235,0.11214953271028037
462,112.95769941065684,1000,0.0990919831230947,0.00020440893706496387,1.268912421713818,0.475,0.059,0.106,0.36
463,-71.64878357372305,57,0.09859846111170241,0.00020300233078475116,1.323620065419818,0.43859649122807015,0.21052631578947367,0.19298245614035087,0.15789473684210525
464,-2.929056652481904,136,0.09810739705874481,0.00020160540383292762,1.252344991635984,0.04411764705882353,0.18382352941176472,0.5220588235294118,0.25
465,32.46367156959218,123,0.0976187787224991,0.00020021808960279643,1.2415728780274915,0.08130081300813008,0.21138211382113822,0.4634146341463415,0.24390243902439024
466,258.93843289341544,330,0.09713259392221169,0.0001988403219460037,1.2391560694507042,0.4909090909090909,0.20303030303030303,0.21818181818181817,0.08787878787878788
467,-70.10965318155445,92,0.09664883053779448,0.00019747203516938454,1.2664619848308984,0.22826086956521738,0.2608695652173913,0.25,0.2608695652173913
468,19.205380711335607,111,0.09616747650952286,0.0001961131640318307,1.2286937786279262,0.12612612612612611,0.11711711711711711,0.6036036036036037,0.15315315315315314
469,245.67367335504096,376,0.09568851983773495,0.00019476364374117975,1.2295009058807405,0.16489361702127658,0.09042553191489362,0.18617021276595744,0.5585106382978723
470,291.4109956276312,272,0.09521194858253253,0.0001934234099511259,1.2324836416297391,0.2867647058823529,0.16176470588235295,0.4264705882352941,0.125
471,32.59205722184677,132,0.09473775086348335,0.0001920923987581518,1.2538094576669767,0.21212121212121213,0.17424242424242425,0.42424242424242425,0.1893939393939394
472,239.60787666862254,273,0.09426591485932499,0.00019077054669848148,1.23649277669497,0.47619047619047616,0.1282051282051282,0.2893772893772894,0.10622710622710622
473,41.08455356865761,109,0.09379642880767017,0.00018945779074505458,1.2396822729153956,0.08256880733944955,0.22018348623853212,0.45871559633027525,0.23853211009174313
474,222.91524532347628,399,0.09332928100471348,0.00018815406830452095,1.2376501766662849,0.43609022556390975,0.10526315789473684,0.3508771929824561,0.10776942355889724
475,262.63769102923203,329,0.09286445980493968,0.00018685931721425624,1.229667539303227,0.3890577507598784,0.15501519756838905,0.3617021276595745,0.09422492401215805
476,52.45680837170369,139,0.09240195362083334,0.00018557347573939793,1.2145215320566802,0.014388489208633094,0.18705035971223022,0.5755395683453237,0.22302158273381295
477,258.20310073041696,176,0.09194175092259001,0.0001842964825699017,1.236372470219949,0.42613636363636365,0.11931818181818182,0.3409090909090909,0.11363636363636363
478,-53.114617503518545,127,0.09148384023782877,0.00018302827681761824,1.2248110660628948,0.14173228346456693,0.14173228346456693,0.4330708661417323,0.28346456692913385
479,-434.9955547316985,337,0.09102821015130624,0.00018176879801338986,1.2068208051356695,0.10979228486646884,0.18694362017804153,0.5252225519287834,0.17804154302670624
480,250.07740900282903,192,0.09057484930463203,0.00018051798610416744,1.2601044863212494,0.296875,0.10416666666666667,0.46875,0.13020833333333334
481,228.4434024451173,928,0.09012374639598555,0.00017927578145014698,1.249236703832898,0.28987068965517243,0.47521551724137934,0.1400862068965517,0.09482758620689655
482,40.09654784530281,110,0.08967489017983431,0.00017804212482192588,1.2627738451646375,0.2818181818181818,0.07272727272727272,0.4727272727272727,0.17272727272727273
483,252.97779471553642,262,0.08922826946665352,0.00017681695739767893,1.241849092614698,0.3282442748091603,0.13740458015267176,0.3969465648854962,0.13740458015267176
484,230.58190875281412,803,0.08878387312264722,0.00017560022076035353,1.2304308201163083,0.3275217932752179,0.48692403486924035,0.14072229140722292,0.0448318804483188
485,263.59791569685444,420,0.0883416900694707,0.00017439185689488443,1.234367090330793,0.6166666666666667,0.07380952380952381,0.25,0.05952380952380952
486,282.5471396304156,258,0.08790170928395427,0.00017319180818542736,1.2170450478678978,0.3449612403100775,0.12403100775193798,0.35658914728682173,0.1744186046511628
487,218.5447562575004,312,0.08746391979782855,0.000172000017412612,1.2270074716040758,0.2467948717948718,0.14102564102564102,0.4198717948717949,0.19230769230769232
488,217.816899229173,429,0.08702831069745101,0.00017081642775081368,1.2347305658373764,0.42424242424242425,0.09324009324009325,0.2913752913752914,0.19114219114219114
489,239.63317386417611,402,0.08659487112353387,0.00016964098276544382,1.213701654696525,0.09701492537313433,0.36069651741293535,0.41044776119402987,0.1318407960199005
490,34.145581862790124,138,0.08616359027087342,0.00016847362641025915,1.248901135850791,0.21739130434782608,0.09420289855072464,0.5362318840579711,0.15217391304347827
491,-36.482756997571045,98,0.08573445738808068,0.00016731430302468933,1.2069533728344624,0.24489795918367346,0.22448979591836735,0.2653061224489796,0.2653061224489796
492,99.15193891317624,1000,0.08530746177731334,0.00016616295733118305,1.229878524682244,0.328,0.478,0.158,0.036
493,237.2907686023759,822,0.0848825927940091,0.0001650195344325723,1.2161999114493525,0.3491484184914842,0.33211678832116787,0.22627737226277372,0.09245742092457421
494,-34.18785515176614,85,0.08445983984662027,0.0001638839798094549,1.2406885972434998,0.16470588235294117,0.17647058823529413,0.35294117647058826,0.3058823529411765
495,225.76512600177006,391,0.0840391923963498,0.00016275623931759483,1.2186089515486354,0.08439897698209718,0.11253196930946291,0.25831202046035806,0.5447570332480819
496,-13.86091117519237,100,0.0836206399568885,0.00016163625918534075,1.2026033049345406,0.12,0.19,0.58,0.11
497,-23.569017469430463,80,0.08320417209415364,0.000160523986011062,1.2312833582836737,0.3625,0.0625,0.475,0.1
498,-34.17130348515953,92,0.08278977842602886,0.00015941936676060244,1.2026377348487278,0.33695652173913043,0.17391304347826086,0.2391304347826087,0.25
499,259.2576028690503,211,0.08237744862210536,0.00015832234876475164,1.2285510560916055,0.4265402843601896,0.10426540284360189,0.3744075829383886,0.0947867298578199
500,241.7963551905978,303,0.08196717240342434,0.0001572328797167337,1.2018097002106265,0.29372937293729373,0.1353135313531353,0.4158415841584158,0.1551155115511551
501,238.7816927781485,191,0.08155893954222078,0.00015615090766971307,1.2077358389615063,0.3193717277486911,0.16230366492146597,0.41361256544502617,0.10471204188481675
502,235.83513490519422,302,0.08115273986166843,0.00015507638103431782,1.1838606473342042,0.3543046357615894,0.06622516556291391,0.4337748344370861,0.1456953642384106
503,247.6033877722482,382,0.08074856323562621,0.00015400924857617972,1.229289721065693,0.1544502617801047,0.14921465968586387,0.4424083769633508,0.25392670157068065
504,94.77915920698774,1000,0.08034639958838564,0.00015294945941349137,1.2048180430358881,0.487,0.038,0.089,0.386
505,246.47336512992365,323,0.0799462388944198,0.00015189696301458008,1.1767256685232368,0.3219814241486068,0.14241486068111456,0.43653250773993807,0.09907120743034056
506,-19.17629608796409,192,0.07954807117813331,0.00015085170919549855,1.1730494729086522,0.16666666666666666,0.14583333333333334,0.5364583333333334,0.15104166666666666
507,268.2154643454699,279,0.07915188651361367,0.00014981364811763202,1.1920299516719781,0.26881720430107525,0.22580645161290322,0.4265232974910394,0.07885304659498207
508,246.43563658123307,248,0.07875767502438383,0.00014878273028532185,1.2043280651824815,0.5403225806451613,0.10080645161290322,0.24596774193548387,0.11290322580645161
509,4.0235318281532955,102,0.078365426883156,0.00014775890654350563,1.2385879292926654,0.06862745098039216,0.0392156862745098,0.6764705882352942,0.21568627450980393
510,221.5946334996766,324,0.07797513231158659,0.00014674212807537336,1.1894287913852093,0.12345679012345678,0.4012345679012346,0.3950617283950617,0.08024691358024691
511,203.63283968497834,299,0.07758678158003256,0.00014573234640003987,1.175135706133862,0.27424749163879597,0.3177257525083612,0.3177257525083612,0.0903010033444816
512,44.81697128540995,122,0.07720036500730874,0.00014472951337023314,1.1811418609843531,0.09836065573770492,0.16393442622950818,0.5737704918032787,0.16393442622950818
513,280.90697293236445,236,0.07681587296044662,0.00014373358116999866,1.1937494920397984,0.2033898305084746,0.1059322033898305,0.4194915254237288,0.2711864406779661
514,278.2571520475642,417,0.07643329585445409,0.0001427445023124195,1.1839067090739643,0.3597122302158273,0.1630695443645084,0.36211031175059955,0.11510791366906475
515,274.13615559179186,274,0.07605262415207657,0.0001417622296373521,1.195925586003211,0.40145985401459855,0.15693430656934307,0.3284671532846715,0.11313868613138686
516,249.99129523629074,221,0.07567384836355925,0.00014078671630917759,1.2223073087375356,0.38009049773755654,0.14479638009049775,0.334841628959276,0.14027149321266968
517,-58.41176889259624,83,0.0752969590464105,0.0001398179158145687,1.1841429530267709,0.04819277108433735,0.3855421686746988,0.1686746987951807,0.39759036144578314
518,218.34462103166783,344,0.07492194680516646,0.00013885578196027188,1.1735408460187726,0.29069767441860467,0.09593023255813954,0.375,0.23837209302325582
519,297.6441929909898,289,0.07454880229115689,0.0001379002688709049,1.1771706241579005,0.2629757785467128,0.1972318339100346,0.40484429065743943,0.13494809688581316
520,221.45226516280383,305,0.07417751620227203,0.00013695133098676928,1.1878889296100232,0.26229508196721313,0.09180327868852459,0.5377049180327869,0.10819672131147541
521,17.625225062886074,145,0.07380807928273078,0.00013600892306167813,1.1802531822920597,0.0896551724137931,0.16551724137931034,0.5517241379310345,0.19310344827586207
522,287.62705884049126,285,0.07344048232284993,0.0001350730001607987,1.1853579463324646,0.3017543859649123,0.14035087719298245,0.4245614035087719,0.13333333333333333
523,263.59859254084176,312,0.07307471615881456,0.00013414351765850981,1.1798997664164586,0.3525641025641026,0.16987179487179488,0.3717948717948718,0.10576923076923077
524,277.8691156422092,470,0.0727107716724496,0.00013322043123627418,1.1952224823287994,0.3191489361702128,0.35106382978723405,0.2425531914893617,0.08723404255319149
525,270.95711318613235,259,0.07234863979099258,0.00013230369688052517,1.1808402518933283,0.29343629343629346,0.13513513513513514,0.4517374517374517,0.11969111969111969
526,238.5321429764792,439,0.07198831148686739,0.00013139327088056821,1.193064709205925,0.6400911161731208,0.06150341685649203,0.23917995444191345,0.05922551252847381
527,47.23391642537382,142,0.07162977777745924,0.00013048910982649668,1.180354028261737,0.11971830985915492,0.176056338028169,0.5352112676056338,0.16901408450704225
528,-10.464520368127793,405,0.07127302972489075,0.00012959117060712202,1.182519483741757,0.056790123456790124,0.17777777777777778,0.5185185185185185,0.24691358024691357
529,272.2950619308054,245,0.07091805843579913,0.00012869941040791818,1.1969244751081078,0.45714285714285713,0.17142857142857143,0.22857142857142856,0.14285714285714285
530,-17.817913669647453,114,0.07056485506111447,0.00012781378670898022,1.2087052092589878,0.14035087719298245,0.2982456140350877,0.5,0.06140350877192982
531,243.898262105758,340,0.07021341079583919,0.00012693425728299684,1.197621312314052,0.21764705882352942,0.13529411764705881,0.47058823529411764,0.17647058823529413
532,91.98010925603857,1000,0.06986371687882846,0.00012606078019323702,1.1919157139587973,0.212,0.537,0.189,0.062
533,256.015769609843,204,0.06951576459257186,0.00012519331379155045,1.1813117167484755,0.4411764705882353,0.11764705882352941,0.30392156862745096,0.13725490196078433
534,227.71647305594797,444,0.06916954526297603,0.0001243318167163816,1.174984531013056,0.3130630630630631,0.32882882882882886,0.2725225225225225,0.08558558558558559
535,-277.1162823597282,137,0.06882505025914844,0.00012347624789079773,1.1915221187487322,0.1897810218978102,0.24817518248175183,0.19708029197080293,0.36496350364963503
536,284.6477844805756,227,0.06848227099318223,0.00012262656652053014,1.187261113629557,0.4185022026431718,0.07488986784140969,0.4185022026431718,0.0881057268722467
537,263.1634965207981,265,0.06814119891994212,0.00012178273209202919,1.172841724420833,0.5094339622641509,0.07547169811320754,0.32452830188679244,0.09056603773584905
538,259.8990895910713,353,0.06780182553685142,0.00012094470437053251,1.1667131123854475,0.42492917847025496,0.10764872521246459,0.28895184135977336,0.17847025495750707
539,300.0976386208671,269,0.06746414238368,0.00012011244339814657,1.1773646409128875,0.4052044609665427,0.11524163568773234,0.3308550185873606,0.14869888475836432
540,220.06577387086173,351,0.06712814104233344,0.00011928590949194152,1.1684152588857646,0.08547008547008547,0.4074074074074074,0.42165242165242167,0.08547008547008547
541,-25.734371305806988,112,0.06679381313664319,0.000118465063242059,1.1643902781599904,0.26785714285714285,0.22321428571428573,0.26785714285714285,0.24107142857142858
542,302.6355101138436,231,0.0664611503321577,0.00011764986550983303,1.1665411456009274,0.3116883116883117,0.11688311688311688,0.4329004329004329,0.13852813852813853
543,266.54182228135284,351,0.06613014433593471,0.00011684027742592396,1.180804839001702,0.5669515669515669,0.12535612535612536,0.22507122507122507,0.08262108262108261
544,295.55071097749067,187,0.06580078689633446,0.00011603626038846503,1.1822615846707485,0.16042780748663102,0.20855614973262032,0.48663101604278075,0.1443850267379679
545,-2.097334429912067,224,0.06547306980281405,0.00011523777606122184,1.1752219079973945,0.15178571428571427,0.12946428571428573,0.5669642857142857,0.15178571428571427
546,242.26943510346186,235,0.0651469848857227,0.00011444478637176445,1.1621198620594346,0.4085106382978723,0.11914893617021277,0.3574468085106383,0.1148936170212766
547,241.65663224145592,283,0.0648225240160981,0.00011365725350965203,1.1520378560549036,0.2226148409893993,0.12014134275618374,0.5123674911660777,0.14487632508833923
548,235.61191774547095,313,0.06449967910546381,0.00011287513992463008,1.169784246335867,0.20447284345047922,0.11182108626198083,0.43450479233226835,0.24920127795527156
549,267.66779083307495,209,0.06417844210562758,0.00011209840832483992,1.16112322792617,0.3588516746411483,0.14354066985645933,0.2583732057416268,0.23923444976076555
550,286.80457510017584,193,0.0638588050084807,0.00011132702167504067,1.1775318297322659,0.32124352331606215,0.10880829015544041,0.47150259067357514,0.09844559585492228
551,197.53952772637837,454,0.06354075984579843,0.00011056094319484329,1.1696554242279646,0.10792951541850221,0.3854625550660793,0.4008810572687225,0.10572687224669604
552,40.58833810573904,158,0.0632242986890413,0.00010980013635695692,1.1815571561141684,0.17088607594936708,0.1518987341772152,0.4810126582278481,0.1962025316455696
553,-136.17607153048834,99,0.06290941364915748,0.00010904456488544722,1.1379933180836173,0.1414141414141414,0.29292929292929293,0.30303030303030304,0.26262626262626265
554,229.68191724406265,338,0.06259609687638612,0.00010829419275400668,1.1691894118002302,0.13313609467455623,0.27218934911242604,0.4881656804733728,0.10650887573964497
555,77.54117859807289,157,0.06228434056006167,0.00010754898418423684,1.1575906131774625,0.12738853503184713,0.1464968152866242,0.5605095541401274,0.16560509554140126
556,295.2056108797666,345,0.061974136928419146,0.00010680890364394243,1.167642134182867,0.36231884057971014,0.0782608695652174,0.3217391304347826,0.23768115942028986
557,54.18768999922602,248,0.06166547824840039,0.00010607391584543704,1.1577038364910155,0.10887096774193548,0.2782258064516129,0.42338709677419356,0.18951612903225806
558,-83.81083439874934,125,0.061358356825461334,0.00010534398574386068,1.151797477249254,0.304,0.2,0.344,0.152
559,38.927638579126466,161,0.06105276500338012,0.00010461907853550873,1.167132479432843,0.2111801242236025,0.08074534161490683,0.5838509316770186,0.12422360248447205
560,88.1953029778752,1000,0.06074869516406628,0.00010389915965617252,1.1608919783219855,0.415,0.364,0.157,0.064
561,238.55088280064695,234,0.06044613972737082,0.00010318419477949128,1.1484863550837097,0.23931623931623933,0.1452991452991453,0.4700854700854701,0.1452991452991453
562,244.3664665903419,266,0.060145091150897244,0.00010247414981531538,1.1551957511258304,0.39097744360902253,0.09398496240601503,0.40225563909774437,0.11278195488721804
563,295.3479366886326,228,0.059845541929813534,0.00010176899090808095,1.1288691907884332,0.17105263157894737,0.14912280701754385,0.5219298245614035,0.15789473684210525
564,296.72216526783495,324,0.05954748459666506,0.00010106868443519556,1.1671638461398317,0.2345679012345679,0.05246913580246913,0.2993827160493827,0.41358024691358025
565,-10.512413536204093,101,0.05925091172118844,0.00010037319700543509,1.1408690040219813,0.09900990099009901,0.26732673267326734,0.3069306930693069,0.32673267326732675
566,244.38773190495556,425,0.058955815910126275,9.968249545735159e-05,1.1611110774047844,0.1623529411764706,0.15294117647058825,0.5035294117647059,0.1811764705882353
567,224.19400721255698,181,0.05866218980704289,9.899654685769216e-05,1.1495620032431588,0.19889502762430938,0.19889502762430938,0.425414364640884,0.17679558011049723
568,288.5803692200219,338,0.058370026092140904,9.83153184998286e-05,1.1381587459361149,0.33136094674556216,0.11834319526627218,0.44970414201183434,0.10059171597633136
569,230.3020563900121,409,0.058079317482078785,9.763877790219797e-05,1.1484118729077446,0.16625916870415647,0.15892420537897312,0.5232273838630807,0.15158924205378974
570,229.09197569284927,240,0.05779005672978926,9.696689280675384e-05,1.1396817493811793,0.42083333333333334,0.125,0.35,0.10416666666666667
571,31.342065336085625,104,0.05750223662429868,9.629963117742819e-05,1.151543925120489,0.009615384615384616,0.21153846153846154,0.4807692307692308,0.2980769230769231
572,234.98295588541703,272,0.05721584999054722,9.563696119860388e-05,1.1549406981585255,0.29411764705882354,0.2426470588235294,0.3492647058823529,0.11397058823529412
573,83.82355995953192,1000,0.056930889689210055,9.49788512735977e-05,1.1514963774781828,0.241,0.279,0.362,0.118
574,189.76302809100707,459,0.05664734861651935,9.432527002315378e-05,1.1463699664809683,0.23529411764705882,0.12418300653594772,0.514161220043573,0.12636165577342048
575,-113.37371199827905,122,0.056365219704087186,9.36761862839474e-05,1.1507609375437464,0.26229508196721313,0.21311475409836064,0.3524590163934426,0.1721311475409836
576,219.97867261475471,332,0.056084495918729355,9.303156910709912e-05,1.160215202945799,0.21686746987951808,0.11746987951807229,0.3463855421686747,0.3192771084337349
577,26.473089031920082,188,0.05580517026229002,9.239138775669905e-05,1.1726763949247558,0.03723404255319149,0.2074468085106383,0.5053191489361702,0.25
578,241.78452335106903,553,0.05552723577146726,9.175561170834144e-05,1.1471087915050906,0.27124773960216997,0.15732368896925858,0.4394213381555154,0.13200723327305605
579,-8.798612011301557,235,0.055250685517639495,9.112421064766915e-05,1.1579378755544352,0.2,0.11914893617021277,0.5319148936170213,0.14893617021276595
580,254.37779411082803,469,0.05497551260669274,9.049715446892829e-05,1.1457857012989578,0.35394456289978676,0.16204690831556504,0.2622601279317697,0.22174840085287847
581,93.68672294865553,1000,0.05470171017884877,8.98744132735327e-05,1.154378194139123,0.149,0.621,0.177,0.053
582,206.98660731306222,528,0.05442927140849408,8.925595736863845e-05,1.1422327848328366,0.17992424242424243,0.041666666666666664,0.22727272727272727,0.5511363636363636
583,250.50536887355486,307,0.05415818950400976,8.864175726572796e-05,1.1334106784708027,0.30944625407166126,0.21172638436482086,0.38436482084690554,0.09446254071661238
584,280.5028833634521,193,0.053888457707602165,8.803178367920401e-05,1.132925607420915,0.3160621761658031,0.16580310880829016,0.33678756476683935,0.18134715025906736
585,-60.265061008905874,88,0.05362006929513446,8.742600752499338e-05,1.124945001957939,0.26136363636363635,0.2840909090909091,0.2159090909090909,0.23863636363636365
586,-12.801063587177921,227,0.05335301757595899,8.682439991916009e-05,1.1355827894001336,0.17180616740088106,0.18061674008810572,0.4713656387665198,0.1762114537444934
587,31.23186596629583,140,0.053087295892750505,8.622693217652819e-05,1.1640088855209387,0.08571428571428572,0.15,0.5642857142857143,0.2
588,251.05937606701616,497,0.052822897621340174,8.563357580931399e-05,1.1576470369987308,0.23943661971830985,0.2414486921529175,0.40643863179074446,0.11267605633802817
589,-215.7103950929915,84,0.052559816170550465,8.504430252576783e-05,1.1100785579016639,0.34523809523809523,0.36904761904761907,0.09523809523809523,0.19047619047619047
590,237.02902065142683,255,0.05229804498203084,8.445908422882499e-05,1.149126086787806,0.1803921568627451,0.23137254901960785,0.4627450980392157,0.12549019607843137
591,18.04255710071709,227,0.05203757753009425,8.387789301476607e-05,1.1465265342784263,0.2687224669603524,0.10572687224669604,0.4845814977973568,0.14096916299559473
592,-213.99180504648393,95,0.051778407321554455,8.33007011718865e-05,1.1852543266397377,0.1368421052631579,0.3263157894736842,0.2,0.3368421052631579
593,269.1750198451459,179,0.05152052789556417,8.272748117917522e-05,1.132222965350669,0.2346368715083799,0.18435754189944134,0.39664804469273746,0.18435754189944134
594,301.04232125279077,266,0.051263932823453984,8.215820570500247e-05,1.1331263155919826,0.2781954887218045,0.14285714285714285,0.41729323308270677,0.16165413533834586
595,217.7556583425382,570,0.051008615708572125,8.159284760581654e-05,1.1560944900762191,0.2614035087719298,0.0824561403508772,0.3087719298245614,0.3473684210526316
596,188.1276319489157,342,0.050754570186124975,8.10313799248496e-05,1.15443989904991,0.07894736842105263,0.12573099415204678,0.3304093567251462,0.4649122807017544
597,214.39703648864912,348,0.0505017899230184,8.047377589083238e-05,1.1559599888090155,0.040229885057471264,0.35919540229885055,0.4482758620689655,0.15229885057471265
598,47.81732090781546,159,0.050250268617699906,7.992000891671763e-05,1.1453507242005074,0.0880503144654088,0.1949685534591195,0.5408805031446541,0.1761006289308176
599,56.946915846189114,173,0.05000000000000151,7.93700525984125e-05,1.1404695701469503,0.24855491329479767,0.06936416184971098,0.5722543352601156,0.10982658959537572
600,-11.504720631796474,288,0.05,7.882388071351953e-05,1.151364632043427,0.14930555555555555,0.16666666666666666,0.5138888888888888,0.1701388888888889
601,-189.68630467913232,98,0.05,7.828146722008633e-05,1.1207903419343364,0.2755102040816326,0.30612244897959184,0.17346938775510204,0.24489795918367346
602,-100.01321235564818,89,0.05,7.77427862553639e-05,1.1429080870209285,0.24719101123595505,0.23595505617977527,0.30337078651685395,0.21348314606741572
603,251.01019880672428,314,0.05,7.720781213457351e-05,1.1546928385264683,0.12101910828025478,0.09872611464968153,0.3535031847133758,0.4267515923566879
604,278.81647001940996,406,0.05,7.667651934968192e-05,1.1617485789257995,0.3226600985221675,0.13054187192118227,0.19950738916256158,0.3472906403940887
605,31.485116397885065,215,0.05,7.614888256818525e-05,1.154217467644306,0.13023255813953488,0.15348837209302327,0.5255813953488372,0.19069767441860466
606,29.32289369332753,200,0.05,7.562487663190101e-05,1.1462796961205832,0.165,0.165,0.495,0.175
607,243.3278351722455,839,0.05,7.510447655576865e-05,1.1435907144050614,0.4088200238379023,0.04767580452920143,0.1394517282479142,0.40405244338498214
608,9.668263474146443,388,0.05,7.45876575266581e-05,1.1564429193269976,0.17783505154639176,0.14432989690721648,0.538659793814433,0.13917525773195877
609,2.4975947857428906,258,0.05,7.407439490218681e-05,1.1431295882310866,0.17829457364341086,0.16279069767441862,0.4883720930232558,0.17054263565891473
610,249.8132304210099,210,0.05,7.356466420954464e-05,1.1411912424735238,0.3952380952380952,0.15714285714285714,0.319047619047619,0.12857142857142856
611,213.44576478104716,306,0.05,7.30584411443271e-05,1.1440170241603442,0.17320261437908496,0.08823529411764706,0.41830065359477125,0.3202614379084967
612,-23.00335004354723,191,0.05,7.255570156937642e-05,1.1256448287379246,0.13612565445026178,0.17277486910994763,0.5078534031413613,0.18324607329842932
613,226.90530442498383,222,0.05,7.205642151363067e-05,1.114981956195374,0.4594594594594595,0.10810810810810811,0.36936936936936937,0.06306306306306306
614,-14.459956966609496,238,0.05,7.156057717098084e-05,1.1285911455096382,0.24369747899159663,0.10504201680672269,0.5126050420168067,0.13865546218487396
615,239.47902069672338,283,0.05,7.10681448991357e-05,1.1275481452580949,0.3498233215547703,0.12367491166077739,0.38515901060070673,0.1413427561837456
616,42.691825470114026,164,0.05,7.057910121849457e-05,1.1261800340338317,0.16463414634146342,0.12195121951219512,0.5792682926829268,0.13414634146341464
617,39.45899839551757,175,0.05,7.009342281102772e-05,1.1512969972462195,0.12,0.22857142857142856,0.4514285714285714,0.2
618,280.72842617566795,252,0.05,6.96110865191646e-05,1.1517609932195543,0.2619047619047619,0.12301587301587301,0.5079365079365079,0.10714285714285714
619,-99.22353339291966,81,0.05,6.913206934468965e-05,1.1240688851293696,0.16049382716049382,0.2962962962962963,0.16049382716049382,0.38271604938271603
620,-19.38264737087738,180,0.05,6.865634844764571e-05,1.1277408145558652,0.20555555555555555,0.16666666666666666,0.46111111111111114,0.16666666666666666
621,273.4029362905453,339,0.05,6.818390114524503e-05,1.1372271148286828,0.5457227138643068,0.13864306784660768,0.22418879056047197,0.09144542772861357
622,42.3667356953292,187,0.05,6.771470491078771e-05,1.1130079412888751,0.22994652406417113,0.12299465240641712,0.5401069518716578,0.10695187165775401
623,0.677657998788888,210,0.05,6.724873737258758e-05,1.1303081015473335,0.2,0.13333333333333333,0.49523809523809526,0.17142857142857143
624,217.52687574437323,316,0.05,6.678597631290557e-05,1.1177939807191648,0.2848101265822785,0.26582278481012656,0.22784810126582278,0.22151898734177214
625,36.968993174523035,183,0.05,6.632639966689026e-05,1.1185511255939184,0.09836065573770492,0.25136612021857924,0.4426229508196721,0.20765027322404372
626,-3.5054117770021804,251,0.05,6.586998552152588e-05,1.1390020275405197,0.1593625498007968,0.16733067729083664,0.50199203187251,0.17131474103585656
627,48.18102149803036,212,0.05,6.541671211458746e-05,1.137960652634907,0.1509433962264151,0.1179245283018868,0.5849056603773585,0.14622641509433962
628,268.94139807245404,194,0.05,6.496655783360315e-05,1.149946971018393,0.30927835051546393,0.18041237113402062,0.36597938144329895,0.14432989690721648
629,4.473211176427938,164,0.05,6.451950121482378e-05,1.1354618676966548,0.3170731707317073,0.12804878048780488,0.4268292682926829,0.12804878048780488
630,205.2502100376421,339,0.05,6.40755209421994e-05,1.1345509085674899,0.30383480825958703,0.07374631268436578,0.39823008849557523,0.22418879056047197
631,298.77190060668386,360,0.05,6.363459584636293e-05,1.1338319605894391,0.40555555555555556,0.11944444444444445,0.33611111111111114,0.1388888888888889
632,3.4862726062909672,247,0.05,6.319670490362081e-05,1.1399005666868973,0.10931174089068826,0.1659919028340081,0.5384615384615384,0.1862348178137652
633,222.12523506321847,192,0.05,6.276182723495052e-05,1.1219816777550877,0.3645833333333333,0.07291666666666667,0.4635416666666667,0.09895833333333333
634,19.515510256666758,134,0.05,6.23299421050051e-05,1.1134118155342139,0.11194029850746269,0.2537313432835821,0.43283582089552236,0.20149253731343283
635,237.72019025827777,261,0.05,6.190102892112444e-05,1.1356326430894068,0.23754789272030652,0.12260536398467432,0.4827586206896552,0.15708812260536398
636,305.01850709701205,276,0.05,6.147506723235341e-05,1.1317387029128008,0.27898550724637683,0.16666666666666666,0.358695652173913,0.1956521739130435
637,-99.71524071131813,84,0.05,6.105203672846676e-05,1.1283393988877253,0.03571428571428571,0.38095238095238093,0.2857142857142857,0.2976190476190476
638,256.81307279720284,487,0.05,6.0631917239000664e-05,1.1285871315079357,0.1704312114989733,0.3675564681724846,0.2546201232032854,0.20739219712525667
639,226.32960407868296,216,0.05,6.0214688732291044e-05,1.1250913935661697,0.0787037037037037,0.3888888888888889,0.4351851851851852,0.09722222222222222
640,233.92805181922694,356,0.05,5.980033131451837e-05,1.1284427912621138,0.38764044943820225,0.12640449438202248,0.36797752808988765,0.11797752808988764
641,228.26629880343108,288,0.05,5.938882522875917e-05,1.1197379464074855,0.2465277777777778,0.14583333333333334,0.4895833333333333,0.11805555555555555
642,218.48510364873772,265,0.05,5.8980150854043945e-05,1.1590284133932522,0.2679245283018868,0.10566037735849057,0.5018867924528302,0.12452830188679245
643,-216.9778545201845,118,0.05,5.857428870442166e-05,1.1434780353392089,0.16101694915254236,0.288135593220339,0.15254237288135594,0.3983050847457627
644,-3.847589596338878,121,0.05,5.8171219428030646e-05,1.1116584732952335,0.08264462809917356,0.18181818181818182,0.512396694214876,0.2231404958677686
645,26.220009820807334,121,0.05,5.777092380617584e-05,1.135214448739179,0.371900826446281,0.23140495867768596,0.2231404958677686,0.17355371900826447
646,236.14858619036812,470,0.05,5.737338275241247e-05,1.1183394379505338,0.06808510638297872,0.6680851063829787,0.2170212765957447,0.04680851063829787
647,-14.091388550905364,99,0.05,5.697857731163596e-05,1.1229013454206511,0.35353535353535354,0.0707070707070707,0.5252525252525253,0.050505050505050504
648,296.4732629669488,278,0.05,5.6586488659178155e-05,1.1231038303166103,0.3597122302158273,0.07553956834532374,0.4784172661870504,0.08633093525179857
649,-23.36007878442102,97,0.05,5.619709809990975e-05,1.1052093479958183,0.061855670103092786,0.25773195876288657,0.3917525773195876,0.28865979381443296
650,274.9792867226196,242,0.05,5.581038706734888e-05,1.1088969075646462,0.3884297520661157,0.0743801652892562,0.4297520661157025,0.10743801652892562
651,283.5602034985981,185,0.05,5.542633712277583e-05,1.1067725347025432,0.3837837837837838,0.07567567567567568,0.4540540540540541,0.08648648648648649
652,39.818995768467715,139,0.05,5.5044929954353904e-05,1.1471224839917142,0.06474820143884892,0.2589928057553957,0.43884892086330934,0.23741007194244604
653,251.41535865505722,292,0.05,5.4666147376256274e-05,1.1308714876480948,0.1678082191780822,0.4349315068493151,0.25,0.14726027397260275
654,212.85679639723458,380,0.05,5.428997132779887e-05,1.1159019124181908,0.5447368421052632,0.07368421052631578,0.2710526315789474,0.11052631578947368
655,279.53767250296437,287,0.05,5.3916383872579235e-05,1.1175388370776567,0.3902439024390244,0.10452961672473868,0.3832752613240418,0.12195121951219512
656,288.57859575823727,317,0.05,5.35453671976213e-05,1.1199332433310374,0.4069400630914827,0.15457413249211358,0.3312302839116719,0.10725552050473186
657,42.61913570825212,252,0.05,5.3176903612526025e-05,1.1128402871395504,0.1111111111111111,0.1865079365079365,0.5396825396825397,0.1626984126984127
658,237.2730841112478,588,0.05,5.2810975548627954e-05,1.1241354827099084,0.38605442176870747,0.3707482993197279,0.14285714285714285,0.10034013605442177
659,216.42569300343865,327,0.05,5.244756555815747e-05,1.1339216772965426,0.44954128440366975,0.18042813455657492,0.18960244648318042,0.18042813455657492
660,288.2897754275636,249,0.05,5.208665631340891e-05,1.1175835477032523,0.285140562248996,0.26506024096385544,0.3493975903614458,0.10040160642570281
661,-230.99163062466715,103,0.05,5.172823060591434e-05,1.1330355276129713,0.2524271844660194,0.30097087378640774,0.14563106796116504,0.30097087378640774
662,247.5944344523623,269,0.05,5.137227134562306e-05,1.1052596981034541,0.21561338289962825,0.17843866171003717,0.4349442379182156,0.17100371747211895
663,53.384970882973334,122,0.05,5.1018761560086726e-05,1.1449415900515378,0.10655737704918032,0.16393442622950818,0.5737704918032787,0.1557377049180328
664,-171.99473045311336,76,0.05,5.0667684393650084e-05,1.104369427727565,0.13157894736842105,0.47368421052631576,0.11842105263157894,0.27631578947368424
665,-11.127369721160548,103,0.05,5.031902310664729e-05,1.1295781079513112,0.1553398058252427,0.2912621359223301,0.2621359223300971,0.2912621359223301
666,278.58819673796904,361,0.05,4.9972761074603725e-05,1.0950668337416196,0.4487534626038781,0.13573407202216067,0.2880886426592798,0.12742382271468145
667,260.92581215791535,323,0.05,4.962888178744336e-05,1.1189000155916866,0.5077399380804953,0.1021671826625387,0.26006191950464397,0.13003095975232198
668,258.3692163613297,193,0.05,4.928736884870152e-05,1.1199567490829483,0.23834196891191708,0.19170984455958548,0.41450777202072536,0.15544041450777202
669,280.27289048223054,798,0.05,4.894820597474307e-05,1.1052545292940463,0.38972431077694236,0.06140350877192982,0.13784461152882205,0.41102756892230574
670,265.36857936089814,250,0.05,4.861137699398604e-05,1.1090506308227779,0.204,0.156,0.512,0.128
671,231.60091276090105,368,0.05,4.827686584613052e-05,1.1025777498273779,0.28532608695652173,0.25271739130434784,0.25,0.21195652173913043
672,32.189510560960315,184,0.05,4.794465658139288e-05,1.0877419594257878,0.125,0.11956521739130435,0.5978260869565217,0.15760869565217392
673,-261.7123570717347,107,0.05,4.761473335974531e-05,1.11514728153391,0.09345794392523364,0.308411214953271,0.1588785046728972,0.4392523364485981
674,249.97552930070367,242,0.05,4.728708045016051e-05,1.1186442524369034,0.35537190082644626,0.09917355371900827,0.4132231404958678,0.1322314049586777
675,229.06924391534224,652,0.05,4.6961682229861654e-05,1.1082343570630204,0.3880368098159509,0.3312883435582822,0.22699386503067484,0.05368098159509203
676,13.044178365713009,133,0.05,4.663852318357747e-05,1.112673474307617,0.2556390977443609,0.08270676691729323,0.5338345864661654,0.12781954887218044
677,257.9817853665966,247,0.05,4.631758790280246e-05,1.0906639608210076,0.02834008097165992,0.4493927125506073,0.42105263157894735,0.10121457489878542
678,210.87450036515628,218,0.05,4.599886108506219e-05,1.1034974843303096,0.24311926605504589,0.22477064220183487,0.40825688073394495,0.12385321100917432
679,38.513522490251205,193,0.05,4.5682327533183695e-05,1.1140014035551675,0.19689119170984457,0.11398963730569948,0.533678756476684,0.15544041450777202
680,3.498803659110763,127,0.05,4.536797215457083e-05,1.1052413113726454,0.18110236220472442,0.13385826771653545,0.5039370078740157,0.18110236220472442
681,44.58105572921298,143,0.05,4.505577996048465e-05,1.1072329482363434,0.18181818181818182,0.0979020979020979,0.5524475524475524,0.16783216783216784
682,216.31456265988584,791,0.05,4.4745736065328744e-05,1.1119189452928364,0.36536030341340076,0.438685208596713,0.13780025284450062,0.05815423514538559
683,244.57229434179217,443,0.05,4.443782568593946e-05,1.098171470151644,0.26636568848758463,0.04966139954853273,0.2054176072234763,0.4785553047404063
684,-52.203428230133966,115,0.05,4.4132034140881064e-05,1.1015393073337376,0.1565217391304348,0.23478260869565218,0.4260869565217391,0.1826086956521739
685,20.903075216437628,160,0.05,4.382834684974566e-05,1.104595357744023,0.05625,0.225,0.56875,0.15
686,-76.55002564180808,203,0.05,4.3526749332458045e-05,1.1042884365751935,0.26108374384236455,0.12807881773399016,0.5024630541871922,0.10837438423645321
687,-136.59511425094433,78,0.05,4.3227227208585244e-05,1.0815298918101486,0.19230769230769232,0.28205128205128205,0.3717948717948718,0.15384615384615385
688,5.54530874489889,123,0.05,4.292976619665085e-05,1.0816230252429646,0.3008130081300813,0.13821138211382114,0.4715447154471545,0.08943089430894309
689,-203.16318909263885,103,0.05,4.263435211345408e-05,1.1245668928823909,0.07766990291262135,0.20388349514563106,0.33980582524271846,0.3786407766990291
690,232.0322290617402,283,0.05,4.23409708733935e-05,1.1237723615242141,0.3498233215547703,0.127208480565371,0.392226148409894,0.13074204946996468
691,255.8801816587912,259,0.05,4.2049608487795405e-05,1.1151295512597712,0.2471042471042471,0.2471042471042471,0.3552123552123552,0.15057915057915058
692,224.46173336627933,237,0.05,4.176025106424684e-05,1.0980249466888667,0.05485232067510549,0.5147679324894515,0.3755274261603376,0.05485232067510549
693,-96.85378410780261,90,0.05,4.1472884805933184e-05,1.0923866400961761,0.05555555555555555,0.3,0.36666666666666664,0.2777777777777778
694,263.2156046941302,237,0.05,4.1187496010980326e-05,1.117709966331842,0.3924050632911392,0.14345991561181434,0.3333333333333333,0.1308016877637131
695,32.03419189302167,135,0.05,4.090407107180133e-05,1.105123254602425,0.2074074074074074,0.11851851851851852,0.5407407407407407,0.13333333333333333
696,224.68370893216223,312,0.05,4.062259647444761e-05,1.094965738244029,0.28525641025641024,0.125,0.47115384615384615,0.11858974358974358
697,14.632875169141158,175,0.05,4.034305879796459e-05,1.0948612003708884,0.21714285714285714,0.10285714285714286,0.56,0.12
698,-6.532885165274948,145,0.05,4.0065444713751755e-05,1.0937172940466506,0.0896551724137931,0.1793103448275862,0.5310344827586206,0.2
699,-14.01151018660424,161,0.05,3.978974098492718e-05,1.1033288870857525,0.006211180124223602,0.2422360248447205,0.4409937888198758,0.3105590062111801
700,-134.77487445896452,96,0.05,3.951593446569633e-05,1.0940983859940931,0.1875,0.2604166666666667,0.3020833333333333,0.25
701,262.5263356019459,350,0.05,3.924401210072528e-05,1.1203796078507235,0.2742857142857143,0.11714285714285715,0.36,0.24857142857142858
702,221.69184861646033,221,0.05,3.897396092451824e-05,1.1211577666003252,0.24434389140271492,0.1493212669683258,0.4841628959276018,0.12217194570135746
703,245.3500963043789,264,0.05,3.8705768060799324e-05,1.1002763611335606,0.5227272727272727,0.06818181818181818,0.24621212121212122,0.16287878787878787
704,246.86688470069808,167,0.05,3.8439420721898606e-05,1.106969168659488,0.31137724550898205,0.10778443113772455,0.41916167664670656,0.16167664670658682
705,215.36085572876328,347,0.05,3.8174906208142405e-05,1.0862693542199442,0.13256484149855907,0.08645533141210375,0.37752161383285304,0.4034582132564842
706,23.89478036943524,153,0.05,3.791221190724773e-05,1.0928165251230388,0.0457516339869281,0.23529411764705882,0.43137254901960786,0.2875816993464052
707,-110.54986726600556,224,0.05,3.765132529372094e-05,1.1024027917273695,0.22767857142857142,0.13392857142857142,0.375,0.26339285714285715
708,-72.89361157529575,113,0.05,3.7392233928260494e-05,1.1021599385050393,0.25663716814159293,0.17699115044247787,0.39823008849557523,0.168141592920354
709,23.872841582817145,126,0.05,3.713492545716386e-05,1.1296057529762566,0.10317460317460317,0.2222222222222222,0.4523809523809524,0.2222222222222222
710,227.6343435755127,275,0.05,3.687938761173845e-05,1.1143598059752555,0.4036363636363636,0.15272727272727274,0.3018181818181818,0.14181818181818182
711,264.16502224428604,273,0.05,3.662560820771668e-05,1.1057783261750624,0.3663003663003663,0.14652014652014653,0.36996336996337,0.11721611721611722
712,281.97887010434783,310,0.05,3.637357514467496e-05,1.09371281170331,0.14193548387096774,0.4161290322580645,0.3387096774193548,0.1032258064516129
713,278.1071301439322,233,0.05,3.612327640545678e-05,1.1067967358103181,0.37339055793991416,0.12875536480686695,0.3905579399141631,0.1072961373390558
714,267.2243699711282,241,0.05,3.5874700055599694e-05,1.1039689771462637,0.35684647302904565,0.1078838174273859,0.3817427385892116,0.15352697095435686
715,221.58830135733265,285,0.05,3.5627834242766295e-05,1.1030908897029081,0.05263157894736842,0.14736842105263157,0.3333333333333333,0.4666666666666667
716,249.06946712011347,230,0.05,3.5382667196179064e-05,1.1081187583412166,0.28695652173913044,0.16956521739130434,0.41304347826086957,0.13043478260869565
717,5.698871789494177,165,0.05,3.513918722605914e-05,1.119339542262704,0.006060606060606061,0.26666666666666666,0.4,0.32727272727272727
718,32.90929552212401,146,0.05,3.489738272306896e-05,1.1089415563720282,0.1780821917808219,0.1917808219178082,0.4452054794520548,0.18493150684931506
719,162.40848974271447,1000,0.05,3.4657242157758666e-05,1.1100288491480543,0.35,0.054,0.09,0.506
720,237.91580541399296,424,0.05,3.4418754080016435e-05,1.1016777888898506,0.24764150943396226,0.08726415094339622,0.3231132075471698,0.3419811320754717
721,240.15451207584226,218,0.05,3.4181907118522465e-05,1.0888432774988712,0.40825688073394495,0.10550458715596331,0.3761467889908257,0.11009174311926606
722,-7.272883823927899,159,0.05,3.394668998020683e-05,1.115785123234929,0.1320754716981132,0.18238993710691823,0.48427672955974843,0.20125786163522014
723,152.74184822696674,1000,0.05,3.3713091449710984e-05,1.101144070625675,0.347,0.053,0.109,0.491
724,-17.98499392320994,125,0.05,3.3481100388853026e-05,1.1003533145477533,0.168,0.184,0.432,0.216
725,243.6072985089055,351,0.05,3.32507057360966e-05,1.0858361444809872,0.42735042735042733,0.08262108262108261,0.18803418803418803,0.301994301994302
726,268.1269799378436,276,0.05,3.3021896506023485e-05,1.0850936309368422,0.44565217391304346,0.09782608695652174,0.34782608695652173,0.10869565217391304
727,251.20677862345156,204,0.05,3.27946617888098e-05,1.093330238219001,0.2107843137254902,0.1568627450980392,0.45588235294117646,0.17647058823529413
728,-58.006273134914395,133,0.05,3.256899074970581e-05,1.1103140073312656,0.09022556390977443,0.24812030075187969,0.42857142857142855,0.23308270676691728
729,269.00488312003705,300,0.05,3.2344872628519324e-05,1.1001398059360712,0.30666666666666664,0.09,0.4066666666666667,0.19666666666666666
730,6.432539207108519,94,0.05,3.2122296739102625e-05,1.1233627390240977,0.05319148936170213,0.2872340425531915,0.32978723404255317,0.32978723404255317
731,216.37943858782467,304,0.05,3.190125246884296e-05,1.0851880323062302,0.10526315789473684,0.3618421052631579,0.29605263157894735,0.23684210526315788
732,-60.03001521671713,157,0.05,3.168172927815652e-05,1.1119399587325216,0.012738853503184714,0.20382165605095542,0.49044585987261147,0.2929936305732484
733,249.3568981492624,191,0.05,3.146371669998587e-05,1.1000344497453773,0.2879581151832461,0.13612565445026178,0.4293193717277487,0.14659685863874344
734,242.37684932378713,435,0.05,3.124720433930093e-05,1.0995489381365962,0.3701149425287356,0.12183908045977011,0.28735632183908044,0.2206896551724138
735,-2.5864786894124308,126,0.05,3.10321818726033e-05,1.0759104157694859,0.047619047619047616,0.2777777777777778,0.5396825396825397,0.1349206349206349
736,6.346833652496059,106,0.05,3.081863904743399e-05,1.0830249169783284,0.16037735849056603,0.1509433962264151,0.5283018867924528,0.16037735849056603
737,168.79017756830882,353,0.05,3.0606565681884654e-05,1.1061211460388096,0.11614730878186968,0.07365439093484419,0.23512747875354106,0.5750708215297451
738,20.197968439559446,134,0.05,3.0395951664112036e-05,1.1166806215268779,0.12686567164179105,0.23134328358208955,0.47761194029850745,0.16417910447761194
739,265.4035152788552,780,0.05,3.018678695185587e-05,1.0982509552479511,0.3935897435897436,0.041025641025641026,0.1141025641025641,0.4512820512820513
740,-37.63349194845959,136,0.05,2.9979061571960033e-05,1.106651028267679,0.058823529411764705,0.16176470588235295,0.5,0.27941176470588236
741,257.33319920150427,622,0.05,2.9772765619897032e-05,1.0832371298094088,0.30064308681672025,0.3086816720257235,0.12218649517684887,0.2684887459807074
742,264.47895070584786,187,0.05,2.956788925929574e-05,1.108737654719977,0.2994652406417112,0.1657754010695187,0.39037433155080214,0.1443850267379679
743,262.9237231320949,305,0.05,2.9364422721472388e-05,1.1122866487367098,0.46885245901639344,0.1180327868852459,0.32131147540983607,0.09180327868852459
744,183.73001449097893,433,0.05,2.916235630496479e-05,1.0994402444178637,0.24942263279445728,0.09930715935334873,0.2956120092378753,0.3556581986143187
745,242.3991093220645,233,0.05,2.896168037506977e-05,1.0940631296486456,0.2918454935622318,0.16738197424892703,0.4034334763948498,0.13733905579399142
746,284.18860667735277,210,0.05,2.876238536338376e-05,1.1133798957306942,0.3,0.12380952380952381,0.4523809523809524,0.12380952380952381
747,303.3609200093638,322,0.05,2.856446176734659e-05,1.0952163273090456,0.2732919254658385,0.2857142857142857,0.3167701863354037,0.12422360248447205
748,300.3775072898062,343,0.05,2.8367900149788368e-05,1.0880940848563905,0.5918367346938775,0.08746355685131195,0.25072886297376096,0.06997084548104957
749,-29.0727580747687,165,0.05,2.817269113847954e-05,1.107957184342874,0.012121212121212121,0.23636363636363636,0.4727272727272727,0.2787878787878788
750,237.3112992352798,264,0.05,2.7978825425683996e-05,1.109019568577506,0.5227272727272727,0.09090909090909091,0.2840909090909091,0.10227272727272728
751,129.62429336524218,1000,0.05,2.778629376771527e-05,1.0971070896924118,0.465,0.389,0.104,0.042
752,306.8088770436242,249,0.05,2.7595086984495794e-05,1.082966569718081,0.30522088353413657,0.20080321285140562,0.36947791164658633,0.12449799196787148
753,48.021641624608606,115,0.05,2.740519595911919e-05,1.0828035559372928,0.08695652173913043,0.14782608695652175,0.5652173913043478,0.2
754,-38.87126694886268,155,0.05,2.7216611637415555e-05,1.0812072011409148,0.06451612903225806,0.2129032258064516,0.4129032258064516,0.3096774193548387
755,44.308326430154125,119,0.05,2.7029325027519766e-05,1.0862423981058367,0.15966386554621848,0.15966386554621848,0.5798319327731093,0.10084033613445378
756,268.02881129543573,156,0.05,2.6843327199442725e-05,1.1069331198665184,0.22435897435897437,0.17307692307692307,0.46794871794871795,0.1346153846153846
757,-122.39743505057177,89,0.05,2.6658609284645578e-05,1.1293774372114453,0.0898876404494382,0.24719101123595505,0.47191011235955055,0.19101123595505617
758,30.613431264956603,105,0.05,2.647516247561686e-05,1.1047532451217255,0.01904761904761905,0.20952380952380953,0.45714285714285713,0.3142857142857143
759,-51.44608606001633,149,0.05,2.6292978025452534e-05,1.0677254651427548,0.12080536912751678,0.2080536912751678,0.40939597315436244,0.26174496644295303
760,41.23937133167905,125,0.05,2.6112047247438936e-05,1.0802086874181773,0.112,0.176,0.536,0.176
761,-69.09076035877337,330,0.05,2.5932361514638587e-05,1.0890825383503202,0.06666666666666667,0.20303030303030303,0.49393939393939396,0.23636363636363636
762,-68.86231115675403,90,0.05,2.5753912259478847e-05,1.096552975893629,0.044444444444444446,0.32222222222222224,0.4,0.23333333333333334
763,273.07661157008556,224,0.05,2.557669097334341e-05,1.0990391335725138,0.25892857142857145,0.12946428571428573,0.35267857142857145,0.25892857142857145
764,277.8458644647642,219,0.05,2.5400689206166612e-05,1.0954352045999327,0.1872146118721461,0.1598173515981735,0.4383561643835616,0.2146118721461187
765,12.776955305122343,142,0.05,2.522589856603051e-05,1.0928596492102796,0.056338028169014086,0.2112676056338028,0.5070422535211268,0.22535211267605634
766,259.25517623082953,326,0.05,2.5052310718764757e-05,1.0838193351017713,0.018404907975460124,0.1196319018404908,0.2791411042944785,0.5828220858895705
767,152.17295479758346,1000,0.05,2.4879917387549227e-05,1.1183736639730788,0.641,0.051,0.089,0.219
768,269.0778472098654,543,0.05,2.4708710352519355e-05,1.0875116888337457,0.44014732965009207,0.2578268876611418,0.1712707182320442,0.13075506445672191
769,223.74426497229553,241,0.05,2.4538681450374215e-05,1.0982511417688843,0.14937759336099585,0.11618257261410789,0.34854771784232363,0.38589211618257263
770,-42.14046964500673,114,0.05,2.4369822573987288e-05,1.089312491422488,0.07894736842105263,0.22807017543859648,0.41228070175438597,0.2807017543859649
771,285.09281714238136,308,0.05,2.4202125672019906e-05,1.1254743787460773,0.3538961038961039,0.16233766233766234,0.35714285714285715,0.1266233766233766
772,63.32371698068357,190,0.05,2.4035582748537352e-05,1.1169546429036323,0.1736842105263158,0.12631578947368421,0.5421052631578948,0.15789473684210525
773,269.35444868407933,228,0.05,2.3870185862627613e-05,1.0990727261234083,0.43859649122807015,0.10964912280701754,0.32894736842105265,0.12280701754385964
774,228.80558644102106,358,0.05,2.3705927128022745e-05,1.1047828377366364,0.2988826815642458,0.15921787709497207,0.39385474860335196,0.14804469273743018
775,243.2355755426868,236,0.05,2.354279871272286e-05,1.0868043149013344,0.2288135593220339,0.13983050847457626,0.4830508474576271,0.1483050847457627
776,-216.20566290107772,160,0.05,2.338079283862267e-05,1.106168534530782,0.10625,0.1875,0.34375,0.3625
777,277.0553516687853,401,0.05,2.3219901781140642e-05,1.102812025756739,0.45885286783042395,0.1571072319201995,0.2518703241895262,0.13216957605985039
778,242.24323013243367,253,0.05,2.306011786885067e-05,1.1199700010874214,0.308300395256917,0.15810276679841898,0.4268774703557312,0.1067193675889328
779,-43.656738527891775,95,0.05,2.290143348311629e-05,1.1251710343552734,0.021052631578947368,0.2736842105263158,0.45263157894736844,0.25263157894736843
780,228.6713418959351,210,0.05,2.2743841057727436e-05,1.1376781467100607,0.38095238095238093,0.11904761904761904,0.3761904761904762,0.12380952380952381
781,277.939848011404,239,0.05,2.2587333078539656e-05,1.1080173891469378,0.1589958158995816,0.11715481171548117,0.502092050209205,0.2217573221757322
782,227.42311194064126,238,0.05,2.2431902083115847e-05,1.1059384453989183,0.23529411764705882,0.17647058823529413,0.40756302521008403,0.18067226890756302
783,225.19549623404728,269,0.05,2.2277540660370424e-05,1.1110922658433697,0.34944237918215615,0.12267657992565056,0.3903345724907063,0.137546468401487
784,-33.30004692869757,152,0.05,2.2124241450215965e-05,1.1050171583860118,0.019736842105263157,0.2236842105263158,0.4342105263157895,0.3223684210526316
785,243.89969857135944,195,0.05,2.1971997143212276e-05,1.1136393176723993,0.48205128205128206,0.10256410256410256,0.3384615384615385,0.07692307692307693
786,242.44809101476358,264,0.05,2.1820800480217858e-05,1.1026167703887926,0.22348484848484848,0.20454545454545456,0.44696969696969696,0.125
787,262.7346598880122,461,0.05,2.16706442520438e-05,1.1086718944587237,0.4967462039045553,0.10845986984815618,0.24295010845986983,0.15184381778741865
788,54.223265520876765,119,0.05,2.1521521299110032e-05,1.1232792493867634,0.008403361344537815,0.226890756302521,0.5882352941176471,0.17647058823529413
789,244.32373494324565,271,0.05,2.1373424511103943e-05,1.123123822669823,0.35793357933579334,0.11808118081180811,0.31365313653136534,0.21033210332103322
790,289.8720735188583,182,0.05,2.1226346826641367e-05,1.1062978350947383,0.21978021978021978,0.25274725274725274,0.41208791208791207,0.11538461538461539
791,275.3306776443371,208,0.05,2.1080281232929883e-05,1.120746762311965,0.23076923076923078,0.12980769230769232,0.3894230769230769,0.25
792,261.1269605256349,317,0.05,2.0935220765434445e-05,1.1157632579259484,0.24921135646687698,0.12933753943217666,0.4794952681388013,0.14195583596214512
793,256.0106293827164,146,0.05,2.0791158507545297e-05,1.1111562332955551,0.22602739726027396,0.14383561643835616,0.4794520547945205,0.1506849315068493
794,-22.64734354557605,145,0.05,2.0648087590248188e-05,1.1032138950295212,0.034482758620689655,0.20689655172413793,0.5862068965517241,0.1724137931034483
795,256.70011697568043,228,0.05,2.0506001191796858e-05,1.0975441194901066,0.34649122807017546,0.10087719298245613,0.39473684210526316,0.15789473684210525
796,268.7918497828857,289,0.05,2.036489253738776e-05,1.1058451803769633,0.2975778546712803,0.3217993079584775,0.2629757785467128,0.11764705882352941
797,25.277383009179076,152,0.05,2.0224754898837043e-05,1.1340779201657032,0.19078947368421054,0.125,0.5263157894736842,0.15789473684210525
798,96.5494594109861,1000,0.05,2.008558159425973e-05,1.1095888560159108,0.508,0.039,0.096,0.357
799,272.2281428114403,243,0.05,1.9947365987751136e-05,1.093063765343464,0.2139917695473251,0.15637860082304528,0.37037037037037035,0.25925925925925924
800,11.019678245913326,118,0.05,1.981010148907046e-05,1.0911396295597944,0.09322033898305085,0.23728813559322035,0.4491525423728814,0.22033898305084745
801,298.2400306655778,263,0.05,1.9673781553326545e-05,1.1002423901434768,0.20912547528517111,0.24334600760456274,0.3041825095057034,0.24334600760456274
802,-40.02540064017885,147,0.05,1.9538399680665823e-05,1.0973917359492515,0.02040816326530612,0.24489795918367346,0.42857142857142855,0.30612244897959184
803,249.12856605042188,206,0.05,1.9403949415962396e-05,1.1332392490447456,0.22815533980582525,0.1407766990291262,0.46116504854368934,0.16990291262135923
804,-2.7102866154960736,150,0.05,1.9270424348510242e-05,1.116900144018703,0.006666666666666667,0.20666666666666667,0.5,0.2866666666666667
805,16.811525911082498,140,0.05,1.913781811171755e-05,1.1363235834077692,0.04285714285714286,0.2357142857142857,0.4714285714285714,0.25
806,273.04079423314596,227,0.05,1.9006124382803167e-05,1.1103951768265226,0.2026431718061674,0.14096916299559473,0.3744493392070485,0.28193832599118945
807,-24.52428135808421,97,0.05,1.8875336882495104e-05,1.1039802754309465,0.020618556701030927,0.21649484536082475,0.5360824742268041,0.2268041237113402
808,-9.60424686336519,98,0.05,1.8745449374731143e-05,1.1302583631570402,0.01020408163265306,0.24489795918367346,0.47959183673469385,0.2653061224489796
809,248.72123309701226,293,0.05,1.86164556663615e-05,1.1293810797165942,0.2832764505119454,0.06825938566552901,0.5358361774744027,0.11262798634812286
810,39.69321510315169,129,0.05,1.8488349606853527e-05,1.1192587812916777,0.09302325581395349,0.17829457364341086,0.5891472868217055,0.13953488372093023
811,-24.630106394389756,93,0.05,1.8361125087998447e-05,1.101930214011429,0.03225806451612903,0.24731182795698925,0.4946236559139785,0.22580645161290322
812,13.014678832918605,143,0.05,1.823477604362011e-05,1.1188268153776977,0.027972027972027972,0.2517482517482518,0.5314685314685315,0.1888111888111888
813,231.69168644479728,730,0.05,1.8109296449285756e-05,1.1156174925726792,0.35753424657534244,0.4054794520547945,0.12876712328767123,0.10821917808219178
814,242.6500112561441,222,0.05,1.7984680322018758e-05,1.1363485179172161,0.35585585585585583,0.13063063063063063,0.40540540540540543,0.10810810810810811
815,-35.894921533594115,152,0.05,1.7860921720013358e-05,1.126119577808464,0.019736842105263157,0.2236842105263158,0.4605263157894737,0.29605263157894735
816,291.41827116836794,348,0.05,1.773801474235135e-05,1.1181844549440938,0.3793103448275862,0.22126436781609196,0.27011494252873564,0.12931034482758622
817,191.66761455271495,379,0.05,1.7615953528720717e-05,1.1132602754420573,0.07387862796833773,0.11345646437994723,0.3007915567282322,0.5118733509234829
818,232.50246124962848,273,0.05,1.7494732259136213e-05,1.1132761136595688,0.2454212454212454,0.1978021978021978,0.3882783882783883,0.1684981684981685
819,-163.42766942264024,365,0.05,1.7374345153661857e-05,1.1055444401954166,0.13972602739726028,0.1506849315068493,0.5068493150684932,0.20273972602739726
820,-41.56917256626341,135,0.05,1.725478647213534e-05,1.1504994629953162,0.07407407407407407,0.2518518518518518,0.3925925925925926,0.2814814814814815
821,246.34979139786412,322,0.05,1.7136050513894327e-05,1.1356308498503802,0.41304347826086957,0.12422360248447205,0.3167701863354037,0.14596273291925466
822,285.6498332819087,195,0.05,1.7018131617504658e-05,1.1347887510826715,0.2358974358974359,0.15384615384615385,0.4512820512820513,0.15897435897435896
823,277.1295736382109,171,0.05,1.6901024160490384e-05,1.1335068090987341,0.28654970760233917,0.11695906432748537,0.49122807017543857,0.10526315789473684
824,42.17425807325765,119,0.05,1.67847225590657e-05,1.1016982234043449,0.19327731092436976,0.12605042016806722,0.5798319327731093,0.10084033613445378
825,64.66124508408109,269,0.05,1.66692212678687e-05,1.1287078999564337,0.04460966542750929,0.26022304832713755,0.4200743494423792,0.275092936802974
826,7.198561979131867,174,0.05,1.6554514779696966e-05,1.1142521651553212,0.06321839080459771,0.20114942528735633,0.5919540229885057,0.14367816091954022
827,48.47942775189591,149,0.05,1.6440597625244978e-05,1.115412807371163,0.2684563758389262,0.10067114093959731,0.5167785234899329,0.11409395973154363
828,-29.845209001964733,158,0.05,1.6327464372843345e-05,1.0989055403609773,0.0759493670886076,0.17721518987341772,0.5126582278481012,0.23417721518987342
829,210.49890647473313,351,0.05,1.6215109628199808e-05,1.113211882978134,0.15384615384615385,0.16524216524216523,0.5042735042735043,0.17663817663817663
830,-10.720921005964158,230,0.05,1.6103528034142037e-05,1.1255927615215022,0.034782608695652174,0.1782608695652174,0.5652173913043478,0.2217391304347826
831,8.903859414569354,104,0.05,1.5992714270362195e-05,1.12556066586079,0.019230769230769232,0.19230769230769232,0.5288461538461539,0.25961538461538464
832,217.4701138917503,458,0.05,1.5882663053163262e-05,1.1156706230140085,0.3406113537117904,0.22489082969432314,0.3034934497816594,0.13100436681222707
833,36.35651019309827,106,0.05,1.577336913520711e-05,1.1236724721979376,0.1792452830188679,0.11320754716981132,0.5660377358490566,0.14150943396226415
834,20.716807727072464,185,0.05,1.56648273052643e-05,1.102447893759097,0.043243243243243246,0.2,0.5783783783783784,0.1783783783783784
835,-5.330815696391397,153,0.05,1.5557032387965604e-05,1.097265615264933,0.013071895424836602,0.20261437908496732,0.5228758169934641,0.26143790849673204
836,7.860559920451067,116,0.05,1.544997924355524e-05,1.1172440281848903,0.27586206896551724,0.09482758620689655,0.5086206896551724,0.1206896551724138
837,47.19845652712283,118,0.05,1.53436627676458e-05,1.0985597845020658,0.2627118644067797,0.0847457627118644,0.559322033898305,0.09322033898305085
838,245.13374119418611,246,0.05,1.5238077890974887e-05,1.0913225248463891,0.3130081300813008,0.15447154471544716,0.3943089430894309,0.13821138211382114
839,264.0610355888733,475,0.05,1.5133219579163384e-05,1.1256897119179456,0.40421052631578946,0.17894736842105263,0.23578947368421052,0.18105263157894738
840,260.86115563916906,384,0.05,1.5029082832475423e-05,1.1151798459290985,0.3802083333333333,0.23177083333333334,0.21354166666666666,0.17447916666666666
841,274.0874385578026,217,0.05,1.4925662685579993e-05,1.0980100737708995,0.4009216589861751,0.1336405529953917,0.3548387096774194,0.11059907834101383
842,-51.14695133148466,161,0.05,1.4822954207314186e-05,1.1288992234456954,0.024844720496894408,0.2422360248447205,0.42857142857142855,0.30434782608695654
843,120.8079905443219,1000,0.05,1.4720952500448076e-05,1.0980160214929584,0.346,0.49,0.108,0.056
844,264.0238717140316,223,0.05,1.4619652701451211e-05,1.1232828938171429,0.21076233183856502,0.12556053811659193,0.452914798206278,0.21076233183856502
845,-36.96070184776261,149,0.05,1.4519049980260725e-05,1.1079538075281747,0.026845637583892617,0.18791946308724833,0.5302013422818792,0.2550335570469799
846,259.73700544438066,232,0.05,1.4419139540051027e-05,1.1063370292595713,0.1853448275862069,0.16810344827586207,0.4396551724137931,0.20689655172413793
847,267.1991580677076,265,0.05,1.4319916617005086e-05,1.0985205272506897,0.19622641509433963,0.18867924528301888,0.41132075471698115,0.2037735849056604
848,34.756541268078365,138,0.05,1.4221376480087294e-05,1.0856912398545933,0.12318840579710146,0.16666666666666666,0.5434782608695652,0.16666666666666666
849,258.0007279160311,187,0.05,1.4123514430817878e-05,1.07126867815469,0.3315508021390374,0.13368983957219252,0.3689839572192513,0.1657754010695187
850,30.971810691371587,168,0.05,1.4026325803048881e-05,1.0702108643825847,0.08333333333333333,0.19047619047619047,0.5714285714285714,0.15476190476190477
851,-58.80365281334974,154,0.05,1.3929805962741665e-05,1.0871260454827114,0.012987012987012988,0.24025974025974026,0.45454545454545453,0.2922077922077922
852,212.16468115376995,302,0.05,1.3833950307745965e-05,1.0631086091691542,0.023178807947019868,0.40066225165562913,0.40397350993377484,0.17218543046357615
853,61.222791168652606,106,0.05,1.3738754267580453e-05,1.0462567476469176,0.18867924528301888,0.09433962264150944,0.5754716981132075,0.14150943396226415
854,264.5567278146591,353,0.05,1.364421330321481e-05,1.0939829946851172,0.2719546742209632,0.18413597733711048,0.3909348441926346,0.1529745042492918
855,-95.29612148160541,429,0.05,1.3550322906853302e-05,1.0846370708631918,0.22843822843822845,0.28438228438228436,0.2517482517482518,0.23543123543123542
856,229.5137489193965,333,0.05,1.345707860171985e-05,1.082452716547381,0.057057057057057055,0.3933933933933934,0.3993993993993994,0.15015015015015015
857,230.37894597482807,550,0.05,1.3364475941844564e-05,1.0760843430717362,0.5236363636363637,0.13090909090909092,0.2290909090909091,0.11636363636363636
858,130.01977791546938,1000,0.05,1.3272510511851765e-05,1.0828644487139072,0.436,0.402,0.118,0.044
859,267.47146149094476,207,0.05,1.3181177926749448e-05,1.0843936590784493,0.3285024154589372,0.16908212560386474,0.3864734299516908,0.11594202898550725
860,215.8865300847786,648,0.05,1.3090473831720205e-05,1.069073312435718,0.3287037037037037,0.30401234567901236,0.19444444444444445,0.1728395061728395
861,270.8708064533301,607,0.05,1.3000393901913585e-05,1.0681601314319997,0.30642504118616143,0.214168039538715,0.2026359143327842,0.27677100494233936
862,77.28348630892677,158,0.05,1.2910933842239878e-05,1.0841934578731818,0.0949367088607595,0.20253164556962025,0.4936708860759494,0.2088607594936709
863,248.64182808516063,633,0.05,1.2822089387165325e-05,1.0637493273522018,0.44549763033175355,0.23064770932069512,0.1848341232227488,0.13902053712480253
864,288.889304394192,195,0.05,1.273385630050873e-05,1.0615510211155414,0.19487179487179487,0.14358974358974358,0.49230769230769234,0.16923076923076924
865,99.09624783704027,1000,0.05,1.2646230375239476e-05,1.0512381932601111,0.477,0.374,0.119,0.03
866,108.3939850403223,1000,0.05,1.2559207433276937e-05,1.057790528632178,0.418,0.353,0.165,0.064
867,11.48416667433176,188,0.05,1.2472783325291252e-05,1.0454003681312531,0.14893617021276595,0.15425531914893617,0.5159574468085106,0.18085106382978725
868,-12.858391739388011,224,0.05,1.2386953930505488e-05,1.0413517555399732,0.22767857142857142,0.12053571428571429,0.5446428571428571,0.10714285714285714
869,-61.53087827527321,143,0.05,1.2301715156499158e-05,1.057724444751321,0.04895104895104895,0.22377622377622378,0.44755244755244755,0.27972027972027974
870,235.75540648055576,643,0.05,1.2217062939013088e-05,1.0450532058655335,0.43390357698289267,0.3514774494556765,0.17573872472783825,0.038880248833592534
871,279.2434143274618,214,0.05,1.2132993241755632e-05,1.0543390095736016,0.19626168224299065,0.1542056074766355,0.4766355140186916,0.17289719626168223
872,-12.87624394280283,166,0.05,1.2049502056210217e-05,1.0537363905774746,0.04216867469879518,0.21084337349397592,0.46987951807228917,0.27710843373493976
873,248.82043323441573,343,0.05,1.1966585401444214e-05,1.0455332718892527,0.2944606413994169,0.11661807580174927,0.39941690962099125,0.18950437317784258
874,121.27228263022829,1000,0.05,1.1884239323919121e-05,1.041987834167117,0.509,0.332,0.112,0.047
875,83.97772373273887,227,0.05,1.1802459897302061e-05,1.0361009472819303,0.11894273127753303,0.19383259911894274,0.4581497797356828,0.2290748898678414
876,219.77428068091064,356,0.05,1.1721243222278564e-05,1.0451725343379676,0.1797752808988764,0.27247191011235955,0.4410112359550562,0.10674157303370786
877,232.6745046450553,278,0.05,1.1640585426366647e-05,1.04832401691359,0.21942446043165467,0.17266187050359713,0.4028776978417266,0.20503597122302158
878,13.765860114800006,168,0.05,1.1560482663732173e-05,1.0305241413672366,0.047619047619047616,0.18452380952380953,0.5297619047619048,0.23809523809523808
879,7.009836447188505,215,0.05,1.1480931115005475e-05,1.0401814892650567,0.08372093023255814,0.2372093023255814,0.48372093023255813,0.19534883720930232
880,280.37224489048344,177,0.05,1.1401926987099248e-05,1.0254213666695244,0.2598870056497175,0.1694915254237288,0.4858757062146893,0.0847457627118644
881,301.4819381253129,270,0.05,1.1323466513027688e-05,1.0321202408302115,0.22592592592592592,0.17407407407407408,0.4222222222222222,0.17777777777777778
882,115.23811756197469,1000,0.05,1.1245545951726881e-05,1.0334557185281656,0.604,0.195,0.137,0.064
883,267.68028812958175,260,0.05,1.1168161587876426e-05,1.032109648182872,0.15384615384615385,0.12692307692307692,0.48846153846153845,0.23076923076923078
884,253.63937971402154,308,0.05,1.1091309731722286e-05,1.0268466348237426,0.36038961038961037,0.1396103896103896,0.34415584415584416,0.15584415584415584
885,282.1065457826569,236,0.05,1.1014986718900852e-05,1.013307086045519,0.3177966101694915,0.13135593220338984,0.3686440677966102,0.18220338983050846
886,35.69285296126466,151,0.05,1.093918891026423e-05,1.040276099272632,0.11920529801324503,0.1986754966887417,0.5629139072847682,0.11920529801324503
887,249.52919524929152,246,0.05,1.0863912691706718e-05,1.011589424220422,0.4105691056910569,0.07723577235772358,0.4065040650406504,0.10569105691056911
888,125.51124331834245,1000,0.05,1.0789154473992486e-05,1.031861430209346,0.754,0.085,0.123,0.038
889,245.65791370325823,384,0.05,1.0714910692584437e-05,1.0174280095158392,0.3984375,0.140625,0.2630208333333333,0.19791666666666666
890,234.29660451866536,852,0.05,1.0641177807474243e-05,1.0146611200996385,0.3427230046948357,0.39436619718309857,0.18309859154929578,0.07981220657276995
891,190.4068777653278,714,0.05,1.0567952303013563e-05,1.0200742536665004,0.33613445378151263,0.3333333333333333,0.27450980392156865,0.056022408963585436
892,25.81605457564207,194,0.05,1.0495230687746404e-05,1.0064664982125662,0.14432989690721648,0.16494845360824742,0.4896907216494845,0.20103092783505155
893,175.6978109481547,823,0.05,1.042300949424265e-05,1.0134240548893538,0.1336573511543135,0.22600243013365734,0.4106925880923451,0.22964763061968407
894,187.58068460597048,830,0.05,1.0351285278932735e-05,1.02096956290241,0.5289156626506024,0.22771084337349398,0.1578313253012048,0.0855421686746988
895,265.67598803954627,394,0.05,1.0280054621943443e-05,1.0182707680104455,0.35786802030456855,0.15228426395939088,0.26903553299492383,0.22081218274111675
896,-31.675119548551976,438,0.05,1.0209314126934852e-05,1.001621410602377,0.06164383561643835,0.1872146118721461,0.5502283105022832,0.2009132420091324
897,-7.371670924124743,254,0.05,1.0139060420938391e-05,0.983166249600651,0.051181102362204724,0.15748031496062992,0.562992125984252,0.2283464566929134
898,212.26900305933782,498,0.05,1.0069290154196015e-05,1.0138173617061208,0.21084337349397592,0.15261044176706828,0.46586345381526106,0.1706827309236948
899,-105.86257098255122,222,0.05,1.0000000000000484e-05,1.001359408628748,0.21621621621621623,0.13513513513513514,0.5135135135135135,0.13513513513513514
900,-106.21992235280123,150,0.05,1e-05,1.0097494616745326,0.05333333333333334,0.18,0.6,0.16666666666666666
901,218.5619337951552,940,0.05,1e-05,0.9923842315295875,0.7148936170212766,0.1074468085106383,0.12978723404255318,0.047872340425531915
902,-31.095999860969727,387,0.05,1e-05,0.9847791517271871,0.1421188630490956,0.1524547803617571,0.5452196382428941,0.16020671834625322
903,-36.279911187073964,259,0.05,1e-05,1.0138156170827046,0.18532818532818532,0.14285714285714285,0.5444015444015444,0.1274131274131274
904,-128.15673063715911,323,0.05,1e-05,1.0218451304351561,0.11764705882352941,0.1609907120743034,0.5325077399380805,0.18885448916408668
905,-416.6626256439935,171,0.05,1e-05,1.0204815751324725,0.08187134502923976,0.12280701754385964,0.7076023391812866,0.08771929824561403
906,-382.20343484316254,154,0.05,1e-05,0.9766657297044348,0.07142857142857142,0.24675324675324675,0.4675324675324675,0.21428571428571427
907,12.559160937720435,196,0.05,1e-05,1.0236030057767713,0.08163265306122448,0.15816326530612246,0.5510204081632653,0.20918367346938777
908,111.85250556609972,737,0.05,1e-05,0.9982378178561682,0.09362279511533243,0.3487109905020353,0.4206241519674355,0.13704206241519673
909,54.39903147386792,108,0.05,1e-05,1.0055391262052917,0.027777777777777776,0.17592592592592593,0.6018518518518519,0.19444444444444445
910,240.59231920494238,229,0.05,1e-05,1.0111986836466784,0.33624454148471616,0.19213973799126638,0.3624454148471616,0.1091703056768559
911,233.54730784585723,404,0.05,1e-05,1.0191152872928932,0.42574257425742573,0.13613861386138615,0.35148514851485146,0.08663366336633663
912,18.55698502091012,162,0.05,1e-05,1.0002647209759556,0.10493827160493827,0.19753086419753085,0.5555555555555556,0.1419753086419753
913,233.56863748663207,240,0.05,1e-05,0.9936115238200471,0.3958333333333333,0.1625,0.3416666666666667,0.1
914,264.5704777114782,260,0.05,1e-05,1.0023019833069926,0.40384615384615385,0.17692307692307693,0.3192307692307692,0.1
915,221.8093134382699,619,0.05,1e-05,0.9976869970039498,0.3166397415185784,0.47495961227786754,0.17609046849757673,0.03231017770597738
916,-257.47220139659635,143,0.05,1e-05,0.9906716046179586,0.21678321678321677,0.1888111888111888,0.44755244755244755,0.14685314685314685
917,252.58058630631868,204,0.05,1e-05,1.0163282197049484,0.27941176470588236,0.1323529411764706,0.46078431372549017,0.12745098039215685
918,23.222105133466883,142,0.05,1e-05,1.0140749775881102,0.14084507042253522,0.19718309859154928,0.5492957746478874,0.11267605633802817
919,254.91028069481334,256,0.05,1e-05,1.0057009446418226,0.41796875,0.11328125,0.3828125,0.0859375
920,267.4582295459767,172,0.05,1e-05,1.0162043205303104,0.36627906976744184,0.05232558139534884,0.47674418604651164,0.10465116279069768
921,-121.34395777747068,242,0.05,1e-05,0.9959827339538063,0.28512396694214875,0.09917355371900827,0.4793388429752066,0.13636363636363635
922,260.8827276732318,182,0.05,1e-05,0.993440915377173,0.25824175824175827,0.1978021978021978,0.42857142857142855,0.11538461538461539
923,216.74264150859221,341,0.05,1e-05,0.9973352612629073,0.36363636363636365,0.08211143695014662,0.4281524926686217,0.12609970674486803
924,253.4489004756302,272,0.05,1e-05,0.9870750967643924,0.5147058823529411,0.13602941176470587,0.2867647058823529,0.0625
925,26.123892434699002,108,0.05,1e-05,1.0006775803830121,0.06481481481481481,0.21296296296296297,0.5185185185185185,0.2037037037037037
926,-347.9154489780843,111,0.05,1e-05,1.0024104713172566,0.12612612612612611,0.2072072072072072,0.5405405405405406,0.12612612612612611
927,-196.96790317558987,147,0.05,1e-05,1.010704154635745,0.4013605442176871,0.08163265306122448,0.46258503401360546,0.05442176870748299
928,-105.84443708197735,110,0.05,1e-05,1.0305338107554611,0.09090909090909091,0.20909090909090908,0.5272727272727272,0.17272727272727273
929,-123.46847824023433,164,0.05,1e-05,1.0014440012770887,0.39634146341463417,0.06097560975609756,0.524390243902439,0.018292682926829267
930,108.42677003648473,1000,0.05,1e-05,0.9943119377403516,0.626,0.142,0.174,0.058
931,227.92451784391562,271,0.05,1e-05,0.9877318612292312,0.22878228782287824,0.14391143911439114,0.47232472324723246,0.15498154981549817
932,229.58960431156436,282,0.05,1e-05,0.9871775290347223,0.31560283687943264,0.12056737588652482,0.4148936170212766,0.14893617021276595
933,266.972162374296,220,0.05,1e-05,1.0035304129780986,0.32272727272727275,0.07727272727272727,0.4681818181818182,0.1318181818181818
934,216.11656652129847,440,0.05,1e-05,0.9952728001571813,0.2636363636363636,0.35,0.26590909090909093,0.12045454545454545
935,233.7305143061984,423,0.05,1e-05,1.0005775475851748,0.4657210401891253,0.1111111111111111,0.3309692671394799,0.09219858156028368
936,245.00305967322603,195,0.05,1e-05,0.9920195301777001,0.28205128205128205,0.18461538461538463,0.39487179487179486,0.13846153846153847
937,-27.06358227299313,394,0.05,1e-05,0.9782012985202394,0.08375634517766498,0.21573604060913706,0.5431472081218274,0.15736040609137056
938,54.6786454291028,108,0.05,1e-05,0.98265734127944,0.18518518518518517,0.09259259259259259,0.5648148148148148,0.1574074074074074
939,242.95806967694702,230,0.05,1e-05,0.9849109858005186,0.36086956521739133,0.20434782608695654,0.3347826086956522,0.1
940,-347.62185964404705,163,0.05,1e-05,0.9887983365755549,0.10429447852760736,0.20245398773006135,0.4601226993865031,0.2331288343558282
941,252.62797943729316,161,0.05,1e-05,0.9940462753374684,0.32298136645962733,0.16149068322981366,0.391304347826087,0.12422360248447205
942,261.0676692257468,244,0.05,1e-05,0.9972629727407448,0.26639344262295084,0.11065573770491803,0.4918032786885246,0.13114754098360656
943,268.9705116489489,242,0.05,1e-05,0.9880500390410766,0.4793388429752066,0.11570247933884298,0.32231404958677684,0.08264462809917356
944,200.98529597299176,880,0.05,1e-05,0.9806075076353378,0.44886363636363635,0.40795454545454546,0.10909090909090909,0.03409090909090909
945,10.976204050696978,103,0.05,1e-05,0.978850086404338,0.11650485436893204,0.1553398058252427,0.5436893203883495,0.18446601941747573
946,248.45372220849316,348,0.05,1e-05,0.984764237590032,0.39655172413793105,0.15229885057471265,0.3132183908045977,0.13793103448275862
947,211.8442129507522,302,0.05,1e-05,1.0057998275769917,0.039735099337748346,0.1291390728476821,0.41721854304635764,0.4139072847682119
948,-102.76987278206873,177,0.05,1e-05,0.972547314896329,0.3615819209039548,0.05084745762711865,0.5706214689265536,0.01694915254237288
949,243.36726324124334,610,0.05,1e-05,0.9746828828560945,0.27049180327868855,0.1885245901639344,0.3950819672131147,0.14590163934426228
950,278.82341183268306,134,0.05,1e-05,0.9470554695165838,0.34328358208955223,0.04477611940298507,0.5298507462686567,0.08208955223880597
951,259.4420524855087,181,0.05,1e-05,0.9701964967475851,0.3314917127071823,0.1270718232044199,0.4530386740331492,0.08839779005524862
952,261.87050830364086,364,0.05,1e-05,0.966429598715581,0.12362637362637363,0.21978021978021978,0.5247252747252747,0.13186813186813187
953,255.89121740193056,289,0.05,1e-05,0.979610887416941,0.35294117647058826,0.11072664359861592,0.43944636678200694,0.09688581314878893
954,217.52983124035183,472,0.05,1e-05,0.9897457736999377,0.2796610169491525,0.375,0.2605932203389831,0.0847457627118644
955,237.2171548142239,280,0.05,1e-05,0.9770394196030565,0.40714285714285714,0.08928571428571429,0.425,0.07857142857142857
956,-38.719278983504154,255,0.05,1e-05,0.9861846282700593,0.2823529411764706,0.10196078431372549,0.5098039215686274,0.10588235294117647
957,-120.24332211045048,156,0.05,1e-05,0.9490746192933255,0.3717948717948718,0.09615384615384616,0.5,0.03205128205128205
958,275.27557848242924,326,0.05,1e-05,0.9577396620763682,0.18098159509202455,0.19631901840490798,0.450920245398773,0.17177914110429449
959,195.0059513717161,374,0.05,1e-05,0.959243313565015,0.20320855614973263,0.28342245989304815,0.3716577540106952,0.14171122994652408
960,271.2119032477159,258,0.05,1e-05,0.9993730051036802,0.3643410852713178,0.11627906976744186,0.38372093023255816,0.13565891472868216
961,3.2604623119842415,103,0.05,1e-05,0.9864217064352017,0.04854368932038835,0.20388349514563106,0.5339805825242718,0.21359223300970873
962,284.27357106429315,217,0.05,1e-05,0.9858142447189647,0.3686635944700461,0.14285714285714285,0.3686635944700461,0.11981566820276497
963,244.9029810791904,331,0.05,1e-05,0.9783901775373867,0.3293051359516616,0.14803625377643503,0.4108761329305136,0.11178247734138973
964,264.5682103449362,172,0.05,1e-05,0.9772860561311922,0.27906976744186046,0.18604651162790697,0.4186046511627907,0.11627906976744186
965,240.0690929640007,346,0.05,1e-05,0.9685765861140715,0.47398843930635837,0.20809248554913296,0.24566473988439305,0.07225433526011561
966,255.87082498937275,287,0.05,1e-05,0.9534737626510883,0.4425087108013937,0.10452961672473868,0.3310104529616725,0.12195121951219512
967,270.1620129559389,211,0.05,1e-05,0.9694535398056948,0.3127962085308057,0.1990521327014218,0.3981042654028436,0.09004739336492891
968,247.72051551428314,239,0.05,1e-05,0.9999853499489982,0.49372384937238495,0.12133891213389121,0.28451882845188287,0.100418410041841
969,-8.72754710489697,169,0.05,1e-05,0.967699144673441,0.13609467455621302,0.21893491124260356,0.48520710059171596,0.15976331360946747
970,25.177039503719968,207,0.05,1e-05,0.9920050257942503,0.07729468599033816,0.178743961352657,0.5845410628019324,0.15942028985507245
971,286.6457272389165,190,0.05,1e-05,0.9654569865562488,0.37894736842105264,0.12631578947368421,0.3894736842105263,0.10526315789473684
972,278.82511196616383,199,0.05,1e-05,0.9576687446350424,0.3869346733668342,0.1658291457286432,0.33668341708542715,0.11055276381909548
973,312.1363921029932,224,0.05,1e-05,0.9709110874472461,0.34375,0.20535714285714285,0.34375,0.10714285714285714
974,243.84896290852276,221,0.05,1e-05,0.9648302897479042,0.3891402714932127,0.15384615384615385,0.35294117647058826,0.10407239819004525
975,258.4070524643723,241,0.05,1e-05,0.9681444080012358,0.4066390041493776,0.0995850622406639,0.4107883817427386,0.08298755186721991
976,-21.660880582451682,331,0.05,1e-05,0.9707828356129886,0.10876132930513595,0.19939577039274925,0.5438066465256798,0.14803625377643503
977,127.37556045765166,1000,0.05,1e-05,0.9761727153141826,0.469,0.35,0.129,0.052
978,265.35240168035796,258,0.05,1e-05,0.9622253267790415,0.5038759689922481,0.12015503875968993,0.31007751937984496,0.06589147286821706
979,323.28906268690594,187,0.05,1e-05,0.9598911715249514,0.2192513368983957,0.25133689839572193,0.42245989304812837,0.10695187165775401
980,243.11306748587117,276,0.05,1e-05,0.9559565572564687,0.35507246376811596,0.2246376811594203,0.31521739130434784,0.10507246376811594
981,242.4589621830159,391,0.05,1e-05,0.965713937579993,0.34782608695652173,0.16879795396419436,0.3657289002557545,0.11764705882352941
982,325.2155429047234,209,0.05,1e-05,0.9763150063301753,0.3014354066985646,0.22009569377990432,0.3684210526315789,0.11004784688995216
983,-126.42532097029898,156,0.05,1e-05,0.9732116657593841,0.15384615384615385,0.20512820512820512,0.42948717948717946,0.21153846153846154
984,236.34590182141284,221,0.05,1e-05,0.9821984016763652,0.45701357466063347,0.09954751131221719,0.3755656108597285,0.06787330316742081
985,230.84063330059476,296,0.05,1e-05,0.9769297375285904,0.033783783783783786,0.4560810810810811,0.3716216216216216,0.13851351351351351
986,313.5159085832506,259,0.05,1e-05,0.9626650658733772,0.4942084942084942,0.11583011583011583,0.305019305019305,0.08494208494208494
987,275.6837580948146,238,0.05,1e-05,0.9697223204427213,0.21008403361344538,0.23109243697478993,0.3319327731092437,0.226890756302521
988,251.6634029272319,233,0.05,1e-05,0.9464652829146821,0.351931330472103,0.15450643776824036,0.37339055793991416,0.12017167381974249
989,224.12514124676824,337,0.05,1e-05,0.9614105514980094,0.13649851632047477,0.3115727002967359,0.4332344213649852,0.11869436201780416
990,66.73303580469843,231,0.05,1e-05,0.9948470237348872,0.08225108225108226,0.16883116883116883,0.5714285714285714,0.1774891774891775
991,273.57361861367673,272,0.05,1e-05,0.9787499529491711,0.2757352941176471,0.14338235294117646,0.40808823529411764,0.17279411764705882
992,273.64157660231484,378,0.05,1e-05,0.9645406289250962,0.43915343915343913,0.10052910052910052,0.24338624338624337,0.21693121693121692
993,246.82360185137927,353,0.05,1e-05,0.9645198450895995,0.13031161473087818,0.17847025495750707,0.5155807365439093,0.17563739376770537
994,143.82425693354958,1000,0.05,1e-05,0.9630809058552168,0.655,0.192,0.12,0.033
995,265.49254704681005,306,0.05,1e-05,0.9652749334919508,0.3006535947712418,0.1503267973856209,0.43137254901960786,0.11764705882352941
996,265.69218335004155,311,0.05,1e-05,0.9696934909134161,0.41479099678456594,0.1414790996784566,0.3311897106109325,0.11254019292604502
997,267.55994867291605,307,0.05,1e-05,0.9681108800594854,0.28013029315960913,0.1237785016286645,0.42996742671009774,0.16612377850162866
998,312.1875818690394,183,0.05,1e-05,0.9529836505747677,0.17486338797814208,0.3005464480874317,0.4426229508196721,0.08196721311475409
999,46.05687848902633,123,0.05,1e-05,0.9696029829332368,0.024390243902439025,0.21951219512195122,0.5121951219512195,0.24390243902439024
