Episode,Total_Reward,Steps,Epsilon,Learning_Rate,Average_Loss,Action_0_Percentage,Action_1_Percentage,Action_2_Percentage,Action_3_Percentage
0,-287.5806957931277,86,0.9950195566196387,0.00496559332726813,0.0,0.29069767441860467,0.20930232558139536,0.23255813953488372,0.26744186046511625
1,-84.14939856975819,61,0.9900639180555424,0.004931423418361956,0.0,0.3114754098360656,0.22950819672131148,0.18032786885245902,0.2786885245901639
2,-211.26151482403148,116,0.9851329607687281,0.004897488644030385,0.0,0.25862068965517243,0.27586206896551724,0.2413793103448276,0.22413793103448276
3,-314.2650328963915,87,0.9802265618354918,0.004863787386233744,0.0,0.1839080459770115,0.22988505747126436,0.22988505747126436,0.3563218390804598
4,-507.8246890660596,126,0.975344598944344,0.004830318038066636,0.0,0.2698412698412698,0.15873015873015872,0.2698412698412698,0.30158730158730157
5,-131.64618810248913,121,0.9704869503929605,0.004797079003681315,0.0,0.2066115702479339,0.24793388429752067,0.2644628099173554,0.2809917355371901
6,-174.05477563935742,103,0.9656534950851489,0.004764068698211598,0.0,0.24271844660194175,0.23300970873786409,0.2912621359223301,0.23300970873786409
7,-104.89859182349878,59,0.9608441125278293,0.0047312855476972955,0.0,0.2711864406779661,0.2711864406779661,0.11864406779661017,0.3389830508474576
8,-326.90049812282814,100,0.956058682828031,0.004698727989009166,0.0,0.16,0.25,0.33,0.26
9,-338.3961458785443,94,0.9512970866899032,0.004666394469774383,0.0,0.2127659574468085,0.30851063829787234,0.2872340425531915,0.19148936170212766
10,-50.07296812955509,59,0.9465592054117414,0.004634283448302516,0.0,0.288135593220339,0.2542372881355932,0.22033898305084745,0.23728813559322035
11,-179.87788061155462,73,0.9418449208830285,0.004602393393512023,0.0,0.2876712328767123,0.2465753424657534,0.2328767123287671,0.2328767123287671
12,-98.9193794114423,85,0.9371541155814898,0.004570722784857245,0.0,0.23529411764705882,0.25882352941176473,0.2823529411764706,0.2235294117647059
13,-140.42347142856175,102,0.9324866725701636,0.004539270112255908,0.0,0.23529411764705882,0.2647058823529412,0.21568627450980393,0.28431372549019607
14,-177.09623593996986,87,0.9278424754944864,0.004508033876017119,0.0,0.3448275862068966,0.21839080459770116,0.19540229885057472,0.2413793103448276
15,-139.22306562293875,99,0.9232214085793918,0.004477012586769858,0.0,0.23232323232323232,0.2727272727272727,0.25252525252525254,0.24242424242424243
16,-93.7372878978606,77,0.9186233566264248,0.004446204765391968,0.0,0.3116883116883117,0.2727272727272727,0.24675324675324675,0.16883116883116883
17,-471.7958614225915,92,0.9140482050108695,0.004415608942939624,0.0,0.21739130434782608,0.21739130434782608,0.2391304347826087,0.32608695652173914
18,-117.93504036426127,93,0.9094958396788919,0.004385223660577296,0.0,0.27956989247311825,0.24731182795698925,0.23655913978494625,0.23655913978494625
19,-115.13667879756015,78,0.904966147144697,0.004355047469508188,0.0,0.28205128205128205,0.2692307692307692,0.15384615384615385,0.2948717948717949
20,-90.6454658719674,68,0.9004590144876992,0.004325078930905163,0.0,0.27941176470588236,0.19117647058823528,0.23529411764705882,0.29411764705882354
21,-416.70050732301235,90,0.8959743293497072,0.004295316615842131,0.0,0.2,0.2222222222222222,0.26666666666666666,0.3111111111111111
22,-202.61362860131032,80,0.8915119799321238,0.004265759105225923,0.0,0.1875,0.3375,0.2625,0.2125
23,-123.39220091972543,82,0.8870718549931581,0.004236404989728622,0.0,0.18292682926829268,0.3048780487804878,0.21951219512195122,0.2926829268292683
24,-130.60522573119835,90,0.8826538438450526,0.004207252869720371,0.0,0.32222222222222224,0.15555555555555556,0.2,0.32222222222222224
25,-159.39794918202745,166,0.878257836351324,0.0041783013552026335,0.0,0.18674698795180722,0.22289156626506024,0.37349397590361444,0.21686746987951808
26,-135.84907308467376,98,0.8738837229240176,0.004149549065741917,0.0,0.30612244897959184,0.17346938775510204,0.24489795918367346,0.2755102040816326
27,-410.7653520298464,101,0.8695313945209752,0.004120994630403953,0.0,0.27722772277227725,0.33663366336633666,0.13861386138613863,0.24752475247524752
28,-187.08963002699215,103,0.8652007426431169,0.004092636687688333,0.0,0.3883495145631068,0.1941747572815534,0.24271844660194175,0.17475728155339806
29,-131.73021987389188,73,0.8608916593317363,0.004064473885463585,0.0,0.2602739726027397,0.2876712328767123,0.2328767123287671,0.2191780821917808
30,-156.31481957712307,108,0.8566040371658092,0.00403650488090271,0.0,0.28703703703703703,0.26851851851851855,0.2037037037037037,0.24074074074074073
31,-162.12442711555116,65,0.852337769259316,0.004008728340419147,0.0,0.4153846153846154,0.18461538461538463,0.2,0.2
32,-152.41804532040862,60,0.8480927492585766,0.003981142939603193,0.0,0.31666666666666665,0.25,0.21666666666666667,0.21666666666666667
33,-95.39675599839121,82,0.8438688713395993,0.003953747363158849,0.0,0.32926829268292684,0.2073170731707317,0.21951219512195122,0.24390243902439024
34,-114.88074816998461,87,0.8396660302054431,0.003926540304841109,0.0,0.3103448275862069,0.1839080459770115,0.20689655172413793,0.2988505747126437
35,-277.19265964762735,76,0.8354841210835922,0.0038995204673936763,0.0,0.25,0.23684210526315788,0.21052631578947367,0.3026315789473684
36,-198.62045865908982,69,0.8313230397233444,0.003872686562487108,0.0,0.2898550724637681,0.30434782608695654,0.2463768115942029,0.15942028985507245
37,-172.49842639403965,79,0.8271826823932125,0.003846037310657387,0.0,0.31645569620253167,0.25316455696202533,0.31645569620253167,0.11392405063291139
38,-103.41824360722786,81,0.8230629458783377,0.0038195714412449172,0.0,0.30864197530864196,0.25925925925925924,0.16049382716049382,0.2716049382716049
39,-271.8307428011609,87,0.8189637274779172,0.003793287692333935,0.0,0.2413793103448276,0.28735632183908044,0.3218390804597701,0.14942528735632185
40,-160.17206309490078,82,0.8148849250026439,0.0037671848106923425,0.0,0.4268292682926829,0.17073170731707318,0.15853658536585366,0.24390243902439024
41,-145.09322052106518,161,0.8108264367721583,0.00374126155171195,0.0,0.2360248447204969,0.2360248447204969,0.2857142857142857,0.2422360248447205
42,-363.5104334793342,138,0.8067881616125144,0.003715516679349134,0.0,0.1956521739130435,0.30434782608695654,0.3333333333333333,0.16666666666666666
43,-130.6577160808408,100,0.8027699988536575,0.0036899489660659,0.0,0.37,0.18,0.22,0.23
44,-106.75349225497693,82,0.7987718483269142,0.003664557192771354,0.0,0.47560975609756095,0.12195121951219512,0.24390243902439024,0.15853658536585366
45,-297.99992239820256,125,0.7947936103624954,0.0036393401487635735,0.0,0.304,0.28,0.216,0.2
46,-191.94555671832512,74,0.7908351857870121,0.003614296631671881,0.0,0.40540540540540543,0.20270270270270271,0.14864864864864866,0.24324324324324326
47,-267.3782139806668,97,0.7868964759210023,0.0035894254473995144,0.0,0.26804123711340205,0.18556701030927836,0.35051546391752575,0.1958762886597938
48,-110.91442630520413,98,0.7829773825764719,0.00356472541006669,0.0,0.29591836734693877,0.22448979591836735,0.23469387755102042,0.24489795918367346
49,-143.77191244696976,82,0.7790778080544463,0.0035401953419540613,0.0,0.3902439024390244,0.2682926829268293,0.14634146341463414,0.1951219512195122
50,-41.70179606707676,65,0.7751976551425351,0.0035158340734465607,0.0,0.35384615384615387,0.23076923076923078,0.24615384615384617,0.16923076923076924
51,-223.50771694390613,73,0.771336827112509,0.003491640442977634,0.0,0.2876712328767123,0.3424657534246575,0.1643835616438356,0.2054794520547945
52,-85.36476329625049,68,0.7674952277178876,0.0034676132969738557,0.0,0.35294117647058826,0.20588235294117646,0.22058823529411764,0.22058823529411764
53,-97.98778168595804,74,0.7636727611915411,0.003443751489799924,0.0,0.4864864864864865,0.21621621621621623,0.14864864864864866,0.14864864864864866
54,-89.11041503993954,58,0.7598693322433026,0.0034200538837040368,0.0,0.39655172413793105,0.1896551724137931,0.20689655172413793,0.20689655172413793
55,-84.27680198823103,65,0.7560848460575919,0.0033965193487636436,0.0,0.36923076923076925,0.24615384615384617,0.13846153846153847,0.24615384615384617
56,-60.922550612589816,161,0.7523192082910528,0.003373146762831569,1.1279855790869808,0.2111801242236025,0.19254658385093168,0.40993788819875776,0.18633540372670807
57,-70.55618220742639,137,0.748572325070201,0.0033499350114825064,0.8075488714389601,0.18248175182481752,0.15328467153284672,0.4306569343065693,0.23357664233576642
58,-10.259088603605733,160,0.7448441029890834,0.0033268829879598842,0.7394577876511689,0.18125,0.23125,0.375,0.2125
59,-244.18328659236082,144,0.7411344491069503,0.003303989593123092,0.6869700718745718,0.25,0.19444444444444445,0.3125,0.24305555555555555
60,-216.1452354309056,120,0.7374432709459379,0.0032812537353950743,0.6829642846872436,0.16666666666666666,0.225,0.30833333333333335,0.3
61,-154.0530808706382,76,0.7337704764887631,0.0032586743307102817,0.670254549155171,0.3157894736842105,0.17105263157894737,0.34210526315789475,0.17105263157894737
62,-116.61146234220669,140,0.7301159741764301,0.003236250302462983,0.680299105903274,0.2571428571428571,0.21428571428571427,0.32142857142857145,0.20714285714285716
63,-118.32231297927036,130,0.7264796729059471,0.003213980581455931,1.069946271262772,0.2153846153846154,0.18461538461538463,0.38461538461538464,0.2153846153846154
64,-184.06230458889866,125,0.7228614820280556,0.0031918641058493835,1.2130519058780194,0.192,0.32,0.32,0.168
65,-200.0709409725117,71,0.7192613113449707,0.003169899821110471,1.0286269397064836,0.22535211267605634,0.2535211267605634,0.28169014084507044,0.23943661971830985
66,-104.42551869489627,140,0.7156790711081327,0.003148086679962919,1.02623450854989,0.18571428571428572,0.21428571428571427,0.40714285714285714,0.19285714285714287
67,-98.15809561428347,106,0.712114672015969,0.0031264236423371103,0.9182323104595073,0.1320754716981132,0.22641509433962265,0.42452830188679247,0.2169811320754717
68,-100.78406647615223,117,0.708568025211669,0.0031049096753204956,0.8632042213977502,0.11965811965811966,0.28205128205128205,0.38461538461538464,0.21367521367521367
69,-22.261891760420127,83,0.7050390422809678,0.003083543753108342,0.8299374415061765,0.18072289156626506,0.1927710843373494,0.4578313253012048,0.1686746987951807
70,-68.81756489597498,160,0.7015276352499433,0.0030623248569548217,0.8510671349005235,0.2,0.21875,0.3875,0.19375
71,-190.99184627572615,162,0.6980337165828222,0.0030412519751244387,0.8243314081822898,0.20987654320987653,0.16049382716049382,0.43209876543209874,0.19753086419753085
72,-86.34774688875365,134,0.6945571991797983,0.003020324102843787,0.8183254609049964,0.21641791044776118,0.26119402985074625,0.2835820895522388,0.23880597014925373
73,-47.20412477504745,156,0.691097996374861,0.002999540242253642,0.7976933701452272,0.12179487179487179,0.2564102564102564,0.3782051282051282,0.24358974358974358
74,-83.35402946547575,133,0.6876560219336348,0.002978899402361383,0.7717266704163553,0.17293233082706766,0.21052631578947367,0.42105263157894735,0.19548872180451127
75,-90.45973267643679,120,0.6842311900512299,0.002958400598993741,0.7457860684417381,0.16666666666666666,0.18333333333333332,0.425,0.225
76,-183.0723848990452,118,0.6808234153501025,0.0029380428547498717,0.7392380460176664,0.2033898305084746,0.23728813559322035,0.2711864406779661,0.288135593220339
77,-122.50055918496082,160,0.6774326128779271,0.0029178251989547543,0.7454751550008807,0.1375,0.2625,0.375,0.225
78,-68.21204345898727,168,0.6740586981054784,0.0028977466676129065,0.7871433641037158,0.16071428571428573,0.17857142857142858,0.47023809523809523,0.19047619047619047
79,-48.684937941940845,101,0.670701586924524,0.0028778063033624217,1.8033254971745978,0.1188118811881188,0.297029702970297,0.3564356435643564,0.22772277227722773
80,-105.26684569833135,188,0.6673611956457279,0.002858003155429321,1.3911414690712307,0.1276595744680851,0.23404255319148937,0.4521276595744681,0.18617021276595744
81,-50.015265940312545,161,0.6640374409965641,0.0028383362795822193,1.199062327638867,0.13043478260869565,0.21739130434782608,0.4409937888198758,0.2111801242236025
82,-196.37228575560485,107,0.6607302401192408,0.002818804738087304,1.1167464608256907,0.18691588785046728,0.2616822429906542,0.3644859813084112,0.18691588785046728
83,-139.43297359060375,72,0.6574395105686344,0.002799407599663621,1.1883804326500873,0.16666666666666666,0.2361111111111111,0.3194444444444444,0.2777777777777778
84,-53.586318359968345,124,0.6541651703102348,0.002780143939438674,1.0843739034404674,0.1774193548387097,0.14516129032258066,0.4596774193548387,0.21774193548387097
85,-70.69457347049618,217,0.6509071377181003,0.0027610128389043225,1.0646397645400667,0.15207373271889402,0.17511520737327188,0.5299539170506913,0.14285714285714285
86,-83.79012475959411,112,0.6476653315728222,0.0027420133858729883,1.0044776255198111,0.10714285714285714,0.16964285714285715,0.4642857142857143,0.25892857142857145
87,-18.725523176322554,170,0.6444396710595008,0.0027231446744341607,1.052492805878683,0.15294117647058825,0.17647058823529413,0.5117647058823529,0.1588235294117647
88,-77.64921004402358,152,0.6412300757657303,0.002704405804911203,0.9111628327619082,0.19736842105263158,0.20394736842105263,0.4473684210526316,0.1513157894736842
89,-88.53237384843075,114,0.6380364656795943,0.0026857958838184533,0.9846057771824883,0.13157894736842105,0.24561403508771928,0.4649122807017544,0.15789473684210525
90,-299.2443867878066,125,0.6348587611876713,0.002667314023818624,0.925358916091082,0.176,0.24,0.312,0.272
91,-69.31115593232464,149,0.6316968830730497,0.0026489593436804936,0.9583632589405705,0.14093959731543623,0.18120805369127516,0.5167785234899329,0.1610738255033557
92,-63.96817867100857,171,0.6285507525133537,0.0026307309682368847,0.9333532762073417,0.13450292397660818,0.19298245614035087,0.4502923976608187,0.2222222222222222
93,-105.75775408521612,120,0.6254202910787774,0.0026126280283429405,1.6491377577348139,0.1,0.21666666666666667,0.525,0.15833333333333333
94,-131.22311659781911,127,0.6223054207301305,0.002594649660834679,1.6724019641191636,0.1889763779527559,0.2677165354330709,0.2992125984251969,0.2440944881889764
95,-124.89366950592697,216,0.6192060638168921,0.00257679500848784,1.4293395120402883,0.1527777777777778,0.19444444444444445,0.44907407407407407,0.2037037037037037
96,-98.87983191397784,237,0.6161221430752757,0.0025590632199770087,1.3510467466740632,0.1518987341772152,0.16455696202531644,0.5274261603375527,0.15611814345991562
97,-88.52522648966735,127,0.6130535816263024,0.002541453449835026,1.2124753968816997,0.11811023622047244,0.28346456692913385,0.33070866141732286,0.2677165354330709
98,-49.4407804443365,177,0.6100003029738849,0.0025239648584126748,1.2065873285187405,0.15254237288135594,0.192090395480226,0.4463276836158192,0.20903954802259886
99,-40.25003016567037,252,0.6069622310029202,0.002506596611838646,1.2342825977410137,0.1349206349206349,0.17857142857142858,0.5158730158730159,0.17063492063492064
100,-98.6460211701013,126,0.6039392899773924,0.002489347881979777,1.1471256142246373,0.1984126984126984,0.21428571428571427,0.3968253968253968,0.19047619047619047
101,-50.57454582786535,113,0.6009314045384845,0.0024722178464015665,1.1235996260198398,0.09734513274336283,0.18584070796460178,0.49557522123893805,0.22123893805309736
102,-55.534389549424375,164,0.5979384997026995,0.0024552056883289613,1.1121214432814164,0.14634146341463414,0.23170731707317074,0.39634146341463417,0.22560975609756098
103,-52.56575692975163,103,0.5949605008599921,0.0024383105966074093,1.0992350286403065,0.17475728155339806,0.17475728155339806,0.5145631067961165,0.13592233009708737
104,-60.59192237889677,154,0.5919973337719074,0.002421531765664185,1.07375797639468,0.16233766233766234,0.2012987012987013,0.461038961038961,0.17532467532467533
105,-35.82829008032516,165,0.5890489245697316,0.002404868395469978,1.289644156757723,0.13333333333333333,0.22424242424242424,0.42424242424242425,0.21818181818181817
106,-107.9537951298849,87,0.5861151997526493,0.0023883196915007476,1.7011856405862147,0.1724137931034483,0.19540229885057472,0.42528735632183906,0.20689655172413793
107,-225.48352595901662,124,0.583196086185912,0.002371884864699838,1.5704207636008634,0.13709677419354838,0.28225806451612906,0.3064516129032258,0.27419354838709675
108,-94.70682611810612,129,0.5802915110990148,0.0023555631314403575,1.4870608717296125,0.13178294573643412,0.26356589147286824,0.3488372093023256,0.2558139534883721
109,-82.28468942919228,123,0.5774014020838818,0.002339353713487812,1.4710436697203728,0.2032520325203252,0.23577235772357724,0.3008130081300813,0.2601626016260163
110,-64.01813087242611,136,0.5745256870930618,0.002323255837963,1.4623290106990634,0.10294117647058823,0.20588235294117646,0.49264705882352944,0.19852941176470587
111,-136.4603146815494,124,0.5716642944379317,0.00230726873730516,1.351596348526036,0.1774193548387097,0.21774193548387097,0.3629032258064516,0.24193548387096775
112,-17.407733652313112,133,0.5688171527869094,0.002291391649235373,1.3785393756307354,0.13533834586466165,0.2706766917293233,0.3609022556390977,0.23308270676691728
113,-75.55269286330365,231,0.5659841911636758,0.002275623816720217,1.2861482815376968,0.15584415584415584,0.16017316017316016,0.5411255411255411,0.14285714285714285
114,-59.16504663520127,148,0.5631653389454055,0.002259964487935669,1.2562354017498816,0.20270270270270271,0.1891891891891892,0.38513513513513514,0.22297297297297297
115,-69.07102415841263,103,0.5603605258610059,0.002244412916231259,1.2726230476422464,0.11650485436893204,0.22330097087378642,0.4174757281553398,0.24271844660194175
116,-67.50820888710683,209,0.5575696819893657,0.002228968360094469,1.1907563812756148,0.1339712918660287,0.19138755980861244,0.44976076555023925,0.22488038277511962
117,-57.71499358344356,89,0.5547927377576116,0.0022136300831153764,1.1683007020627993,0.19101123595505617,0.14606741573033707,0.449438202247191,0.21348314606741572
118,9.432186837948166,102,0.5520296239393742,0.002198397353951542,1.1638530839500378,0.16666666666666666,0.13725490196078433,0.5196078431372549,0.17647058823529413
119,14.148215836429813,206,0.5492802716530619,0.002183269446293138,1.2299596253327558,0.16019417475728157,0.2669902912621359,0.38349514563106796,0.18932038834951456
120,-66.90931317349983,67,0.5465446123601444,0.0021682456388283184,1.6787483496202869,0.11940298507462686,0.208955223880597,0.34328358208955223,0.3283582089552239
121,-55.71956669732073,150,0.5438225778634432,0.0021533252152088245,1.6251700144923673,0.21333333333333335,0.23333333333333334,0.3933333333333333,0.16
122,2.16995394852556,135,0.5411141003054323,0.0021385074640158297,1.5585683472068115,0.14814814814814814,0.17037037037037037,0.4962962962962963,0.18518518518518517
123,-26.91339656413676,207,0.5384191121665459,0.002123791678726019,1.4668820285781894,0.16908212560386474,0.178743961352657,0.4444444444444444,0.20772946859903382
124,-24.0441908448241,142,0.535737546263496,0.0021091771576779,1.4555260047006662,0.14084507042253522,0.19014084507042253,0.4507042253521127,0.21830985915492956
125,-66.11855951449489,157,0.533069335747597,0.0020946632040383484,1.3556278286908567,0.11464968152866242,0.22929936305732485,0.4713375796178344,0.18471337579617833
126,-86.97066153780402,166,0.5304144141030992,0.0020802491257693807,1.3485954165295455,0.1566265060240964,0.22289156626506024,0.4397590361445783,0.18072289156626506
127,-34.46770111041195,142,0.5277727151455311,0.00206593423559516,1.2826911857014656,0.176056338028169,0.21830985915492956,0.3873239436619718,0.21830985915492956
128,0.8915705317424454,156,0.5251441730200492,0.0020517178509692224,1.3211571748884596,0.1346153846153846,0.1794871794871795,0.47435897435897434,0.21153846153846154
129,-42.390647624365535,104,0.5225287221997962,0.0020375992940419355,1.2000551003420268,0.17307692307692307,0.15384615384615385,0.5288461538461539,0.14423076923076922
130,-78.62109310056404,128,0.5199262974842676,0.0020235778916281775,1.3339115197867792,0.203125,0.296875,0.28125,0.21875
131,-193.00106736190943,199,0.5173368339976863,0.002009652975175238,1.2245999558397274,0.1708542713567839,0.23115577889447236,0.44221105527638194,0.15577889447236182
132,-98.14694645435658,78,0.5147602671873854,0.0019958238807309416,1.2540787575250696,0.16666666666666666,0.2564102564102564,0.41025641025641024,0.16666666666666666
133,-243.38350059965524,114,0.512196532822199,0.0019820899489119896,1.2837040167036415,0.12280701754385964,0.2631578947368421,0.3508771929824561,0.2631578947368421
134,-56.56962082562673,190,0.5096455669908607,0.001968450524872521,1.573868456511151,0.06842105263157895,0.19473684210526315,0.49473684210526314,0.24210526315789474
135,-84.29440506035615,146,0.5071073061004107,0.0019549049582728876,1.615712128055824,0.136986301369863,0.1917808219178082,0.3972602739726027,0.273972602739726
136,-63.32701506422383,226,0.50458168687461,0.0019414526032486465,1.5560361205082331,0.17256637168141592,0.19911504424778761,0.4424778761061947,0.18584070796460178
137,-12.048371128568647,134,0.5020686463523638,0.0019280928183797639,1.5050316745410797,0.11940298507462686,0.1865671641791045,0.5223880597014925,0.17164179104477612
138,-83.19713554136274,141,0.49956812188615124,0.0019148249666600316,1.535199393657836,0.14184397163120568,0.23404255319148937,0.425531914893617,0.19858156028368795
139,33.47588122180075,1000,0.49708005114046383,0.0019016484154666946,1.425044630877078,0.203,0.162,0.398,0.237
140,-53.90310501156489,114,0.49460437209025165,0.0018885625365302864,1.37897423699741,0.12280701754385964,0.20175438596491227,0.5350877192982456,0.14035087719298245
141,-178.62193276017945,217,0.492141023019377,0.001875566705904673,1.638823314710725,0.12442396313364056,0.22580645161290322,0.45161290322580644,0.19815668202764977
142,60.5126327905848,1000,0.48968994251907594,0.0018626603039373023,1.6915339807201708,0.215,0.296,0.269,0.22
143,-55.108709821864295,112,0.4872510694864273,0.0018498427152396591,1.4882153283692545,0.15178571428571427,0.14285714285714285,0.5178571428571429,0.1875
144,-25.053047858243332,179,0.4848243431228297,0.0018371133286579223,1.5169008661175223,0.11173184357541899,0.18994413407821228,0.5139664804469274,0.18435754189944134
145,-38.64316447528677,124,0.4824097029324856,0.0018244715372438245,1.5857199773896824,0.12903225806451613,0.20161290322580644,0.5403225806451613,0.12903225806451613
146,-167.63584131940087,121,0.4800070887208934,0.0018119167382257126,1.5217970116477448,0.14049586776859505,0.2066115702479339,0.3305785123966942,0.32231404958677684
147,113.2654821297268,1000,0.47761644059334696,0.0017994483329798066,1.5708423175070743,0.243,0.203,0.229,0.325
148,-43.46178400993583,113,0.4752376989534421,0.0017870657270016577,1.600378976611975,0.1504424778761062,0.2831858407079646,0.36283185840707965,0.20353982300884957
149,-68.27509450845929,241,0.4728708045015913,0.0017747683298778003,1.517462909830995,0.15352697095435686,0.2157676348547718,0.4979253112033195,0.13278008298755187
150,-65.23089722361993,317,0.4705156982335452,0.001762555555257602,1.4762861506771203,0.11987381703470032,0.15457413249211358,0.5394321766561514,0.1861198738170347
151,-112.94480685697827,192,0.4681723214389219,0.0017504268208253044,1.4430318390163996,0.19791666666666666,0.14583333333333334,0.515625,0.140625
152,-31.369952592374105,101,0.46584061569974305,0.0017383815482722598,1.4019455744165672,0.1485148514851485,0.19801980198019803,0.5346534653465347,0.1188118811881188
153,-21.341269171848822,148,0.4635205228889778,0.001726419163269355,1.430267159849736,0.14189189189189189,0.27702702702702703,0.3716216216216216,0.20945945945945946
154,-20.324792312437523,139,0.4612119851690938,0.0017145390954396275,1.3474451851617961,0.14388489208633093,0.15827338129496402,0.5323741007194245,0.16546762589928057
155,-182.7357600197506,121,0.4589149449906151,0.00170274077833107,1.4678394810342712,0.12396694214876033,0.23140495867768596,0.4214876033057851,0.2231404958677686
156,-63.156558515518235,219,0.4566293450906877,0.0016910236493896207,1.6823321686172774,0.1232876712328767,0.1461187214611872,0.5525114155251142,0.1780821917808219
157,-71.9517955751566,168,0.45435512849165205,0.0016793871499323405,1.5732649764216216,0.125,0.22023809523809523,0.4583333333333333,0.19642857142857142
158,-44.791287217418756,214,0.4520922384996226,0.0016678307251207745,1.6104065982893616,0.16822429906542055,0.16822429906542055,0.4532710280373832,0.2102803738317757
159,-78.76034770646476,202,0.44984061870307446,0.001656353823934497,1.566391471076191,0.13366336633663367,0.13366336633663367,0.5693069306930693,0.16336633663366337
160,-47.48920689985656,176,0.4476002129714371,0.0016449558991448378,1.56780994334747,0.08522727272727272,0.21022727272727273,0.5227272727272727,0.18181818181818182
161,-22.399666159282006,264,0.4453709654536952,0.0016336364072887907,1.5324866531300365,0.12121212121212122,0.17045454545454544,0.5265151515151515,0.18181818181818182
162,86.08685570957918,1000,0.44315282057699623,0.0016223948086431,1.5082990534571918,0.224,0.166,0.315,0.295
163,-31.56603120893483,87,0.4409457230452651,0.0016112305671985266,1.77416369289239,0.11494252873563218,0.1724137931034483,0.4942528735632184,0.21839080459770116
164,-15.727861905044733,139,0.4387496178378257,0.0016001431506342896,1.6102314939299256,0.1366906474820144,0.2158273381294964,0.4892086330935252,0.15827338129496402
165,89.69682442523701,1000,0.43656445020802925,0.0015891320302926862,1.613658092331701,0.25,0.157,0.236,0.357
166,6.27719909512615,140,0.4343901656818896,0.0015781966811538838,1.5339229656018114,0.07142857142857142,0.16428571428571428,0.5857142857142857,0.17857142857142858
167,-30.962359463779833,177,0.4322267100567252,0.0015673365818108867,1.5659611174620856,0.1638418079096045,0.1807909604519774,0.4632768361581921,0.192090395480226
168,-221.91982021988633,182,0.4300740293998078,0.0015565512144446758,1.50428025253357,0.0989010989010989,0.26373626373626374,0.38461538461538464,0.25274725274725274
169,-64.97448670696124,156,0.4279320700470182,0.0015458400647995172,1.6504050868571631,0.1987179487179487,0.23076923076923078,0.36538461538461536,0.20512820512820512
170,59.1711420640502,155,0.4258007786015082,0.0015352026221584433,1.6245370798821808,0.09032258064516129,0.2,0.5548387096774193,0.15483870967741936
171,63.06067609876698,1000,0.42368010193236966,0.0015246383793189005,1.5683080077183902,0.269,0.222,0.275,0.234
172,-24.363892710454124,142,0.4215699871733098,0.0015141468325685658,1.5450851741873177,0.11267605633802817,0.19718309859154928,0.5070422535211268,0.18309859154929578
173,-11.432416440323507,104,0.4194703817213335,0.001503727481661329,1.4843759562822783,0.125,0.19230769230769232,0.5288461538461539,0.15384615384615385
174,-55.492771011677206,308,0.41738123323543186,0.001493379829793441,1.4995023359974389,0.09415584415584416,0.237012987012987,0.474025974025974,0.19480519480519481
175,-61.155966277883195,465,0.41530248963527744,0.0014831033835798254,1.6005081429055599,0.1032258064516129,0.1870967741935484,0.5376344086021505,0.17204301075268819
176,-48.19953932028598,109,0.41323409909992587,0.0014728976530305534,1.6155648500914366,0.1651376146788991,0.22018348623853212,0.43119266055045874,0.1834862385321101
177,-28.580985701973304,154,0.4111760100665241,0.0014627621515274811,1.5749369534709454,0.11688311688311688,0.16883116883116883,0.487012987012987,0.22727272727272727
178,48.91807204484649,1000,0.4091281712290249,0.0014526963958010467,1.5308926036248263,0.232,0.174,0.384,0.21
179,-271.62824201815954,278,0.407090531536908,0.0014426999059072281,1.5126503302801282,0.1510791366906475,0.17985611510791366,0.4460431654676259,0.22302158273381295
180,-67.41595251858737,156,0.40506304019390726,0.0014327722052046583,1.4649231745897384,0.14743589743589744,0.20512820512820512,0.4166666666666667,0.23076923076923078
181,114.99448385949906,1000,0.40304564665674447,0.0014229128203318991,1.649649055250448,0.29,0.184,0.325,0.201
182,-5.864050022713471,132,0.40103830063386947,0.0014131212811848708,1.5741265743965274,0.11363636363636363,0.2196969696969697,0.4696969696969697,0.19696969696969696
183,116.4709631585623,1000,0.39904095208420615,0.001403397120894437,1.5664961106756257,0.382,0.221,0.18,0.217
184,-174.24289676575074,202,0.3970535512159053,0.0013937398758041444,1.7117579643960623,0.12871287128712872,0.1782178217821782,0.44554455445544555,0.24752475247524752
185,37.06252804169557,178,0.3950760484851031,0.0013841490854481144,1.6246900787707566,0.20224719101123595,0.14606741573033707,0.5224719101123596,0.12921348314606743
186,-169.5686092838542,357,0.39310839459468616,0.0013746242925290883,1.6146644575179305,0.3025210084033613,0.20168067226890757,0.3557422969187675,0.1400560224089636
187,101.21548906959471,1000,0.3911505404930626,0.0013651650428966229,1.5888661923657825,0.313,0.243,0.269,0.175
188,-40.386196303883736,207,0.38920243737293914,0.0013557708855254362,1.6311178569901728,0.18840579710144928,0.12560386473429952,0.5314009661835749,0.15458937198067632
189,-80.7164191997537,458,0.3872640366701046,0.0013464413724939021,1.6276099340044041,0.13537117903930132,0.1703056768558952,0.517467248908297,0.17685589519650655
190,-279.43737617583895,487,0.385335290062219,0.0013371760589626926,1.6066165624380353,0.09240246406570841,0.19917864476386038,0.5441478439425051,0.16427104722792607
191,75.13776260580111,1000,0.38341614946760905,0.0013279745031535685,1.6084456585845879,0.243,0.268,0.249,0.24
192,47.421793088497864,1000,0.3815065670440695,0.001318836266328314,1.7551071156382019,0.265,0.274,0.262,0.199
193,136.07067568374092,1000,0.3796064951876705,0.0013097609127678182,1.6949553769735903,0.38,0.269,0.168,0.183
194,15.021582314987029,253,0.3777158865315709,0.0013007480097512987,1.7218387033152243,0.11462450592885376,0.18972332015810275,0.525691699604743,0.16996047430830039
195,115.31498019601152,1000,0.37583469394483743,0.0012917971275356699,1.632495868938368,0.474,0.131,0.16,0.235
196,4.97929974685367,186,0.37396287053126975,0.001282907839335052,1.594120986142939,0.08064516129032258,0.17204301075268819,0.5806451612903226,0.16666666666666666
197,-68.5175137910773,177,0.3721003696282314,0.0012740797213004217,1.6146992514723641,0.13559322033898305,0.2033898305084746,0.4576271186440678,0.2033898305084746
198,74.70361616362419,1000,0.3702471448054865,0.0012653123524994027,1.6867807059658706,0.388,0.137,0.214,0.261
199,94.23271635322409,1000,0.3684031498640423,0.0012566053148961949,1.6398294389785306,0.331,0.164,0.206,0.299
200,-13.173556497638216,132,0.3665683388349977,0.0012479581933316425,1.6213448078759471,0.15151515151515152,0.20454545454545456,0.44696969696969696,0.19696969696969696
201,67.92132416106018,1000,0.3647426659783969,0.001239370575503439,1.6331180271994696,0.159,0.17,0.345,0.326
202,-55.69717579567803,250,0.36292608578208946,0.0012308420519464677,1.6396824958846228,0.128,0.18,0.46,0.232
203,-62.505234327086356,287,0.36111855296059564,0.0012223722160132787,1.5873034678941902,0.11846689895470383,0.21254355400696864,0.4634146341463415,0.20557491289198607
204,-14.808139793781285,1000,0.3593200224539774,0.0012139606638546987,1.624170183492064,0.184,0.217,0.379,0.22
205,-20.194280582905364,221,0.3575304494267152,0.0012056069944005763,1.704663858948928,0.049773755656108594,0.19457013574660634,0.5565610859728507,0.19909502262443438
206,-5.521086240881871,329,0.3557497892665903,0.0011973108093406575,1.7067481199483399,0.11854103343465046,0.14893617021276595,0.5501519756838906,0.182370820668693
207,4.0652076594250275,235,0.35397799758357257,0.0011890717131055946,1.6209625890737,0.12340425531914893,0.17872340425531916,0.5276595744680851,0.1702127659574468
208,-28.878029792702478,422,0.3522150302087139,0.001180889312848085,1.6194810166618188,0.08767772511848342,0.17061611374407584,0.5734597156398105,0.16824644549763032
209,11.607788453589066,178,0.35046084319304716,0.0011727632184241397,1.6603310419568247,0.16292134831460675,0.15168539325842698,0.5280898876404494,0.15730337078651685
210,-47.522124395727786,95,0.3487153928064905,0.001164693042374481,1.6106847733547658,0.08421052631578947,0.21052631578947367,0.45263157894736844,0.25263157894736843
211,-69.70713346518751,729,0.34697863553675734,0.001156678399906068,1.694004847468286,0.1111111111111111,0.16872427983539096,0.551440329218107,0.16872427983539096
212,-6.668506026306133,242,0.3452505280882715,0.0011487189088737499,1.68907039060165,0.13636363636363635,0.1652892561983471,0.5082644628099173,0.19008264462809918
213,-66.86800502486892,235,0.34353102738108804,0.001140814189762044,1.7375859684149209,0.06808510638297872,0.16595744680851063,0.5659574468085107,0.2
214,-22.43732919268585,184,0.34182009054981916,0.0011329638656670407,1.7041798212539832,0.10326086956521739,0.1956521739130435,0.5108695652173914,0.19021739130434784
215,17.858896027366242,93,0.3401176749425658,0.0011251675622784326,1.6293879029891838,0.17204301075268819,0.10752688172043011,0.5053763440860215,0.21505376344086022
216,-12.147699335809321,152,0.3384237381198542,0.0011174249078616666,1.6285555036424155,0.1513157894736842,0.2236842105263158,0.4407894736842105,0.18421052631578946
217,103.92412282559597,1000,0.33673823785357804,0.0011097355332402193,1.6496356196135589,0.375,0.163,0.212,0.25
218,-71.2012643276143,127,0.3350611321259457,0.0011020990717779946,1.62601456793091,0.13385826771653545,0.14173228346456693,0.4881889763779528,0.23622047244094488
219,-24.34595998496728,133,0.33339237912843267,0.001094515159361842,1.6295026126978616,0.12030075187969924,0.17293233082706766,0.5413533834586466,0.16541353383458646
220,-152.66654311906984,419,0.3317319372607396,0.0010869834343841954,1.623907713971388,0.11217183770883055,0.18138424821002386,0.5369928400954654,0.16945107398568018
221,9.370079931978196,149,0.3300797651297549,0.0010795035377258312,1.5798690090936047,0.11409395973154363,0.18120805369127516,0.4966442953020134,0.2080536912751678
222,-2.273162362662532,145,0.3284358215485232,0.0010720751127387454,1.593355384492308,0.11724137931034483,0.2,0.4827586206896552,0.2
223,-172.5704286611496,881,0.32680006553521834,0.0010646978052291486,1.6654005348073997,0.20885357548240635,0.13847900113507378,0.2792281498297389,0.37343927355278095
224,-34.40276686741417,162,0.3251724563121218,0.0010573712634405767,1.7514563185313987,0.15432098765432098,0.2037037037037037,0.43209876543209874,0.20987654320987653
225,-84.27002034357898,482,0.3235529533046063,0.00105009513803712,1.7266386524784594,0.12863070539419086,0.16182572614107885,0.5560165975103735,0.15352697095435686
226,-127.9091946275426,217,0.32194151614012406,0.0010428690820867659,1.700241616605004,0.15668202764976957,0.34101382488479265,0.4009216589861751,0.10138248847926268
227,51.47122265871941,1000,0.32033810464720053,0.001035692751044857,1.6852160722369431,0.242,0.155,0.271,0.332
228,102.05668788435865,1000,0.3187426788544329,0.0010285658027376627,1.6882202237741573,0.409,0.132,0.22,0.239
229,-63.462182433661816,90,0.31715519898949374,0.0010214878973460653,1.6891032888908326,0.17777777777777778,0.17777777777777778,0.43333333333333335,0.2111111111111111
230,-173.8536801705942,159,0.31557562547813933,0.0010144586973893548,1.6067813050803086,0.15723270440251572,0.20125786163522014,0.4339622641509434,0.20754716981132076
231,-172.24086663676079,530,0.3140039189432234,0.00100747786770914,1.621280705661078,0.12264150943396226,0.38301886792452833,0.35660377358490564,0.13773584905660377
232,-40.874085897853774,224,0.3124400402037151,0.0010005450754533658,1.7860709792480416,0.05803571428571429,0.22767857142857142,0.5401785714285714,0.17410714285714285
233,34.69901171913736,1000,0.3108839502737227,0.0009936599900604443,1.7928541794589337,0.175,0.151,0.412,0.262
234,-131.68667265578352,864,0.30933561036152135,0.0009868222832434916,1.7423229104561158,0.09606481481481481,0.17939814814814814,0.5590277777777778,0.16550925925925927
235,-30.52450111284479,409,0.3077949818685863,0.0009800316289746765,1.8587286422699498,0.16381418092909536,0.2273838630806846,0.43031784841075793,0.1784841075794621
236,-52.90944387693125,602,0.3062620263886305,0.0009732877034696739,1.7877006118598504,0.1461794019933555,0.1378737541528239,0.5514950166112956,0.1644518272425249
237,48.11039646714918,1000,0.3047367057066472,0.0009665901851722271,1.753696989303509,0.316,0.184,0.284,0.216
238,0.3282754624868147,238,0.3032189817979574,0.0009599387547388154,1.870568668182776,0.14285714285714285,0.13865546218487396,0.5756302521008403,0.14285714285714285
239,-24.546042324236808,106,0.3017088168272619,0.000953333095023428,1.8832758164094894,0.11320754716981132,0.2169811320754717,0.46226415094339623,0.20754716981132076
240,-37.771969632897374,373,0.30020617314769793,0.0009467728910624417,1.8225018622133018,0.16085790884718498,0.15013404825737264,0.5495978552278821,0.13941018766756033
241,-13.062624972921569,97,0.2987110132999009,0.0009402578300596034,1.7698346195540156,0.12371134020618557,0.17525773195876287,0.5773195876288659,0.12371134020618557
242,-53.39884195101847,244,0.2972233000110704,0.0009337876013711156,1.7405611295215069,0.12295081967213115,0.1557377049180328,0.5655737704918032,0.1557377049180328
243,60.48089044621104,1000,0.2957429961940411,0.0009273618964908249,1.7665559016841497,0.213,0.177,0.38,0.23
244,14.124150956548815,1000,0.29427006494635827,0.0009209804090355117,1.7878949429532718,0.296,0.142,0.312,0.25
245,-57.54622182256833,63,0.2928044695493577,0.000914642834730282,1.685294963455467,0.047619047619047616,0.1746031746031746,0.3968253968253968,0.38095238095238093
246,-29.040792619934777,188,0.2913461734672504,0.0009083488713940591,1.719530331953238,0.1276595744680851,0.14893617021276595,0.5,0.22340425531914893
247,46.66613186492306,1000,0.28989514034621183,0.0009020982189251753,1.7261861088773993,0.329,0.177,0.277,0.217
248,-67.18553414143784,226,0.2884513340134756,0.0008958905792870631,1.754791011497743,0.1415929203539823,0.14601769911504425,0.5530973451327433,0.1592920353982301
249,27.598331460846627,1000,0.2870147184764318,0.000889725656494044,1.7045977034633446,0.248,0.215,0.369,0.168
250,42.67622778367597,1000,0.28558525792172956,0.0008836031565972163,1.7646083877348029,0.182,0.184,0.226,0.408
251,-211.92830812217014,95,0.2841629167143845,0.0008775227876704388,1.7418653705291807,0.2736842105263158,0.12631578947368421,0.3684210526315789,0.23157894736842105
252,67.62794905120823,1000,0.28274765939689017,0.0008714842597964118,1.793309312041033,0.346,0.294,0.131,0.229
253,-14.666809987634835,104,0.28133945068833427,0.0008654872850528536,1.742506361714096,0.2403846153846154,0.15384615384615385,0.5288461538461539,0.07692307692307693
254,-172.1394653873162,188,0.2799382554835191,0.000859531577498772,1.7925813959255457,0.14893617021276595,0.22872340425531915,0.4946808510638298,0.1276595744680851
255,-240.0030452076474,914,0.2785440388520863,0.0008536168531608304,1.7186732849303148,0.07986870897155361,0.16192560175054704,0.5612691466083151,0.19693654266958424
256,2.640920269305667,228,0.27715676603764633,0.0008477428300198077,1.7060071262134893,0.14473684210526316,0.19736842105263158,0.47368421052631576,0.18421052631578946
257,-118.00415140607237,199,0.27577640245691176,0.0008419092279971516,1.7277387935304935,0.18592964824120603,0.16080402010050251,0.4824120603015075,0.1708542713567839
258,8.734651695379881,182,0.2744029136988354,0.0008361157689416238,1.6750382657354734,0.13186813186813187,0.13736263736263737,0.5714285714285714,0.15934065934065933
259,-6.570886736551927,185,0.2730362655237522,0.0008303621766160378,1.652120707718933,0.13513513513513514,0.14594594594594595,0.5351351351351351,0.1837837837837838
260,-106.32313822245892,454,0.2716764238625259,0.0008246481766840876,1.6889792116392588,0.1013215859030837,0.15638766519823788,0.5837004405286343,0.15859030837004406
261,-19.709466528966832,1000,0.2703233548156995,0.000818973496697267,1.7351907408931895,0.19,0.205,0.346,0.259
262,-189.71716931014726,899,0.2689770246526506,0.0008133378660818794,1.7168179701285091,0.12458286985539488,0.15239154616240266,0.5583982202447163,0.1646273637374861
263,-65.68817432421136,115,0.26763739981075,0.0008077410161261361,1.7617000730252204,0.2,0.1565217391304348,0.48695652173913045,0.1565217391304348
264,-24.94602479048649,91,0.2663044468945255,0.0008021826799673441,1.822698977093548,0.10989010989010989,0.17582417582417584,0.6153846153846154,0.0989010989010989
265,-70.48128968678994,100,0.2649781326748289,0.000796662592579182,1.7580832584278274,0.17,0.24,0.46,0.13
266,-2.2217147503608032,179,0.26365842408800805,0.000791180490759063,1.7563999817486498,0.24022346368715083,0.13966480446927373,0.49162011173184356,0.12849162011173185
267,23.013032994324675,168,0.26234528823508246,0.0007857361131155856,1.7412189652914798,0.17261904761904762,0.125,0.5535714285714286,0.1488095238095238
268,-247.31962065824717,202,0.2610386923809231,0.0007803292000560697,1.731617549271039,0.11386138613861387,0.19801980198019803,0.5643564356435643,0.12376237623762376
269,-4.614836329375748,134,0.25973860395343634,0.0007749594937741795,1.6833929228621909,0.17164179104477612,0.11940298507462686,0.5746268656716418,0.13432835820895522
270,2.0630053981584524,204,0.25844499054275216,0.0007696267382376308,1.7331338369622138,0.09803921568627451,0.19607843137254902,0.5196078431372549,0.18627450980392157
271,-122.24729021130346,179,0.257157819900416,0.0007643306791759831,1.7473048840340564,0.0670391061452514,0.18435754189944134,0.5921787709497207,0.1564245810055866
272,-246.97786890751775,685,0.2558770599385848,0.0007590710640685158,1.7041000235625714,0.16204379562043797,0.145985401459854,0.5416058394160584,0.15036496350364964
273,218.9923219744799,634,0.25460267872922737,0.0007538476421321883,1.7086121030573318,0.35646687697160884,0.11514195583596215,0.22397476340694006,0.30441640378548895
274,17.27570039847275,197,0.25333464450332815,0.0007486601643096816,1.6732218388089795,0.19289340101522842,0.13705583756345177,0.49238578680203043,0.17766497461928935
275,64.35363297642411,1000,0.25207292565009537,0.0007435083832575234,1.6843516934352363,0.179,0.096,0.213,0.512
276,-27.161195482422457,159,0.25081749071617304,0.0007383920533342948,1.67389640732053,0.13836477987421383,0.1320754716981132,0.559748427672956,0.16981132075471697
277,-2.177973735576572,207,0.24956830840485686,0.0007333109305889175,1.679322720316604,0.14009661835748793,0.14492753623188406,0.5314009661835749,0.18357487922705315
278,-8.556661138756184,176,0.2483253475753139,0.0007282647727490224,1.6784020429690576,0.14204545454545456,0.1590909090909091,0.5340909090909091,0.16477272727272727
279,11.880895514792229,361,0.24708857724180652,0.0007232533392093973,1.6194005696231535,0.1772853185595568,0.18005540166204986,0.47368421052631576,0.16897506925207756
280,-98.8074866170524,371,0.24585796657291967,0.0007182763910205153,1.5933416710975956,0.1105121293800539,0.15902964959568733,0.5444743935309974,0.18598382749326145
281,-13.388937162710079,167,0.24463348489079248,0.0007133336908771411,1.5964835270368003,0.17365269461077845,0.1497005988023952,0.5209580838323353,0.15568862275449102
282,2.7351408602405343,227,0.2434151016703534,0.0007084250031070158,1.584577422799526,0.19823788546255505,0.13656387665198239,0.5330396475770925,0.13215859030837004
283,-26.802876688417044,107,0.2422027865385593,0.0007035500936596204,1.5739635278477693,0.14953271028037382,0.17757009345794392,0.4953271028037383,0.17757009345794392
284,-132.9559692546466,519,0.24099650927363828,0.0006987087300950158,1.6097274306942548,0.1791907514450867,0.1233140655105973,0.5703275529865125,0.12716763005780346
285,1.475289611595258,148,0.2397962398043362,0.0006939006815727599,1.580784788487105,0.12837837837837837,0.12837837837837837,0.5608108108108109,0.18243243243243243
286,184.26669314220317,767,0.23860194820916716,0.0006891257188409008,1.563115552483043,0.1590612777053455,0.09908735332464146,0.22946544980443284,0.5123859191655802
287,-2.578234886660084,185,0.2374136047156675,0.0006843836142250461,1.536120741504922,0.17297297297297298,0.15135135135135136,0.5243243243243243,0.15135135135135136
288,13.254610996596398,166,0.23623117969965363,0.000679674141617507,1.5432406186130783,0.1686746987951807,0.14457831325301204,0.5481927710843374,0.13855421686746988
289,-108.55813278856427,457,0.23505464368448353,0.0006749970764665174,1.543199466282842,0.1772428884026258,0.11597374179431072,0.5798687089715536,0.12691466083150985
290,26.400102513323844,237,0.23388396734032196,0.0006703521957655269,1.5614626103757192,0.1518987341772152,0.11814345991561181,0.569620253164557,0.16033755274261605
291,6.35070846570278,174,0.23271912148340923,0.000665739278042568,1.590767792377953,0.13218390804597702,0.13218390804597702,0.5517241379310345,0.1839080459770115
292,-23.540458671336964,210,0.2315600770753337,0.0006611581033496956,1.5196488511420905,0.1523809523809524,0.14285714285714285,0.5285714285714286,0.1761904761904762
293,0.6143410631721054,110,0.2304068052223079,0.0006566084532525002,1.5525241644372603,0.2,0.14545454545454545,0.509090909090909,0.14545454545454545
294,-18.744543898265817,232,0.22925927717444824,0.0006520901108196926,1.5661967380048676,0.13793103448275862,0.20689655172413793,0.45689655172413796,0.19827586206896552
295,-166.02386958470234,166,0.22811746432505836,0.0006476028606127603,1.513591949460184,0.1144578313253012,0.14457831325301204,0.6445783132530121,0.0963855421686747
296,33.32733840679319,219,0.2269813382099158,0.0006431464886756951,1.562722110008398,0.1643835616438356,0.1461187214611872,0.5570776255707762,0.1324200913242009
297,-6.036508065542278,1000,0.2258508705065627,0.000638720782524792,1.5150786244780847,0.224,0.11,0.247,0.419
298,-171.24967508057392,542,0.22472603303359945,0.0006343255311385171,1.5206958542526379,0.2029520295202952,0.17896678966789667,0.43911439114391143,0.17896678966789667
299,-41.019864253344885,221,0.2236067977499824,0.0006299605249474466,1.5373400015396559,0.167420814479638,0.17647058823529413,0.4841628959276018,0.17194570135746606
300,-92.83488274438565,288,0.22249313675432472,0.0006256255558242739,1.5250514263643862,0.125,0.16319444444444445,0.5486111111111112,0.16319444444444445
301,24.38891898351241,189,0.22138502228420082,0.0006213204170738859,1.4839333421085898,0.1164021164021164,0.14285714285714285,0.5555555555555556,0.18518518518518517
302,-200.41626241841874,114,0.22028242671545434,0.000617044903423508,1.5129595400781148,0.043859649122807015,0.2982456140350877,0.43859649122807015,0.21929824561403508
303,6.973483839172459,224,0.21918532256150944,0.0006127988110129158,1.4586630841319308,0.11160714285714286,0.16071428571428573,0.5625,0.16517857142857142
304,-261.03880622200495,213,0.21809368247268562,0.0006085819373847157,1.4981208172882232,0.06103286384976526,0.16901408450704225,0.6197183098591549,0.15023474178403756
305,88.6216322136592,1000,0.21700747923551592,0.0006043940814746911,1.5297893494601327,0.325,0.176,0.326,0.173
306,-40.55640562276963,203,0.2159266857720685,0.0006002350436022153,1.5142829145923387,0.11822660098522167,0.18226600985221675,0.4975369458128079,0.2019704433497537
307,-64.33961927966756,197,0.21485127513927166,0.0005961046254607311,1.5116009877182797,0.27918781725888325,0.09644670050761421,0.5532994923857868,0.07106598984771574
308,-8.461150567900248,377,0.21378122052824208,0.0005920026301082949,1.4925109944409296,0.17771883289124668,0.15649867374005305,0.493368700265252,0.1724137931034483
309,-6.3716344690345466,131,0.21271649526361663,0.0005879288619581864,1.5227905242390078,0.19083969465648856,0.13740458015267176,0.48091603053435117,0.19083969465648856
310,-23.95862388990801,177,0.21165707280288729,0.0005838831267695832,1.5166968587417489,0.1638418079096045,0.12994350282485875,0.5423728813559322,0.1638418079096045
311,-9.153051626993857,130,0.2106029267357395,0.0005798652316382989,1.5299059734855005,0.13846153846153847,0.24615384615384617,0.3923076923076923,0.2230769230769231
312,-3.2697363239076367,151,0.20955403078339377,0.0005758749849875851,1.4969982376349364,0.0728476821192053,0.2119205298013245,0.5364238410596026,0.17880794701986755
313,-53.484621902546564,109,0.2085103587979506,0.0005719121965589974,1.439031731336853,0.07339449541284404,0.1559633027522936,0.5504587155963303,0.22018348623853212
314,30.10453291758506,175,0.20747188476173858,0.0005679766774033234,1.4640437258131878,0.14285714285714285,0.14857142857142858,0.5714285714285714,0.13714285714285715
315,-6.186979812616215,162,0.2064385827866659,0.0005640682398715733,1.5090510605007263,0.1419753086419753,0.2037037037037037,0.4876543209876543,0.16666666666666666
316,-56.172292262238955,244,0.20541042711357488,0.0005601866976060327,1.4876310748372519,0.20491803278688525,0.13524590163934427,0.4959016393442623,0.16393442622950818
317,-46.07453133143797,244,0.2043873921115999,0.0005563318655313771,1.4689473111205693,0.14754098360655737,0.20901639344262296,0.4959016393442623,0.14754098360655737
318,-26.866106688419336,137,0.20336945227752837,0.0005525035598458474,1.4603367491041368,0.08029197080291971,0.2773722627737226,0.38686131386861317,0.25547445255474455
319,250.94451806534528,264,0.20235658223516506,0.0005487015980124855,1.4811583074870514,0.42424242424242425,0.09848484848484848,0.22727272727272727,0.25
320,15.954387566481415,280,0.2013487567346994,0.0005449257987504316,1.4547820838202792,0.20357142857142857,0.12142857142857143,0.55,0.125
321,-18.578278323033913,315,0.20034595065207608,0.0005411759820262798,1.5479857459371316,0.23809523809523808,0.12380952380952381,0.5015873015873016,0.1365079365079365
322,-18.961005946587505,701,0.19934813898836876,0.0005374519690454946,1.5116300165608938,0.20970042796005706,0.23109843081312412,0.35805991440798857,0.20114122681883023
323,23.945616511872657,202,0.1983552968691568,0.000533753582243885,1.498047469996906,0.15841584158415842,0.15346534653465346,0.5,0.18811881188118812
324,3.42823033307927,141,0.1973673995439052,0.0005300806452791393,1.493293282896993,0.24113475177304963,0.12056737588652482,0.475177304964539,0.16312056737588654
325,0.593405173788625,104,0.19638442238534762,0.0005264329830224157,1.4944939432932525,0.27884615384615385,0.07692307692307693,0.5192307692307693,0.125
326,32.28165275375406,138,0.19540634088887243,0.0005228104215499929,1.486672316754249,0.07971014492753623,0.15942028985507245,0.5144927536231884,0.2463768115942029
327,5.517681763405648,145,0.1944331306719118,0.0005192127881349766,1.4792819028793052,0.15172413793103448,0.15862068965517243,0.496551724137931,0.19310344827586207
328,-149.26923240767331,169,0.19346476747333397,0.0005156399112390642,1.512218715327276,0.10059171597633136,0.28402366863905326,0.3136094674556213,0.30177514792899407
329,-74.15092737262262,166,0.19250122715283827,0.0005120916205043656,1.51241516639225,0.20481927710843373,0.12048192771084337,0.5180722891566265,0.1566265060240964
330,-100.77522847055018,371,0.19154248569035348,0.0005085677467452802,1.5066894727056017,0.14824797843665768,0.15902964959568733,0.5444743935309974,0.14824797843665768
331,11.124727488737818,116,0.190588519185439,0.0005050681219404303,1.509088412124479,0.04310344827586207,0.25,0.47413793103448276,0.23275862068965517
332,256.6267680644162,168,0.18963930385668903,0.0005015925792246494,1.5419789558273536,0.3869047619047619,0.14285714285714285,0.35119047619047616,0.11904761904761904
333,-63.06712888525769,294,0.18869481604113966,0.000498140952881026,1.4569787357219872,0.16326530612244897,0.14625850340136054,0.5272108843537415,0.16326530612244897
334,-19.649490044577703,149,0.1877550321936791,0.0004947130783330022,1.512180061829271,0.20134228187919462,0.14093959731543623,0.4228187919463087,0.2348993288590604
335,13.789879610577529,111,0.18681992888646057,0.0004913087921365264,1.464447991205696,0.16216216216216217,0.18018018018018017,0.4774774774774775,0.18018018018018017
336,-6.8638147155152325,107,0.18588948280831843,0.00048792793197226003,1.458375996284323,0.1588785046728972,0.205607476635514,0.4766355140186916,0.1588785046728972
337,-42.911706009341714,113,0.18496367076418696,0.0004845703366378385,1.4728091688985598,0.19469026548672566,0.25663716814159293,0.3274336283185841,0.22123893805309736
338,3.4694859648636083,212,0.18404246967452215,0.0004812358460401845,1.4539299762928264,0.1509433962264151,0.16037735849056603,0.5,0.18867924528301888
339,26.727142634667487,89,0.18312585657472633,0.0004779243011878747,1.4210108051689936,0.11235955056179775,0.1797752808988764,0.5168539325842697,0.19101123595505617
340,-6.208231014729435,113,0.18221380861457573,0.00047463554418355894,1.4761882928361765,0.19469026548672566,0.21238938053097345,0.3805309734513274,0.21238938053097345
341,11.23019653697439,185,0.18130630305765083,0.0004713694182164316,1.4890726438755404,0.21081081081081082,0.11891891891891893,0.5567567567567567,0.11351351351351352
342,49.55028352856891,158,0.18040331728076958,0.0004681257675547547,1.5110078605132098,0.11392405063291139,0.13291139240506328,0.5949367088607594,0.15822784810126583
343,43.6971430009735,1000,0.17950482877342336,0.00046490443753843233,1.4758175902625854,0.227,0.211,0.389,0.173
344,55.0963444430402,1000,0.17861081513721588,0.00046170527457163656,1.505266161867675,0.239,0.144,0.297,0.32
345,-49.87681689533423,666,0.17772125408530481,0.00045852812611548366,1.5113931794793596,0.1906906906906907,0.12912912912912913,0.5435435435435435,0.13663663663663664
346,20.798924203050532,120,0.17683612344184615,0.00045537284068076107,1.5047452554366478,0.06666666666666667,0.21666666666666667,0.5333333333333333,0.18333333333333332
347,-26.723983614212372,163,0.17595540114144145,0.0004522392678207041,1.4708687806045797,0.147239263803681,0.17177914110429449,0.5337423312883436,0.147239263803681
348,10.049290156962513,109,0.17507906522858774,0.0004491272581238226,1.4498101802385732,0.26605504587155965,0.14678899082568808,0.47706422018348627,0.11009174311926606
349,-112.03627110688687,695,0.17420709385713018,0.00044603666320677695,1.4874856546389599,0.2446043165467626,0.28776978417266186,0.34388489208633094,0.1237410071942446
350,34.06418200922923,111,0.17333946528971744,0.0004429673357073028,1.4904716498440895,0.14414414414414414,0.18018018018018017,0.5315315315315315,0.14414414414414414
351,4.308736299412772,120,0.1724761578972599,0.00043991912927718486,1.4855835294872426,0.125,0.2,0.525,0.15
352,285.6480832908404,234,0.17161715015839032,0.00043689189857527903,1.4452489587039818,0.44871794871794873,0.09829059829059829,0.3547008547008547,0.09829059829059829
353,-17.6343137492441,168,0.1707624206589275,0.00043388549926058205,1.5037357602958756,0.19642857142857142,0.16071428571428573,0.4523809523809524,0.19047619047619047
354,27.801571215461763,126,0.16991194809134227,0.0004308997879853495,1.4604632734930731,0.1746031746031746,0.19047619047619047,0.42063492063492064,0.21428571428571427
355,55.738593497195296,96,0.16906571125422645,0.0004279346223882607,1.45726961799749,0.14583333333333334,0.15625,0.59375,0.10416666666666667
356,1.87009810709624,123,0.16822368905176427,0.00042498986108763085,1.4865362730636569,0.13821138211382114,0.22764227642276422,0.44715447154471544,0.18699186991869918
357,231.87089568773922,345,0.16738586049320645,0.00042206536367466987,1.4523254423297274,0.1565217391304348,0.11884057971014493,0.2144927536231884,0.5101449275362319
358,36.411387452796134,115,0.16655220469234697,0.00041916099070678746,1.4426639928700298,0.1565217391304348,0.12173913043478261,0.3565217391304348,0.3652173913043478
359,47.08353215008697,141,0.1657227008670024,0.0004162766037009445,1.4881172230436865,0.09219858156028368,0.2198581560283688,0.46099290780141844,0.22695035460992907
360,19.07290498980072,131,0.16489732833849374,0.00041341206512705,1.4847790655743962,0.15267175572519084,0.17557251908396945,0.44274809160305345,0.22900763358778625
361,-71.09568653625365,102,0.16407606653113102,0.00041056723840140346,1.4335425704649707,0.2647058823529412,0.13725490196078433,0.3333333333333333,0.2647058823529412
362,19.606853317954148,158,0.16325889497170032,0.00040774198788018254,1.4108421061814156,0.17088607594936708,0.15822784810126583,0.5,0.17088607594936708
363,24.627009518693626,117,0.16244579328895342,0.00040493617885297545,1.40993995946049,0.07692307692307693,0.18803418803418803,0.5042735042735043,0.23076923076923078
364,266.7764934222326,343,0.16163674121309993,0.00040214967753635783,1.4319195296351885,0.3848396501457726,0.3236151603498542,0.19533527696793002,0.09620991253644315
365,-10.577198096674238,194,0.16083171857530196,0.00039938235106751376,1.4559238769939444,0.23711340206185566,0.14432989690721648,0.4793814432989691,0.13917525773195877
366,14.251881708946215,91,0.16003070530717145,0.0003966340674979008,1.3829176339055422,0.08791208791208792,0.16483516483516483,0.5384615384615384,0.2087912087912088
367,-52.054213283237246,109,0.1592336814402698,0.0003939046957869587,1.3800075901977906,0.23853211009174313,0.12844036697247707,0.3944954128440367,0.23853211009174313
368,244.24752460172982,258,0.15844062710561005,0.000391194105795861,1.3979618259610072,0.4186046511627907,0.12403100775193798,0.29844961240310075,0.15891472868217055
369,22.312428666768923,137,0.15765152253316161,0.00038850216828131004,1.3788676071250348,0.072992700729927,0.145985401459854,0.5620437956204379,0.21897810218978103
370,1.9098509785473112,107,0.15686634805135746,0.00038582875488937465,1.381985825181597,0.11214953271028037,0.22429906542056074,0.48598130841121495,0.17757009345794392
371,-9.68236077194969,177,0.15608508408660363,0.00038317373814936997,1.383147959054933,0.14124293785310735,0.1751412429378531,0.5028248587570622,0.1807909604519774
372,279.0821893096612,425,0.15530771116279135,0.00038053699146777946,1.3692383436547109,0.5552941176470588,0.1223529411764706,0.2,0.1223529411764706
373,30.10853434760415,123,0.15453420990081157,0.000377918389122219,1.419182199436915,0.22764227642276422,0.15447154471544716,0.5284552845528455,0.08943089430894309
374,135.35799401567897,1000,0.1537645610180717,0.0003753178062554423,1.4158325693314977,0.575,0.212,0.112,0.101
375,14.422797876452165,116,0.15299874532801508,0.00037273511886938744,1.4302728337570911,0.10344827586206896,0.14655172413793102,0.5344827586206896,0.21551724137931033
376,25.92003716417034,214,0.15223674373964258,0.0003701702038192647,1.4057431459133054,0.2336448598130841,0.1261682242990654,0.48598130841121495,0.1542056074766355
377,285.56472130263455,202,0.15147853725703672,0.0003676229388076849,1.3923076685865046,0.37623762376237624,0.06435643564356436,0.33663366336633666,0.22277227722772278
378,274.36538810571653,357,0.1507241069788881,0.0003650932023788281,1.3711712133767044,0.5070028011204482,0.13165266106442577,0.2184873949579832,0.14285714285714285
379,32.426979911524995,157,0.14997343409802424,0.00036258087391265236,1.4031696864141217,0.16560509554140126,0.12101910828025478,0.554140127388535,0.1592356687898089
380,230.77084188787063,463,0.1492264999009407,0.00036008583361914274,1.3923830438596017,0.5399568034557235,0.09935205183585313,0.23326133909287258,0.12742980561555076
381,-34.25303503806579,91,0.14848328576733458,0.0003576079625325995,1.3250068407013342,0.10989010989010989,0.16483516483516483,0.4945054945054945,0.23076923076923078
382,261.8644161879801,537,0.14774377316964035,0.0003551471425059655,1.3647583057105925,0.659217877094972,0.09683426443202979,0.1564245810055866,0.08752327746741155
383,41.36444447663848,98,0.147007943672568,0.00035270325620519324,1.3770364356291516,0.10204081632653061,0.17346938775510204,0.5408163265306123,0.1836734693877551
384,231.46336859159928,916,0.14627577893264343,0.00035027618710364985,1.379568894037732,0.3482532751091703,0.13100436681222707,0.15829694323144106,0.3624454148471616
385,285.924315332001,474,0.14554726069775115,0.00034786581947656136,1.4033795520724455,0.42616033755274263,0.31856540084388185,0.16033755274261605,0.0949367088607595
386,-8.638396162174132,141,0.1448223708066793,0.0003454720383954946,1.3890842301003135,0.1773049645390071,0.23404255319148937,0.3829787234042553,0.20567375886524822
387,-43.23141589740578,119,0.14410109118866696,0.00034309472972287745,1.3900257372131004,0.24369747899159663,0.08403361344537816,0.4957983193277311,0.17647058823529413
388,181.97234636395623,312,0.14338340386295353,0.0003407337801065566,1.382375286774129,0.36538461538461536,0.10897435897435898,0.27884615384615385,0.2467948717948718
389,13.342477895207708,142,0.1426692909383306,0.00033838907697439276,1.368799181189956,0.1267605633802817,0.1619718309859155,0.5422535211267606,0.16901408450704225
390,-8.793535860933446,128,0.14195873461269595,0.00033606050852889326,1.3648145357517718,0.25,0.125,0.34375,0.28125
391,17.919091757753066,152,0.14125171717260968,0.0003337479637418814,1.3947418863149244,0.25,0.09868421052631579,0.4934210526315789,0.15789473684210525
392,-12.295526214043548,166,0.1405482209928527,0.00033145133234920243,1.3912417794004908,0.3373493975903614,0.0783132530120482,0.4578313253012048,0.12650602409638553
393,-38.79303488594965,93,0.13984822853598727,0.0003291705048454662,1.367878335146761,0.17204301075268819,0.0967741935483871,0.5591397849462365,0.17204301075268819
394,238.25361468611118,799,0.13915172235191997,0.0003269053724788257,1.3993773880662863,0.4780976220275344,0.1639549436795995,0.15519399249061328,0.20275344180225283
395,245.9755800329326,247,0.13845868507746648,0.0003246558272457919,1.4014977826334176,0.5101214574898786,0.10121457489878542,0.27530364372469635,0.11336032388663968
396,25.61132370951252,215,0.1377690994359189,0.0003224217618860838,1.3457021863296887,0.2372093023255814,0.11627906976744186,0.49767441860465117,0.14883720930232558
397,5.966519443594848,167,0.13708294823661493,0.00032020306987751433,1.3693804897590298,0.1497005988023952,0.1497005988023952,0.5089820359281437,0.19161676646706588
398,29.621492029254142,166,0.13640021437450947,0.0003179996454309112,1.357233833609304,0.14457831325301204,0.15060240963855423,0.5180722891566265,0.18674698795180722
399,-34.02741394082008,98,0.1357208808297481,0.0003158113834850728,1.3374008392207228,0.07142857142857142,0.22448979591836735,0.4489795918367347,0.25510204081632654
400,34.38864956923368,183,0.13504493066724277,0.0003136381797017588,1.3759714570111843,0.19672131147540983,0.16939890710382513,0.44808743169398907,0.18579234972677597
401,9.25596066151678,152,0.13437234703624976,0.0003114799304607153,1.3749442416011248,0.19078947368421054,0.13815789473684212,0.506578947368421,0.16447368421052633
402,8.462606998211768,200,0.13370311316994946,0.0003093365328547338,1.3749097100726333,0.26,0.11,0.525,0.105
403,72.09723687615994,107,0.1330372123850285,0.000307207884684745,1.3773218737728967,0.04672897196261682,0.18691588785046728,0.5794392523364486,0.18691588785046728
404,-6.9034704416404225,112,0.13237462808126377,0.0003050938844549454,1.3948581397663686,0.21428571428571427,0.125,0.4732142857142857,0.1875
405,-65.6772041294034,187,0.13171534374110866,0.0003029944313679582,1.378840514142939,0.17647058823529413,0.1657754010695187,0.4117647058823529,0.24598930481283424
406,208.06171986630883,351,0.13105934292928123,0.0003009094253200269,1.3682428889142386,0.07692307692307693,0.45584045584045585,0.3789173789173789,0.08831908831908832
407,161.34816315885226,1000,0.1304066092923546,0.00029883876689624264,1.3504326724179618,0.479,0.338,0.113,0.07
408,266.21564074916705,302,0.12975712655834912,0.0002967823573658037,1.37635107779743,0.47019867549668876,0.1456953642384106,0.2847682119205298,0.09933774834437085
409,275.78686467887405,356,0.12911087853632688,0.0002947400986773081,1.3801858187660452,0.6179775280898876,0.1151685393258427,0.19382022471910113,0.07303370786516854
410,-9.769867523553671,122,0.128467849115988,0.00029271189345407827,1.3618801488247028,0.13114754098360656,0.1885245901639344,0.5,0.18032786885245902
411,41.13046150812133,138,0.12782802226726903,0.0002906976449895182,1.38741917920036,0.21739130434782608,0.15217391304347827,0.5072463768115942,0.12318840579710146
412,-1.48394544692637,176,0.12719138203994332,0.0002886972572425023,1.3755565426862115,0.16477272727272727,0.16477272727272727,0.5056818181818182,0.16477272727272727
413,55.090358233300634,142,0.1265579125632235,0.00028671063483279606,1.3668125683969956,0.22535211267605634,0.14084507042253522,0.4859154929577465,0.14788732394366197
414,-22.453083398958157,86,0.12592759804536563,0.00028473768303650834,1.3390242514371304,0.12790697674418605,0.10465116279069768,0.5,0.26744186046511625
415,12.329081792810484,78,0.1253004227732758,0.0002827783077815747,1.4256707427347008,0.07692307692307693,0.10256410256410256,0.5256410256410257,0.2948717948717949
416,45.83498438062071,101,0.12467637111211817,0.0002808324156432722,1.3460643653986768,0.07920792079207921,0.15841584158415842,0.5742574257425742,0.18811881188118812
417,279.04652315875524,297,0.12405542750492535,0.0002788999138397645,1.355068193302384,0.46464646464646464,0.12794612794612795,0.23905723905723905,0.16835016835016836
418,234.03687654403905,214,0.12343757647221056,0.0002769807102276782,1.343857933633033,0.32710280373831774,0.09813084112149532,0.4485981308411215,0.1261682242990654
419,241.80963325237866,278,0.1228228026115817,0.00027507471329770924,1.3541270995928871,0.4028776978417266,0.1618705035971223,0.33093525179856115,0.10431654676258993
420,228.75763189573135,263,0.12221109059735742,0.0002731818321702598,1.3683988226713657,0.44106463878326996,0.11026615969581749,0.3612167300380228,0.08745247148288973
421,248.5309137473063,367,0.12160242518018508,0.00027130197659110486,1.3695879661885648,0.5367847411444142,0.1444141689373297,0.2452316076294278,0.07356948228882834
422,26.7472566414624,137,0.12099679118666054,0.00026943505692708896,1.3431443952762732,0.2773722627737226,0.13138686131386862,0.45985401459854014,0.13138686131386862
423,250.61821062136227,427,0.12039417351894997,0.00026758098416185234,1.3584903031502407,0.550351288056206,0.11943793911007025,0.2459016393442623,0.08430913348946135
424,272.26777052663647,592,0.11979455715441345,0.0002657396698915866,1.3366042463973555,0.643581081081081,0.12162162162162163,0.16216216216216217,0.07263513513513513
425,-9.373499197189986,143,0.11919792714523043,0.00026391102632081963,1.3698763893535677,0.25874125874125875,0.1888111888111888,0.38461538461538464,0.16783216783216784
426,208.5227848442745,335,0.11860426861802718,0.0002620949662582292,1.367281423018625,0.27761194029850744,0.05970149253731343,0.22388059701492538,0.4388059701492537
427,288.98513421621294,223,0.11801356677350594,0.0002602914031124857,1.3612065092843944,0.4260089686098655,0.13452914798206278,0.3183856502242152,0.1210762331838565
428,290.5177871234803,188,0.11742580688607601,0.00025850025088812364,1.3322470073599,0.28191489361702127,0.1276595744680851,0.4095744680851064,0.18085106382978725
429,266.50709479576153,676,0.11684097430348667,0.00025672142418144085,1.3455890374080077,0.6272189349112426,0.10798816568047337,0.13757396449704143,0.12721893491124261
430,6.349564206170754,91,0.1162590544464619,0.00025495483817642676,1.325392890199582,0.17582417582417584,0.16483516483516483,0.5384615384615384,0.12087912087912088
431,29.349427921729983,127,0.11568003280833696,0.00025320040864071813,1.330849292627237,0.11023622047244094,0.15748031496062992,0.5590551181102362,0.1732283464566929
432,259.2912825891772,296,0.1151038949546967,0.00025145805192158273,1.3591631739770589,0.4966216216216216,0.10810810810810811,0.31756756756756754,0.0777027027027027
433,259.90290465126486,204,0.11453062652301578,0.00024972768494193085,1.3998433951479299,0.3382352941176471,0.16666666666666666,0.29901960784313725,0.19607843137254902
434,-11.567641815399952,96,0.1139602132223006,0.00024800922519635396,1.3912855608843548,0.041666666666666664,0.14583333333333334,0.5208333333333334,0.2916666666666667
435,197.07942168968236,336,0.11339264083273302,0.00024630259074719086,1.3735924275472529,0.3333333333333333,0.09523809523809523,0.33630952380952384,0.23511904761904762
436,-75.77174615158299,76,0.11282789520531596,0.0002446077002206208,1.3491572788424342,0.13157894736842105,0.06578947368421052,0.5263157894736842,0.27631578947368424
437,238.8745580629965,435,0.11226596226152054,0.00024292447280278354,1.351167516624502,0.37471264367816093,0.2,0.2942528735632184,0.1310344827586207
438,286.81297054569006,376,0.11170682799293526,0.00024125282823592606,1.3601537784239333,0.3803191489361702,0.14893617021276595,0.25,0.22074468085106383
439,241.26833745208998,347,0.11115047846091669,0.00023959268681457576,1.367727622531999,0.22478386167146974,0.5129682997118156,0.20461095100864554,0.05763688760806916
440,-26.588337882096226,89,0.11059689979624203,0.00023794396938174006,1.360530193283482,0.0898876404494382,0.11235955056179775,0.5617977528089888,0.23595505617977527
441,-151.14754487071497,97,0.11004607819876336,0.00023630659732513216,1.3899410730517106,0.1958762886597938,0.12371134020618557,0.4845360824742268,0.1958762886597938
442,9.296485008473269,103,0.1094979999370636,0.00023468049257342264,1.2941315519265841,0.05825242718446602,0.1553398058252427,0.5339805825242718,0.2524271844660194
443,21.45703109599384,114,0.10895265134811426,0.00023306557759251707,1.4033649312848635,0.11403508771929824,0.15789473684210525,0.5263157894736842,0.20175438596491227
444,286.43716533816956,267,0.10841001883693473,0.0002314617753818591,1.3451027922562593,0.3782771535580524,0.13857677902621723,0.30337078651685395,0.1797752808988764
445,249.70974493678375,511,0.10787008887625348,0.00022986900947075884,1.3571686330639559,0.12133072407045009,0.6731898238747553,0.1350293542074364,0.07045009784735812
446,265.2830514839295,721,0.10733284800617075,0.00022828720391474694,1.3282494978865886,0.42857142857142855,0.23578363384188628,0.23439667128987518,0.10124826629680998
447,54.37057111649787,100,0.10679828283382309,0.00022671628329195328,1.325035813483386,0.11,0.15,0.58,0.16
448,104.15578321889686,1000,0.10626638003304942,0.00022515617269951084,1.3982433403017172,0.315,0.248,0.315,0.122
449,-42.18936791029083,127,0.10573712634405887,0.00022360679774998437,1.3920393957965271,0.14960629921259844,0.10236220472440945,0.5511811023622047,0.1968503937007874
450,74.59755555051916,1000,0.10521050857310017,0.00022206808456782335,1.3690746434057852,0.302,0.246,0.321,0.131
451,-7.236552994839755,104,0.10468651359213282,0.0002205399597858397,1.4496238079955837,0.19230769230769232,0.17307692307692307,0.36538461538461536,0.2692307692307692
452,263.67600932474,669,0.10416512833849978,0.0002190223505417095,1.3983208821173592,0.4349775784753363,0.17339312406576982,0.2750373692077728,0.11659192825112108
453,275.54383593638744,341,0.1036463398146018,0.0002175151844744988,1.3925975645905397,0.0967741935483871,0.5601173020527859,0.2287390029325513,0.11436950146627566
454,48.50163596459862,118,0.1031301350875735,0.00021601838972121353,1.443428014182647,0.211864406779661,0.1271186440677966,0.5084745762711864,0.15254237288135594
455,-62.01760245505879,89,0.10261650128896083,0.00021453189491337288,1.3730526683544861,0.19101123595505617,0.11235955056179775,0.48314606741573035,0.21348314606741572
456,28.953761588228815,98,0.10210542561440039,0.00021305562917360642,1.3315393262616717,0.09183673469387756,0.12244897959183673,0.5510204081632653,0.23469387755102042
457,-41.23139677025988,92,0.10159689532330018,0.00021158952211227465,1.4003196996807021,0.15217391304347827,0.15217391304347827,0.4782608695652174,0.21739130434782608
458,85.60925493114667,1000,0.10109089773852199,0.0002101335038241127,1.3838875093788778,0.503,0.287,0.112,0.098
459,-210.11105273191424,127,0.10058742024606539,0.00020868750488489723,1.3518587573634038,0.1732283464566929,0.1968503937007874,0.36220472440944884,0.2677165354330709
460,289.5353700188064,249,0.10008645029475326,0.00020725145634813618,1.3648251638849773,0.46987951807228917,0.20883534136546184,0.24096385542168675,0.08032128514056225
461,268.49709460634233,238,0.09958797539591889,0.00020582528974178143,1.3794448182841739,0.42016806722689076,0.12184873949579832,0.3445378151260504,0.1134453781512605
462,261.54959429949804,389,0.0990919831230947,0.00020440893706496387,1.3862393183041313,0.4473007712082262,0.3264781491002571,0.18766066838046272,0.038560411311053984
463,259.5745874617396,396,0.09859846111170241,0.00020300233078475116,1.3629490958745518,0.5681818181818182,0.16161616161616163,0.1691919191919192,0.10101010101010101
464,52.80786202336341,123,0.09810739705874481,0.00020160540383292762,1.390907015181873,0.07317073170731707,0.21138211382113822,0.4715447154471545,0.24390243902439024
465,242.3407127238512,723,0.0976187787224991,0.00020021808960279643,1.385881669099042,0.06224066390041494,0.7372060857538036,0.11479944674965421,0.08575380359612725
466,264.6921923721342,326,0.09713259392221169,0.0001988403219460037,1.4122581603138797,0.26380368098159507,0.1901840490797546,0.3312883435582822,0.2147239263803681
467,-147.06979775257898,115,0.09664883053779448,0.00019747203516938454,1.3835598280159935,0.13043478260869565,0.25217391304347825,0.4434782608695652,0.17391304347826086
468,-34.09144845878846,87,0.09616747650952286,0.0001961131640318307,1.3462752928856385,0.16091954022988506,0.21839080459770116,0.45977011494252873,0.16091954022988506
469,212.1640524804533,908,0.09568851983773495,0.00019476364374117975,1.3890092085806314,0.3975770925110132,0.1696035242290749,0.31167400881057267,0.1211453744493392
470,12.315041216232629,88,0.09521194858253253,0.0001934234099511259,1.3876824040182838,0.19318181818181818,0.125,0.5909090909090909,0.09090909090909091
471,-0.5748395293176414,1000,0.09473775086348335,0.0001920923987581518,1.3972104322410874,0.258,0.18,0.477,0.085
472,-156.1452445363221,105,0.09426591485932499,0.00019077054669848148,1.396118793898812,0.13333333333333333,0.14285714285714285,0.4666666666666667,0.2571428571428571
473,-27.099517124282812,82,0.09379642880767017,0.00018945779074505458,1.3574786865954924,0.07317073170731707,0.1951219512195122,0.4146341463414634,0.3170731707317073
474,-193.13624702714668,108,0.09332928100471348,0.00018815406830452095,1.3551246433411759,0.09259259259259259,0.25,0.3888888888888889,0.26851851851851855
475,-21.079063831183035,123,0.09286445980493968,0.00018685931721425624,1.3929670319506557,0.16260162601626016,0.12195121951219512,0.5284552845528455,0.18699186991869918
476,276.9092530241852,659,0.09240195362083334,0.00018557347573939793,1.3755487916300952,0.6494688922610015,0.11532625189681335,0.15781487101669195,0.07738998482549317
477,145.9674456720188,1000,0.09194175092259001,0.0001842964825699017,1.3735695683962008,0.307,0.506,0.146,0.041
478,252.4088096118965,237,0.09148384023782877,0.00018302827681761824,1.3610384455037792,0.0759493670886076,0.5063291139240507,0.33755274261603374,0.08016877637130802
479,21.533914669081014,98,0.09102821015130624,0.00018176879801338986,1.3563910405587885,0.1326530612244898,0.17346938775510204,0.5,0.19387755102040816
480,-15.012379328925405,89,0.09057484930463203,0.00018051798610416744,1.358905750081258,0.10112359550561797,0.10112359550561797,0.5280898876404494,0.2696629213483146
481,-36.832562420206386,88,0.09012374639598555,0.00017927578145014698,1.35887910307677,0.14772727272727273,0.07954545454545454,0.5,0.2727272727272727
482,238.27527826423614,308,0.08967489017983431,0.00017804212482192588,1.3902153437369043,0.5227272727272727,0.10064935064935066,0.275974025974026,0.10064935064935066
483,242.49498124461394,333,0.08922826946665352,0.00017681695739767893,1.3856789286391125,0.2222222222222222,0.12612612612612611,0.3333333333333333,0.3183183183183183
484,18.143122300181872,96,0.08878387312264722,0.00017560022076035353,1.405300868875144,0.13541666666666666,0.13541666666666666,0.5208333333333334,0.20833333333333334
485,58.437955368139114,129,0.0883416900694707,0.00017439185689488443,1.348459641133189,0.03875968992248062,0.24031007751937986,0.4418604651162791,0.27906976744186046
486,11.172992827357746,107,0.08790170928395427,0.00017319180818542736,1.3429737546806373,0.14018691588785046,0.1308411214953271,0.5607476635514018,0.16822429906542055
487,250.3598109227237,331,0.08746391979782855,0.000172000017412612,1.3627752807571387,0.5287009063444109,0.12084592145015106,0.2628398791540785,0.08761329305135952
488,-10.540382705947081,112,0.08702831069745101,0.00017081642775081368,1.3670594315628861,0.17857142857142858,0.30357142857142855,0.2857142857142857,0.23214285714285715
489,40.764787878878195,93,0.08659487112353387,0.00016964098276544382,1.3589280045373555,0.10752688172043011,0.10752688172043011,0.5806451612903226,0.20430107526881722
490,236.1641455133938,331,0.08616359027087342,0.00016847362641025915,1.3361714129370945,0.1691842900302115,0.3595166163141994,0.3776435045317221,0.09365558912386707
491,22.719620523131383,128,0.08573445738808068,0.00016731430302468933,1.350210865136813,0.078125,0.1953125,0.46875,0.2578125
492,264.89049610125056,178,0.08530746177731334,0.00016616295733118305,1.3713917844689403,0.2808988764044944,0.11797752808988764,0.47752808988764045,0.12359550561797752
493,-44.107171597196455,115,0.0848825927940091,0.0001650195344325723,1.3860155182202725,0.2956521739130435,0.08695652173913043,0.4,0.21739130434782608
494,249.54616815645036,268,0.08445983984662027,0.0001638839798094549,1.404460180441733,0.3283582089552239,0.2126865671641791,0.291044776119403,0.16791044776119404
495,-199.961778171309,126,0.0840391923963498,0.00016275623931759483,1.3600054174832197,0.06349206349206349,0.30158730158730157,0.3888888888888889,0.24603174603174602
496,-45.624577410432906,120,0.0836206399568885,0.00016163625918534075,1.3766619656044634,0.11666666666666667,0.175,0.5,0.20833333333333334
497,51.93728761972292,132,0.08320417209415364,0.000160523986011062,1.362016360224297,0.06818181818181818,0.25,0.4393939393939394,0.24242424242424243
498,-42.82618339608463,87,0.08278977842602886,0.00015941936676060244,1.3131996349802224,0.21839080459770116,0.06896551724137931,0.5517241379310345,0.16091954022988506
499,-55.084810092836676,106,0.08237744862210536,0.00015832234876475164,1.338678098937185,0.14150943396226415,0.1792452830188679,0.41509433962264153,0.2641509433962264
500,40.18984367772802,123,0.08196717240342434,0.0001572328797167337,1.3409695194085005,0.06504065040650407,0.21138211382113822,0.4959349593495935,0.22764227642276422
501,29.502920382965215,138,0.08155893954222078,0.00015615090766971307,1.3545587449725467,0.036231884057971016,0.21739130434782608,0.5072463768115942,0.2391304347826087
502,233.30162343413474,217,0.08115273986166843,0.00015507638103431782,1.3551025832228507,0.4147465437788018,0.11981566820276497,0.3640552995391705,0.10138248847926268
503,269.9793591901062,420,0.08074856323562621,0.00015400924857617972,1.3401907293710202,0.6523809523809524,0.1261904761904762,0.18095238095238095,0.04047619047619048
504,285.62908396285354,300,0.08034639958838564,0.00015294945941349137,1.361121680057135,0.46,0.15,0.27,0.12
505,209.4312201404164,238,0.0799462388944198,0.00015189696301458008,1.3770613246209897,0.2857142857142857,0.25210084033613445,0.3319327731092437,0.13025210084033614
506,300.60098259062715,522,0.07954807117813331,0.00015085170919549855,1.3569947597008116,0.48659003831417624,0.09770114942528736,0.15134099616858238,0.26436781609195403
507,244.4116912175068,185,0.07915188651361367,0.00014981364811763202,1.3357868768066532,0.35135135135135137,0.13513513513513514,0.3837837837837838,0.12972972972972974
508,290.7806600876057,198,0.07875767502438383,0.00014878273028532185,1.332823350807442,0.29797979797979796,0.11616161616161616,0.42424242424242425,0.16161616161616163
509,283.469082732216,521,0.078365426883156,0.00014775890654350563,1.317453875443758,0.5777351247600768,0.09788867562380038,0.19001919385796545,0.1343570057581574
510,262.6434912215422,276,0.07797513231158659,0.00014674212807537336,1.3986484098150942,0.2898550724637681,0.13043478260869565,0.4891304347826087,0.09057971014492754
511,-72.13790355652795,129,0.07758678158003256,0.00014573234640003987,1.355044592593452,0.09302325581395349,0.18604651162790697,0.4573643410852713,0.26356589147286824
512,7.386229139540475,124,0.07720036500730874,0.00014472951337023314,1.402383518483642,0.06451612903225806,0.20161290322580644,0.532258064516129,0.20161290322580644
513,-113.56596597781818,170,0.07681587296044662,0.00014373358116999866,1.3356393163001838,0.058823529411764705,0.4176470588235294,0.3411764705882353,0.18235294117647058
514,-24.160068637704853,116,0.07643329585445409,0.0001427445023124195,1.3801244570058318,0.02586206896551724,0.3275862068965517,0.3879310344827586,0.25862068965517243
515,304.38182448763524,234,0.07605262415207657,0.0001417622296373521,1.3624424105929898,0.28205128205128205,0.20512820512820512,0.3547008547008547,0.1581196581196581
516,277.87300938662815,220,0.07567384836355925,0.00014078671630917759,1.336876472463517,0.4090909090909091,0.10909090909090909,0.37727272727272726,0.10454545454545454
517,26.290470114835358,134,0.0752969590464105,0.0001398179158145687,1.3168849396559388,0.014925373134328358,0.2462686567164179,0.5149253731343284,0.22388059701492538
518,-181.78879778272233,126,0.07492194680516646,0.00013885578196027188,1.3188443600876638,0.1111111111111111,0.31746031746031744,0.373015873015873,0.1984126984126984
519,246.99401442267336,265,0.07454880229115689,0.0001379002688709049,1.322857045915438,0.5018867924528302,0.12830188679245283,0.2641509433962264,0.10566037735849057
520,243.0310986781589,230,0.07417751620227203,0.00013695133098676928,1.323053531395054,0.4608695652173913,0.13043478260869565,0.30434782608695654,0.10434782608695652
521,256.8863133929438,168,0.07380807928273078,0.00013600892306167813,1.3730178879713624,0.3273809523809524,0.125,0.43452380952380953,0.1130952380952381
522,265.0521329496087,383,0.07344048232284993,0.0001350730001607987,1.356474209476489,0.10443864229765012,0.5509138381201044,0.25326370757180156,0.09138381201044386
523,-54.30263772262664,112,0.07307471615881456,0.00013414351765850981,1.3196491426175954,0.17857142857142858,0.16964285714285715,0.42857142857142855,0.22321428571428573
524,20.56738777816662,115,0.0727107716724496,0.00013322043123627418,1.3344774432610362,0.17391304347826086,0.16521739130434782,0.4434782608695652,0.21739130434782608
525,269.7333601267735,252,0.07234863979099258,0.00013230369688052517,1.3219942763781445,0.2777777777777778,0.2222222222222222,0.4087301587301587,0.09126984126984126
526,257.1229019700312,281,0.07198831148686739,0.00013139327088056821,1.338930823842837,0.1387900355871886,0.5373665480427047,0.24555160142348753,0.07829181494661921
527,-82.1553869578057,112,0.07162977777745924,0.00013048910982649668,1.3345016239758682,0.05357142857142857,0.3125,0.39285714285714285,0.24107142857142858
528,-4.351910991955108,148,0.07127302972489075,0.00012959117060712202,1.356598494829692,0.22297297297297297,0.13513513513513514,0.4391891891891892,0.20270270270270271
529,215.02093317158193,295,0.07091805843579913,0.00012869941040791818,1.3430632188939668,0.061016949152542375,0.0847457627118644,0.29152542372881357,0.5627118644067797
530,250.9876007101986,236,0.07056485506111447,0.00012781378670898022,1.3313874251104894,0.2245762711864407,0.2584745762711864,0.3008474576271186,0.21610169491525424
531,250.29015743483137,289,0.07021341079583919,0.00012693425728299684,1.3814205781629116,0.3737024221453287,0.1453287197231834,0.370242214532872,0.11072664359861592
532,31.269358705200915,91,0.06986371687882846,0.00012606078019323702,1.3348415105370435,0.10989010989010989,0.13186813186813187,0.5274725274725275,0.23076923076923078
533,22.828906916122946,127,0.06951576459257186,0.00012519331379155045,1.3512837328631275,0.1889763779527559,0.18110236220472442,0.5590551181102362,0.07086614173228346
534,128.49706160207114,1000,0.06916954526297603,0.0001243318167163816,1.3390896310118827,0.401,0.44,0.114,0.045
535,-17.963808523170044,108,0.06882505025914844,0.00012347624789079773,1.300651605640139,0.14814814814814814,0.12962962962962962,0.5185185185185185,0.2037037037037037
536,280.3337864284602,201,0.06848227099318223,0.00012262656652053014,1.3240263708820612,0.3582089552238806,0.09950248756218906,0.4577114427860697,0.0845771144278607
537,232.00947623109474,234,0.06814119891994212,0.00012178273209202919,1.3439512050464208,0.2222222222222222,0.10256410256410256,0.5256410256410257,0.14957264957264957
538,290.7323309439504,184,0.06780182553685142,0.00012094470437053251,1.3734469566685992,0.3532608695652174,0.125,0.375,0.14673913043478262
539,-38.56365382054386,134,0.06746414238368,0.00012011244339814657,1.3613556637400432,0.208955223880597,0.16417910447761194,0.43283582089552236,0.19402985074626866
540,274.0702667769701,235,0.06712814104233344,0.00011928590949194152,1.365735444668786,0.3446808510638298,0.17446808510638298,0.33191489361702126,0.14893617021276595
541,23.532830460407254,174,0.06679381313664319,0.000118465063242059,1.3582834013293172,0.16091954022988506,0.20689655172413793,0.4425287356321839,0.1896551724137931
542,-54.523254869951025,126,0.0664611503321577,0.00011764986550983303,1.3453837526328654,0.07142857142857142,0.31746031746031744,0.35714285714285715,0.25396825396825395
543,-20.33444729439988,94,0.06613014433593471,0.00011684027742592396,1.3064428288304675,0.10638297872340426,0.11702127659574468,0.5319148936170213,0.24468085106382978
544,239.56384105861304,555,0.06580078689633446,0.00011603626038846503,1.3392844518149238,0.12072072072072072,0.6468468468468469,0.13693693693693693,0.09549549549549549
545,57.025212585016135,129,0.06547306980281405,0.00011523777606122184,1.3193886817650438,0.13178294573643412,0.16279069767441862,0.5503875968992248,0.15503875968992248
546,266.0696765778327,260,0.0651469848857227,0.00011444478637176445,1.3375927251319053,0.4807692307692308,0.12307692307692308,0.3,0.09615384615384616
547,-15.018118219959064,121,0.0648225240160981,0.00011365725350965203,1.3625190473553324,0.1487603305785124,0.17355371900826447,0.49586776859504134,0.18181818181818182
548,-15.91617031441929,136,0.06449967910546381,0.00011287513992463008,1.3496710087439197,0.15441176470588236,0.15441176470588236,0.5220588235294118,0.16911764705882354
549,231.59378239205188,192,0.06417844210562758,0.00011209840832483992,1.3820878545662376,0.3020833333333333,0.109375,0.453125,0.13541666666666666
550,293.9305808902319,212,0.0638588050084807,0.00011132702167504067,1.3444469061189352,0.30660377358490565,0.15566037735849056,0.3915094339622642,0.14622641509433962
551,-59.954900948424374,131,0.06354075984579843,0.00011056094319484329,1.3633495805576308,0.03816793893129771,0.33587786259541985,0.3893129770992366,0.2366412213740458
552,-79.66239013781666,113,0.0632242986890413,0.00010980013635695692,1.3175537983958503,0.18584070796460178,0.1504424778761062,0.4336283185840708,0.23008849557522124
553,-17.99781033281839,89,0.06290941364915748,0.00010904456488544722,1.3320902974312465,0.07865168539325842,0.15730337078651685,0.449438202247191,0.3146067415730337
554,300.36697858895604,286,0.06259609687638612,0.00010829419275400668,1.303641572473592,0.3986013986013986,0.1258741258741259,0.35664335664335667,0.11888111888111888
555,-24.533959958441542,120,0.06228434056006167,0.00010754898418423684,1.3530709264733531,0.175,0.15,0.4583333333333333,0.21666666666666667
556,214.67337689739233,275,0.061974136928419146,0.00010680890364394243,1.325362446220583,0.3236363636363636,0.08363636363636363,0.24363636363636362,0.3490909090909091
557,-3.4417986300789067,112,0.06166547824840039,0.00010607391584543704,1.3242836865910557,0.13392857142857142,0.17857142857142858,0.4642857142857143,0.22321428571428573
558,-23.928927863240446,138,0.061358356825461334,0.00010534398574386068,1.2872751661058168,0.16666666666666666,0.18840579710144928,0.47101449275362317,0.17391304347826086
559,-170.34721961153048,134,0.06105276500338012,0.00010461907853550873,1.3527161332128403,0.09701492537313433,0.3283582089552239,0.3656716417910448,0.208955223880597
560,-176.60318431790037,118,0.06074869516406628,0.00010389915965617252,1.381998521359441,0.15254237288135594,0.2627118644067797,0.4322033898305085,0.15254237288135594
561,67.39643213418125,1000,0.06044613972737082,0.00010318419477949128,1.3385267199883943,0.205,0.032,0.091,0.672
562,50.36163012033455,165,0.060145091150897244,0.00010247414981531538,1.3271448912328279,0.12727272727272726,0.19393939393939394,0.4727272727272727,0.20606060606060606
563,263.7884223300034,200,0.059845541929813534,0.00010176899090808095,1.321669609210692,0.33,0.115,0.425,0.13
564,3.807337183080719,122,0.05954748459666506,0.00010106868443519556,1.3180148158773661,0.14754098360655737,0.13934426229508196,0.5409836065573771,0.1721311475409836
565,13.08874257001338,153,0.05925091172118844,0.00010037319700543509,1.3051212995104116,0.13725490196078433,0.19607843137254902,0.4444444444444444,0.2222222222222222
566,62.12692742532451,152,0.058955815910126275,9.968249545735159e-05,1.3229952888405434,0.17763157894736842,0.17763157894736842,0.4407894736842105,0.20394736842105263
567,-1.6443347323109805,96,0.05866218980704289,9.899654685769216e-05,1.430887353566592,0.125,0.11458333333333333,0.5416666666666666,0.21875
568,249.45487745355942,192,0.058370026092140904,9.83153184998286e-05,1.3773918770066793,0.375,0.09375,0.421875,0.109375
569,-3.619975493955252,143,0.058079317482078785,9.763877790219797e-05,1.3807093841558944,0.15384615384615385,0.1958041958041958,0.42657342657342656,0.22377622377622378
570,215.9674593919168,285,0.05779005672978926,9.696689280675384e-05,1.3541408628972798,0.11578947368421053,0.28421052631578947,0.3263157894736842,0.2736842105263158
571,276.10669600538074,233,0.05750223662429868,9.629963117742819e-05,1.3491381759566814,0.24034334763948498,0.27467811158798283,0.351931330472103,0.13304721030042918
572,283.56470747724927,234,0.05721584999054722,9.563696119860388e-05,1.3599659780483941,0.32905982905982906,0.1282051282051282,0.4188034188034188,0.12393162393162394
573,-68.95511177232197,105,0.056930889689210055,9.49788512735977e-05,1.3315099054964337,0.14285714285714285,0.12380952380952381,0.49523809523809526,0.23809523809523808
574,-35.43325919539036,105,0.05664734861651935,9.432527002315378e-05,1.328610074202865,0.10476190476190476,0.12380952380952381,0.5238095238095238,0.24761904761904763
575,7.306469112915821,123,0.056365219704087186,9.36761862839474e-05,1.3013313035780605,0.10569105691056911,0.3008130081300813,0.3821138211382114,0.21138211382113822
576,-91.16224128954654,104,0.056084495918729355,9.303156910709912e-05,1.3431167438826752,0.18269230769230768,0.09615384615384616,0.46153846153846156,0.25961538461538464
577,-47.86531228522797,192,0.05580517026229002,9.239138775669905e-05,1.3301259532589165,0.23958333333333334,0.08854166666666667,0.5677083333333334,0.10416666666666667
578,-37.15517685413916,96,0.05552723577146726,9.175561170834144e-05,1.3034083281257518,0.09375,0.11458333333333333,0.5729166666666666,0.21875
579,65.96141775528895,165,0.055250685517639495,9.112421064766915e-05,1.3556445640462491,0.06666666666666667,0.23030303030303031,0.5333333333333333,0.1696969696969697
580,262.29866855551563,247,0.05497551260669274,9.049715446892829e-05,1.3842682166993814,0.38866396761133604,0.05668016194331984,0.4291497975708502,0.12550607287449392
581,34.136224850055584,151,0.05470171017884877,8.98744132735327e-05,1.356287277902608,0.152317880794702,0.18543046357615894,0.4966887417218543,0.16556291390728478
582,-37.64485413029453,119,0.05442927140849408,8.925595736863845e-05,1.3275501432507806,0.18487394957983194,0.14285714285714285,0.453781512605042,0.2184873949579832
583,257.4434391522581,218,0.05415818950400976,8.864175726572796e-05,1.3451748534342969,0.22935779816513763,0.22935779816513763,0.40825688073394495,0.13302752293577982
584,-7.356256959290704,121,0.053888457707602165,8.803178367920401e-05,1.3268941717928673,0.09090909090909091,0.15702479338842976,0.5454545454545454,0.2066115702479339
585,4.454067278873623,111,0.05362006929513446,8.742600752499338e-05,1.3504735883647998,0.1981981981981982,0.06306306306306306,0.5675675675675675,0.17117117117117117
586,203.98628337267422,497,0.05335301757595899,8.682439991916009e-05,1.336248662667709,0.45472837022132795,0.32796780684104626,0.1448692152917505,0.07243460764587525
587,-13.557170930812319,172,0.053087295892750505,8.622693217652819e-05,1.3349203768074973,0.19186046511627908,0.18604651162790697,0.4476744186046512,0.1744186046511628
588,-29.81021575119867,122,0.052822897621340174,8.563357580931399e-05,1.3163209251450887,0.09836065573770492,0.26229508196721313,0.4262295081967213,0.21311475409836064
589,-4.93893102949248,108,0.052559816170550465,8.504430252576783e-05,1.344537030948519,0.23148148148148148,0.1388888888888889,0.3888888888888889,0.24074074074074073
590,-132.46010711680321,138,0.05229804498203084,8.445908422882499e-05,1.3564381145443858,0.12318840579710146,0.2971014492753623,0.4057971014492754,0.17391304347826086
591,245.49791128708767,212,0.05203757753009425,8.387789301476607e-05,1.3630087653913043,0.2830188679245283,0.13679245283018868,0.42452830188679247,0.15566037735849056
592,-1.521419522244102,169,0.051778407321554455,8.33007011718865e-05,1.3619862885578429,0.11242603550295859,0.1893491124260355,0.5384615384615384,0.15976331360946747
593,234.60838528231483,231,0.05152052789556417,8.272748117917522e-05,1.3565984559949642,0.2943722943722944,0.12987012987012986,0.42424242424242425,0.15151515151515152
594,-33.10679017817702,107,0.051263932823453984,8.215820570500247e-05,1.343462374933645,0.1308411214953271,0.1588785046728972,0.4953271028037383,0.21495327102803738
595,2.455199390467669,117,0.051008615708572125,8.159284760581654e-05,1.3119271201450926,0.17094017094017094,0.1111111111111111,0.5897435897435898,0.1282051282051282
596,235.27827200729388,412,0.050754570186124975,8.10313799248496e-05,1.3385171197495853,0.470873786407767,0.09951456310679611,0.1650485436893204,0.2645631067961165
597,232.31876024791248,422,0.0505017899230184,8.047377589083238e-05,1.3283432085614852,0.23696682464454977,0.2890995260663507,0.2890995260663507,0.1848341232227488
598,40.54403597221733,117,0.050250268617699906,7.992000891671763e-05,1.3113415978521044,0.17094017094017094,0.1111111111111111,0.5128205128205128,0.20512820512820512
599,272.18808635794835,254,0.05000000000000151,7.93700525984125e-05,1.347060708002524,0.3464566929133858,0.1141732283464567,0.421259842519685,0.11811023622047244
600,-171.40594048597958,117,0.05,7.882388071351953e-05,1.3817577648546855,0.2222222222222222,0.15384615384615385,0.4700854700854701,0.15384615384615385
601,-175.9625239644281,160,0.05,7.828146722008633e-05,1.3604567009649406,0.01875,0.34375,0.45,0.1875
602,261.1421869225952,220,0.05,7.77427862553639e-05,1.378874350108265,0.35,0.13636363636363635,0.39545454545454545,0.11818181818181818
603,30.218598264237755,149,0.05,7.720781213457351e-05,1.3484255110021317,0.19463087248322147,0.1342281879194631,0.44966442953020136,0.2214765100671141
604,295.180961322589,518,0.05,7.667651934968192e-05,1.3359804981323833,0.29343629343629346,0.07528957528957529,0.1583011583011583,0.47297297297297297
605,-7.8630896108192445,126,0.05,7.614888256818525e-05,1.3006362229222457,0.047619047619047616,0.2777777777777778,0.4523809523809524,0.2222222222222222
606,27.618491231492214,118,0.05,7.562487663190101e-05,1.3351049531993533,0.16101694915254236,0.1016949152542373,0.576271186440678,0.16101694915254236
607,1.9809798918733321,113,0.05,7.510447655576865e-05,1.3390854912971673,0.10619469026548672,0.1592920353982301,0.5486725663716814,0.18584070796460178
608,4.406269136534831,107,0.05,7.45876575266581e-05,1.309171254556021,0.2897196261682243,0.12149532710280374,0.411214953271028,0.17757009345794392
609,66.10900098548893,162,0.05,7.407439490218681e-05,1.3352969640919574,0.08641975308641975,0.21604938271604937,0.5308641975308642,0.16666666666666666
610,218.3913265297839,304,0.05,7.356466420954464e-05,1.369197929582531,0.28618421052631576,0.10526315789473684,0.45394736842105265,0.15460526315789475
611,-106.35925643117783,90,0.05,7.30584411443271e-05,1.3694306887715835,0.1111111111111111,0.18888888888888888,0.3,0.4
612,-63.83901091631485,119,0.05,7.255570156937642e-05,1.34295854927777,0.15966386554621848,0.20168067226890757,0.46218487394957986,0.17647058823529413
613,255.13416076175645,582,0.05,7.205642151363067e-05,1.3475208418231694,0.3436426116838488,0.2869415807560137,0.21993127147766323,0.14948453608247422
614,-211.89636298118253,166,0.05,7.156057717098084e-05,1.3528582567753904,0.15060240963855423,0.3253012048192771,0.3433734939759036,0.18072289156626506
615,-82.47917879563636,91,0.05,7.10681448991357e-05,1.3475087506831962,0.16483516483516483,0.13186813186813187,0.43956043956043955,0.26373626373626374
616,-198.87484021929401,147,0.05,7.057910121849457e-05,1.3189083098976015,0.08843537414965986,0.3333333333333333,0.3877551020408163,0.19047619047619047
617,19.725754493746564,128,0.05,7.009342281102772e-05,1.3289919545719782,0.1953125,0.1328125,0.5390625,0.1328125
618,-67.31925077568941,108,0.05,6.96110865191646e-05,1.3440591714392245,0.1574074074074074,0.17592592592592593,0.46296296296296297,0.2037037037037037
619,239.56510732967038,222,0.05,6.913206934468965e-05,1.311276273296914,0.34684684684684686,0.1036036036036036,0.35135135135135137,0.1981981981981982
620,22.202674049962255,137,0.05,6.865634844764571e-05,1.281602717082953,0.11678832116788321,0.16058394160583941,0.5182481751824818,0.20437956204379562
621,69.4499733974643,175,0.05,6.818390114524503e-05,1.3805538354054085,0.14857142857142858,0.14285714285714285,0.5314285714285715,0.17714285714285713
622,-52.022996067493104,122,0.05,6.771470491078771e-05,1.3773171940722702,0.23770491803278687,0.2540983606557377,0.3114754098360656,0.19672131147540983
623,301.48140587961655,207,0.05,6.724873737258758e-05,1.3771614348152457,0.2318840579710145,0.13526570048309178,0.4396135265700483,0.1932367149758454
624,262.54827269086127,260,0.05,6.678597631290557e-05,1.3397452368657183,0.22692307692307692,0.14615384615384616,0.2923076923076923,0.3346153846153846
625,187.10301257433986,361,0.05,6.632639966689026e-05,1.3596724311521091,0.18005540166204986,0.3379501385041551,0.3878116343490305,0.09418282548476455
626,-18.803663180552434,111,0.05,6.586998552152588e-05,1.3480539180124518,0.16216216216216217,0.1891891891891892,0.4144144144144144,0.23423423423423423
627,85.00145120957731,152,0.05,6.541671211458746e-05,1.3375410867814999,0.07894736842105263,0.23026315789473684,0.506578947368421,0.18421052631578946
628,316.6066152966334,243,0.05,6.496655783360315e-05,1.3231414958010714,0.20987654320987653,0.16872427983539096,0.43621399176954734,0.18518518518518517
629,-132.89625735350285,155,0.05,6.451950121482378e-05,1.3339503213962354,0.2,0.21935483870967742,0.47096774193548385,0.10967741935483871
630,238.48682907645764,323,0.05,6.40755209421994e-05,1.3547508983348036,0.3281733746130031,0.1238390092879257,0.3931888544891641,0.15479876160990713
631,4.200940280462234,130,0.05,6.363459584636293e-05,1.4102578750748915,0.14615384615384616,0.11538461538461539,0.5461538461538461,0.19230769230769232
632,302.3625817433756,458,0.05,6.319670490362081e-05,1.3692768451592747,0.36026200873362446,0.20305676855895197,0.25109170305676853,0.185589519650655
633,280.84068757849104,235,0.05,6.276182723495052e-05,1.3627849943598047,0.33191489361702126,0.1574468085106383,0.3574468085106383,0.15319148936170213
634,18.62990522775462,154,0.05,6.23299421050051e-05,1.348964244253185,0.18831168831168832,0.14285714285714285,0.487012987012987,0.18181818181818182
635,-2.370340777081168,153,0.05,6.190102892112444e-05,1.3487807358405055,0.17647058823529413,0.1437908496732026,0.5032679738562091,0.17647058823529413
636,-81.546871559094,141,0.05,6.147506723235341e-05,1.357913723448285,0.1276595744680851,0.28368794326241137,0.41843971631205673,0.1702127659574468
637,33.00706504622974,134,0.05,6.105203672846676e-05,1.337034611216272,0.1044776119402985,0.1791044776119403,0.5298507462686567,0.1865671641791045
638,8.041456831412745,124,0.05,6.0631917239000664e-05,1.3295047757846328,0.10483870967741936,0.1774193548387097,0.5080645161290323,0.20967741935483872
639,40.10246878220161,122,0.05,6.0214688732291044e-05,1.328491187663461,0.13114754098360656,0.09016393442622951,0.6147540983606558,0.16393442622950818
640,295.21221514579406,246,0.05,5.980033131451837e-05,1.3470701224718011,0.34146341463414637,0.15853658536585366,0.36585365853658536,0.13414634146341464
641,171.95085832079536,383,0.05,5.938882522875917e-05,1.397264193286707,0.16449086161879894,0.5221932114882507,0.2010443864229765,0.1122715404699739
642,-46.045614953947734,99,0.05,5.8980150854043945e-05,1.3733753609061545,0.06060606060606061,0.2222222222222222,0.43434343434343436,0.2828282828282828
643,165.3740766625313,499,0.05,5.857428870442166e-05,1.3555983083114336,0.11222444889779559,0.37074148296593185,0.4228456913827655,0.09418837675350701
644,287.35164290148396,308,0.05,5.8171219428030646e-05,1.3453583541032672,0.2012987012987013,0.1396103896103896,0.5,0.1590909090909091
645,-206.22704834764136,105,0.05,5.777092380617584e-05,1.3579012379797522,0.0380952380952381,0.20952380952380953,0.3333333333333333,0.41904761904761906
646,280.5595891927136,260,0.05,5.737338275241247e-05,1.3406695806610454,0.3153846153846154,0.16538461538461538,0.36923076923076925,0.15
647,285.8462390635566,216,0.05,5.697857731163596e-05,1.3368741655870968,0.26851851851851855,0.16666666666666666,0.4027777777777778,0.16203703703703703
648,268.77110767928116,247,0.05,5.6586488659178155e-05,1.376032239354157,0.25101214574898784,0.19433198380566802,0.42105263157894735,0.13360323886639677
649,4.8183705862127795,126,0.05,5.619709809990975e-05,1.4042010926149096,0.15873015873015872,0.11904761904761904,0.5396825396825397,0.18253968253968253
650,265.0384364177946,244,0.05,5.581038706734888e-05,1.37297305914046,0.3729508196721312,0.0778688524590164,0.4426229508196721,0.10655737704918032
651,186.4170837114471,510,0.05,5.542633712277583e-05,1.3599472489797104,0.1,0.4,0.3686274509803922,0.13137254901960785
652,310.706792005465,406,0.05,5.5044929954353904e-05,1.3543058396561525,0.5270935960591133,0.11576354679802955,0.2438423645320197,0.11330049261083744
653,240.59526870893822,417,0.05,5.4666147376256274e-05,1.3378622353747311,0.26139088729016785,0.39568345323741005,0.19424460431654678,0.1486810551558753
654,25.676178532682727,181,0.05,5.428997132779887e-05,1.3703221312448688,0.1270718232044199,0.19889502762430938,0.5303867403314917,0.143646408839779
655,17.13239410296191,125,0.05,5.3916383872579235e-05,1.4049924587071678,0.176,0.104,0.592,0.128
656,237.3315952841421,475,0.05,5.35453671976213e-05,1.379571640786251,0.5410526315789473,0.19157894736842104,0.1368421052631579,0.13052631578947368
657,271.03745032171184,414,0.05,5.3176903612526025e-05,1.3593641175025395,0.2318840579710145,0.3647342995169082,0.2391304347826087,0.1642512077294686
658,5.815060009862748,134,0.05,5.2810975548627954e-05,1.3444272496847134,0.12686567164179105,0.13432835820895522,0.5447761194029851,0.19402985074626866
659,270.1083381064295,522,0.05,5.244756555815747e-05,1.3553094847096645,0.34674329501915707,0.10344827586206896,0.28544061302681994,0.26436781609195403
660,253.48757523745653,217,0.05,5.208665631340891e-05,1.3668932983600648,0.35944700460829493,0.1336405529953917,0.3640552995391705,0.14285714285714285
661,-24.73486427340687,106,0.05,5.172823060591434e-05,1.3323286144139979,0.08490566037735849,0.19811320754716982,0.41509433962264153,0.3018867924528302
662,267.1363348377365,203,0.05,5.137227134562306e-05,1.409872101530378,0.2660098522167488,0.21182266009852216,0.37438423645320196,0.1477832512315271
663,258.2565170973845,213,0.05,5.1018761560086726e-05,1.384741084864182,0.25821596244131456,0.20187793427230047,0.40375586854460094,0.13615023474178403
664,-1.632497864980536,115,0.05,5.0667684393650084e-05,1.3718920605740001,0.11304347826086956,0.20869565217391303,0.45217391304347826,0.22608695652173913
665,198.69571039169338,415,0.05,5.031902310664729e-05,1.3667487494023831,0.04819277108433735,0.636144578313253,0.2289156626506024,0.08674698795180723
666,211.06060854775274,241,0.05,4.9972761074603725e-05,1.3510488453850864,0.08713692946058091,0.14522821576763487,0.34854771784232363,0.4190871369294606
667,247.67559012638907,271,0.05,4.962888178744336e-05,1.3673873275522643,0.4022140221402214,0.19557195571955718,0.28044280442804426,0.12177121771217712
668,153.66981238238822,481,0.05,4.928736884870152e-05,1.3555286131482014,0.09355509355509356,0.3887733887733888,0.3762993762993763,0.14137214137214138
669,-26.83205524888932,119,0.05,4.894820597474307e-05,1.3775055990620044,0.13445378151260504,0.226890756302521,0.4369747899159664,0.20168067226890757
670,13.935954251392943,155,0.05,4.861137699398604e-05,1.4155284810385644,0.12903225806451613,0.12903225806451613,0.535483870967742,0.2064516129032258
671,270.01154068409494,270,0.05,4.827686584613052e-05,1.3896044223941981,0.1259259259259259,0.09259259259259259,0.4444444444444444,0.337037037037037
672,0.1544544130484553,162,0.05,4.794465658139288e-05,1.3853097539316703,0.19135802469135801,0.15432098765432098,0.4876543209876543,0.16666666666666666
673,276.0910154893225,321,0.05,4.761473335974531e-05,1.3692643515505074,0.4236760124610592,0.1588785046728972,0.3115264797507788,0.1059190031152648
674,268.3521412730844,249,0.05,4.728708045016051e-05,1.3733739638567022,0.3453815261044177,0.20481927710843373,0.3333333333333333,0.11646586345381527
675,146.19994262155993,1000,0.05,4.6961682229861654e-05,1.3678550629897817,0.186,0.146,0.136,0.532
676,257.7743357503009,280,0.05,4.663852318357747e-05,1.3853357421305788,0.3964285714285714,0.18571428571428572,0.275,0.14285714285714285
677,12.1365163162327,150,0.05,4.631758790280246e-05,1.3596337394358773,0.08666666666666667,0.14,0.5333333333333333,0.24
678,-24.57454674276201,120,0.05,4.599886108506219e-05,1.3722756747500724,0.19166666666666668,0.2,0.425,0.18333333333333332
679,205.7460062398265,196,0.05,4.5682327533183695e-05,1.3766645532636599,0.1326530612244898,0.4030612244897959,0.37244897959183676,0.09183673469387756
680,276.61079565968805,392,0.05,4.536797215457083e-05,1.3576228301326496,0.3112244897959184,0.09183673469387756,0.26785714285714285,0.32908163265306123
681,-15.426152726104448,164,0.05,4.505577996048465e-05,1.3425711434380256,0.09146341463414634,0.16463414634146342,0.4817073170731707,0.2621951219512195
682,260.263993195922,825,0.05,4.4745736065328744e-05,1.3661460411243314,0.5430303030303031,0.024242424242424242,0.09818181818181818,0.33454545454545453
683,-53.87414792282779,155,0.05,4.443782568593946e-05,1.362136614154656,0.09032258064516129,0.25806451612903225,0.45806451612903226,0.1935483870967742
684,215.08875073862214,343,0.05,4.4132034140881064e-05,1.3848532670659777,0.1661807580174927,0.24489795918367346,0.46355685131195334,0.12536443148688048
685,183.79513191367715,355,0.05,4.382834684974566e-05,1.3616079127392378,0.12394366197183099,0.4619718309859155,0.3408450704225352,0.07323943661971831
686,-13.666590335458096,144,0.05,4.3526749332458045e-05,1.3762172301895068,0.13194444444444445,0.125,0.5625,0.18055555555555555
687,262.8794311875423,252,0.05,4.3227227208585244e-05,1.3595317670717835,0.3611111111111111,0.1746031746031746,0.30952380952380953,0.15476190476190477
688,186.82720947000394,268,0.05,4.292976619665085e-05,1.364763969914853,0.10820895522388059,0.41044776119402987,0.3843283582089552,0.09701492537313433
689,258.29970075461745,257,0.05,4.263435211345408e-05,1.387813880255132,0.38132295719844356,0.13229571984435798,0.3346303501945525,0.1517509727626459
690,279.448038344807,421,0.05,4.23409708733935e-05,1.401948495556346,0.26128266033254155,0.12826603325415678,0.44655581947743467,0.16389548693586697
691,253.06969942865118,244,0.05,4.2049608487795405e-05,1.3738732603068977,0.1885245901639344,0.2336065573770492,0.4672131147540984,0.11065573770491803
692,225.1172633928783,347,0.05,4.176025106424684e-05,1.3713708391667603,0.19020172910662825,0.14985590778097982,0.42939481268011526,0.23054755043227665
693,226.23459992233188,556,0.05,4.1472884805933184e-05,1.3743639993434558,0.23201438848920863,0.17446043165467626,0.4316546762589928,0.1618705035971223
694,-15.373976706093927,175,0.05,4.1187496010980326e-05,1.3623503878253083,0.17714285714285713,0.13714285714285715,0.49142857142857144,0.19428571428571428
695,277.7418414671313,231,0.05,4.090407107180133e-05,1.3861549636786836,0.23809523809523808,0.2813852813852814,0.3116883116883117,0.16883116883116883
696,-12.327367236680885,162,0.05,4.062259647444761e-05,1.3913697549169006,0.12962962962962962,0.2037037037037037,0.4876543209876543,0.17901234567901234
697,193.17350539791303,374,0.05,4.034305879796459e-05,1.4109639540418448,0.29411764705882354,0.24064171122994651,0.3770053475935829,0.08823529411764706
698,227.80304593504707,549,0.05,4.0065444713751755e-05,1.3686357692847146,0.24225865209471767,0.2058287795992714,0.3825136612021858,0.16939890710382513
699,246.01206372544488,333,0.05,3.978974098492718e-05,1.3746020296336696,0.37537537537537535,0.13213213213213212,0.3033033033033033,0.1891891891891892
700,-19.37685495839564,146,0.05,3.951593446569633e-05,1.3605097261932282,0.08904109589041095,0.1643835616438356,0.5616438356164384,0.18493150684931506
701,232.26498886317088,392,0.05,3.924401210072528e-05,1.3709045337530426,0.27040816326530615,0.17091836734693877,0.42857142857142855,0.13010204081632654
702,101.39403167552098,828,0.05,3.897396092451824e-05,1.4034313485104453,0.2210144927536232,0.15458937198067632,0.5374396135265701,0.08695652173913043
703,231.6188795195679,197,0.05,3.8705768060799324e-05,1.3808627535103344,0.36548223350253806,0.15736040609137056,0.3248730964467005,0.15228426395939088
704,215.0744256261658,534,0.05,3.8439420721898606e-05,1.3898959311099082,0.18726591760299627,0.31647940074906367,0.34831460674157305,0.14794007490636704
705,230.7173053957157,501,0.05,3.8174906208142405e-05,1.3833447584502514,0.5548902195608783,0.08982035928143713,0.2435129740518962,0.11177644710578842
706,-20.777700369457264,154,0.05,3.791221190724773e-05,1.4148472011723654,0.16233766233766234,0.17532467532467533,0.5194805194805194,0.14285714285714285
707,278.76606908925265,288,0.05,3.765132529372094e-05,1.4084518660940941,0.3819444444444444,0.19444444444444445,0.3402777777777778,0.08333333333333333
708,191.97907126327823,499,0.05,3.7392233928260494e-05,1.3905790111865437,0.18036072144288579,0.21042084168336672,0.42685370741482964,0.18236472945891782
709,244.34458645623903,463,0.05,3.713492545716386e-05,1.3869336049141028,0.23758099352051837,0.28725701943844495,0.34557235421166305,0.12958963282937366
710,263.41926887041257,297,0.05,3.687938761173845e-05,1.3754234610730385,0.3400673400673401,0.18518518518518517,0.3569023569023569,0.11784511784511785
711,10.985424618951598,120,0.05,3.662560820771668e-05,1.4181466477870506,0.025,0.31666666666666665,0.3333333333333333,0.325
712,-4.374591756402083,219,0.05,3.637357514467496e-05,1.412045658440553,0.0867579908675799,0.2328767123287671,0.4931506849315068,0.1872146118721461
713,197.70842216334097,445,0.05,3.612327640545678e-05,1.4186587739517142,0.14157303370786517,0.1550561797752809,0.5146067415730337,0.18876404494382024
714,263.4098972011272,344,0.05,3.5874700055599694e-05,1.4117691609997183,0.3081395348837209,0.11337209302325581,0.436046511627907,0.14244186046511628
715,-3.4767644190358737,226,0.05,3.5627834242766295e-05,1.4061354128228625,0.13716814159292035,0.22566371681415928,0.48672566371681414,0.1504424778761062
716,-33.20348831055756,230,0.05,3.5382667196179064e-05,1.3940564506779711,0.10434782608695652,0.2608695652173913,0.49130434782608695,0.14347826086956522
717,219.43201419784225,253,0.05,3.513918722605914e-05,1.3971063722508013,0.1857707509881423,0.2450592885375494,0.34782608695652173,0.22134387351778656
718,-20.391246662587065,214,0.05,3.489738272306896e-05,1.38057686295673,0.13551401869158877,0.16822429906542055,0.5981308411214953,0.09813084112149532
719,205.99620928104383,502,0.05,3.4657242157758666e-05,1.4290295154346107,0.2968127490039841,0.25697211155378485,0.3346613545816733,0.11155378486055777
720,224.79751668825105,553,0.05,3.4418754080016435e-05,1.4150477738938254,0.26763110307414106,0.21518987341772153,0.31103074141048825,0.20614828209764918
721,18.267948688870334,257,0.05,3.4181907118522465e-05,1.402782055493421,0.13229571984435798,0.14785992217898833,0.48638132295719844,0.23346303501945526
722,268.36827430772905,401,0.05,3.394668998020683e-05,1.415008326294831,0.14962593516209477,0.2119700748129676,0.38902743142144636,0.24937655860349128
723,-106.09842357343442,567,0.05,3.3713091449710984e-05,1.4265674275018314,0.03880070546737213,0.3315696649029982,0.3950617283950617,0.2345679012345679
724,232.47013042955993,381,0.05,3.3481100388853026e-05,1.4370002052966926,0.23097112860892388,0.18110236220472442,0.3937007874015748,0.1942257217847769
725,243.30380020280157,518,0.05,3.32507057360966e-05,1.4274478687896401,0.25096525096525096,0.3166023166023166,0.3359073359073359,0.09652509652509653
726,212.7541495659126,351,0.05,3.3021896506023485e-05,1.4104020846433643,0.4074074074074074,0.15669515669515668,0.33048433048433046,0.10541310541310542
727,290.0534438725872,249,0.05,3.27946617888098e-05,1.412492431345449,0.2289156626506024,0.14056224899598393,0.5100401606425703,0.12048192771084337
728,274.5090179853536,526,0.05,3.256899074970581e-05,1.4253853535643914,0.19771863117870722,0.31368821292775667,0.23954372623574144,0.24904942965779467
729,255.7769536078929,493,0.05,3.2344872628519324e-05,1.4355810285941575,0.39148073022312374,0.10953346855983773,0.36511156186612576,0.13387423935091278
730,-28.477668896503104,268,0.05,3.2122296739102625e-05,1.4148207474222765,0.12313432835820895,0.15671641791044777,0.5522388059701493,0.16791044776119404
731,242.1937711441788,470,0.05,3.190125246884296e-05,1.4216675976329527,0.18936170212765957,0.27872340425531916,0.33191489361702126,0.2
732,-29.574945311443216,359,0.05,3.168172927815652e-05,1.4323012493008096,0.08913649025069638,0.15041782729805014,0.5738161559888579,0.18662952646239556
733,-193.66047348677728,338,0.05,3.146371669998587e-05,1.427916876529363,0.17159763313609466,0.1893491124260355,0.5,0.1390532544378698
734,266.7265525043194,280,0.05,3.124720433930093e-05,1.4901783290979902,0.21428571428571427,0.24285714285714285,0.3607142857142857,0.18214285714285713
735,255.8709319097709,486,0.05,3.10321818726033e-05,1.450938058886945,0.3045267489711934,0.11728395061728394,0.43415637860082307,0.1440329218106996
736,-42.687818234373,222,0.05,3.081863904743399e-05,1.455165534440529,0.11261261261261261,0.15315315315315314,0.5765765765765766,0.15765765765765766
737,160.71333985786447,353,0.05,3.0606565681884654e-05,1.426990607809558,0.025495750708215296,0.6147308781869688,0.2804532577903683,0.07932011331444759
738,-12.931404573583919,145,0.05,3.0395951664112036e-05,1.4053262170567726,0.06206896551724138,0.18620689655172415,0.47586206896551725,0.27586206896551724
739,168.60585710930013,353,0.05,3.018678695185587e-05,1.4398253757000432,0.1813031161473088,0.23796033994334279,0.29178470254957506,0.28895184135977336
740,130.17997968647646,715,0.05,2.9979061571960033e-05,1.4739666308482664,0.07972027972027972,0.23776223776223776,0.5286713286713287,0.15384615384615385
741,259.1333344267247,545,0.05,2.9772765619897032e-05,1.454993065724853,0.1981651376146789,0.1944954128440367,0.44403669724770645,0.163302752293578
742,240.939246090114,356,0.05,2.956788925929574e-05,1.4338584275093715,0.22752808988764045,0.12078651685393259,0.4044943820224719,0.24719101123595505
743,108.48405223157195,1000,0.05,2.9364422721472388e-05,1.4632528697976457,0.106,0.702,0.157,0.035
744,-30.064834910626047,216,0.05,2.916235630496479e-05,1.4363915046769702,0.125,0.19444444444444445,0.5324074074074074,0.14814814814814814
745,234.76740886885395,363,0.05,2.896168037506977e-05,1.4321196342699065,0.32231404958677684,0.09366391184573003,0.45179063360881544,0.1322314049586777
746,32.24545888431392,1000,0.05,2.876238536338376e-05,1.4433187916097845,0.33,0.197,0.306,0.167
747,177.47379139132133,476,0.05,2.856446176734659e-05,1.4654020507249699,0.1638655462184874,0.15966386554621848,0.5084033613445378,0.16806722689075632
748,273.94337349736463,635,0.05,2.8367900149788368e-05,1.4434957126692392,0.16692913385826771,0.26614173228346455,0.2409448818897638,0.32598425196850395
749,219.12722779088338,453,0.05,2.817269113847954e-05,1.4283270328381172,0.22958057395143489,0.271523178807947,0.30022075055187636,0.1986754966887417
750,223.01152656424676,569,0.05,2.7978825425683996e-05,1.433783630688816,0.29525483304042177,0.3339191564147627,0.22495606326889278,0.14586994727592267
751,-59.86014503155528,133,0.05,2.778629376771527e-05,1.459079278888868,0.14285714285714285,0.18796992481203006,0.5263157894736842,0.14285714285714285
752,-172.80308437362558,273,0.05,2.7595086984495794e-05,1.4425898943925577,0.2087912087912088,0.32234432234432236,0.3956043956043956,0.07326007326007326
753,81.05513776796485,914,0.05,2.740519595911919e-05,1.4376962832175655,0.13457330415754923,0.2286652078774617,0.5076586433260394,0.12910284463894967
754,216.52495104404903,364,0.05,2.7216611637415555e-05,1.4280894627316192,0.07967032967032966,0.3269230769230769,0.489010989010989,0.1043956043956044
755,-28.419610590221538,505,0.05,2.7029325027519766e-05,1.4511042720598917,0.18217821782178217,0.13465346534653466,0.5306930693069307,0.15247524752475247
756,192.16526100406452,401,0.05,2.6843327199442725e-05,1.4480859151488572,0.16458852867830423,0.38154613466334164,0.3690773067331671,0.08478802992518704
757,233.02437037792754,597,0.05,2.6658609284645578e-05,1.4528342744957599,0.24120603015075376,0.18927973199329984,0.35343383584589616,0.21608040201005024
758,12.073971798879185,160,0.05,2.647516247561686e-05,1.4424930912777723,0.03125,0.26875,0.5375,0.1625
759,-42.82116199620172,245,0.05,2.6292978025452534e-05,1.42715174396876,0.1836734693877551,0.13877551020408163,0.5551020408163265,0.12244897959183673
760,-36.80436297231258,1000,0.05,2.6112047247438936e-05,1.4618903451806065,0.118,0.151,0.554,0.177
761,223.92983735781016,463,0.05,2.5932361514638587e-05,1.43774367844759,0.2678185745140389,0.3174946004319654,0.31317494600431967,0.10151187904967603
762,226.48928151050035,316,0.05,2.5753912259478847e-05,1.4344991872407733,0.34810126582278483,0.12341772151898735,0.3670886075949367,0.16139240506329114
763,13.564437221072907,330,0.05,2.557669097334341e-05,1.4176666983715291,0.15151515151515152,0.17272727272727273,0.5151515151515151,0.1606060606060606
764,181.78922026414278,551,0.05,2.5400689206166612e-05,1.4555301459987242,0.05989110707803993,0.4500907441016334,0.3684210526315789,0.12159709618874773
765,259.9317730569104,456,0.05,2.522589856603051e-05,1.4370573955790453,0.42543859649122806,0.12280701754385964,0.29605263157894735,0.15570175438596492
766,250.7947773885205,544,0.05,2.5052310718764757e-05,1.4417068848577113,0.3786764705882353,0.22242647058823528,0.27205882352941174,0.12683823529411764
767,219.99970760796816,395,0.05,2.4879917387549227e-05,1.4334574621057676,0.05063291139240506,0.3240506329113924,0.47341772151898737,0.1518987341772152
768,37.05990853761628,145,0.05,2.4708710352519355e-05,1.4521959607733823,0.06206896551724138,0.2689655172413793,0.4413793103448276,0.22758620689655173
769,266.96473720526774,360,0.05,2.4538681450374215e-05,1.4627207228061718,0.2861111111111111,0.11666666666666667,0.4222222222222222,0.175
770,-1.5879293954470057,184,0.05,2.4369822573987288e-05,1.4515298802944527,0.09239130434782608,0.19021739130434784,0.5760869565217391,0.14130434782608695
771,237.7651072238703,757,0.05,2.4202125672019906e-05,1.427654532555907,0.2523117569352708,0.3394980184940555,0.2655217965653897,0.142668428005284
772,155.89066266091538,729,0.05,2.4035582748537352e-05,1.436163317381,0.16598079561042525,0.24828532235939643,0.4430727023319616,0.14266117969821673
773,202.76002695212563,301,0.05,2.3870185862627613e-05,1.4592127287962842,0.10963455149501661,0.45514950166112955,0.37209302325581395,0.06312292358803986
774,202.59379455283084,363,0.05,2.3705927128022745e-05,1.453166121782616,0.07713498622589532,0.4214876033057851,0.39944903581267216,0.10192837465564739
775,206.26896886172375,283,0.05,2.354279871272286e-05,1.459536239976154,0.3568904593639576,0.14487632508833923,0.4169611307420495,0.0812720848056537
776,295.80891504281857,242,0.05,2.338079283862267e-05,1.454041435958309,0.2768595041322314,0.15702479338842976,0.41735537190082644,0.1487603305785124
777,177.39585094559288,364,0.05,2.3219901781140642e-05,1.4160749430173851,0.09340659340659341,0.3626373626373626,0.45054945054945056,0.09340659340659341
778,-180.87459465244365,248,0.05,2.306011786885067e-05,1.419628893780482,0.11693548387096774,0.2782258064516129,0.5040322580645161,0.10080645161290322
779,-39.45716298490528,196,0.05,2.290143348311629e-05,1.4568456378946553,0.09183673469387756,0.2653061224489796,0.5102040816326531,0.1326530612244898
780,229.7264654181541,394,0.05,2.2743841057727436e-05,1.4617701387700053,0.21573604060913706,0.1446700507614213,0.4720812182741117,0.16751269035532995
781,-59.831579036251725,214,0.05,2.2587333078539656e-05,1.431794128957608,0.21962616822429906,0.1588785046728972,0.48598130841121495,0.13551401869158877
782,178.5271465881083,694,0.05,2.2431902083115847e-05,1.4470604257088933,0.3227665706051873,0.20028818443804033,0.34293948126801155,0.1340057636887608
783,280.28129514530235,320,0.05,2.2277540660370424e-05,1.430241334512889,0.253125,0.14375,0.375,0.228125
784,-27.136057943658287,255,0.05,2.2124241450215965e-05,1.4352397879302439,0.17254901960784313,0.14901960784313725,0.5176470588235295,0.1607843137254902
785,155.23769519282928,840,0.05,2.1971997143212276e-05,1.4679914134261318,0.1630952380952381,0.15714285714285714,0.4869047619047619,0.19285714285714287
786,-245.2201065464765,483,0.05,2.1820800480217858e-05,1.4333399093030996,0.12422360248447205,0.2153209109730849,0.4492753623188406,0.2111801242236025
787,221.22553852088117,601,0.05,2.16706442520438e-05,1.4340817236378838,0.15141430948419302,0.16805324459234608,0.519134775374376,0.16139767054908485
788,210.1149599302687,569,0.05,2.1521521299110032e-05,1.4674948472232239,0.17223198594024605,0.15817223198594024,0.5289982425307557,0.140597539543058
789,174.8496509225531,396,0.05,2.1373424511103943e-05,1.459063166775742,0.10101010101010101,0.36363636363636365,0.4595959595959596,0.07575757575757576
790,-314.2371605914619,242,0.05,2.1226346826641367e-05,1.4587103393184835,0.045454545454545456,0.24380165289256198,0.5950413223140496,0.11570247933884298
791,261.9778290103783,329,0.05,2.1080281232929883e-05,1.45681853934736,0.5045592705167173,0.0547112462006079,0.3556231003039514,0.0851063829787234
792,248.60916530908355,403,0.05,2.0935220765434445e-05,1.4526744180590707,0.2853598014888337,0.17121588089330025,0.4143920595533499,0.12903225806451613
793,287.89490031739757,320,0.05,2.0791158507545297e-05,1.462144030998764,0.16875,0.2125,0.36875,0.25
794,242.56828233078684,335,0.05,2.0648087590248188e-05,1.4559288179798067,0.31343283582089554,0.13432835820895522,0.43283582089552236,0.11940298507462686
795,159.94994201101878,754,0.05,2.0506001191796858e-05,1.4505038219606081,0.34350132625994695,0.2546419098143236,0.31432360742705573,0.08753315649867374
796,175.48075432922897,928,0.05,2.036489253738776e-05,1.4480321421236544,0.1810344827586207,0.16056034482758622,0.49676724137931033,0.16163793103448276
797,235.2622273449591,398,0.05,2.0224754898837043e-05,1.4709008442398168,0.20351758793969849,0.16331658291457288,0.4748743718592965,0.15829145728643215
798,233.72301789925348,473,0.05,2.008558159425973e-05,1.4569920773278144,0.2832980972515856,0.13107822410147993,0.2938689217758985,0.2917547568710359
799,208.39984375592175,558,0.05,1.9947365987751136e-05,1.4381049713774765,0.18996415770609318,0.17562724014336917,0.43548387096774194,0.1989247311827957
800,44.88825292290616,172,0.05,1.981010148907046e-05,1.45929719355909,0.05232558139534884,0.20930232558139536,0.47093023255813954,0.26744186046511625
801,236.26155340126468,310,0.05,1.9673781553326545e-05,1.447800622887049,0.2161290322580645,0.16129032258064516,0.4935483870967742,0.12903225806451613
802,10.228017724432448,207,0.05,1.9538399680665823e-05,1.4825062724622196,0.12560386473429952,0.14492753623188406,0.5845410628019324,0.14492753623188406
803,4.159345865481626,214,0.05,1.9403949415962396e-05,1.4682737722192196,0.11214953271028037,0.18691588785046728,0.5747663551401869,0.1261682242990654
804,-303.731223292452,358,0.05,1.9270424348510242e-05,1.468386180780627,0.07262569832402235,0.11452513966480447,0.6787709497206704,0.1340782122905028
805,152.2159296253141,693,0.05,1.913781811171755e-05,1.4505214507874087,0.1673881673881674,0.16017316017316016,0.5151515151515151,0.15728715728715728
806,231.26772705918722,339,0.05,1.9006124382803167e-05,1.450958507824372,0.2920353982300885,0.14749262536873156,0.35398230088495575,0.20648967551622419
807,239.9601035945024,392,0.05,1.8875336882495104e-05,1.477066194543073,0.22448979591836735,0.18622448979591838,0.4336734693877551,0.1556122448979592
808,209.2703704609724,469,0.05,1.8745449374731143e-05,1.4597346236610163,0.15991471215351813,0.17697228144989338,0.5010660980810234,0.16204690831556504
809,-78.27280253155632,1000,0.05,1.86164556663615e-05,1.4470756224012766,0.14,0.13,0.583,0.147
810,292.84307903563854,246,0.05,1.8488349606853527e-05,1.4366340061678895,0.3089430894308943,0.22357723577235772,0.3983739837398374,0.06910569105691057
811,170.51544479651992,654,0.05,1.8361125087998447e-05,1.4672655467011575,0.22629969418960244,0.14220183486238533,0.481651376146789,0.14984709480122324
812,-53.724377975524234,352,0.05,1.823477604362011e-05,1.446958547599729,0.125,0.28125,0.4431818181818182,0.15056818181818182
813,-232.08848619001301,748,0.05,1.8109296449285756e-05,1.4579913676764125,0.0855614973262032,0.15106951871657753,0.5882352941176471,0.1751336898395722
814,201.18029722339134,422,0.05,1.7984680322018758e-05,1.4679008766974422,0.0971563981042654,0.33649289099526064,0.44786729857819907,0.11848341232227488
815,219.02559954697932,710,0.05,1.7860921720013358e-05,1.46583313684971,0.2028169014084507,0.12535211267605634,0.5422535211267606,0.1295774647887324
816,260.4947589051402,446,0.05,1.773801474235135e-05,1.4559359070962816,0.23542600896860988,0.13004484304932734,0.40358744394618834,0.23094170403587444
817,179.58132520687442,588,0.05,1.7615953528720717e-05,1.4507858707528312,0.2465986394557823,0.12414965986394558,0.39285714285714285,0.23639455782312926
818,258.39559944777307,374,0.05,1.7494732259136213e-05,1.4584710475667475,0.25935828877005346,0.18716577540106952,0.39572192513368987,0.15775401069518716
819,129.31497377514233,935,0.05,1.7374345153661857e-05,1.4574628334322324,0.15294117647058825,0.14545454545454545,0.5518716577540107,0.1497326203208556
820,188.15454428009235,745,0.05,1.725478647213534e-05,1.448301408556218,0.17986577181208055,0.1342281879194631,0.5637583892617449,0.1221476510067114
821,192.15874971261965,739,0.05,1.7136050513894327e-05,1.456684438322506,0.15832205683355885,0.14073071718538566,0.5534506089309879,0.14749661705006767
822,-219.9754364079871,644,0.05,1.7018131617504658e-05,1.44141331373041,0.08229813664596274,0.15527950310559005,0.5993788819875776,0.16304347826086957
823,177.24577586841707,723,0.05,1.6901024160490384e-05,1.4288181254114654,0.20193637621023514,0.14246196403872752,0.5214384508990318,0.13416320885200553
824,195.3223977861939,539,0.05,1.67847225590657e-05,1.4619591329503878,0.2504638218923933,0.137291280148423,0.46567717996289426,0.14656771799628943
825,-13.517000310904455,1000,0.05,1.66692212678687e-05,1.4412886005586798,0.135,0.14,0.585,0.14
826,-110.94123221604906,117,0.05,1.6554514779696966e-05,1.463663229950699,0.21367521367521367,0.10256410256410256,0.6410256410256411,0.042735042735042736
827,258.44599561566196,520,0.05,1.6440597625244978e-05,1.4467483466982751,0.3423076923076923,0.14615384615384616,0.3923076923076923,0.11923076923076924
828,222.63022025600952,535,0.05,1.6327464372843345e-05,1.451219189170688,0.18878504672897195,0.14392523364485982,0.5308411214953271,0.13644859813084112
829,237.68717532447548,603,0.05,1.6215109628199808e-05,1.440315373694206,0.23217247097844113,0.1044776119402985,0.548922056384743,0.11442786069651742
830,184.20843374693214,709,0.05,1.6103528034142037e-05,1.4285076111648813,0.23554301833568406,0.11706629055007052,0.53737658674189,0.11001410437235543
831,-299.24590189175206,413,0.05,1.5992714270362195e-05,1.4456438435840833,0.1234866828087167,0.12590799031476999,0.6029055690072639,0.14769975786924938
832,-28.872091638430547,474,0.05,1.5882663053163262e-05,1.428389504206514,0.1540084388185654,0.16033755274261605,0.5464135021097046,0.13924050632911392
833,107.85814197378268,1000,0.05,1.577336913520711e-05,1.422457685045724,0.59,0.211,0.153,0.046
834,-207.24741252140274,502,0.05,1.56648273052643e-05,1.4545757777552997,0.1752988047808765,0.10956175298804781,0.5876494023904383,0.12749003984063745
835,244.3908854919499,407,0.05,1.5557032387965604e-05,1.435024094262385,0.1941031941031941,0.16707616707616707,0.49385749385749383,0.14496314496314497
836,186.41399501658344,793,0.05,1.544997924355524e-05,1.4178912864164446,0.1626733921815889,0.13745271122320302,0.5662042875157629,0.13366960907944514
837,-223.69393592953156,846,0.05,1.53436627676458e-05,1.4385637352909126,0.21513002364066194,0.11583924349881797,0.5531914893617021,0.11583924349881797
838,-156.74880497530387,409,0.05,1.5238077890974887e-05,1.4308263712510638,0.07090464547677261,0.15892420537897312,0.6063569682151589,0.16381418092909536
839,-280.65750318154437,656,0.05,1.5133219579163384e-05,1.4116974360551295,0.2682926829268293,0.0975609756097561,0.5152439024390244,0.11890243902439024
840,234.9582498790616,417,0.05,1.5029082832475423e-05,1.410067589937995,0.2014388489208633,0.1750599520383693,0.4556354916067146,0.16786570743405277
841,222.21406179196288,683,0.05,1.4925662685579993e-05,1.4370952484315311,0.20351390922401172,0.3118594436310395,0.37042459736456806,0.11420204978038068
842,137.09349778180285,962,0.05,1.4822954207314186e-05,1.4173946792576197,0.19126819126819128,0.13201663201663202,0.5467775467775468,0.12993762993762994
843,215.46359415007643,433,0.05,1.4720952500448076e-05,1.4165860180062213,0.17321016166281755,0.16397228637413394,0.5057736720554272,0.15704387990762125
844,-113.85539567857077,230,0.05,1.4619652701451211e-05,1.4340960754917333,0.1,0.16521739130434782,0.5478260869565217,0.18695652173913044
845,19.899490501992894,1000,0.05,1.4519049980260725e-05,1.4224667502266075,0.102,0.162,0.57,0.166
846,136.34667222318825,928,0.05,1.4419139540051027e-05,1.4193798562213575,0.2521551724137931,0.1400862068965517,0.49030172413793105,0.11745689655172414
847,-120.52201640306444,329,0.05,1.4319916617005086e-05,1.42804849990027,0.0364741641337386,0.2066869300911854,0.5379939209726444,0.2188449848024316
848,-115.02070255075793,293,0.05,1.4221376480087294e-05,1.4095922550099138,0.09897610921501707,0.14334470989761092,0.6006825938566553,0.15699658703071673
849,246.8155552419712,419,0.05,1.4123514430817878e-05,1.4186466906040318,0.315035799522673,0.13842482100238662,0.3747016706443914,0.1718377088305489
850,228.6445733261463,531,0.05,1.4026325803048881e-05,1.3988664309002452,0.21657250470809794,0.1393596986817326,0.5009416195856874,0.1431261770244821
851,161.87418939571114,711,0.05,1.3929805962741665e-05,1.4329501508987206,0.25316455696202533,0.10970464135021098,0.5133614627285513,0.12376933895921238
852,271.4901635723142,417,0.05,1.3833950307745965e-05,1.4203347223789422,0.42206235011990406,0.16786570743405277,0.30935251798561153,0.10071942446043165
853,-305.3227385878052,895,0.05,1.3738754267580453e-05,1.3990998955835587,0.17988826815642459,0.1418994413407821,0.5307262569832403,0.14748603351955308
854,-114.49326887188553,307,0.05,1.364421330321481e-05,1.4089542952807528,0.11074918566775244,0.13355048859934854,0.5928338762214984,0.16286644951140064
855,177.75708774900448,600,0.05,1.3550322906853302e-05,1.4130126272189385,0.2783333333333333,0.11333333333333333,0.49166666666666664,0.11666666666666667
856,-129.82569113949907,519,0.05,1.345707860171985e-05,1.4089542127427939,0.16955684007707128,0.11560693641618497,0.5838150289017341,0.13102119460500963
857,-154.0516665988469,220,0.05,1.3364475941844564e-05,1.3904734155456784,0.12272727272727273,0.11818181818181818,0.5818181818181818,0.17727272727272728
858,-147.56862941598274,287,0.05,1.3272510511851765e-05,1.377911246250072,0.07317073170731707,0.18466898954703834,0.5400696864111498,0.20209059233449478
859,184.34822205807103,769,0.05,1.3181177926749448e-05,1.4050049999505811,0.2106631989596879,0.15864759427828348,0.4811443433029909,0.14954486345903772
860,235.9466562801428,382,0.05,1.3090473831720205e-05,1.398131834091916,0.2198952879581152,0.1256544502617801,0.5261780104712042,0.12827225130890052
861,212.36114681405923,537,0.05,1.3000393901913585e-05,1.3891076709935182,0.2737430167597765,0.09497206703910614,0.5325884543761639,0.09869646182495345
862,190.0769658809051,690,0.05,1.2910933842239878e-05,1.3976410336719467,0.15507246376811595,0.1536231884057971,0.5434782608695652,0.14782608695652175
863,-145.15176571205185,272,0.05,1.2822089387165325e-05,1.3943784776800314,0.07720588235294118,0.17647058823529413,0.5514705882352942,0.1948529411764706
864,-130.39549751443056,279,0.05,1.273385630050873e-05,1.3913928854976194,0.035842293906810034,0.1827956989247312,0.5842293906810035,0.1971326164874552
865,245.5993898962992,625,0.05,1.2646230375239476e-05,1.3712281586844344,0.2672,0.392,0.2816,0.0592
866,168.89016150112596,598,0.05,1.2559207433276937e-05,1.364213139984575,0.23578595317725753,0.11872909698996656,0.5301003344481605,0.11538461538461539
867,-1.5177430485982086,1000,0.05,1.2472783325291252e-05,1.3797662198625136,0.104,0.164,0.568,0.164
868,-2.436331067876737,1000,0.05,1.2386953930505488e-05,1.369158722474826,0.127,0.152,0.572,0.149
869,-10.480166877687994,1000,0.05,1.2301715156499158e-05,1.363429051841611,0.135,0.138,0.584,0.143
870,235.4701768715571,415,0.05,1.2217062939013088e-05,1.342264805566666,0.17590361445783131,0.17590361445783131,0.4819277108433735,0.16626506024096385
871,160.22048543706455,912,0.05,1.2132993241755632e-05,1.35844159330862,0.2719298245614035,0.10855263157894737,0.49780701754385964,0.12171052631578948
872,242.14830527799126,526,0.05,1.2049502056210217e-05,1.3466090574919505,0.3935361216730038,0.11406844106463879,0.3897338403041825,0.10266159695817491
873,-245.952253942041,216,0.05,1.1966585401444214e-05,1.3420812872650616,0.041666666666666664,0.1527777777777778,0.5972222222222222,0.20833333333333334
874,204.58759433724413,805,0.05,1.1884239323919121e-05,1.3381335502674148,0.2372670807453416,0.1391304347826087,0.5018633540372671,0.12173913043478261
875,288.15657492386595,364,0.05,1.1802459897302061e-05,1.3351893085405022,0.5357142857142857,0.10164835164835165,0.23076923076923078,0.13186813186813187
876,-30.411967957429248,1000,0.05,1.1721243222278564e-05,1.3396979288109845,0.081,0.162,0.58,0.177
877,241.71821865040488,532,0.05,1.1640585426366647e-05,1.3344335869383381,0.18609022556390978,0.14661654135338345,0.5319548872180451,0.13533834586466165
878,-156.47076063029928,281,0.05,1.1560482663732173e-05,1.333848639566554,0.05338078291814947,0.1708185053380783,0.6014234875444839,0.17437722419928825
879,-141.48706549069254,254,0.05,1.1480931115005475e-05,1.348668024304249,0.07480314960629922,0.15748031496062992,0.5905511811023622,0.17716535433070865
880,264.7870969452914,408,0.05,1.1401926987099248e-05,1.3379457269203257,0.25,0.14215686274509803,0.43137254901960786,0.17647058823529413
881,-181.20640838404282,248,0.05,1.1323466513027688e-05,1.3219698251001029,0.06048387096774194,0.16129032258064516,0.5967741935483871,0.1814516129032258
882,-160.43644738985984,313,0.05,1.1245545951726881e-05,1.333097091822389,0.0670926517571885,0.1757188498402556,0.5846645367412141,0.17252396166134185
883,-151.66076957265955,261,0.05,1.1168161587876426e-05,1.3266656910913845,0.038314176245210725,0.1685823754789272,0.6206896551724138,0.1724137931034483
884,173.15543339730098,989,0.05,1.1091309731722286e-05,1.3279447751552849,0.1911021233569262,0.13144590495449948,0.5581395348837209,0.11931243680485339
885,242.88053929899482,316,0.05,1.1014986718900852e-05,1.3281858407336609,0.18037974683544303,0.14873417721518986,0.5189873417721519,0.1518987341772152
886,157.02091087484374,806,0.05,1.093918891026423e-05,1.31469866330483,0.15508684863523572,0.1588089330024814,0.5397022332506204,0.14640198511166252
887,235.9436300055565,576,0.05,1.0863912691706718e-05,1.3078348021424628,0.16319444444444445,0.171875,0.4930555555555556,0.171875
888,-141.21142142834742,493,0.05,1.0789154473992486e-05,1.3180429172584895,0.11764705882352941,0.15618661257606492,0.5882352941176471,0.13793103448275862
889,-144.7152995074843,335,0.05,1.0714910692584437e-05,1.3124760326427325,0.06865671641791045,0.16417910447761194,0.6,0.16716417910447762
890,240.00876838245804,474,0.05,1.0641177807474243e-05,1.308095360563614,0.27637130801687765,0.11392405063291139,0.5063291139240507,0.10337552742616034
891,-181.94687593407946,269,0.05,1.0567952303013563e-05,1.3074286172322578,0.048327137546468404,0.16728624535315986,0.6096654275092936,0.17472118959107807
892,171.42254147659486,672,0.05,1.0495230687746404e-05,1.3106838909712115,0.16815476190476192,0.14434523809523808,0.5416666666666666,0.14583333333333334
893,-23.553536119098666,1000,0.05,1.042300949424265e-05,1.3053737058710657,0.338,0.128,0.449,0.085
894,-159.6807356759412,328,0.05,1.0351285278932735e-05,1.3045176027156142,0.036585365853658534,0.1951219512195122,0.5670731707317073,0.20121951219512196
895,228.74240636618134,567,0.05,1.0280054621943443e-05,1.3068579002467553,0.35978835978835977,0.09347442680776014,0.4497354497354497,0.09700176366843033
896,284.0637746569204,231,0.05,1.0209314126934852e-05,1.3192201696851629,0.22943722943722944,0.15151515151515152,0.47186147186147187,0.1471861471861472
897,241.14340804790098,499,0.05,1.0139060420938391e-05,1.2958372508581133,0.3186372745490982,0.07615230460921844,0.5210420841683366,0.0841683366733467
898,228.29075605841322,289,0.05,1.0069290154196015e-05,1.301331718756412,0.2975778546712803,0.1314878892733564,0.4359861591695502,0.13494809688581316
899,276.71051678825074,350,0.05,1.0000000000000484e-05,1.2860464614377758,0.2885714285714286,0.14285714285714285,0.4257142857142857,0.14285714285714285
900,-199.38353083961317,790,0.05,1e-05,1.3097616557505425,0.19367088607594937,0.11265822784810127,0.5810126582278481,0.11265822784810127
901,-193.1827728101532,806,0.05,1e-05,1.3006740548795988,0.20843672456575682,0.10669975186104218,0.5620347394540943,0.1228287841191067
902,202.5404443199106,561,0.05,1e-05,1.3025509707295184,0.2727272727272727,0.11051693404634581,0.5151515151515151,0.10160427807486631
903,230.38670375222057,558,0.05,1e-05,1.3103386648527167,0.11827956989247312,0.15412186379928317,0.5663082437275986,0.16129032258064516
904,186.31132754067164,871,0.05,1e-05,1.297789455171475,0.1618828932261768,0.16991963260619977,0.49942594718714123,0.1687715269804822
905,259.26788545826776,399,0.05,1e-05,1.2935359858262647,0.22055137844611528,0.16040100250626566,0.47619047619047616,0.14285714285714285
906,200.79207593490844,804,0.05,1e-05,1.293103570479443,0.35696517412935325,0.12437810945273632,0.39054726368159204,0.1281094527363184
907,-160.0163939860954,390,0.05,1e-05,1.3018015085855348,0.15897435897435896,0.11282051282051282,0.617948717948718,0.11025641025641025
908,-40.46882112500331,1000,0.05,1e-05,1.299404547152314,0.069,0.176,0.577,0.178
909,198.6231683061388,743,0.05,1e-05,1.3135327069106633,0.1857335127860027,0.13458950201884254,0.5423956931359354,0.13728129205921938
910,-140.2799995902055,403,0.05,1e-05,1.2882769901107836,0.14640198511166252,0.12406947890818859,0.5856079404466501,0.14392059553349876
911,247.07141136733932,429,0.05,1e-05,1.2915928737968512,0.2564102564102564,0.13053613053613053,0.48717948717948717,0.1258741258741259
912,-23.572449875892293,1000,0.05,1e-05,1.2966244592215266,0.063,0.189,0.564,0.184
913,-250.08523983092383,242,0.05,1e-05,1.3192089677190868,0.11983471074380166,0.13636363636363635,0.5950413223140496,0.1487603305785124
914,258.1202635678151,390,0.05,1e-05,1.2969191798352742,0.2564102564102564,0.1282051282051282,0.48205128205128206,0.13333333333333333
915,176.70919424568075,687,0.05,1e-05,1.2911026075699974,0.16739446870451238,0.1615720524017467,0.5109170305676856,0.16011644832605532
916,211.781508481232,491,0.05,1e-05,1.3061665259481947,0.17718940936863545,0.15274949083503056,0.5315682281059063,0.1384928716904277
917,225.6465627539884,496,0.05,1e-05,1.3025969367985026,0.22983870967741934,0.1431451612903226,0.4879032258064516,0.13911290322580644
918,251.5028458862952,446,0.05,1e-05,1.296641197834438,0.18161434977578475,0.1726457399103139,0.45964125560538116,0.1860986547085202
919,232.2112183417665,800,0.05,1e-05,1.274849613612003,0.34375,0.11125,0.42875,0.11625
920,225.658751354431,362,0.05,1e-05,1.3049284275196122,0.24585635359116023,0.13535911602209943,0.494475138121547,0.12430939226519337
921,-125.82289197441875,265,0.05,1e-05,1.2900982677893178,0.12830188679245283,0.12830188679245283,0.5962264150943396,0.1471698113207547
922,163.8812215878179,677,0.05,1e-05,1.3018744543262815,0.17134416543574593,0.1432791728212703,0.5435745937961596,0.14180206794682423
923,241.5858386014396,485,0.05,1e-05,1.2901303551282717,0.15670103092783505,0.16907216494845362,0.511340206185567,0.16288659793814433
924,218.15273573472285,495,0.05,1e-05,1.2892742294412423,0.19595959595959597,0.13131313131313133,0.5414141414141415,0.13131313131313133
925,-271.6890423892327,215,0.05,1e-05,1.289581966810366,0.09767441860465116,0.13953488372093023,0.586046511627907,0.17674418604651163
926,203.96541409152985,421,0.05,1e-05,1.294150492662206,0.26128266033254155,0.10688836104513064,0.5201900237529691,0.11163895486935867
927,245.33660593057093,429,0.05,1e-05,1.2816134691431411,0.30303030303030304,0.10722610722610723,0.49184149184149184,0.0979020979020979
928,-164.0594467500964,347,0.05,1e-05,1.276808633221306,0.20461095100864554,0.1037463976945245,0.5936599423631124,0.09798270893371758
929,231.78515950352164,286,0.05,1e-05,1.271667925342145,0.3531468531468531,0.11888111888111888,0.4020979020979021,0.1258741258741259
930,-268.25713404904246,204,0.05,1e-05,1.312253497424402,0.08333333333333333,0.14705882352941177,0.5686274509803921,0.20098039215686275
931,275.3653558153553,254,0.05,1e-05,1.2905700379067542,0.28346456692913385,0.16535433070866143,0.4015748031496063,0.14960629921259844
932,240.22177988639828,514,0.05,1e-05,1.286709379670982,0.2198443579766537,0.1517509727626459,0.4883268482490272,0.14007782101167315
933,-221.2722520851375,539,0.05,1e-05,1.2835622519286318,0.13358070500927643,0.19851576994434136,0.5473098330241187,0.12059369202226346
934,223.5362908908175,448,0.05,1e-05,1.2721671561915524,0.2700892857142857,0.12276785714285714,0.4955357142857143,0.11160714285714286
935,230.21515409402565,240,0.05,1e-05,1.3083497475404797,0.2916666666666667,0.10833333333333334,0.4875,0.1125
936,233.88540426939988,457,0.05,1e-05,1.2961811376269383,0.2363238512035011,0.10722100656455143,0.5514223194748359,0.1050328227571116
937,-330.68099825635454,388,0.05,1e-05,1.2802040380049573,0.059278350515463915,0.19072164948453607,0.5463917525773195,0.2036082474226804
938,233.2359200296014,374,0.05,1e-05,1.274609258562873,0.26737967914438504,0.12032085561497326,0.4946524064171123,0.11764705882352941
939,-167.10114220747175,738,0.05,1e-05,1.279541815005429,0.14634146341463414,0.14227642276422764,0.5772357723577236,0.13414634146341464
940,192.83935597387045,684,0.05,1e-05,1.2795560337222416,0.1871345029239766,0.13596491228070176,0.5365497076023392,0.14035087719298245
941,213.67484322831575,429,0.05,1e-05,1.2756211028470485,0.32634032634032634,0.10722610722610723,0.4592074592074592,0.10722610722610723
942,-138.07598764777433,189,0.05,1e-05,1.269938545887025,0.1164021164021164,0.10582010582010581,0.6349206349206349,0.14285714285714285
943,254.42826897790536,310,0.05,1e-05,1.2620356029961692,0.38064516129032255,0.11290322580645161,0.4096774193548387,0.0967741935483871
944,-79.8578957688781,448,0.05,1e-05,1.2775535440603085,0.2700892857142857,0.15848214285714285,0.41294642857142855,0.15848214285714285
945,234.97085261700798,279,0.05,1e-05,1.2974972859745042,0.34408602150537637,0.1003584229390681,0.46236559139784944,0.0931899641577061
946,250.90591468032153,343,0.05,1e-05,1.2816581964396143,0.4489795918367347,0.08454810495626822,0.37900874635568516,0.08746355685131195
947,-158.64476757801043,213,0.05,1e-05,1.2770441673230435,0.12206572769953052,0.13615023474178403,0.6009389671361502,0.14084507042253522
948,253.94507447710953,276,0.05,1e-05,1.2777967797006493,0.14855072463768115,0.18478260869565216,0.5036231884057971,0.16304347826086957
949,240.69785324028746,800,0.05,1e-05,1.2746465838693775,0.4975,0.15625,0.2725,0.07375
950,-153.0774328744845,413,0.05,1e-05,1.2848793881902087,0.0774818401937046,0.2324455205811138,0.5254237288135594,0.16464891041162227
951,258.9550457494327,329,0.05,1e-05,1.283888879429839,0.22796352583586627,0.1337386018237082,0.5106382978723404,0.1276595744680851
952,-221.90160937583994,103,0.05,1e-05,1.2635286840552342,0.08737864077669903,0.10679611650485436,0.6699029126213593,0.13592233009708737
953,202.55240471682887,409,0.05,1e-05,1.2775386063291643,0.2469437652811736,0.1295843520782396,0.5012224938875306,0.12224938875305623
954,228.18678728559524,295,0.05,1e-05,1.2706484134588625,0.27796610169491526,0.09152542372881356,0.5220338983050847,0.10847457627118644
955,244.3137412697016,535,0.05,1e-05,1.2784950637412085,0.4130841121495327,0.11588785046728972,0.36822429906542054,0.102803738317757
956,222.16032109893644,489,0.05,1e-05,1.2696977662331026,0.40286298568507156,0.12269938650306748,0.3476482617586912,0.12678936605316973
957,229.09848942918723,336,0.05,1e-05,1.2713153994277149,0.2916666666666667,0.12202380952380952,0.4642857142857143,0.12202380952380952
958,241.05361536248043,360,0.05,1e-05,1.248112777082581,0.24722222222222223,0.125,0.5055555555555555,0.12222222222222222
959,-208.37202410377438,868,0.05,1e-05,1.257221940656421,0.17626728110599077,0.11635944700460829,0.5806451612903226,0.12672811059907835
960,-169.4269196802672,100,0.05,1e-05,1.2938318735145549,0.01,0.18,0.64,0.17
961,225.73769579919127,346,0.05,1e-05,1.2702529987005255,0.21098265895953758,0.1531791907514451,0.49710982658959535,0.13872832369942195
962,-155.7493689445756,333,0.05,1e-05,1.2737678052788772,0.08108108108108109,0.15315315315315314,0.5885885885885885,0.17717717717717718
963,-156.65783562720617,441,0.05,1e-05,1.2663359952717541,0.20408163265306123,0.11337868480725624,0.562358276643991,0.12018140589569161
964,275.0789682976507,209,0.05,1e-05,1.2507866122369329,0.36363636363636365,0.13875598086124402,0.3827751196172249,0.11483253588516747
965,-151.42941890349647,303,0.05,1e-05,1.254490506752016,0.30033003300330036,0.056105610561056105,0.5808580858085809,0.0627062706270627
966,211.34759141135515,401,0.05,1e-05,1.2763803522789887,0.08229426433915212,0.3192019950124688,0.48129675810473815,0.1172069825436409
967,175.98274303604913,443,0.05,1e-05,1.2684410828141228,0.24379232505643342,0.16252821670428894,0.435665914221219,0.1580135440180587
968,233.54276331676772,381,0.05,1e-05,1.2553058912455437,0.1679790026246719,0.16272965879265092,0.49868766404199477,0.17060367454068243
969,-153.6346788364809,213,0.05,1e-05,1.2763941715377258,0.3051643192488263,0.09389671361502347,0.5070422535211268,0.09389671361502347
970,271.29785592229075,288,0.05,1e-05,1.2490360888248553,0.2916666666666667,0.16319444444444445,0.4409722222222222,0.10416666666666667
971,230.00451731564507,334,0.05,1e-05,1.262641478451118,0.24850299401197604,0.1317365269461078,0.4820359281437126,0.1377245508982036
972,-134.55393956871353,541,0.05,1e-05,1.268181188198398,0.19408502772643252,0.20517560073937152,0.49907578558225507,0.10166358595194085
973,-153.8800662403616,472,0.05,1e-05,1.2614034936160623,0.3008474576271186,0.06991525423728813,0.5572033898305084,0.07203389830508475
974,-170.0938561684418,220,0.05,1e-05,1.247687231364638,0.16363636363636364,0.10909090909090909,0.6181818181818182,0.10909090909090909
975,242.7052209714415,469,0.05,1e-05,1.2529378399161946,0.3326226012793177,0.11940298507462686,0.42217484008528783,0.1257995735607676
976,-136.1337051917264,446,0.05,1e-05,1.2439545734690882,0.2062780269058296,0.10986547085201794,0.594170403587444,0.08968609865470852
977,256.41756683780073,383,0.05,1e-05,1.2657586758616794,0.3289817232375979,0.10966057441253264,0.44386422976501305,0.1174934725848564
978,-126.2849085605463,280,0.05,1e-05,1.2444360347325665,0.12857142857142856,0.11071428571428571,0.6285714285714286,0.13214285714285715
979,209.48128797138168,413,0.05,1e-05,1.2583396144213577,0.2736077481840194,0.1162227602905569,0.5060532687651331,0.10411622276029056
980,-184.38849414309243,122,0.05,1e-05,1.2446270034418,0.10655737704918032,0.13934426229508196,0.6229508196721312,0.13114754098360656
981,-142.7012431198537,444,0.05,1e-05,1.2405989636769537,0.23198198198198197,0.0990990990990991,0.5743243243243243,0.0945945945945946
982,-234.93129098968015,101,0.05,1e-05,1.244991623555964,0.26732673267326734,0.0594059405940594,0.5742574257425742,0.09900990099009901
983,251.8317665937667,635,0.05,1e-05,1.257108611885934,0.415748031496063,0.3354330708661417,0.1858267716535433,0.06299212598425197
984,-197.0175046593462,107,0.05,1e-05,1.2499318249745357,0.08411214953271028,0.11214953271028037,0.6635514018691588,0.14018691588785046
985,-181.17492374258518,693,0.05,1e-05,1.2478664536147128,0.240981240981241,0.12554112554112554,0.5382395382395382,0.09523809523809523
986,-137.00015402875312,382,0.05,1e-05,1.250792125794668,0.2356020942408377,0.0968586387434555,0.581151832460733,0.08638743455497382
987,-185.51730761553978,235,0.05,1e-05,1.2423390296362586,0.20851063829787234,0.1276595744680851,0.5234042553191489,0.14042553191489363
988,225.71135397243708,289,0.05,1e-05,1.2611710160819098,0.3044982698961938,0.10726643598615918,0.49480968858131485,0.09342560553633218
989,-218.48916629024055,110,0.05,1e-05,1.2573297000404948,0.0,0.18181818181818182,0.6454545454545455,0.17272727272727273
990,-148.763664428795,409,0.05,1e-05,1.2520263461458423,0.20048899755501223,0.11491442542787286,0.5696821515892421,0.11491442542787286
991,-173.54342801217402,390,0.05,1e-05,1.2427879677959563,0.1641025641025641,0.1282051282051282,0.5820512820512821,0.12564102564102564
992,199.60180133103435,604,0.05,1e-05,1.230637226857493,0.3509933774834437,0.24668874172185432,0.31125827814569534,0.09105960264900662
993,240.99792648785558,278,0.05,1e-05,1.2235377471558035,0.3489208633093525,0.1223021582733813,0.4136690647482014,0.11510791366906475
994,-85.6034074256039,574,0.05,1e-05,1.2418399494092247,0.18989547038327526,0.2613240418118467,0.4686411149825784,0.08013937282229965
995,266.2073281386349,345,0.05,1e-05,1.233855787167415,0.39420289855072466,0.08405797101449275,0.4434782608695652,0.0782608695652174
996,-175.79533527692348,693,0.05,1e-05,1.2352813230610855,0.2784992784992785,0.0735930735930736,0.5670995670995671,0.08080808080808081
997,245.91742442462922,292,0.05,1e-05,1.2330279899270402,0.410958904109589,0.0821917808219178,0.4349315068493151,0.07191780821917808
998,-233.66657111589586,209,0.05,1e-05,1.236112432480445,0.10526315789473684,0.1674641148325359,0.5358851674641149,0.19138755980861244
999,-127.40900131036341,215,0.05,1e-05,1.264262166420912,0.19069767441860466,0.09767441860465116,0.6232558139534884,0.08837209302325581
