Episode,Total_Reward,Steps,Epsilon,Learning_Rate,Average_Loss,Action_0_Percentage,Action_1_Percentage,Action_2_Percentage,Action_3_Percentage
0,-79.40031239398846,89,0.9950195566196387,0.00496559332726813,0.0,0.33707865168539325,0.19101123595505617,0.24719101123595505,0.2247191011235955
1,-124.62012543659846,80,0.9900639180555424,0.004931423418361956,0.0,0.325,0.25,0.2125,0.2125
2,-307.2605755048261,85,0.9851329607687281,0.004897488644030385,0.0,0.2823529411764706,0.21176470588235294,0.2235294117647059,0.2823529411764706
3,-424.40747413449304,89,0.9802265618354918,0.004863787386233744,0.0,0.24719101123595505,0.21348314606741572,0.23595505617977527,0.30337078651685395
4,-257.57636050670527,138,0.975344598944344,0.004830318038066636,0.0,0.2391304347826087,0.2318840579710145,0.2826086956521739,0.2463768115942029
5,-330.4142226869917,80,0.9704869503929605,0.004797079003681315,0.0,0.2375,0.2875,0.2375,0.2375
6,-170.789888501279,105,0.9656534950851489,0.004764068698211598,0.0,0.24761904761904763,0.2857142857142857,0.20952380952380953,0.2571428571428571
7,-200.30543042256392,63,0.9608441125278293,0.0047312855476972955,0.0,0.25396825396825395,0.23809523809523808,0.1746031746031746,0.3333333333333333
8,-283.79999230090095,80,0.956058682828031,0.004698727989009166,0.0,0.275,0.225,0.2625,0.2375
9,-223.8443986106583,99,0.9512970866899032,0.004666394469774383,0.0,0.31313131313131315,0.20202020202020202,0.26262626262626265,0.2222222222222222
10,-358.396744061295,149,0.9465592054117414,0.004634283448302516,0.0,0.2550335570469799,0.2348993288590604,0.3221476510067114,0.18791946308724833
11,-108.11354490997749,68,0.9418449208830285,0.004602393393512023,0.0,0.36764705882352944,0.19117647058823528,0.19117647058823528,0.25
12,-159.39387809599612,66,0.9371541155814898,0.004570722784857245,0.0,0.2727272727272727,0.15151515151515152,0.2727272727272727,0.30303030303030304
13,-257.82592667740573,98,0.9324866725701636,0.004539270112255908,0.0,0.21428571428571427,0.2653061224489796,0.2653061224489796,0.25510204081632654
14,-168.4296864251795,78,0.9278424754944864,0.004508033876017119,0.0,0.2692307692307692,0.2564102564102564,0.2564102564102564,0.21794871794871795
15,-199.23960892415977,88,0.9232214085793918,0.004477012586769858,0.0,0.3068181818181818,0.2159090909090909,0.2727272727272727,0.20454545454545456
16,-342.88743380786406,105,0.9186233566264248,0.004446204765391968,0.0,0.21904761904761905,0.2761904761904762,0.2761904761904762,0.22857142857142856
17,-250.04151062976206,69,0.9140482050108695,0.004415608942939624,0.0,0.21739130434782608,0.18840579710144928,0.2028985507246377,0.391304347826087
18,-192.67242147351942,103,0.9094958396788919,0.004385223660577296,0.0,0.21359223300970873,0.20388349514563106,0.23300970873786409,0.34951456310679613
19,-76.80451237624189,72,0.904966147144697,0.004355047469508188,0.0,0.25,0.25,0.2638888888888889,0.2361111111111111
20,-108.50683786811673,64,0.9004590144876992,0.004325078930905163,0.0,0.40625,0.25,0.203125,0.140625
21,-435.79719806043977,103,0.8959743293497072,0.004295316615842131,0.0,0.24271844660194175,0.30097087378640774,0.2524271844660194,0.20388349514563106
22,-159.98947419555958,94,0.8915119799321238,0.004265759105225923,0.0,0.2872340425531915,0.23404255319148937,0.23404255319148937,0.24468085106382978
23,-85.3603608923648,94,0.8870718549931581,0.004236404989728622,0.0,0.30851063829787234,0.20212765957446807,0.24468085106382978,0.24468085106382978
24,-107.4804525752881,74,0.8826538438450526,0.004207252869720371,0.0,0.20270270270270271,0.33783783783783783,0.17567567567567569,0.28378378378378377
25,-79.89816730266409,100,0.878257836351324,0.0041783013552026335,0.0,0.32,0.2,0.19,0.29
26,-397.6654013634254,105,0.8738837229240176,0.004149549065741917,0.0,0.29523809523809524,0.29523809523809524,0.18095238095238095,0.22857142857142856
27,-304.8577668418946,114,0.8695313945209752,0.004120994630403953,0.0,0.21929824561403508,0.24561403508771928,0.2631578947368421,0.2719298245614035
28,-218.27096424669122,94,0.8652007426431169,0.004092636687688333,0.0,0.2978723404255319,0.26595744680851063,0.19148936170212766,0.24468085106382978
29,-118.08003788246583,66,0.8608916593317363,0.004064473885463585,0.0,0.3181818181818182,0.22727272727272727,0.30303030303030304,0.15151515151515152
30,-172.0664720754534,97,0.8566040371658092,0.00403650488090271,0.0,0.23711340206185566,0.23711340206185566,0.2268041237113402,0.29896907216494845
31,-97.07451320205678,105,0.852337769259316,0.004008728340419147,0.0,0.3238095238095238,0.20952380952380953,0.26666666666666666,0.2
32,-184.4808586652971,75,0.8480927492585766,0.003981142939603193,0.0,0.4,0.22666666666666666,0.24,0.13333333333333333
33,-271.9616125116786,71,0.8438688713395993,0.003953747363158849,0.0,0.36619718309859156,0.2676056338028169,0.2535211267605634,0.11267605633802817
34,-226.9204731086402,63,0.8396660302054431,0.003926540304841109,0.0,0.19047619047619047,0.19047619047619047,0.2222222222222222,0.3968253968253968
35,-517.7474204486911,111,0.8354841210835922,0.0038995204673936763,0.0,0.25225225225225223,0.24324324324324326,0.3333333333333333,0.17117117117117117
36,-191.3300626982155,104,0.8313230397233444,0.003872686562487108,0.0,0.2692307692307692,0.3269230769230769,0.17307692307692307,0.23076923076923078
37,-118.99533658985969,101,0.8271826823932125,0.003846037310657387,0.0,0.2079207920792079,0.27722772277227725,0.21782178217821782,0.297029702970297
38,-255.0170274192444,102,0.8230629458783377,0.0038195714412449172,0.0,0.24509803921568626,0.27450980392156865,0.21568627450980393,0.2647058823529412
39,-119.85238411825264,86,0.8189637274779172,0.003793287692333935,0.0,0.19767441860465115,0.36046511627906974,0.19767441860465115,0.2441860465116279
40,-449.0865347144557,124,0.8148849250026439,0.0037671848106923425,0.0,0.29838709677419356,0.27419354838709675,0.22580645161290322,0.20161290322580644
41,-274.0698418381378,94,0.8108264367721583,0.00374126155171195,0.0,0.30851063829787234,0.22340425531914893,0.18085106382978725,0.2872340425531915
42,-94.29713773810704,63,0.8067881616125144,0.003715516679349134,0.0,0.38095238095238093,0.15873015873015872,0.2698412698412698,0.19047619047619047
43,-390.43326045191986,106,0.8027699988536575,0.0036899489660659,0.0,0.2358490566037736,0.2169811320754717,0.1792452830188679,0.36792452830188677
44,-185.8109884513676,79,0.7987718483269142,0.003664557192771354,0.0,0.379746835443038,0.2911392405063291,0.17721518987341772,0.1518987341772152
45,-233.18406420465732,108,0.7947936103624954,0.0036393401487635735,0.0,0.39814814814814814,0.2222222222222222,0.21296296296296297,0.16666666666666666
46,-366.1115167871176,82,0.7908351857870121,0.003614296631671881,0.0,0.36585365853658536,0.2926829268292683,0.15853658536585366,0.18292682926829268
47,-183.22868563370338,93,0.7868964759210023,0.0035894254473995144,0.0,0.1827956989247312,0.26881720430107525,0.1827956989247312,0.3655913978494624
48,-215.78185190721695,111,0.7829773825764719,0.00356472541006669,0.0,0.36036036036036034,0.27927927927927926,0.16216216216216217,0.1981981981981982
49,-112.5085236131671,119,0.7790778080544463,0.0035401953419540613,0.0,0.31092436974789917,0.2605042016806723,0.24369747899159663,0.18487394957983194
50,-121.45026162907203,72,0.7751976551425351,0.0035158340734465607,0.0,0.4027777777777778,0.2361111111111111,0.1527777777777778,0.20833333333333334
51,-112.85782992225457,64,0.771336827112509,0.003491640442977634,0.0,0.40625,0.265625,0.171875,0.15625
52,-116.62087507361291,57,0.7674952277178876,0.0034676132969738557,0.0,0.22807017543859648,0.2807017543859649,0.08771929824561403,0.40350877192982454
53,-280.1056055338398,71,0.7636727611915411,0.003443751489799924,0.0,0.36619718309859156,0.352112676056338,0.15492957746478872,0.1267605633802817
54,-246.0852663212048,87,0.7598693322433026,0.0034200538837040368,0.0,0.3333333333333333,0.3103448275862069,0.16091954022988506,0.19540229885057472
55,-336.49545940766154,137,0.7560848460575919,0.0033965193487636436,1.288726747927957,0.1678832116788321,0.291970802919708,0.31386861313868614,0.22627737226277372
56,-223.53769086572595,119,0.7523192082910528,0.003373146762831569,0.9319877220403008,0.21008403361344538,0.2184873949579832,0.33613445378151263,0.23529411764705882
57,-112.59667181957977,82,0.748572325070201,0.0033499350114825064,0.84102887336892,0.24390243902439024,0.24390243902439024,0.34146341463414637,0.17073170731707318
58,-282.01298928314156,140,0.7448441029890834,0.0033268829879598842,0.7896292680534328,0.17142857142857143,0.2642857142857143,0.32857142857142857,0.2357142857142857
59,-226.3439475915203,130,0.7411344491069503,0.003303989593123092,0.7452963656370062,0.16153846153846155,0.27692307692307694,0.3,0.26153846153846155
60,-122.13717893689874,151,0.7374432709459379,0.0032812537353950743,0.7268080450668969,0.2185430463576159,0.2185430463576159,0.4105960264900662,0.152317880794702
61,-98.0981227048427,75,0.7337704764887631,0.0032586743307102817,0.7332669114767078,0.17333333333333334,0.28,0.3466666666666667,0.2
62,-60.50781789889244,132,0.7301159741764301,0.003236250302462983,0.6956070805779733,0.1590909090909091,0.25757575757575757,0.3484848484848485,0.23484848484848486
63,-85.24640759359617,125,0.7264796729059471,0.003213980581455931,1.0901924631870261,0.184,0.296,0.28,0.24
64,-134.53189718126157,175,0.7228614820280556,0.0031918641058493835,1.359252738036656,0.21142857142857144,0.21714285714285714,0.3942857142857143,0.17714285714285713
65,-105.04565700827553,76,0.7192613113449707,0.003169899821110471,1.1814892510585278,0.2631578947368421,0.19736842105263158,0.34210526315789475,0.19736842105263158
66,-87.51378090933284,92,0.7156790711081327,0.003148086679962919,1.0836253672907439,0.1956521739130435,0.21739130434782608,0.42391304347826086,0.16304347826086957
67,-61.258789500415915,104,0.712114672015969,0.0031264236423371103,1.0042081698688734,0.19230769230769232,0.22115384615384615,0.3076923076923077,0.27884615384615385
68,-92.65573537738692,94,0.708568025211669,0.0031049096753204956,0.9673670589151893,0.19148936170212766,0.18085106382978725,0.39361702127659576,0.23404255319148937
69,-94.49915009572493,173,0.7050390422809678,0.003083543753108342,0.9887057475485501,0.14450867052023122,0.20809248554913296,0.4046242774566474,0.24277456647398843
70,-68.50369531921378,105,0.7015276352499433,0.0030623248569548217,0.8789914716127207,0.1619047619047619,0.20952380952380953,0.49523809523809526,0.13333333333333333
71,-134.28384337675146,117,0.6980337165828222,0.0030412519751244387,0.8726105277801744,0.20512820512820512,0.23931623931623933,0.4017094017094017,0.15384615384615385
72,-167.8672567394558,117,0.6945571991797983,0.003020324102843787,0.8620839396334339,0.1794871794871795,0.23931623931623933,0.3162393162393162,0.26495726495726496
73,-283.4219283321288,99,0.691097996374861,0.002999540242253642,0.821158672717738,0.29292929292929293,0.1919191919191919,0.30303030303030304,0.21212121212121213
74,-148.1405965715975,110,0.6876560219336348,0.002978899402361383,0.8028530702555341,0.15454545454545454,0.24545454545454545,0.38181818181818183,0.21818181818181817
75,-62.810446220042635,119,0.6842311900512299,0.002958400598993741,0.8215458627118722,0.13445378151260504,0.20168067226890757,0.4369747899159664,0.226890756302521
76,-103.88729077732607,99,0.6808234153501025,0.0029380428547498717,0.8101837631743826,0.16161616161616163,0.16161616161616163,0.47474747474747475,0.20202020202020202
77,8.308005174487676,83,0.6774326128779271,0.0029178251989547543,0.8381287824957919,0.25301204819277107,0.1686746987951807,0.3614457831325301,0.21686746987951808
78,-76.67300380243859,109,0.6740586981054784,0.0028977466676129065,0.8008838801850902,0.2018348623853211,0.24770642201834864,0.3853211009174312,0.1651376146788991
79,-104.15934392088279,116,0.670701586924524,0.0028778063033624217,0.7335485307837644,0.21551724137931033,0.19827586206896552,0.4051724137931034,0.1810344827586207
80,-47.16372075366151,98,0.6673611956457279,0.002858003155429321,0.7737496479829634,0.14285714285714285,0.22448979591836735,0.47959183673469385,0.15306122448979592
81,-128.40406163287574,113,0.6640374409965641,0.0028383362795822193,1.1666026872744404,0.20353982300884957,0.20353982300884957,0.34513274336283184,0.24778761061946902
82,-63.064424009241044,134,0.6607302401192408,0.002818804738087304,1.5324942462440878,0.21641791044776118,0.23880597014925373,0.29850746268656714,0.2462686567164179
83,-149.63940723224164,132,0.6574395105686344,0.002799407599663621,1.3970088981107556,0.18181818181818182,0.25757575757575757,0.3712121212121212,0.1893939393939394
84,-136.4437712768488,133,0.6541651703102348,0.002780143939438674,1.2774504591124463,0.14285714285714285,0.17293233082706766,0.45112781954887216,0.23308270676691728
85,-53.35382788899807,96,0.6509071377181003,0.0027610128389043225,1.1144056236338329,0.22916666666666666,0.2604166666666667,0.375,0.13541666666666666
86,-258.9306526651616,134,0.6476653315728222,0.0027420133858729883,1.1665194109035844,0.1791044776119403,0.2462686567164179,0.3283582089552239,0.2462686567164179
87,-80.85943891905778,89,0.6444396710595008,0.0027231446744341607,1.0879740720204885,0.19101123595505617,0.23595505617977527,0.3258426966292135,0.24719101123595505
88,-71.78808882708731,147,0.6412300757657303,0.002704405804911203,1.1211905913639824,0.2108843537414966,0.19047619047619047,0.3469387755102041,0.25170068027210885
89,-137.700582513661,171,0.6380364656795943,0.0026857958838184533,1.1629452444177257,0.19298245614035087,0.19298245614035087,0.4269005847953216,0.1871345029239766
90,-29.92367197549443,110,0.6348587611876713,0.002667314023818624,1.0839243639352651,0.17272727272727273,0.16363636363636364,0.4818181818181818,0.18181818181818182
91,-62.662147045428185,135,0.6316968830730497,0.0026489593436804936,1.0896908138121648,0.21481481481481482,0.21481481481481482,0.37037037037037035,0.2
92,-69.98669881451528,200,0.6285507525133537,0.0026307309682368847,0.9524050229621082,0.155,0.19,0.445,0.21
93,-102.41642821421033,87,0.6254202910787774,0.0026126280283429405,1.0000509361867358,0.12643678160919541,0.1839080459770115,0.4942528735632184,0.19540229885057472
94,-151.97448688931405,126,0.6223054207301305,0.002594649660834679,0.924969372304624,0.23015873015873015,0.24603174603174602,0.2619047619047619,0.2619047619047619
95,-128.4109156485628,156,0.6192060638168921,0.00257679500848784,0.9333647968704512,0.1987179487179487,0.1858974358974359,0.42948717948717946,0.1858974358974359
96,-100.00128915421746,125,0.6161221430752757,0.0025590632199770087,1.1342603353449483,0.112,0.28,0.328,0.28
97,-70.02574612710336,149,0.6130535816263024,0.002541453449835026,1.9040698510665623,0.12751677852348994,0.21476510067114093,0.40939597315436244,0.2483221476510067
98,5.34575461758811,1000,0.6100003029738849,0.0025239648584126748,1.6315304719411052,0.194,0.281,0.265,0.26
99,-20.893043749108244,147,0.6069622310029202,0.002506596611838646,1.4418041536279882,0.20408163265306123,0.23129251700680273,0.3673469387755102,0.19727891156462585
100,-105.79795928772967,112,0.6039392899773924,0.002489347881979777,1.5448513203727512,0.16071428571428573,0.17857142857142858,0.4375,0.22321428571428573
101,-26.447180230313336,108,0.6009314045384845,0.0024722178464015665,1.4876104838717596,0.14814814814814814,0.19444444444444445,0.39814814814814814,0.25925925925925924
102,-118.46018251396339,94,0.5979384997026995,0.0024552056883289613,1.4141144337906557,0.14893617021276595,0.23404255319148937,0.4148936170212766,0.20212765957446807
103,-92.49398513000926,130,0.5949605008599921,0.0024383105966074093,1.463448647794347,0.2,0.2,0.4461538461538462,0.15384615384615385
104,-128.85706879606303,102,0.5919973337719074,0.002421531765664185,1.3894439510870042,0.14705882352941177,0.28431372549019607,0.18627450980392157,0.38235294117647056
105,-51.0363446817298,165,0.5890489245697316,0.002404868395469978,1.6275710191802633,0.17575757575757575,0.17575757575757575,0.47878787878787876,0.1696969696969697
106,-8.403900643350724,96,0.5861151997526493,0.0023883196915007476,2.050707459583958,0.19791666666666666,0.15625,0.5208333333333334,0.125
107,-28.924107151582874,149,0.583196086185912,0.002371884864699838,1.9274357150489876,0.11409395973154363,0.2348993288590604,0.38926174496644295,0.26174496644295303
108,-69.09636888146855,258,0.5802915110990148,0.0023555631314403575,1.8620917050425652,0.14728682170542637,0.17829457364341086,0.5193798449612403,0.15503875968992248
109,-72.25392108238393,104,0.5774014020838818,0.002339353713487812,1.7955971646861522,0.11538461538461539,0.19230769230769232,0.3942307692307692,0.2980769230769231
110,-80.38852188859214,197,0.5745256870930618,0.002323255837963,1.7635831803351483,0.14213197969543148,0.15736040609137056,0.48223350253807107,0.2182741116751269
111,-83.54114875182648,261,0.5716642944379317,0.00230726873730516,1.6274616434081766,0.1685823754789272,0.1685823754789272,0.5095785440613027,0.1532567049808429
112,-55.79621406282865,200,0.5688171527869094,0.002291391649235373,1.6087745057639602,0.17,0.21,0.41,0.21
113,-46.31681269781778,187,0.5659841911636758,0.002275623816720217,1.5858675305760663,0.1657754010695187,0.1657754010695187,0.5026737967914439,0.1657754010695187
114,-152.4259074763513,130,0.5631653389454055,0.002259964487935669,1.5382073449102287,0.19230769230769232,0.16923076923076924,0.5153846153846153,0.12307692307692308
115,-41.633695067615704,90,0.5603605258610059,0.002244412916231259,1.505916224717747,0.18888888888888888,0.13333333333333333,0.5333333333333333,0.14444444444444443
116,-36.35945373113755,125,0.5575696819893657,0.002228968360094469,1.5418525550308553,0.112,0.152,0.512,0.224
117,-79.38287010398044,191,0.5547927377576116,0.0022136300831153764,1.5898450267997863,0.18324607329842932,0.17277486910994763,0.387434554973822,0.25654450261780104
118,-119.89234872320087,106,0.5520296239393742,0.002198397353951542,1.8304183417827846,0.18867924528301888,0.2169811320754717,0.3113207547169811,0.2830188679245283
119,-221.92938321422227,198,0.5492802716530619,0.002183269446293138,1.7530879350845765,0.13131313131313133,0.2222222222222222,0.42424242424242425,0.2222222222222222
120,-38.2139898798312,118,0.5465446123601444,0.0021682456388283184,1.7115926924577203,0.1016949152542373,0.23728813559322035,0.3644067796610169,0.2966101694915254
121,-28.240638461904496,103,0.5438225778634432,0.0021533252152088245,1.6927745525812201,0.14563106796116504,0.13592233009708737,0.5436893203883495,0.17475728155339806
122,-50.37615328321588,273,0.5411141003054323,0.0021385074640158297,1.7272410577794468,0.16117216117216118,0.16117216117216118,0.5018315018315018,0.17582417582417584
123,-75.60416242434904,72,0.5384191121665459,0.002123791678726019,1.7639215101450125,0.16666666666666666,0.3055555555555556,0.4166666666666667,0.1111111111111111
124,-146.1473318910884,110,0.535737546263496,0.0021091771576779,1.6112011523264311,0.2,0.2545454545454545,0.2545454545454545,0.2909090909090909
125,-26.840953927985012,132,0.533069335747597,0.0020946632040383484,1.5488815375111027,0.1590909090909091,0.2196969696969697,0.42424242424242425,0.19696969696969696
126,-70.16187562445612,118,0.5304144141030992,0.0020802491257693807,1.54157654647214,0.15254237288135594,0.16101694915254236,0.4661016949152542,0.22033898305084745
127,-225.45785756299586,431,0.5277727151455311,0.00206593423559516,1.5885646034287884,0.19953596287703015,0.23665893271461716,0.35498839907192575,0.2088167053364269
128,-64.32677632481915,92,0.5251441730200492,0.0020517178509692224,1.6116385147357677,0.15217391304347827,0.21739130434782608,0.4891304347826087,0.14130434782608695
129,-63.0486556571543,292,0.5225287221997962,0.0020375992940419355,1.583639272958889,0.14383561643835616,0.1506849315068493,0.5068493150684932,0.19863013698630136
130,-30.996800183429315,165,0.5199262974842676,0.0020235778916281775,1.760541720186379,0.15151515151515152,0.23636363636363636,0.4484848484848485,0.16363636363636364
131,-46.048688073148924,127,0.5173368339976863,0.002009652975175238,1.7488960957181914,0.11023622047244094,0.16535433070866143,0.49606299212598426,0.2283464566929134
132,-230.94576197098132,139,0.5147602671873854,0.0019958238807309416,1.7528393352045122,0.2158273381294964,0.20863309352517986,0.34532374100719426,0.2302158273381295
133,-21.92057775654075,275,0.512196532822199,0.0019820899489119896,1.6661588337131583,0.11272727272727273,0.15272727272727274,0.5272727272727272,0.20727272727272728
134,4.5203197574031435,185,0.5096455669908607,0.001968450524872521,1.7166590168824105,0.15675675675675677,0.22162162162162163,0.44324324324324327,0.1783783783783784
135,-47.677648219504036,199,0.5071073061004107,0.0019549049582728876,1.6695436511636235,0.1457286432160804,0.18090452261306533,0.44221105527638194,0.23115577889447236
136,-15.152409334013218,1000,0.50458168687461,0.0019414526032486465,1.6397461431625122,0.202,0.225,0.328,0.245
137,-34.78333979319987,280,0.5020686463523638,0.0019280928183797639,1.872608449559317,0.15714285714285714,0.17142857142857143,0.5285714285714286,0.14285714285714285
138,-34.67466036163813,190,0.49956812188615124,0.0019148249666600316,1.8373929841911645,0.1631578947368421,0.19473684210526315,0.4631578947368421,0.17894736842105263
139,-165.4859886586063,131,0.49708005114046383,0.0019016484154666946,1.7439842957899667,0.15267175572519084,0.19083969465648856,0.5419847328244275,0.11450381679389313
140,9.731291888009181,140,0.49460437209025165,0.0018885625365302864,1.7568875620141637,0.12142857142857143,0.22857142857142856,0.4642857142857143,0.18571428571428572
141,-41.79265503907273,302,0.492141023019377,0.001875566705904673,1.7253146952477068,0.1291390728476821,0.18543046357615894,0.5099337748344371,0.17549668874172186
142,1.833691980980987,160,0.48968994251907594,0.0018626603039373023,1.708254932028926,0.19375,0.18125,0.45625,0.16875
143,-101.16246380469926,373,0.4872510694864273,0.0018498427152396591,1.6346193964276365,0.15281501340482573,0.17962466487935658,0.4959785522788204,0.17158176943699732
144,-110.83180119771262,160,0.4848243431228297,0.0018371133286579223,1.6304028130613049,0.16875,0.2125,0.40625,0.2125
145,-21.144829879676806,134,0.4824097029324856,0.0018244715372438245,1.5896223671055325,0.14925373134328357,0.21641791044776118,0.417910447761194,0.21641791044776118
146,36.511803207348294,176,0.4800070887208934,0.0018119167382257126,1.8148085302264547,0.14772727272727273,0.1875,0.4659090909090909,0.19886363636363635
147,-25.01961959729016,352,0.47761644059334696,0.0017994483329798066,1.725444408602935,0.15625,0.16193181818181818,0.5340909090909091,0.14772727272727273
148,-89.17066219317043,116,0.4752376989534421,0.0017870657270016577,1.7366623160123127,0.13793103448275862,0.25862068965517243,0.3706896551724138,0.23275862068965517
149,-87.8539016924302,114,0.4728708045015913,0.0017747683298778003,1.6335481223510713,0.17543859649122806,0.22807017543859648,0.34210526315789475,0.2543859649122807
150,-12.457495373823477,153,0.4705156982335452,0.001762555555257602,1.6486506270904142,0.1437908496732026,0.1503267973856209,0.477124183006536,0.22875816993464052
151,26.354943295201906,119,0.4681723214389219,0.0017504268208253044,1.5436785259843318,0.12605042016806722,0.19327731092436976,0.46218487394957986,0.2184873949579832
152,-107.43474191187457,323,0.46584061569974305,0.0017383815482722598,1.6765662737969436,0.16718266253869968,0.16408668730650156,0.47987616099071206,0.18885448916408668
153,-35.58621741456648,111,0.4635205228889778,0.001726419163269355,1.6038567538137305,0.13513513513513514,0.2072072072072072,0.36936936936936937,0.2882882882882883
154,-238.14543353403545,297,0.4612119851690938,0.0017145390954396275,1.5314627603520392,0.16498316498316498,0.16161616161616163,0.48148148148148145,0.1919191919191919
155,-17.46244837799931,138,0.4589149449906151,0.00170274077833107,1.6210059535402415,0.13043478260869565,0.1956521739130435,0.4782608695652174,0.1956521739130435
156,-131.24415888580364,192,0.4566293450906877,0.0016910236493896207,1.621376023816862,0.14583333333333334,0.19270833333333334,0.453125,0.20833333333333334
157,-60.45966759060542,132,0.45435512849165205,0.0016793871499323405,1.6703926363294597,0.12121212121212122,0.2196969696969697,0.48484848484848486,0.17424242424242425
158,-101.04336797656352,164,0.4520922384996226,0.0016678307251207745,1.645558253897269,0.17073170731707318,0.18902439024390244,0.4573170731707317,0.18292682926829268
159,13.576915708086574,141,0.44984061870307446,0.001656353823934497,1.6085781915881572,0.18439716312056736,0.19858156028368795,0.425531914893617,0.19148936170212766
160,-223.75420735202437,142,0.4476002129714371,0.0016449558991448378,1.552758599362193,0.23943661971830985,0.2535211267605634,0.2605633802816901,0.24647887323943662
161,115.53960364428691,1000,0.4453709654536952,0.0016336364072887907,1.5559349322392624,0.397,0.171,0.189,0.243
162,0.5368294863337013,233,0.44315282057699623,0.0016223948086431,1.5415082532649966,0.11587982832618025,0.18025751072961374,0.5665236051502146,0.13733905579399142
163,-65.99571763251109,193,0.4409457230452651,0.0016112305671985266,1.5588336639662528,0.09326424870466321,0.17616580310880828,0.45077720207253885,0.27979274611398963
164,-58.527897408454194,129,0.4387496178378257,0.0016001431506342896,1.5567427009495836,0.17054263565891473,0.18604651162790697,0.3798449612403101,0.26356589147286824
165,-230.02135617997334,269,0.43656445020802925,0.0015891320302926862,1.5202710121038103,0.12267657992565056,0.17843866171003717,0.5055762081784386,0.19330855018587362
166,-19.959527998468587,131,0.4343901656818896,0.0015781966811538838,1.6004302262098253,0.10687022900763359,0.26717557251908397,0.42748091603053434,0.1984732824427481
167,112.6319258073322,1000,0.4322267100567252,0.0015673365818108867,1.5210895069129835,0.209,0.366,0.177,0.248
168,53.69166470550613,210,0.4300740293998078,0.0015565512144446758,1.4563818799864938,0.12857142857142856,0.18095238095238095,0.4380952380952381,0.2523809523809524
169,115.92614159048276,1000,0.4279320700470182,0.0015458400647995172,1.7417997264994993,0.299,0.227,0.234,0.24
170,-0.7798651932292415,117,0.4258007786015082,0.0015352026221584433,1.790982404635517,0.11965811965811966,0.24786324786324787,0.452991452991453,0.1794871794871795
171,-71.32158521867065,146,0.42368010193236966,0.0015246383793189005,1.6616287183229903,0.17123287671232876,0.2465753424657534,0.3698630136986301,0.21232876712328766
172,23.07148219598868,122,0.4215699871733098,0.0015141468325685658,1.6539729835726413,0.1557377049180328,0.1885245901639344,0.45901639344262296,0.19672131147540983
173,-42.28524727475944,152,0.4194703817213335,0.001503727481661329,1.6568503000745882,0.09868421052631579,0.20394736842105263,0.506578947368421,0.19078947368421054
174,-30.492771169233933,172,0.41738123323543186,0.001493379829793441,1.7094802655957628,0.08139534883720931,0.2616279069767442,0.436046511627907,0.22093023255813954
175,-53.872622192308555,216,0.41530248963527744,0.0014831033835798254,1.6229580099580798,0.09722222222222222,0.2361111111111111,0.48148148148148145,0.18518518518518517
176,-15.346112995293822,132,0.41323409909992587,0.0014728976530305534,1.6492108216965398,0.16666666666666666,0.15151515151515152,0.44696969696969696,0.23484848484848486
177,-54.6222051074391,143,0.4111760100665241,0.0014627621515274811,1.7686283916125631,0.13286713286713286,0.17482517482517482,0.48951048951048953,0.20279720279720279
178,23.141929157016072,1000,0.4091281712290249,0.0014526963958010467,1.903066305959901,0.247,0.212,0.293,0.248
179,-53.2569578445574,215,0.407090531536908,0.0014426999059072281,1.8334324187269309,0.13488372093023257,0.17674418604651163,0.49767441860465117,0.19069767441860466
180,-170.98927826987904,216,0.40506304019390726,0.0014327722052046583,1.8261821647065244,0.06481481481481481,0.25462962962962965,0.5462962962962963,0.13425925925925927
181,102.14683164476327,1000,0.40304564665674447,0.0014229128203318991,1.914550820041218,0.225,0.245,0.209,0.321
182,-255.14671091005394,321,0.40103830063386947,0.0014131212811848708,1.9806789304833483,0.10903426791277258,0.19626168224299065,0.5171339563862928,0.17757009345794392
183,-24.851713424285435,75,0.39904095208420615,0.001403397120894437,1.9586439361725108,0.12,0.24,0.5066666666666667,0.13333333333333333
184,107.62712268142334,1000,0.3970535512159053,0.0013937398758041444,1.8764256245886937,0.299,0.241,0.252,0.208
185,-32.7977242261761,181,0.3950760484851031,0.0013841490854481144,1.837137272866596,0.11602209944751381,0.143646408839779,0.580110497237569,0.16022099447513813
186,-9.495104211024838,213,0.39310839459468616,0.0013746242925290883,1.8373860068723094,0.1267605633802817,0.17370892018779344,0.5352112676056338,0.1643192488262911
187,-22.585577471816634,95,0.3911505404930626,0.0013651650428966229,1.7876039478047552,0.07368421052631578,0.15789473684210525,0.5578947368421052,0.21052631578947367
188,-46.11856552583785,138,0.38920243737293914,0.0013557708855254362,1.8233546525474815,0.21739130434782608,0.18115942028985507,0.39855072463768115,0.2028985507246377
189,37.79249346081929,272,0.3872640366701046,0.0013464413724939021,1.7696444055856273,0.1213235294117647,0.16544117647058823,0.47794117647058826,0.23529411764705882
190,-8.755966179099431,170,0.385335290062219,0.0013371760589626926,1.7255514237465848,0.13529411764705881,0.15294117647058825,0.5588235294117647,0.15294117647058825
191,-107.81363831849264,108,0.38341614946760905,0.0013279745031535685,1.7594072986058733,0.12962962962962962,0.25925925925925924,0.3611111111111111,0.25
192,97.00915229810528,1000,0.3815065670440695,0.001318836266328314,1.7052424395083736,0.302,0.233,0.204,0.261
193,-101.91340115940099,452,0.3796064951876705,0.0013097609127678182,1.8251947763982208,0.1902654867256637,0.1836283185840708,0.4557522123893805,0.17035398230088494
194,-26.175068087743583,272,0.3777158865315709,0.0013007480097512987,1.7951843261383453,0.1323529411764706,0.16176470588235295,0.5183823529411765,0.1875
195,1.6761623177477674,129,0.37583469394483743,0.0012917971275356699,1.7725610051543013,0.06976744186046512,0.24806201550387597,0.5116279069767442,0.17054263565891473
196,-39.827502338505255,209,0.37396287053126975,0.001282907839335052,1.7606245100899087,0.09090909090909091,0.17703349282296652,0.5406698564593302,0.19138755980861244
197,-236.6506477973188,520,0.3721003696282314,0.0012740797213004217,1.7486042719338943,0.12884615384615383,0.16923076923076924,0.5230769230769231,0.17884615384615385
198,55.87635005162977,1000,0.3702471448054865,0.0012653123524994027,1.7347203259130133,0.208,0.251,0.23,0.311
199,-100.69435298589603,198,0.3684031498640423,0.0012566053148961949,1.7099255376929683,0.15656565656565657,0.19696969696969696,0.4494949494949495,0.19696969696969696
200,-14.042278422652771,277,0.3665683388349977,0.0012479581933316425,1.6826504610710262,0.10830324909747292,0.17689530685920576,0.5306859205776173,0.18411552346570398
201,14.02529479294867,137,0.3647426659783969,0.001239370575503439,1.6946253958479278,0.13138686131386862,0.1678832116788321,0.5766423357664233,0.12408759124087591
202,99.88882838144346,1000,0.36292608578208946,0.0012308420519464677,1.7106748602130333,0.315,0.177,0.25,0.258
203,23.603834302743465,219,0.36111855296059564,0.0012223722160132787,1.8667957998814904,0.1050228310502283,0.1780821917808219,0.4748858447488584,0.2420091324200913
204,-71.77656571110322,168,0.3593200224539774,0.0012139606638546987,1.7390382103460562,0.08333333333333333,0.20238095238095238,0.5297619047619048,0.18452380952380953
205,33.443710307332765,115,0.3575304494267152,0.0012056069944005763,1.732875315395552,0.08695652173913043,0.1565217391304348,0.5652173913043478,0.19130434782608696
206,-0.915416302198949,141,0.3557497892665903,0.0011973108093406575,1.706573958327897,0.1773049645390071,0.16312056737588654,0.49645390070921985,0.16312056737588654
207,-12.4449032857205,121,0.35397799758357257,0.0011890717131055946,1.8110443887043204,0.1322314049586777,0.1652892561983471,0.5371900826446281,0.1652892561983471
208,-59.502929867691684,328,0.3522150302087139,0.001180889312848085,1.7571289382928943,0.10060975609756098,0.15548780487804878,0.5487804878048781,0.1951219512195122
209,66.82032872994866,1000,0.35046084319304716,0.0011727632184241397,1.7266254776412864,0.3,0.18,0.314,0.206
210,-27.51604166489883,1000,0.3487153928064905,0.001164693042374481,1.7053305272636625,0.186,0.243,0.377,0.194
211,-179.9328741761181,359,0.34697863553675734,0.001156678399906068,1.6356449830750808,0.116991643454039,0.17827298050139276,0.5097493036211699,0.19498607242339833
212,-19.80476338998551,127,0.3452505280882715,0.0011487189088737499,1.630125334910772,0.10236220472440945,0.1889763779527559,0.5275590551181102,0.18110236220472442
213,129.83420339706294,1000,0.34353102738108804,0.001140814189762044,1.6934635176322648,0.324,0.137,0.147,0.392
214,98.55979642419882,1000,0.34182009054981916,0.0011329638656670407,1.6832819372935997,0.428,0.24,0.17,0.162
215,175.69184819336243,824,0.3401176749425658,0.0011251675622784326,1.662696896440439,0.3058252427184466,0.27427184466019416,0.24757281553398058,0.17233009708737865
216,63.405141086449305,99,0.3384237381198542,0.0011174249078616666,1.7050624322273078,0.1717171717171717,0.18181818181818182,0.494949494949495,0.15151515151515152
217,-37.307977400696515,147,0.33673823785357804,0.0011097355332402193,1.677681668711656,0.1836734693877551,0.19727891156462585,0.4557823129251701,0.16326530612244897
218,131.43628694961498,1000,0.3350611321259457,0.0011020990717779946,1.6291870904212722,0.386,0.189,0.169,0.256
219,-26.587001162908138,193,0.33339237912843267,0.001094515159361842,1.6629736432171178,0.20725388601036268,0.12435233160621761,0.5233160621761658,0.14507772020725387
220,34.88630603881501,169,0.3317319372607396,0.0010869834343841954,1.686794526496777,0.07100591715976332,0.16568047337278108,0.5739644970414202,0.1893491124260355
221,-28.93267693940028,221,0.3300797651297549,0.0010795035377258312,1.661123129838115,0.1085972850678733,0.15384615384615385,0.5610859728506787,0.17647058823529413
222,78.36536319110857,1000,0.3284358215485232,0.0010720751127387454,1.6069609602304027,0.351,0.147,0.297,0.205
223,10.511487300900257,315,0.32680006553521834,0.0010646978052291486,1.6112460347043132,0.09523809523809523,0.16507936507936508,0.5682539682539682,0.17142857142857143
224,10.02473966069563,147,0.3251724563121218,0.0010573712634405767,1.6088403489595753,0.10884353741496598,0.17687074829931973,0.5102040816326531,0.20408163265306123
225,100.36798397539465,1000,0.3235529533046063,0.00105009513803712,1.6691151542864218,0.395,0.126,0.241,0.238
226,77.73217391063645,1000,0.32194151614012406,0.0010428690820867659,1.6262133035408413,0.329,0.107,0.169,0.395
227,30.830101217730288,162,0.32033810464720053,0.001035692751044857,1.6103879408635475,0.12345679012345678,0.16049382716049382,0.5123456790123457,0.2037037037037037
228,-62.17901641424759,500,0.3187426788544329,0.0010285658027376627,1.6474949703418738,0.128,0.198,0.416,0.258
229,8.87367061761887,147,0.31715519898949374,0.0010214878973460653,1.6526710574210994,0.10204081632653061,0.1836734693877551,0.5170068027210885,0.19727891156462585
230,52.477938251896035,122,0.31557562547813933,0.0010144586973893548,1.6366960933600585,0.09016393442622951,0.13114754098360656,0.6147540983606558,0.16393442622950818
231,69.05908254442035,1000,0.3140039189432234,0.00100747786770914,1.5950226046214018,0.345,0.147,0.322,0.186
232,-53.75229053418926,186,0.3124400402037151,0.0010005450754533658,1.565821197446144,0.1827956989247312,0.13978494623655913,0.5161290322580645,0.16129032258064516
233,106.21068969943101,1000,0.3108839502737227,0.0009936599900604443,1.559023579675613,0.347,0.123,0.229,0.301
234,62.47268428500321,1000,0.30933561036152135,0.0009868222832434916,1.5185003496191958,0.33,0.285,0.16,0.225
235,-80.43111518896805,198,0.3077949818685863,0.0009800316289746765,1.58772466529623,0.07575757575757576,0.19696969696969696,0.47474747474747475,0.25252525252525254
236,74.58746096527193,1000,0.3062620263886305,0.0009732877034696739,1.543664900046299,0.432,0.121,0.271,0.176
237,45.09579357320199,1000,0.3047367057066472,0.0009665901851722271,1.5160408655006676,0.206,0.318,0.337,0.139
238,62.26984354472424,1000,0.3032189817979574,0.0009599387547388154,1.4957769376318026,0.321,0.154,0.334,0.191
239,42.17650997444394,1000,0.3017088168272619,0.000953333095023428,1.5015770451011736,0.151,0.161,0.518,0.17
240,30.702059391250625,1000,0.30020617314769793,0.0009467728910624417,1.5279298306668225,0.151,0.166,0.524,0.159
241,58.859260903027746,1000,0.2987110132999009,0.0009402578300596034,1.5316514685678628,0.309,0.196,0.181,0.314
242,-31.64669863337936,1000,0.2972233000110704,0.0009337876013711156,1.538970889366342,0.192,0.155,0.462,0.191
243,-70.28616064735951,516,0.2957429961940411,0.0009273618964908249,1.5438066308872647,0.1065891472868217,0.17829457364341086,0.5523255813953488,0.16279069767441862
244,-49.73189421190503,113,0.29427006494635827,0.0009209804090355117,1.5294049877605667,0.11504424778761062,0.21238938053097345,0.45132743362831856,0.22123893805309736
245,38.329089023036346,128,0.2928044695493577,0.000914642834730282,1.5088816617717613,0.21875,0.2578125,0.4609375,0.0625
246,221.98002060398036,681,0.2913461734672504,0.0009083488713940591,1.5652396539317488,0.2422907488986784,0.30983847283406757,0.20851688693098386,0.2393538913362702
247,67.61341455601357,1000,0.28989514034621183,0.0009020982189251753,1.5549364083093178,0.373,0.154,0.286,0.187
248,9.766890043388827,155,0.2884513340134756,0.0008958905792870631,1.5232757699747341,0.15483870967741936,0.2129032258064516,0.4129032258064516,0.21935483870967742
249,-141.95348838272716,140,0.2870147184764318,0.000889725656494044,1.5076358134457282,0.09285714285714286,0.22142857142857142,0.4785714285714286,0.20714285714285716
250,11.387626928950779,1000,0.28558525792172956,0.0008836031565972163,1.588722445294023,0.266,0.438,0.167,0.129
251,134.81272864341767,1000,0.2841629167143845,0.0008775227876704388,1.550321536545343,0.437,0.255,0.163,0.145
252,56.060571084539006,1000,0.28274765939689017,0.0008714842597964118,1.5753375013566073,0.373,0.199,0.183,0.245
253,-5.383006188516362,138,0.28133945068833427,0.0008654872850528536,1.517395980356838,0.10869565217391304,0.21014492753623187,0.5289855072463768,0.15217391304347827
254,130.08050785423598,1000,0.2799382554835191,0.000859531577498772,1.5093506898031028,0.5,0.177,0.177,0.146
255,82.40744641322888,1000,0.2785440388520863,0.0008536168531608304,1.5514885751200875,0.363,0.153,0.183,0.301
256,56.27406497637304,1000,0.27715676603764633,0.0008477428300198077,1.5314787369599052,0.37,0.298,0.157,0.175
257,-35.02095932086807,128,0.27577640245691176,0.0008419092279971516,1.530087276580911,0.1796875,0.140625,0.6015625,0.078125
258,-102.87969057206547,309,0.2744029136988354,0.0008361157689416238,1.4680735675584349,0.15857605177993528,0.18122977346278318,0.540453074433657,0.11974110032362459
259,81.73687471731606,1000,0.2730362655237522,0.0008303621766160378,1.470161134653068,0.451,0.149,0.249,0.151
260,42.70256295361577,169,0.2716764238625259,0.0008246481766840876,1.4567388189683668,0.11834319526627218,0.14792899408284024,0.5562130177514792,0.17751479289940827
261,130.13016965031906,1000,0.2703233548156995,0.000818973496697267,1.5197062330768003,0.571,0.143,0.155,0.131
262,11.608707923262372,74,0.2689770246526506,0.0008133378660818794,1.4900404177701092,0.10810810810810811,0.14864864864864866,0.5135135135135135,0.22972972972972974
263,-6.198072921490805,105,0.26763739981075,0.0008077410161261361,1.5245143242564616,0.06666666666666667,0.1523809523809524,0.638095238095238,0.14285714285714285
264,117.58307267947382,1000,0.2663044468945255,0.0008021826799673441,1.4917882634184354,0.484,0.224,0.154,0.138
265,-59.03398822956194,188,0.2649781326748289,0.000796662592579182,1.4834251603968627,0.18617021276595744,0.15425531914893617,0.48936170212765956,0.1702127659574468
266,-85.84934939702299,130,0.26365842408800805,0.000791180490759063,1.520448637321427,0.09230769230769231,0.2846153846153846,0.3769230769230769,0.24615384615384617
267,120.64030168277907,1000,0.26234528823508246,0.0007857361131155856,1.5203541205797901,0.47,0.144,0.189,0.197
268,-90.88326357112643,287,0.2610386923809231,0.0007803292000560697,1.5324775850683425,0.1289198606271777,0.156794425087108,0.5365853658536586,0.17770034843205576
269,187.7643513042936,884,0.25973860395343634,0.0007749594937741795,1.4962750621404406,0.15723981900452488,0.20701357466063347,0.17760180995475114,0.4581447963800905
270,-10.400491379077224,149,0.25844499054275216,0.0007696267382376308,1.4940779400646977,0.21476510067114093,0.1476510067114094,0.5033557046979866,0.1342281879194631
271,-21.088671564906008,102,0.257157819900416,0.0007643306791759831,1.5220046914177126,0.22549019607843138,0.19607843137254902,0.43137254901960786,0.14705882352941177
272,-25.34720670569783,76,0.2558770599385848,0.0007590710640685158,1.4409616736926554,0.17105263157894737,0.25,0.40789473684210525,0.17105263157894737
273,238.33750406445887,853,0.25460267872922737,0.0007538476421321883,1.473802477845873,0.46776084407971863,0.10668229777256741,0.24267291910902697,0.182883939038687
274,-49.09361190455765,74,0.25333464450332815,0.0007486601643096816,1.4574223920952516,0.25675675675675674,0.10810810810810811,0.3918918918918919,0.24324324324324326
275,59.73623342259083,209,0.25207292565009537,0.0007435083832575234,1.4071015314877977,0.19138755980861244,0.17703349282296652,0.4688995215311005,0.16267942583732056
276,-3.5383594658583206,114,0.25081749071617304,0.0007383920533342948,1.449009343145822,0.07894736842105263,0.20175438596491227,0.5350877192982456,0.18421052631578946
277,151.54997674465125,1000,0.24956830840485686,0.0007333109305889175,1.4805172563751747,0.503,0.202,0.187,0.108
278,-53.605033370338276,175,0.2483253475753139,0.0007282647727490224,1.4488348276428695,0.1657142857142857,0.1657142857142857,0.5085714285714286,0.16
279,111.73613752321819,1000,0.24708857724180652,0.0007232533392093973,1.4413094550376726,0.578,0.141,0.161,0.12
280,-26.854020036778337,260,0.24585796657291967,0.0007182763910205153,1.4340053476648038,0.19615384615384615,0.12692307692307692,0.5538461538461539,0.12307692307692308
281,25.67313510856765,163,0.24463348489079248,0.0007133336908771411,1.4250338615450833,0.147239263803681,0.1656441717791411,0.5030674846625767,0.18404907975460122
282,201.73156329083756,308,0.2434151016703534,0.0007084250031070158,1.3968925977907405,0.24675324675324675,0.23376623376623376,0.3474025974025974,0.17207792207792208
283,126.05349336374786,1000,0.2422027865385593,0.0007035500936596204,1.4014785979172422,0.539,0.114,0.207,0.14
284,217.58202090735986,557,0.24099650927363828,0.0006987087300950158,1.4431663079492902,0.49012567324955114,0.1436265709156194,0.2746858168761221,0.09156193895870736
285,99.57783236296551,1000,0.2397962398043362,0.0006939006815727599,1.4344696960226608,0.525,0.19,0.175,0.11
286,257.26096112807346,545,0.23860194820916716,0.0006891257188409008,1.4297738897287948,0.4036697247706422,0.15229357798165138,0.29357798165137616,0.15045871559633028
287,-46.452517800795164,91,0.2374136047156675,0.0006843836142250461,1.4770262762016375,0.16483516483516483,0.12087912087912088,0.4835164835164835,0.23076923076923078
288,-76.36512644775003,73,0.23623117969965363,0.000679674141617507,1.524003729548005,0.3424657534246575,0.0684931506849315,0.3835616438356164,0.2054794520547945
289,-226.75924234173476,361,0.23505464368448353,0.0006749970764665174,1.4782041186662833,0.09418282548476455,0.11911357340720222,0.29916897506925205,0.48753462603878117
290,-40.43733333195857,126,0.23388396734032196,0.0006703521957655269,1.4878364573769676,0.14285714285714285,0.2222222222222222,0.4444444444444444,0.19047619047619047
291,162.32863993603476,599,0.23271912148340923,0.000665739278042568,1.4592159048579716,0.1302170283806344,0.09515859766277128,0.44073455759599334,0.333889816360601
292,70.36535625598316,1000,0.2315600770753337,0.0006611581033496956,1.4761215681278017,0.362,0.355,0.194,0.089
293,-43.016657483943376,144,0.2304068052223079,0.0006566084532525002,1.4757632096818973,0.18055555555555555,0.13194444444444445,0.5555555555555556,0.13194444444444445
294,93.95960096531799,1000,0.22925927717444824,0.0006520901108196926,1.456394561269646,0.382,0.104,0.186,0.328
295,13.060272689292105,160,0.22811746432505836,0.0006476028606127603,1.446492301806452,0.21875,0.14375,0.49375,0.14375
296,17.435198416467927,129,0.2269813382099158,0.0006431464886756951,1.4195582695987352,0.10077519379844961,0.18604651162790697,0.5038759689922481,0.20930232558139536
297,46.76242539616979,1000,0.2258508705065627,0.000638720782524792,1.4362235153590852,0.248,0.375,0.176,0.201
298,-30.34649625176533,137,0.22472603303359945,0.0006343255311385171,1.4674979140517934,0.15328467153284672,0.24087591240875914,0.44525547445255476,0.16058394160583941
299,-4.291631104926836,112,0.2236067977499824,0.0006299605249474466,1.4169588066544045,0.11607142857142858,0.1875,0.5,0.19642857142857142
300,-22.369601475624293,140,0.22249313675432472,0.0006256255558242739,1.432341628437967,0.22142857142857142,0.21428571428571427,0.4142857142857143,0.15
301,143.50032085327598,898,0.22138502228420082,0.0006213204170738859,1.4097613203436183,0.2661469933184855,0.29398663697104677,0.27839643652561247,0.16146993318485522
302,56.56496827046226,1000,0.22028242671545434,0.000617044903423508,1.4548382990405644,0.183,0.128,0.292,0.397
303,-42.32925396286488,324,0.21918532256150944,0.0006127988110129158,1.429729394145306,0.1388888888888889,0.17592592592592593,0.5030864197530864,0.18209876543209877
304,-0.5756439317190996,125,0.21809368247268562,0.0006085819373847157,1.4436687811483069,0.24,0.184,0.408,0.168
305,-68.2577070448241,220,0.21700747923551592,0.0006043940814746911,1.4203106482392622,0.18636363636363637,0.25,0.39090909090909093,0.17272727272727273
306,-92.92771908979158,383,0.2159266857720685,0.0006002350436022153,1.4196683843721514,0.17493472584856398,0.1279373368146214,0.5509138381201044,0.1462140992167102
307,108.57185458187467,1000,0.21485127513927166,0.0005961046254607311,1.420386099429726,0.521,0.113,0.192,0.174
308,-0.07567865731637435,1000,0.21378122052824208,0.0005920026301082949,1.3995664871299427,0.115,0.119,0.266,0.5
309,165.9783156961306,567,0.21271649526361663,0.0005879288619581864,1.43606776295549,0.18342151675485008,0.1111111111111111,0.49559082892416223,0.20987654320987653
310,-152.35145259882086,250,0.21165707280288729,0.0005838831267695832,1.4396805142296687,0.14,0.236,0.416,0.208
311,-116.38936221921722,163,0.2106029267357395,0.0005798652316382989,1.404596885121754,0.17177914110429449,0.25766871165644173,0.3803680981595092,0.1901840490797546
312,78.46260584804249,1000,0.20955403078339377,0.0005758749849875851,1.415273387795071,0.121,0.082,0.164,0.633
313,-30.748493345511577,134,0.2085103587979506,0.0005719121965589974,1.4379937687918813,0.22388059701492538,0.14925373134328357,0.44029850746268656,0.1865671641791045
314,140.51495268796077,1000,0.20747188476173858,0.0005679766774033234,1.4310152223861714,0.46,0.095,0.181,0.264
315,-6.490371500190079,108,0.2064385827866659,0.0005640682398715733,1.4461242639790595,0.09259259259259259,0.17592592592592593,0.5648148148148148,0.16666666666666666
316,103.73392289156087,1000,0.20541042711357488,0.0005601866976060327,1.3985612306175779,0.367,0.104,0.175,0.354
317,33.794152072549736,1000,0.2043873921115999,0.0005563318655313771,1.4440968956493452,0.304,0.441,0.161,0.094
318,236.25457032539674,314,0.20336945227752837,0.0005525035598458474,1.391200522516573,0.3630573248407643,0.18152866242038215,0.321656050955414,0.1337579617834395
319,244.1447797844603,417,0.20235658223516506,0.0005487015980124855,1.444954070779497,0.3405275779376499,0.11510791366906475,0.2517985611510791,0.29256594724220625
320,109.96585097980456,1000,0.2013487567346994,0.0005449257987504316,1.433826517813882,0.234,0.081,0.129,0.556
321,100.55722884231017,1000,0.20034595065207608,0.0005411759820262798,1.4142565441924237,0.502,0.127,0.129,0.242
322,215.07038206178225,770,0.19934813898836876,0.0005374519690454946,1.4055068896575151,0.5207792207792208,0.16493506493506493,0.17402597402597403,0.14025974025974025
323,-28.869339213588603,141,0.1983552968691568,0.000533753582243885,1.4117593522367957,0.09219858156028368,0.2198581560283688,0.48226950354609927,0.20567375886524822
324,221.28210148010317,548,0.1973673995439052,0.0005300806452791393,1.3918182747407002,0.14416058394160583,0.16423357664233576,0.2572992700729927,0.4343065693430657
325,40.547624422529935,177,0.19638442238534762,0.0005264329830224157,1.376047103891571,0.12429378531073447,0.15819209039548024,0.5819209039548022,0.13559322033898305
326,-106.34452256284538,251,0.19540634088887243,0.0005228104215499929,1.3865327488438821,0.13147410358565736,0.1553784860557769,0.5537848605577689,0.1593625498007968
327,197.78981417430617,617,0.1944331306719118,0.0005192127881349766,1.3810704996824013,0.13776337115072934,0.12317666126418152,0.24149108589951376,0.49756888168557534
328,73.1510942828822,1000,0.19346476747333397,0.0005156399112390642,1.3898065691000316,0.253,0.075,0.203,0.469
329,-24.197735616559186,118,0.19250122715283827,0.0005120916205043656,1.3655394969123966,0.17796610169491525,0.211864406779661,0.5,0.11016949152542373
330,107.04908072370318,1000,0.19154248569035348,0.0005085677467452802,1.3785844293365954,0.479,0.281,0.114,0.126
331,199.66367034138142,878,0.190588519185439,0.0005050681219404303,1.3502939128475206,0.3542141230068337,0.1378132118451025,0.1548974943052392,0.3530751708428246
332,-143.41420752080023,208,0.18963930385668903,0.0005015925792246494,1.3093868920907032,0.16346153846153846,0.39903846153846156,0.3125,0.125
333,79.89222318658024,1000,0.18869481604113966,0.000498140952881026,1.383641191730877,0.447,0.302,0.146,0.105
334,208.50192817528614,548,0.1877550321936791,0.0004947130783330022,1.3713028635048432,0.3083941605839416,0.34306569343065696,0.22992700729927007,0.11861313868613138
335,-1.293546347534658,175,0.18681992888646057,0.0004913087921365264,1.3809778495415148,0.09142857142857143,0.2342857142857143,0.4742857142857143,0.2
336,-10.00350890068411,94,0.18588948280831843,0.00048792793197226003,1.3892635295419342,0.09574468085106383,0.19148936170212766,0.4787234042553192,0.23404255319148937
337,230.3283132694289,722,0.18496367076418696,0.0004845703366378385,1.3552104705801193,0.5831024930747922,0.07617728531855955,0.20083102493074792,0.13988919667590027
338,79.41203869015175,1000,0.18404246967452215,0.0004812358460401845,1.3295133994684807,0.604,0.154,0.135,0.107
339,146.26162450363967,1000,0.18312585657472633,0.0004779243011878747,1.3137448037046773,0.663,0.087,0.146,0.104
340,-22.83433286379237,166,0.18221380861457573,0.00047463554418355894,1.3084091543463265,0.1927710843373494,0.1566265060240964,0.4939759036144578,0.1566265060240964
341,17.573063776152594,119,0.18130630305765083,0.0004713694182164316,1.3120857892495912,0.11764705882352941,0.17647058823529413,0.5546218487394958,0.15126050420168066
342,263.50392989020685,541,0.18040331728076958,0.0004681257675547547,1.2931395080046806,0.6136783733826248,0.08687615526802218,0.21811460258780038,0.08133086876155268
343,283.85509458423223,941,0.17950482877342336,0.00046490443753843233,1.2858706602088772,0.6163655685441021,0.1030818278427205,0.13071200850159406,0.14984059511158343
344,24.71353082673295,123,0.17861081513721588,0.00046170527457163656,1.3038544466109867,0.14634146341463414,0.13821138211382114,0.5365853658536586,0.17886178861788618
345,265.8254713975417,535,0.17772125408530481,0.00045852812611548366,1.278547369635727,0.6429906542056075,0.0616822429906542,0.18504672897196262,0.1102803738317757
346,83.82104700584328,1000,0.17683612344184615,0.00045537284068076107,1.2769608283506395,0.597,0.067,0.141,0.195
347,271.8593661044242,412,0.17595540114144145,0.0004522392678207041,1.2517089236122572,0.5194174757281553,0.08009708737864078,0.25970873786407767,0.1407766990291262
348,-22.542657904355224,164,0.17507906522858774,0.0004491272581238226,1.2644341969457351,0.21951219512195122,0.1524390243902439,0.4634146341463415,0.16463414634146342
349,-13.262421672308449,132,0.17420709385713018,0.00044603666320677695,1.2816930873120678,0.12878787878787878,0.18181818181818182,0.5454545454545454,0.14393939393939395
350,228.06063253854603,612,0.17333946528971744,0.0004429673357073028,1.292514223564185,0.5784313725490197,0.08823529411764706,0.22549019607843138,0.10784313725490197
351,254.6655306359752,655,0.1724761578972599,0.00043991912927718486,1.2616445192172654,0.6335877862595419,0.08396946564885496,0.19236641221374046,0.0900763358778626
352,-33.97766841464775,90,0.17161715015839032,0.00043689189857527903,1.245471930044249,0.28888888888888886,0.16666666666666666,0.3333333333333333,0.2111111111111111
353,228.0806920874548,313,0.1707624206589275,0.00043388549926058205,1.2497570632544486,0.3610223642172524,0.14057507987220447,0.3450479233226837,0.15335463258785942
354,13.414041156744076,156,0.16991194809134227,0.0004308997879853495,1.2512918827770905,0.10256410256410256,0.17307692307692307,0.532051282051282,0.19230769230769232
355,-4.660663619825385,159,0.16906571125422645,0.0004279346223882607,1.265739587858517,0.09433962264150944,0.1761006289308176,0.5849056603773585,0.14465408805031446
356,33.449297747807094,138,0.16822368905176427,0.00042498986108763085,1.2441572609795153,0.18840579710144928,0.13043478260869565,0.572463768115942,0.10869565217391304
357,250.46615574389924,512,0.16738586049320645,0.00042206536367466987,1.2249934889951597,0.505859375,0.099609375,0.28125,0.11328125
358,28.763947477194392,125,0.16655220469234697,0.00041916099070678746,1.2303499622360035,0.088,0.192,0.552,0.168
359,8.302204809659784,138,0.1657227008670024,0.0004162766037009445,1.244628012139303,0.12318840579710146,0.1956521739130435,0.5507246376811594,0.13043478260869565
360,-30.870204986459626,141,0.16489732833849374,0.00041341206512705,1.2168456346768293,0.2695035460992908,0.11347517730496454,0.48936170212765956,0.1276595744680851
361,40.02463140178733,134,0.16407606653113102,0.00041056723840140346,1.245558875536757,0.08955223880597014,0.13432835820895522,0.6044776119402985,0.17164179104477612
362,259.6225115942947,239,0.16325889497170032,0.00040774198788018254,1.2167362540575135,0.4769874476987448,0.10460251046025104,0.34309623430962344,0.07531380753138076
363,261.34915491938557,658,0.16244579328895342,0.00040493617885297545,1.2389640249202307,0.6550151975683891,0.09270516717325228,0.1458966565349544,0.10638297872340426
364,36.806649100854656,174,0.16163674121309993,0.00040214967753635783,1.2277645497832623,0.14942528735632185,0.1839080459770115,0.5,0.16666666666666666
365,223.68679956625732,228,0.16083171857530196,0.00039938235106751376,1.243213632447476,0.29385964912280704,0.17105263157894737,0.39035087719298245,0.14473684210526316
366,264.45352953782947,225,0.16003070530717145,0.0003966340674979008,1.2061573766068452,0.36,0.10222222222222223,0.4088888888888889,0.1288888888888889
367,274.66351681179015,539,0.1592336814402698,0.0003939046957869587,1.2425527270394814,0.5510204081632653,0.08163265306122448,0.1614100185528757,0.20593692022263452
368,118.84831821575156,1000,0.15844062710561005,0.000391194105795861,1.2288047501095778,0.594,0.107,0.142,0.157
369,268.55003435282936,588,0.15765152253316161,0.00038850216828131004,1.2343763330703499,0.39625850340136054,0.31462585034013607,0.16326530612244897,0.12585034013605442
370,-74.7618641486915,406,0.15686634805135746,0.00038582875488937465,1.2154387855672528,0.2438423645320197,0.12807881773399016,0.3522167487684729,0.27586206896551724
371,273.46037359511206,416,0.15608508408660363,0.00038317373814936997,1.23202782589015,0.5432692307692307,0.10817307692307693,0.2403846153846154,0.10817307692307693
372,231.33788274267488,245,0.15530771116279135,0.00038053699146777946,1.2506051917746135,0.3836734693877551,0.10612244897959183,0.3306122448979592,0.17959183673469387
373,271.9512854332702,423,0.15453420990081157,0.000377918389122219,1.2459006466778806,0.41843971631205673,0.16312056737588654,0.2127659574468085,0.20567375886524822
374,17.68556378394318,115,0.1537645610180717,0.0003753178062554423,1.2385150670379885,0.11304347826086956,0.1826086956521739,0.46956521739130436,0.23478260869565218
375,231.72530140473177,394,0.15299874532801508,0.00037273511886938744,1.26021584998412,0.36548223350253806,0.1548223350253807,0.3401015228426396,0.13959390862944163
376,283.52869107184426,400,0.15223674373964258,0.0003701702038192647,1.2404919987296759,0.445,0.14,0.2725,0.1425
377,-4.436563446002879,125,0.15147853725703672,0.0003676229388076849,1.2413231038793036,0.2,0.216,0.432,0.152
378,248.0475869563848,484,0.1507241069788881,0.0003650932023788281,1.2423802327751972,0.390495867768595,0.09297520661157024,0.18181818181818182,0.3347107438016529
379,98.01874045031907,1000,0.14997343409802424,0.00036258087391265236,1.250499577628968,0.419,0.074,0.165,0.342
380,36.63849428371935,138,0.1492264999009407,0.00036008583361914274,1.2514850110790912,0.18115942028985507,0.13043478260869565,0.5362318840579711,0.15217391304347827
381,130.00657076196026,1000,0.14848328576733458,0.0003576079625325995,1.236477022121583,0.601,0.06,0.096,0.243
382,273.36366478334173,339,0.14774377316964035,0.0003551471425059655,1.2530794054611423,0.5575221238938053,0.10619469026548672,0.24188790560471976,0.0943952802359882
383,149.47777229827113,634,0.147007943672568,0.00035270325620519324,1.250416216108598,0.23186119873817035,0.48264984227129337,0.20504731861198738,0.0804416403785489
384,297.95460166096757,400,0.14627577893264343,0.00035027618710364985,1.250605905350843,0.4525,0.095,0.22,0.2325
385,15.092607939632671,142,0.14554726069775115,0.00034786581947656136,1.2413082274932492,0.07042253521126761,0.176056338028169,0.5985915492957746,0.15492957746478872
386,47.25048837048959,167,0.1448223708066793,0.0003454720383954946,1.1962340167279863,0.0718562874251497,0.24550898203592814,0.437125748502994,0.24550898203592814
387,299.94202196384356,412,0.14410109118866696,0.00034309472972287745,1.2427877525041393,0.4878640776699029,0.12135922330097088,0.2766990291262136,0.11407766990291263
388,291.5848434977132,290,0.14338340386295353,0.0003407337801065566,1.265004199374672,0.503448275862069,0.0896551724137931,0.30689655172413793,0.1
389,-2.518215633957894,95,0.1426692909383306,0.00033838907697439276,1.293283856667213,0.08421052631578947,0.2,0.5157894736842106,0.2
390,-121.44054937372978,845,0.14195873461269595,0.00033606050852889326,1.2254031458390267,0.40946745562130177,0.3585798816568047,0.14792899408284024,0.08402366863905325
391,6.15457260627376,145,0.14125171717260968,0.0003337479637418814,1.2126842138135818,0.06206896551724138,0.2206896551724138,0.5103448275862069,0.20689655172413793
392,25.52105136309227,113,0.1405482209928527,0.00033145133234920243,1.1910461018831642,0.09734513274336283,0.13274336283185842,0.5663716814159292,0.20353982300884957
393,42.63250976265306,124,0.13984822853598727,0.0003291705048454662,1.2407026346718182,0.11290322580645161,0.20967741935483872,0.4596774193548387,0.21774193548387097
394,214.17139361734127,335,0.13915172235191997,0.0003269053724788257,1.2733581855379066,0.3164179104477612,0.27761194029850744,0.3194029850746269,0.08656716417910448
395,237.62621009685097,392,0.13845868507746648,0.0003246558272457919,1.264840663857357,0.2423469387755102,0.45918367346938777,0.1913265306122449,0.10714285714285714
396,238.16523114494998,371,0.1377690994359189,0.0003224217618860838,1.2419158466943763,0.48787061994609165,0.12668463611859837,0.29110512129380056,0.09433962264150944
397,242.39116286827655,250,0.13708294823661493,0.00032020306987751433,1.249588520211583,0.396,0.128,0.328,0.148
398,257.0691679665624,778,0.13640021437450947,0.0003179996454309112,1.2315288357815841,0.5514138817480719,0.07969151670951156,0.14910025706940874,0.21979434447300772
399,7.283676201664221,160,0.1357208808297481,0.0003158113834850728,1.235219788485566,0.1125,0.1375,0.59375,0.15625
400,100.29894132366506,1000,0.13504493066724277,0.0003136381797017588,1.2414779865184,0.539,0.273,0.123,0.065
401,-111.22021309448213,144,0.13437234703624976,0.0003114799304607153,1.2144423594542886,0.10416666666666667,0.2569444444444444,0.4166666666666667,0.2222222222222222
402,273.65172731108527,456,0.13370311316994946,0.0003093365328547338,1.2162313101732083,0.4956140350877193,0.1206140350877193,0.23464912280701755,0.14912280701754385
403,-15.425553172992124,138,0.1330372123850285,0.000307207884684745,1.2164792341696784,0.15942028985507245,0.21739130434782608,0.37681159420289856,0.2463768115942029
404,-224.63693055668483,260,0.13237462808126377,0.0003050938844549454,1.2705010251842646,0.18461538461538463,0.11153846153846154,0.4230769230769231,0.28076923076923077
405,261.93276369324883,193,0.13171534374110866,0.0003029944313679582,1.2450913821207663,0.3316062176165803,0.19689119170984457,0.3626943005181347,0.10880829015544041
406,285.833233980718,402,0.13105934292928123,0.0003009094253200269,1.2446830148897663,0.26865671641791045,0.07960199004975124,0.208955223880597,0.4427860696517413
407,263.1373084196729,280,0.1304066092923546,0.00029883876689624264,1.2143381692465722,0.4714285714285714,0.08928571428571429,0.2857142857142857,0.15357142857142858
408,295.80248103985855,767,0.12975712655834912,0.0002967823573658037,1.2399466153351446,0.5645371577574967,0.1681877444589309,0.1408083441981747,0.12646675358539766
409,281.4709150775009,400,0.12911087853632688,0.0002947400986773081,1.2618855879330775,0.315,0.15,0.27,0.265
410,246.89478502321631,211,0.128467849115988,0.00029271189345407827,1.2314231087688203,0.3127962085308057,0.14218009478672985,0.3933649289099526,0.15165876777251186
411,245.68755620297895,306,0.12782802226726903,0.0002906976449895182,1.269187129220104,0.5,0.0718954248366013,0.27124183006535946,0.1568627450980392
412,277.567294385333,499,0.12719138203994332,0.0002886972572425023,1.266862859020007,0.4529058116232465,0.1062124248496994,0.21442885771543085,0.22645290581162325
413,230.6446491248901,339,0.1265579125632235,0.00028671063483279606,1.2486640044711785,0.1592920353982301,0.49262536873156343,0.24778761061946902,0.10029498525073746
414,222.51404508405707,271,0.12592759804536563,0.00028473768303650834,1.199896939317058,0.34317343173431736,0.11070110701107011,0.3210332103321033,0.22509225092250923
415,24.974511271402378,132,0.1253004227732758,0.0002827783077815747,1.260167774914465,0.12878787878787878,0.1590909090909091,0.5151515151515151,0.19696969696969696
416,66.29674608717562,135,0.12467637111211817,0.0002808324156432722,1.2157428649913695,0.17037037037037037,0.1925925925925926,0.4888888888888889,0.14814814814814814
417,19.013958531436884,137,0.12405542750492535,0.0002788999138397645,1.2394353712800508,0.10948905109489052,0.1897810218978102,0.5036496350364964,0.19708029197080293
418,257.13884278007333,200,0.12343757647221056,0.0002769807102276782,1.2305920053485133,0.345,0.105,0.4,0.15
419,-10.14768113751164,125,0.1228228026115817,0.00027507471329770924,1.190903776812444,0.152,0.208,0.408,0.232
420,275.06323170328005,595,0.12221109059735742,0.0002731818321702598,1.2160476343091446,0.6504201680672269,0.06890756302521009,0.15126050420168066,0.12941176470588237
421,5.740988814388871,116,0.12160242518018508,0.00027130197659110486,1.1995417535461175,0.12931034482758622,0.25862068965517243,0.3620689655172414,0.25
422,260.54716808772207,358,0.12099679118666054,0.00026943505692708896,1.2046775154402156,0.2709497206703911,0.24022346368715083,0.30726256983240224,0.18156424581005587
423,263.878575236394,396,0.12039417351894997,0.00026758098416185234,1.2136602494018771,0.5732323232323232,0.08838383838383838,0.21212121212121213,0.12626262626262627
424,236.8625375177103,236,0.11979455715441345,0.0002657396698915866,1.226309340893255,0.3983050847457627,0.1228813559322034,0.3432203389830508,0.13559322033898305
425,27.715819991854886,120,0.11919792714523043,0.00026391102632081963,1.2508807859616025,0.125,0.175,0.5166666666666667,0.18333333333333332
426,260.33195232854484,432,0.11860426861802718,0.0002620949662582292,1.2316083319488291,0.5694444444444444,0.12731481481481483,0.2175925925925926,0.08564814814814815
427,68.00539710812026,109,0.11801356677350594,0.0002602914031124857,1.1995091455812004,0.027522935779816515,0.1834862385321101,0.6697247706422018,0.11926605504587157
428,232.2473618165585,581,0.11742580688607601,0.00025850025088812364,1.2055089918289466,0.47160068846815834,0.2719449225473322,0.1721170395869191,0.08433734939759036
429,50.37827315645714,143,0.11684097430348667,0.00025672142418144085,1.17971681968242,0.11188811188811189,0.16083916083916083,0.5734265734265734,0.15384615384615385
430,275.20134253179873,479,0.1162590544464619,0.00025495483817642676,1.2305909999904556,0.5657620041753654,0.06889352818371608,0.19832985386221294,0.16701461377870563
431,203.42936691980526,861,0.11568003280833696,0.00025320040864071813,1.2191182552604076,0.35656213704994194,0.47038327526132406,0.11498257839721254,0.05807200929152149
432,-0.9625966234050622,138,0.1151038949546967,0.00025145805192158273,1.1999481824954388,0.18840579710144928,0.13768115942028986,0.5144927536231884,0.15942028985507245
433,226.7974984185612,236,0.11453062652301578,0.00024972768494193085,1.2145045642898047,0.2796610169491525,0.1694915254237288,0.3559322033898305,0.19491525423728814
434,94.96359755339279,1000,0.1139602132223006,0.00024800922519635396,1.2254152842939774,0.343,0.486,0.108,0.063
435,-11.371363604265056,125,0.11339264083273302,0.00024630259074719086,1.2577512191251832,0.112,0.216,0.544,0.128
436,219.80799159595574,616,0.11282789520531596,0.0002446077002206208,1.2083361565714275,0.5876623376623377,0.1396103896103896,0.1525974025974026,0.12012987012987013
437,250.83954721946168,389,0.11226596226152054,0.00024292447280278354,1.2045087591838146,0.5912596401028277,0.07969151670951156,0.20822622107969152,0.12082262210796915
438,284.2291929146446,405,0.11170682799293526,0.00024125282823592606,1.198873648648306,0.5901234567901235,0.09135802469135802,0.2419753086419753,0.07654320987654321
439,262.13956761255196,229,0.11115047846091669,0.00023959268681457576,1.1985144499470295,0.43231441048034935,0.08733624454148471,0.36681222707423583,0.11353711790393013
440,273.12972604634473,476,0.11059689979624203,0.00023794396938174006,1.2175719519708255,0.49369747899159666,0.0819327731092437,0.17647058823529413,0.24789915966386555
441,284.6868643267909,437,0.11004607819876336,0.00023630659732513216,1.1858480887395288,0.6041189931350115,0.11441647597254005,0.21052631578947367,0.07093821510297482
442,257.5955723303196,199,0.1094979999370636,0.00023468049257342264,1.1727976395604705,0.19597989949748743,0.18090452261306533,0.46733668341708545,0.15577889447236182
443,278.67344948008645,291,0.10895265134811426,0.00023306557759251707,1.2154210432578492,0.4536082474226804,0.10309278350515463,0.28865979381443296,0.15463917525773196
444,203.8440224416357,495,0.10841001883693473,0.0002314617753818591,1.1894546604482112,0.5474747474747474,0.17373737373737375,0.19393939393939394,0.08484848484848485
445,296.27129228733565,413,0.10787008887625348,0.00022986900947075884,1.2267042382789874,0.3946731234866828,0.11138014527845036,0.2324455205811138,0.26150121065375304
446,21.70826278211726,122,0.10733284800617075,0.00022828720391474694,1.2005945166083989,0.08196721311475409,0.21311475409836064,0.5327868852459017,0.1721311475409836
447,44.05982359765355,134,0.10679828283382309,0.00022671628329195328,1.2215645920582077,0.11940298507462686,0.15671641791044777,0.5298507462686567,0.19402985074626866
448,6.1204470190935325,121,0.10626638003304942,0.00022515617269951084,1.2097550307819382,0.1487603305785124,0.2231404958677686,0.36363636363636365,0.2644628099173554
449,125.6716573961403,1000,0.10573712634405887,0.00022360679774998437,1.193632813592586,0.424,0.4,0.117,0.059
450,294.77838520977093,313,0.10521050857310017,0.00022206808456782335,1.2084423013775616,0.3929712460063898,0.12460063897763578,0.2779552715654952,0.20447284345047922
451,219.57142714058529,429,0.10468651359213282,0.0002205399597858397,1.1925386740572894,0.24242424242424243,0.45454545454545453,0.21445221445221446,0.08857808857808858
452,-15.252196569837182,108,0.10416512833849978,0.0002190223505417095,1.1937480069458635,0.009259259259259259,0.28703703703703703,0.4537037037037037,0.25
453,7.780056460481944,129,0.1036463398146018,0.0002175151844744988,1.2009763238315443,0.08527131782945736,0.23255813953488372,0.5038759689922481,0.17829457364341086
454,239.24313016763668,275,0.1031301350875735,0.00021601838972121353,1.172889149628566,0.3781818181818182,0.10181818181818182,0.31636363636363635,0.20363636363636364
455,276.248656172825,301,0.10261650128896083,0.00021453189491337288,1.1688791929223952,0.40863787375415284,0.16611295681063123,0.2691029900332226,0.15614617940199335
456,49.44215580409002,135,0.10210542561440039,0.00021305562917360642,1.150122935588921,0.08888888888888889,0.1925925925925926,0.5037037037037037,0.21481481481481482
457,267.5228154471248,437,0.10159689532330018,0.00021158952211227465,1.1755433595745177,0.5491990846681922,0.09610983981693363,0.20823798627002288,0.14645308924485126
458,23.909088614042687,127,0.10109089773852199,0.0002101335038241127,1.1901822271676559,0.2204724409448819,0.14960629921259844,0.4094488188976378,0.2204724409448819
459,-136.09801709965754,109,0.10058742024606539,0.00020868750488489723,1.1734169763876456,0.07339449541284404,0.3302752293577982,0.28440366972477066,0.3119266055045872
460,255.36322407253218,208,0.10008645029475326,0.00020725145634813618,1.1769730861160856,0.33653846153846156,0.1778846153846154,0.33653846153846156,0.14903846153846154
461,268.487923849896,358,0.09958797539591889,0.00020582528974178143,1.155476661163308,0.505586592178771,0.14804469273743018,0.26256983240223464,0.08379888268156424
462,24.08385428931372,113,0.0990919831230947,0.00020440893706496387,1.176099588624943,0.09734513274336283,0.21238938053097345,0.48672566371681414,0.20353982300884957
463,283.24579279838406,235,0.09859846111170241,0.00020300233078475116,1.1646530085649658,0.225531914893617,0.16170212765957448,0.3872340425531915,0.225531914893617
464,-39.01379285001454,102,0.09810739705874481,0.00020160540383292762,1.1540192074372488,0.049019607843137254,0.29411764705882354,0.38235294117647056,0.27450980392156865
465,59.132664009354215,143,0.0976187787224991,0.00020021808960279643,1.165980116518258,0.1888111888111888,0.17482517482517482,0.43356643356643354,0.20279720279720279
466,0.8177547881548719,121,0.09713259392221169,0.0001988403219460037,1.1667844423287028,0.09917355371900827,0.2396694214876033,0.39669421487603307,0.2644628099173554
467,31.90629231193148,128,0.09664883053779448,0.00019747203516938454,1.165232957535837,0.1484375,0.2109375,0.4609375,0.1796875
468,15.42031627438024,138,0.09616747650952286,0.0001961131640318307,1.143661550339513,0.1956521739130435,0.2028985507246377,0.37681159420289856,0.2246376811594203
469,296.64421455790796,214,0.09568851983773495,0.00019476364374117975,1.140063260291172,0.3317757009345794,0.1588785046728972,0.3177570093457944,0.19158878504672897
470,31.347580997335882,133,0.09521194858253253,0.0001934234099511259,1.161601425858327,0.11278195488721804,0.24060150375939848,0.43609022556390975,0.21052631578947367
471,247.56879715650172,198,0.09473775086348335,0.0001920923987581518,1.150403368389869,0.40404040404040403,0.07575757575757576,0.40404040404040403,0.11616161616161616
472,13.377222259758867,141,0.09426591485932499,0.00019077054669848148,1.1473000104356355,0.12056737588652482,0.12056737588652482,0.5815602836879432,0.1773049645390071
473,278.35817482951353,264,0.09379642880767017,0.00018945779074505458,1.1552677441740986,0.2689393939393939,0.1590909090909091,0.36742424242424243,0.20454545454545456
474,270.19194565063094,370,0.09332928100471348,0.00018815406830452095,1.1308354224102637,0.5972972972972973,0.06756756756756757,0.24324324324324326,0.0918918918918919
475,258.0000759802645,261,0.09286445980493968,0.00018685931721425624,1.1460584378906866,0.5057471264367817,0.07279693486590039,0.31800766283524906,0.10344827586206896
476,302.6791248361386,295,0.09240195362083334,0.00018557347573939793,1.1277142740865422,0.24067796610169492,0.30847457627118646,0.26440677966101694,0.1864406779661017
477,263.23656948123795,277,0.09194175092259001,0.0001842964825699017,1.1398167871143,0.44765342960288806,0.09747292418772563,0.34296028880866425,0.11191335740072202
478,33.53612904569832,123,0.09148384023782877,0.00018302827681761824,1.149458895687237,0.06504065040650407,0.17073170731707318,0.5772357723577236,0.18699186991869918
479,-2.649503117120247,166,0.09102821015130624,0.00018176879801338986,1.1475228237355883,0.13855421686746988,0.13855421686746988,0.5421686746987951,0.18072289156626506
480,275.92947008093745,295,0.09057484930463203,0.00018051798610416744,1.16075196612887,0.376271186440678,0.14576271186440679,0.29152542372881357,0.1864406779661017
481,260.0236047631849,417,0.09012374639598555,0.00017927578145014698,1.1533050082591716,0.5683453237410072,0.07673860911270983,0.24700239808153476,0.1079136690647482
482,280.46656318763337,302,0.08967489017983431,0.00017804212482192588,1.1231791191394456,0.49337748344370863,0.0728476821192053,0.32781456953642385,0.10596026490066225
483,225.73195488227577,205,0.08922826946665352,0.00017681695739767893,1.1295966005904061,0.32195121951219513,0.1024390243902439,0.43414634146341463,0.14146341463414633
484,20.379871165138965,138,0.08878387312264722,0.00017560022076035353,1.1167825806667357,0.1956521739130435,0.16666666666666666,0.4782608695652174,0.15942028985507245
485,293.9907615387167,296,0.0883416900694707,0.00017439185689488443,1.1239302120874377,0.3918918918918919,0.16216216216216217,0.3344594594594595,0.11148648648648649
486,-5.820347092941574,112,0.08790170928395427,0.00017319180818542736,1.1264449418268419,0.026785714285714284,0.32142857142857145,0.4107142857142857,0.24107142857142858
487,265.27988187478877,269,0.08746391979782855,0.000172000017412612,1.1634934342877132,0.4795539033457249,0.08550185873605948,0.3382899628252788,0.09665427509293681
488,254.47274234795725,214,0.08702831069745101,0.00017081642775081368,1.1622530557838453,0.3644859813084112,0.1261682242990654,0.34579439252336447,0.16355140186915887
489,-37.85997468883569,109,0.08659487112353387,0.00016964098276544382,1.1506816037415293,0.08256880733944955,0.3119266055045872,0.29357798165137616,0.3119266055045872
490,292.0510981418339,324,0.08616359027087342,0.00016847362641025915,1.1239068614857388,0.2808641975308642,0.22839506172839505,0.3117283950617284,0.17901234567901234
491,43.43336328605426,119,0.08573445738808068,0.00016731430302468933,1.118467122850167,0.025210084033613446,0.23529411764705882,0.5294117647058824,0.21008403361344538
492,260.7605024596162,272,0.08530746177731334,0.00016616295733118305,1.1341929476383275,0.3639705882352941,0.13602941176470587,0.3492647058823529,0.15073529411764705
493,265.2438152752306,272,0.0848825927940091,0.0001650195344325723,1.1249304963444058,0.4117647058823529,0.20220588235294118,0.31985294117647056,0.0661764705882353
494,-183.41898625596508,112,0.08445983984662027,0.0001638839798094549,1.085930742019338,0.125,0.3125,0.2857142857142857,0.2767857142857143
495,302.5599011452966,362,0.0840391923963498,0.00016275623931759483,1.1354818521383971,0.4419889502762431,0.15193370165745856,0.24861878453038674,0.1574585635359116
496,240.81519163449423,345,0.0836206399568885,0.00016163625918534075,1.1282508160510931,0.40869565217391307,0.16231884057971013,0.26666666666666666,0.16231884057971013
497,47.08004547417218,145,0.08320417209415364,0.000160523986011062,1.1242044338837727,0.15862068965517243,0.19310344827586207,0.5103448275862069,0.13793103448275862
498,260.5363021901553,253,0.08278977842602886,0.00015941936676060244,1.131758858805195,0.4189723320158103,0.09881422924901186,0.32806324110671936,0.1541501976284585
499,319.2838077477284,247,0.08237744862210536,0.00015832234876475164,1.1233002109119286,0.3684210526315789,0.2145748987854251,0.2874493927125506,0.12955465587044535
500,237.7583508673495,486,0.08196717240342434,0.0001572328797167337,1.1143159437254533,0.08641975308641975,0.5843621399176955,0.24279835390946503,0.08641975308641975
501,-50.50299505721371,112,0.08155893954222078,0.00015615090766971307,1.1098559827419396,0.10714285714285714,0.3125,0.26785714285714285,0.3125
502,269.0101571499893,249,0.08115273986166843,0.00015507638103431782,1.1179609729422721,0.39759036144578314,0.14859437751004015,0.3373493975903614,0.11646586345381527
503,268.6169600703229,289,0.08074856323562621,0.00015400924857617972,1.138093478127817,0.3771626297577855,0.12110726643598616,0.34256055363321797,0.15916955017301038
504,257.0778583286981,329,0.08034639958838564,0.00015294945941349137,1.1335434687169348,0.24316109422492402,0.3404255319148936,0.26443768996960487,0.1519756838905775
505,-61.19860922801278,121,0.0799462388944198,0.00015189696301458008,1.1136847133486305,0.14049586776859505,0.2892561983471074,0.32231404958677684,0.24793388429752067
506,261.08099951806753,291,0.07954807117813331,0.00015085170919549855,1.1156125478591896,0.3951890034364261,0.1134020618556701,0.3127147766323024,0.17869415807560138
507,242.577352569688,343,0.07915188651361367,0.00014981364811763202,1.1020492658576935,0.282798833819242,0.15160349854227406,0.3177842565597668,0.2478134110787172
508,249.6520554750685,241,0.07875767502438383,0.00014878273028532185,1.1060217242499442,0.34854771784232363,0.11618257261410789,0.38589211618257263,0.14937759336099585
509,248.77841348512936,299,0.078365426883156,0.00014775890654350563,1.1029632033486334,0.19063545150501673,0.18729096989966554,0.31438127090301005,0.3076923076923077
510,204.74369877758073,550,0.07797513231158659,0.00014674212807537336,1.127910469395022,0.18727272727272729,0.4018181818181818,0.19272727272727272,0.21818181818181817
511,270.15134804414333,364,0.07758678158003256,0.00014573234640003987,1.1192238662030916,0.4532967032967033,0.12362637362637363,0.29945054945054944,0.12362637362637363
512,246.8823549853908,335,0.07720036500730874,0.00014472951337023314,1.097978007610869,0.46865671641791046,0.10746268656716418,0.28955223880597014,0.13432835820895522
513,36.48465923262833,127,0.07681587296044662,0.00014373358116999866,1.0940849301437565,0.08661417322834646,0.16535433070866143,0.5275590551181102,0.2204724409448819
514,7.8848747589551635,134,0.07643329585445409,0.0001427445023124195,1.0870220383073832,0.08955223880597014,0.17164179104477612,0.582089552238806,0.15671641791044777
515,260.18269829885685,242,0.07605262415207657,0.0001417622296373521,1.0893059156997593,0.2396694214876033,0.14049586776859505,0.45454545454545453,0.1652892561983471
516,215.61419560733864,423,0.07567384836355925,0.00014078671630917759,1.1043403338200783,0.26004728132387706,0.19621749408983452,0.24349881796690306,0.30023640661938533
517,277.8198814965801,230,0.0752969590464105,0.0001398179158145687,1.1190747621814097,0.23043478260869565,0.16521739130434782,0.4391304347826087,0.16521739130434782
518,40.98373771522691,155,0.07492194680516646,0.00013885578196027188,1.1318710876646063,0.16129032258064516,0.1870967741935484,0.49032258064516127,0.16129032258064516
519,-65.56250775270456,271,0.07454880229115689,0.0001379002688709049,1.1031818288121498,0.09225092250922509,0.2029520295202952,0.5092250922509225,0.19557195571955718
520,-43.07248503810193,305,0.07417751620227203,0.00013695133098676928,1.099591602206871,0.07540983606557378,0.17049180327868851,0.5508196721311476,0.20327868852459016
521,285.3099816982971,566,0.07380807928273078,0.00013600892306167813,1.0956935196026434,0.2773851590106007,0.43286219081272087,0.13780918727915195,0.1519434628975265
522,249.21323310398196,692,0.07344048232284993,0.0001350730001607987,1.1217796589577225,0.31358381502890176,0.4797687861271676,0.1430635838150289,0.06358381502890173
523,43.98365627517683,195,0.07307471615881456,0.00013414351765850981,1.0991116583381295,0.08205128205128205,0.2,0.4205128205128205,0.29743589743589743
524,261.9942012291683,261,0.0727107716724496,0.00013322043123627418,1.1088891746515561,0.2567049808429119,0.09578544061302682,0.36398467432950193,0.2835249042145594
525,282.1912780155701,248,0.07234863979099258,0.00013230369688052517,1.1060668150359019,0.3911290322580645,0.10483870967741936,0.3185483870967742,0.18548387096774194
526,71.43281826036599,168,0.07198831148686739,0.00013139327088056821,1.1242512401107863,0.041666666666666664,0.2619047619047619,0.5238095238095238,0.17261904761904762
527,205.40854162366642,342,0.07162977777745924,0.00013048910982649668,1.1055935817937854,0.29239766081871343,0.347953216374269,0.23976608187134502,0.11988304093567251
528,241.79375901515238,304,0.07127302972489075,0.00012959117060712202,1.116471523455965,0.24671052631578946,0.3980263157894737,0.26973684210526316,0.08552631578947369
529,21.27611877776235,212,0.07091805843579913,0.00012869941040791818,1.1031483517244758,0.07075471698113207,0.2028301886792453,0.5235849056603774,0.2028301886792453
530,261.20484740451946,339,0.07056485506111447,0.00012781378670898022,1.1367345072169062,0.2831858407079646,0.11209439528023599,0.35693215339233036,0.24778761061946902
531,254.55410125858657,321,0.07021341079583919,0.00012693425728299684,1.1338873051923568,0.3395638629283489,0.22741433021806853,0.27414330218068533,0.1588785046728972
532,287.85028029603166,220,0.06986371687882846,0.00012606078019323702,1.104937303120558,0.33181818181818185,0.13636363636363635,0.38636363636363635,0.14545454545454545
533,275.9013859803323,304,0.06951576459257186,0.00012519331379155045,1.1171095889453762,0.46710526315789475,0.08552631578947369,0.26973684210526316,0.17763157894736842
534,19.20106463926861,146,0.06916954526297603,0.0001243318167163816,1.1090739419829707,0.06164383561643835,0.18493150684931506,0.5273972602739726,0.22602739726027396
535,56.465134565381334,177,0.06882505025914844,0.00012347624789079773,1.0806873806966315,0.2033898305084746,0.12429378531073447,0.4858757062146893,0.1864406779661017
536,276.72314073457494,295,0.06848227099318223,0.00012262656652053014,1.095558842260251,0.19322033898305085,0.17288135593220338,0.3050847457627119,0.3288135593220339
537,274.69189445042934,317,0.06814119891994212,0.00012178273209202919,1.0987506979720845,0.39747634069400634,0.09779179810725552,0.2870662460567823,0.21766561514195584
538,-112.29381390546942,57,0.06780182553685142,0.00012094470437053251,1.0809024076517766,0.017543859649122806,0.19298245614035087,0.15789473684210525,0.631578947368421
539,235.99059215422236,916,0.06746414238368,0.00012011244339814657,1.1120694198320902,0.62882096069869,0.20305676855895197,0.11135371179039301,0.056768558951965066
540,4.105507056208907,225,0.06712814104233344,0.00011928590949194152,1.1065838831556136,0.18222222222222223,0.14666666666666667,0.5644444444444444,0.10666666666666667
541,250.2143548836777,212,0.06679381313664319,0.000118465063242059,1.1007683798687649,0.1650943396226415,0.28773584905660377,0.3915094339622642,0.15566037735849056
542,-8.141535603594448,146,0.0664611503321577,0.00011764986550983303,1.1047946470432015,0.23972602739726026,0.1506849315068493,0.4794520547945205,0.13013698630136986
543,44.810582629698615,161,0.06613014433593471,0.00011684027742592396,1.0978003102141884,0.06832298136645963,0.20496894409937888,0.5217391304347826,0.20496894409937888
544,259.12715026171566,430,0.06580078689633446,0.00011603626038846503,1.109525570838422,0.4,0.16279069767441862,0.22325581395348837,0.21395348837209302
545,34.672899944337274,118,0.06547306980281405,0.00011523777606122184,1.129550112391884,0.05084745762711865,0.211864406779661,0.576271186440678,0.16101694915254236
546,28.041735607177316,139,0.0651469848857227,0.00011444478637176445,1.132334150773028,0.04316546762589928,0.2158273381294964,0.5683453237410072,0.17266187050359713
547,208.29899164280556,770,0.0648225240160981,0.00011365725350965203,1.0987802383257177,0.44415584415584414,0.3064935064935065,0.17922077922077922,0.07012987012987013
548,14.337221177313353,130,0.06449967910546381,0.00011287513992463008,1.0979017179336545,0.05384615384615385,0.17692307692307693,0.5384615384615384,0.23076923076923078
549,205.39714181818783,643,0.06417844210562758,0.00011209840832483992,1.0886292298525342,0.3203732503888025,0.2410575427682737,0.3250388802488336,0.11353032659409021
550,198.31807674565175,236,0.0638588050084807,0.00011132702167504067,1.1061497913794207,0.13559322033898305,0.0847457627118644,0.4449152542372881,0.3347457627118644
551,223.8619437585477,243,0.06354075984579843,0.00011056094319484329,1.0885029830831345,0.37037037037037035,0.18106995884773663,0.3374485596707819,0.1111111111111111
552,251.9033246983944,193,0.0632242986890413,0.00010980013635695692,1.105983247176446,0.25906735751295334,0.15544041450777202,0.43005181347150256,0.15544041450777202
553,16.695512252559652,158,0.06290941364915748,0.00010904456488544722,1.0859368027022704,0.05063291139240506,0.1962025316455696,0.4620253164556962,0.2911392405063291
554,51.00067909104658,158,0.06259609687638612,0.00010829419275400668,1.0876032555186075,0.0949367088607595,0.17088607594936708,0.5253164556962026,0.2088607594936709
555,-7.073376757679313,148,0.06228434056006167,0.00010754898418423684,1.108488079312836,0.22972972972972974,0.12837837837837837,0.47297297297297297,0.16891891891891891
556,21.95370214056777,154,0.061974136928419146,0.00010680890364394243,1.0813523826859153,0.1038961038961039,0.16883116883116883,0.577922077922078,0.14935064935064934
557,260.6910458644558,278,0.06166547824840039,0.00010607391584543704,1.0811084279410517,0.45323741007194246,0.07553956834532374,0.29136690647482016,0.17985611510791366
558,290.59268947310943,258,0.061358356825461334,0.00010534398574386068,1.0910277564534414,0.17054263565891473,0.21705426356589147,0.37209302325581395,0.24031007751937986
559,286.4522202863176,229,0.06105276500338012,0.00010461907853550873,1.0939109849065898,0.07860262008733625,0.17903930131004367,0.3624454148471616,0.3799126637554585
560,302.28252698105064,369,0.06074869516406628,0.00010389915965617252,1.1027058568230186,0.43902439024390244,0.14363143631436315,0.21951219512195122,0.1978319783197832
561,-57.723417278110134,72,0.06044613972737082,0.00010318419477949128,1.1252094786725466,0.1111111111111111,0.1388888888888889,0.5277777777777778,0.2222222222222222
562,256.1689424720658,215,0.060145091150897244,0.00010247414981531538,1.104327909277726,0.20930232558139536,0.14418604651162792,0.4511627906976744,0.19534883720930232
563,-6.249896553242451,114,0.059845541929813534,0.00010176899090808095,1.0836256350281672,0.11403508771929824,0.21052631578947367,0.5,0.17543859649122806
564,252.10991768772016,431,0.05954748459666506,0.00010106868443519556,1.079588712225933,0.4918793503480278,0.07888631090487239,0.2088167053364269,0.22041763341067286
565,232.71038708984258,310,0.05925091172118844,0.00010037319700543509,1.082489377214405,0.36774193548387096,0.1774193548387097,0.2709677419354839,0.18387096774193548
566,242.6786398786161,224,0.058955815910126275,9.968249545735159e-05,1.0819500346813995,0.4017857142857143,0.06696428571428571,0.34375,0.1875
567,-3.45042012984203,186,0.05866218980704289,9.899654685769216e-05,1.088692457650497,0.08602150537634409,0.23118279569892472,0.5,0.1827956989247312
568,287.6482653760827,294,0.058370026092140904,9.83153184998286e-05,1.1076913737877543,0.41496598639455784,0.10884353741496598,0.23809523809523808,0.23809523809523808
569,33.42009930754014,137,0.058079317482078785,9.763877790219797e-05,1.0795420026192504,0.08029197080291971,0.20437956204379562,0.5474452554744526,0.1678832116788321
570,4.90609470557817,140,0.05779005672978926,9.696689280675384e-05,1.1018068045515002,0.2357142857142857,0.12142857142857143,0.4785714285714286,0.16428571428571428
571,230.23909795662985,292,0.05750223662429868,9.629963117742819e-05,1.0859019546087767,0.09246575342465753,0.5034246575342466,0.2979452054794521,0.10616438356164383
572,44.86929927015612,125,0.05721584999054722,9.563696119860388e-05,1.1129835676314952,0.072,0.152,0.576,0.2
573,235.7572506589785,329,0.056930889689210055,9.49788512735977e-05,1.0873294877752886,0.11854103343465046,0.5531914893617021,0.26443768996960487,0.06382978723404255
574,245.93654234870087,257,0.05664734861651935,9.432527002315378e-05,1.0765247656929282,0.30739299610894943,0.16342412451361868,0.4046692607003891,0.1245136186770428
575,24.44799982136942,146,0.056365219704087186,9.36761862839474e-05,1.0810060848482717,0.17123287671232876,0.17123287671232876,0.4657534246575342,0.1917808219178082
576,5.762967344319151,136,0.056084495918729355,9.303156910709912e-05,1.086132334346818,0.15441176470588236,0.20588235294117646,0.47794117647058826,0.16176470588235295
577,271.68839723211875,307,0.05580517026229002,9.239138775669905e-05,1.0954732960531353,0.247557003257329,0.09771986970684039,0.28013029315960913,0.3745928338762215
578,231.3060442370536,315,0.05552723577146726,9.175561170834144e-05,1.0833971772944682,0.2,0.1523809523809524,0.4793650793650794,0.16825396825396827
579,140.11858058325276,522,0.055250685517639495,9.112421064766915e-05,1.083016684212705,0.23754789272030652,0.5095785440613027,0.1475095785440613,0.1053639846743295
580,248.96967882821082,348,0.05497551260669274,9.049715446892829e-05,1.0817804699419302,0.3333333333333333,0.19827586206896552,0.34770114942528735,0.1206896551724138
581,-9.11814206975454,126,0.05470171017884877,8.98744132735327e-05,1.092275396070996,0.16666666666666666,0.19047619047619047,0.48412698412698413,0.15873015873015872
582,284.8227799977329,257,0.05442927140849408,8.925595736863845e-05,1.0874894287873489,0.1828793774319066,0.22568093385214008,0.3035019455252918,0.28793774319066145
583,249.27606845327566,261,0.05415818950400976,8.864175726572796e-05,1.0841687816157333,0.30268199233716475,0.12643678160919541,0.41762452107279696,0.1532567049808429
584,221.2792303530151,175,0.053888457707602165,8.803178367920401e-05,1.1278079936807521,0.26857142857142857,0.12571428571428572,0.37142857142857144,0.2342857142857143
585,238.22118731148444,202,0.05362006929513446,8.742600752499338e-05,1.1178219340691153,0.46534653465346537,0.11386138613861387,0.3415841584158416,0.07920792079207921
586,257.8060636002269,340,0.05335301757595899,8.682439991916009e-05,1.097983068578434,0.2676470588235294,0.1588235294117647,0.3588235294117647,0.21470588235294116
587,139.7101905132576,528,0.053087295892750505,8.622693217652819e-05,1.0761888497123127,0.09090909090909091,0.5852272727272727,0.2518939393939394,0.07196969696969698
588,251.05150042362868,401,0.052822897621340174,8.563357580931399e-05,1.0736049708109285,0.2718204488778055,0.22194513715710723,0.3865336658354115,0.11970074812967581
589,290.7938421842643,229,0.052559816170550465,8.504430252576783e-05,1.0706184386002298,0.2576419213973799,0.14847161572052403,0.44541484716157204,0.14847161572052403
590,89.82175861293888,1000,0.05229804498203084,8.445908422882499e-05,1.108320193482643,0.161,0.703,0.102,0.034
591,-28.229302621379432,215,0.05203757753009425,8.387789301476607e-05,1.0700914748684442,0.1813953488372093,0.14418604651162792,0.5441860465116279,0.13023255813953488
592,38.696549114466706,117,0.051778407321554455,8.33007011718865e-05,1.0957779176900018,0.06837606837606838,0.1623931623931624,0.6153846153846154,0.15384615384615385
593,281.26723107802866,291,0.05152052789556417,8.272748117917522e-05,1.0875364477995564,0.3711340206185567,0.18900343642611683,0.29896907216494845,0.140893470790378
594,235.01279984570297,198,0.051263932823453984,8.215820570500247e-05,1.06679518837113,0.4090909090909091,0.10606060606060606,0.3939393939393939,0.09090909090909091
595,39.99875527685049,228,0.051008615708572125,8.159284760581654e-05,1.0591111299266416,0.17105263157894737,0.18859649122807018,0.4780701754385965,0.16228070175438597
596,-70.79881492030216,81,0.050754570186124975,8.10313799248496e-05,1.1036085420981796,0.024691358024691357,0.4074074074074074,0.35802469135802467,0.20987654320987653
597,121.05576270958781,441,0.0505017899230184,8.047377589083238e-05,1.0934721600604038,0.15873015873015872,0.19727891156462585,0.5170068027210885,0.12698412698412698
598,211.91249349800012,254,0.050250268617699906,7.992000891671763e-05,1.0849188965006125,0.28346456692913385,0.15748031496062992,0.4094488188976378,0.14960629921259844
599,272.2035849668392,215,0.05000000000000151,7.93700525984125e-05,1.0955251250336644,0.3395348837209302,0.1813953488372093,0.33488372093023255,0.14418604651162792
600,30.061555559295613,513,0.05,7.882388071351953e-05,1.0760513065514714,0.2222222222222222,0.1968810916179337,0.3255360623781676,0.2553606237816764
601,245.58254122139923,284,0.05,7.828146722008633e-05,1.066531065549009,0.12323943661971831,0.3345070422535211,0.397887323943662,0.1443661971830986
602,112.04426065678817,1000,0.05,7.77427862553639e-05,1.0921401844012961,0.066,0.722,0.144,0.068
603,300.2096140218788,356,0.05,7.720781213457351e-05,1.094979060369981,0.5365168539325843,0.06741573033707865,0.22191011235955055,0.17415730337078653
604,218.86168802035118,227,0.05,7.667651934968192e-05,1.0812019822904482,0.29955947136563876,0.15418502202643172,0.4185022026431718,0.1277533039647577
605,230.6889859574255,322,0.05,7.614888256818525e-05,1.056207730487576,0.18633540372670807,0.10248447204968944,0.38198757763975155,0.32919254658385094
606,280.04262589751727,168,0.05,7.562487663190101e-05,1.0703389021364504,0.27380952380952384,0.13095238095238096,0.5178571428571429,0.07738095238095238
607,241.4557523076584,231,0.05,7.510447655576865e-05,1.0793307822168723,0.20346320346320346,0.11688311688311688,0.30735930735930733,0.3722943722943723
608,283.1765714141993,220,0.05,7.45876575266581e-05,1.1065194207407782,0.4772727272727273,0.08181818181818182,0.38636363636363635,0.05454545454545454
609,248.80586397441607,196,0.05,7.407439490218681e-05,1.0820914570390383,0.29081632653061223,0.18877551020408162,0.37755102040816324,0.14285714285714285
610,228.64752400453003,243,0.05,7.356466420954464e-05,1.0796846230436294,0.12345679012345678,0.3374485596707819,0.411522633744856,0.12757201646090535
611,267.70141799767583,253,0.05,7.30584411443271e-05,1.0847803913467564,0.31620553359683795,0.24110671936758893,0.33992094861660077,0.10276679841897234
612,259.40254832845096,208,0.05,7.255570156937642e-05,1.07185327992197,0.35096153846153844,0.15384615384615385,0.41346153846153844,0.08173076923076923
613,42.28589500846462,124,0.05,7.205642151363067e-05,1.0786154362555755,0.16129032258064516,0.1532258064516129,0.5725806451612904,0.11290322580645161
614,-18.905591882755346,147,0.05,7.156057717098084e-05,1.0577908793540938,0.1292517006802721,0.2108843537414966,0.43537414965986393,0.22448979591836735
615,265.3800625009378,391,0.05,7.10681448991357e-05,1.072655718006333,0.26342710997442453,0.4731457800511509,0.22506393861892582,0.03836317135549872
616,294.3237816485995,297,0.05,7.057910121849457e-05,1.1046064230962365,0.23232323232323232,0.16161616161616163,0.3333333333333333,0.2727272727272727
617,271.9738178373028,254,0.05,7.009342281102772e-05,1.0963115961218108,0.2992125984251969,0.18110236220472442,0.3228346456692913,0.1968503937007874
618,48.97416617963722,301,0.05,6.96110865191646e-05,1.102631467924838,0.10963455149501661,0.2558139534883721,0.46179401993355484,0.17275747508305647
619,231.22658755812455,249,0.05,6.913206934468965e-05,1.0714507605368933,0.3815261044176707,0.09236947791164658,0.4497991967871486,0.07630522088353414
620,245.90538494241312,244,0.05,6.865634844764571e-05,1.0915496194696046,0.2540983606557377,0.12295081967213115,0.45491803278688525,0.1680327868852459
621,256.4117243815361,317,0.05,6.818390114524503e-05,1.0712117519324624,0.5236593059936908,0.08832807570977919,0.29337539432176657,0.0946372239747634
622,257.0406398343904,336,0.05,6.771470491078771e-05,1.0668773863048113,0.46726190476190477,0.05952380952380952,0.27976190476190477,0.19345238095238096
623,272.27710649955526,263,0.05,6.724873737258758e-05,1.0895830483110116,0.2509505703422053,0.11787072243346007,0.41825095057034223,0.21292775665399238
624,194.60034350952,512,0.05,6.678597631290557e-05,1.0954405085443986,0.490234375,0.07421875,0.267578125,0.16796875
625,265.4276158597634,241,0.05,6.632639966689026e-05,1.0723767851085422,0.36099585062240663,0.11203319502074689,0.3775933609958506,0.14937759336099585
626,282.764051151467,304,0.05,6.586998552152588e-05,1.07433300602159,0.3157894736842105,0.125,0.3651315789473684,0.19407894736842105
627,277.4935673765095,282,0.05,6.541671211458746e-05,1.0753423598152105,0.3404255319148936,0.11347517730496454,0.40425531914893614,0.14184397163120568
628,55.18326305707973,107,0.05,6.496655783360315e-05,1.0854538055809462,0.028037383177570093,0.22429906542056074,0.5700934579439252,0.17757009345794392
629,248.04926514154698,264,0.05,6.451950121482378e-05,1.0630669815458516,0.2840909090909091,0.13257575757575757,0.4090909090909091,0.17424242424242425
630,284.82564487531135,199,0.05,6.40755209421994e-05,1.0671655163761122,0.25125628140703515,0.1507537688442211,0.4723618090452261,0.12562814070351758
631,264.9345065542776,190,0.05,6.363459584636293e-05,1.0860726533987755,0.3631578947368421,0.15789473684210525,0.4052631578947368,0.07368421052631578
632,-27.673369524343173,337,0.05,6.319670490362081e-05,1.0786985918545617,0.1394658753709199,0.1513353115727003,0.5548961424332344,0.1543026706231454
633,254.68772710143256,373,0.05,6.276182723495052e-05,1.0879132944325454,0.4450402144772118,0.13136729222520108,0.3136729222520107,0.10991957104557641
634,242.94583300620764,318,0.05,6.23299421050051e-05,1.0580249608838732,0.2578616352201258,0.11635220125786164,0.4811320754716981,0.14465408805031446
635,-348.828948502305,688,0.05,6.190102892112444e-05,1.061584041834299,0.05377906976744186,0.24273255813953487,0.4694767441860465,0.23401162790697674
636,67.24586472995281,123,0.05,6.147506723235341e-05,1.0858435114552956,0.016260162601626018,0.18699186991869918,0.5772357723577236,0.21951219512195122
637,304.8618936797176,207,0.05,6.105203672846676e-05,1.1122046677585562,0.34299516908212563,0.21256038647342995,0.34299516908212563,0.10144927536231885
638,275.24163131506515,346,0.05,6.0631917239000664e-05,1.08801321918691,0.3583815028901734,0.22832369942196531,0.3179190751445087,0.0953757225433526
639,30.442729144523042,141,0.05,6.0214688732291044e-05,1.118252752753068,0.10638297872340426,0.22695035460992907,0.49645390070921985,0.1702127659574468
640,246.11466855561576,240,0.05,5.980033131451837e-05,1.0879327135678962,0.375,0.14166666666666666,0.30416666666666664,0.17916666666666667
641,279.8020462820004,298,0.05,5.938882522875917e-05,1.075439406043657,0.3288590604026846,0.1174496644295302,0.41946308724832215,0.1342281879194631
642,246.51370083888924,255,0.05,5.8980150854043945e-05,1.0835073930024082,0.39215686274509803,0.09411764705882353,0.4392156862745098,0.07450980392156863
643,244.23559288877385,384,0.05,5.857428870442166e-05,1.0687009645731116,0.4661458333333333,0.078125,0.3020833333333333,0.15364583333333334
644,252.33987860215944,345,0.05,5.8171219428030646e-05,1.1076050260778856,0.263768115942029,0.336231884057971,0.3217391304347826,0.0782608695652174
645,-89.5646818687479,370,0.05,5.777092380617584e-05,1.0996403012078602,0.05405405405405406,0.20540540540540542,0.5702702702702702,0.17027027027027028
646,244.92379510171736,189,0.05,5.737338275241247e-05,1.0766588705448756,0.13227513227513227,0.1164021164021164,0.4074074074074074,0.3439153439153439
647,264.2466893832325,201,0.05,5.697857731163596e-05,1.0842329483502788,0.29850746268656714,0.14427860696517414,0.4527363184079602,0.1044776119402985
648,236.92118524922614,272,0.05,5.6586488659178155e-05,1.082306843999154,0.36764705882352944,0.15441176470588236,0.3492647058823529,0.12867647058823528
649,280.7113445913494,267,0.05,5.619709809990975e-05,1.0685663314536893,0.25842696629213485,0.15355805243445692,0.42696629213483145,0.16104868913857678
650,263.63244005990424,420,0.05,5.581038706734888e-05,1.0677560403727406,0.4357142857142857,0.10238095238095238,0.3333333333333333,0.12857142857142856
651,48.8488710058119,115,0.05,5.542633712277583e-05,1.115218078927528,0.034782608695652174,0.22608695652173913,0.5217391304347826,0.21739130434782608
652,275.239554399178,326,0.05,5.5044929954353904e-05,1.1135321183512301,0.4171779141104294,0.11042944785276074,0.36503067484662577,0.10736196319018405
653,70.57733635191204,125,0.05,5.4666147376256274e-05,1.12040311489845,0.04,0.2,0.568,0.192
654,322.2898945881855,198,0.05,5.428997132779887e-05,1.0930863301341822,0.2727272727272727,0.21212121212121213,0.40404040404040403,0.1111111111111111
655,269.84767593116004,213,0.05,5.3916383872579235e-05,1.102468516502152,0.30985915492957744,0.09859154929577464,0.49765258215962443,0.09389671361502347
656,-151.54931999930488,589,0.05,5.35453671976213e-05,1.08063160553135,0.200339558573854,0.15619694397283532,0.5280135823429541,0.11544991511035653
657,261.47409694506985,284,0.05,5.3176903612526025e-05,1.1132322341605765,0.30985915492957744,0.13732394366197184,0.43309859154929575,0.11971830985915492
658,275.55030347024,293,0.05,5.2810975548627954e-05,1.096421445406788,0.3651877133105802,0.09897610921501707,0.3651877133105802,0.17064846416382254
659,201.81139736851995,537,0.05,5.244756555815747e-05,1.1012467784721471,0.2309124767225326,0.1154562383612663,0.527001862197393,0.1266294227188082
660,-123.49733735997363,1000,0.05,5.208665631340891e-05,1.098162038456457,0.248,0.086,0.574,0.092
661,264.6559035427887,280,0.05,5.172823060591434e-05,1.0828442548004793,0.39285714285714285,0.16071428571428573,0.2892857142857143,0.15714285714285714
662,246.7663743440267,178,0.05,5.137227134562306e-05,1.1273909623867584,0.3651685393258427,0.11797752808988764,0.4157303370786517,0.10112359550561797
663,258.55094527424706,213,0.05,5.1018761560086726e-05,1.1110740878509089,0.3333333333333333,0.11267605633802817,0.4507042253521127,0.10328638497652583
664,47.67920871695381,154,0.05,5.0667684393650084e-05,1.124094577812393,0.11688311688311688,0.2597402597402597,0.4675324675324675,0.15584415584415584
665,212.59290309662958,550,0.05,5.031902310664729e-05,1.1087539972927742,0.26,0.46545454545454545,0.12727272727272726,0.14727272727272728
666,252.98957508887742,261,0.05,4.9972761074603725e-05,1.0943673539780874,0.2950191570881226,0.10727969348659004,0.5057471264367817,0.09195402298850575
667,222.9381537094162,405,0.05,4.962888178744336e-05,1.097053758004784,0.21481481481481482,0.4691358024691358,0.24691358024691357,0.0691358024691358
668,304.6619638889382,184,0.05,4.928736884870152e-05,1.0919951016333826,0.22826086956521738,0.18478260869565216,0.45108695652173914,0.1358695652173913
669,19.05206070300916,115,0.05,4.894820597474307e-05,1.0803440124034032,0.11304347826086956,0.14782608695652175,0.5565217391304348,0.1826086956521739
670,30.330308292771434,128,0.05,4.861137699398604e-05,1.1319607350095324,0.1484375,0.171875,0.5078125,0.171875
671,246.0079583122854,388,0.05,4.827686584613052e-05,1.1093227952508227,0.18814432989690721,0.15206185567010308,0.4948453608247423,0.16494845360824742
672,274.08480966456636,197,0.05,4.794465658139288e-05,1.0851139238838738,0.30456852791878175,0.14213197969543148,0.43147208121827413,0.1218274111675127
673,248.4519978787005,365,0.05,4.761473335974531e-05,1.091800697391594,0.2821917808219178,0.14246575342465753,0.4383561643835616,0.136986301369863
674,173.75237592861845,317,0.05,4.728708045016051e-05,1.0968295454255972,0.167192429022082,0.45425867507886436,0.3186119873817035,0.05993690851735016
675,260.5508734558778,356,0.05,4.6961682229861654e-05,1.0914399153462855,0.30337078651685395,0.12359550561797752,0.35674157303370785,0.21629213483146068
676,-87.38590967016778,166,0.05,4.663852318357747e-05,1.084656733859875,0.18674698795180722,0.10240963855421686,0.6024096385542169,0.10843373493975904
677,293.9679539005448,313,0.05,4.631758790280246e-05,1.125124673056538,0.3514376996805112,0.11182108626198083,0.4536741214057508,0.08306709265175719
678,265.21841343244273,206,0.05,4.599886108506219e-05,1.1178167608514304,0.2912621359223301,0.1650485436893204,0.441747572815534,0.10194174757281553
679,299.8010389993642,243,0.05,4.5682327533183695e-05,1.121215982463777,0.23045267489711935,0.13991769547325103,0.5185185185185185,0.1111111111111111
680,-70.23617830309485,325,0.05,4.536797215457083e-05,1.1053318880185834,0.06461538461538462,0.18461538461538463,0.5846153846153846,0.16615384615384615
681,241.62875677042365,318,0.05,4.505577996048465e-05,1.109309012175407,0.2861635220125786,0.17295597484276728,0.4025157232704403,0.13836477987421383
682,286.8632020761711,257,0.05,4.4745736065328744e-05,1.1036278759965432,0.22957198443579765,0.13229571984435798,0.49416342412451364,0.14396887159533073
683,-447.73546841228466,245,0.05,4.443782568593946e-05,1.1014315660266134,0.13877551020408163,0.1306122448979592,0.5510204081632653,0.17959183673469387
684,245.98148053275978,279,0.05,4.4132034140881064e-05,1.1228049804138953,0.3870967741935484,0.13978494623655913,0.3548387096774194,0.11827956989247312
685,258.22550879439126,302,0.05,4.382834684974566e-05,1.1252792943641627,0.15894039735099338,0.11258278145695365,0.46688741721854304,0.26158940397350994
686,290.7375789410692,219,0.05,4.3526749332458045e-05,1.1118886146101241,0.365296803652968,0.1735159817351598,0.3561643835616438,0.1050228310502283
687,52.56811462449167,137,0.05,4.3227227208585244e-05,1.0846162469630019,0.0364963503649635,0.20437956204379562,0.5693430656934306,0.1897810218978102
688,302.64256863255946,324,0.05,4.292976619665085e-05,1.1000489514143315,0.5,0.08333333333333333,0.3425925925925926,0.07407407407407407
689,230.21847180643823,505,0.05,4.263435211345408e-05,1.1052384916990186,0.502970297029703,0.08514851485148515,0.17425742574257425,0.2376237623762376
690,275.12172159360205,236,0.05,4.23409708733935e-05,1.0945459680239313,0.3601694915254237,0.11864406779661017,0.4194915254237288,0.1016949152542373
691,262.76930247354073,200,0.05,4.2049608487795405e-05,1.0939016542874624,0.175,0.22,0.43,0.175
692,301.7579022351945,396,0.05,4.176025106424684e-05,1.121638494832489,0.2828282828282828,0.41414141414141414,0.22474747474747475,0.07828282828282829
693,260.24408812209674,265,0.05,4.1472884805933184e-05,1.1238194362893577,0.35471698113207545,0.12075471698113208,0.41509433962264153,0.10943396226415095
694,263.21098013452075,287,0.05,4.1187496010980326e-05,1.1035085661932607,0.28222996515679444,0.11149825783972125,0.5087108013937283,0.0975609756097561
695,-145.6360192210504,630,0.05,4.090407107180133e-05,1.114719080900589,0.12063492063492064,0.1873015873015873,0.4587301587301587,0.23333333333333334
696,268.84944552715376,224,0.05,4.062259647444761e-05,1.0902683540243054,0.375,0.13839285714285715,0.38392857142857145,0.10267857142857142
697,39.326174734114005,134,0.05,4.034305879796459e-05,1.1123344611474009,0.1417910447761194,0.20149253731343283,0.5149253731343284,0.1417910447761194
698,265.3404396773947,305,0.05,4.0065444713751755e-05,1.1328776760715953,0.4721311475409836,0.08852459016393442,0.36721311475409835,0.07213114754098361
699,288.5759353403497,320,0.05,3.978974098492718e-05,1.1118734056348072,0.259375,0.134375,0.475,0.13125
700,174.96722065114142,774,0.05,3.951593446569633e-05,1.120770613911375,0.27260981912144705,0.4573643410852713,0.20155038759689922,0.06847545219638243
701,268.1490161276277,218,0.05,3.924401210072528e-05,1.0817772097929035,0.3944954128440367,0.19724770642201836,0.3302752293577982,0.0779816513761468
702,286.667693716823,281,0.05,3.897396092451824e-05,1.1017979086316327,0.33451957295373663,0.12099644128113879,0.4306049822064057,0.11387900355871886
703,243.34099881627523,383,0.05,3.8705768060799324e-05,1.1230955845538915,0.370757180156658,0.10966057441253264,0.4308093994778068,0.08877284595300261
704,240.6318027676003,254,0.05,3.8439420721898606e-05,1.1217409949387487,0.32677165354330706,0.1220472440944882,0.4330708661417323,0.11811023622047244
705,155.14529738169944,788,0.05,3.8174906208142405e-05,1.1127601937543676,0.19543147208121828,0.5088832487309645,0.22461928934010153,0.07106598984771574
706,53.05939204366669,145,0.05,3.791221190724773e-05,1.1317475881427121,0.1793103448275862,0.08275862068965517,0.6068965517241379,0.1310344827586207
707,251.80852475234184,310,0.05,3.765132529372094e-05,1.0913588788379427,0.21935483870967742,0.16774193548387098,0.4483870967741935,0.16451612903225807
708,303.83163930514513,368,0.05,3.7392233928260494e-05,1.113942013766621,0.4048913043478261,0.10054347826086957,0.40217391304347827,0.09239130434782608
709,245.4743303150881,352,0.05,3.713492545716386e-05,1.1238106320893564,0.2528409090909091,0.13352272727272727,0.4346590909090909,0.17897727272727273
710,30.380124223170526,281,0.05,3.687938761173845e-05,1.1206742177669322,0.1601423487544484,0.16370106761565836,0.5088967971530249,0.16725978647686832
711,275.18293398714866,405,0.05,3.662560820771668e-05,1.1082926383069023,0.32098765432098764,0.1111111111111111,0.4419753086419753,0.1259259259259259
712,-169.5540929491549,168,0.05,3.637357514467496e-05,1.1000292139686252,0.2916666666666667,0.05357142857142857,0.5833333333333334,0.07142857142857142
713,-127.77924785202866,211,0.05,3.612327640545678e-05,1.1086173963717885,0.061611374407582936,0.36492890995260663,0.44549763033175355,0.12796208530805686
714,-40.21663081465323,165,0.05,3.5874700055599694e-05,1.1079672726080096,0.16363636363636364,0.19393939393939394,0.4666666666666667,0.17575757575757575
715,-63.370743814392725,256,0.05,3.5627834242766295e-05,1.103170095191051,0.0859375,0.1953125,0.53515625,0.18359375
716,200.2271716484231,433,0.05,3.5382667196179064e-05,1.1348282990834362,0.2517321016166282,0.13625866050808313,0.48498845265588914,0.12702078521939955
717,233.82745511678968,277,0.05,3.513918722605914e-05,1.131337324301646,0.21299638989169675,0.1624548736462094,0.48736462093862815,0.1371841155234657
718,-47.54341442019464,219,0.05,3.489738272306896e-05,1.126759548842219,0.2191780821917808,0.1461187214611872,0.5296803652968036,0.1050228310502283
719,234.177449404684,485,0.05,3.4657242157758666e-05,1.1121785958957962,0.22061855670103092,0.13814432989690723,0.4927835051546392,0.14845360824742268
720,296.04877891775413,241,0.05,3.4418754080016435e-05,1.0967070479010785,0.2821576763485477,0.1950207468879668,0.3983402489626556,0.12448132780082988
721,278.56860752990826,172,0.05,3.4181907118522465e-05,1.1048124911864334,0.3081395348837209,0.11627906976744186,0.4941860465116279,0.08139534883720931
722,-265.4344119751489,374,0.05,3.394668998020683e-05,1.1209864396794122,0.18449197860962566,0.14705882352941177,0.49732620320855614,0.1711229946524064
723,183.26241845622408,685,0.05,3.3713091449710984e-05,1.123477813146768,0.2510948905109489,0.13138686131386862,0.48613138686131385,0.13138686131386862
724,152.30861059205517,400,0.05,3.3481100388853026e-05,1.117953033362017,0.155,0.235,0.4575,0.1525
725,210.71125611972425,529,0.05,3.32507057360966e-05,1.106513524543332,0.21928166351606806,0.1285444234404537,0.5311909262759924,0.12098298676748583
726,-86.19661549388131,287,0.05,3.3021896506023485e-05,1.1176751484005798,0.06968641114982578,0.1951219512195122,0.5505226480836237,0.18466898954703834
727,266.7591843175326,288,0.05,3.27946617888098e-05,1.1230248022754787,0.25,0.15625,0.4652777777777778,0.1284722222222222
728,7.528764912741821,132,0.05,3.256899074970581e-05,1.1231610163097772,0.18181818181818182,0.16666666666666666,0.48484848484848486,0.16666666666666666
729,24.959830724174424,120,0.05,3.2344872628519324e-05,1.135066792860587,0.13333333333333333,0.175,0.5083333333333333,0.18333333333333332
730,223.05595893745718,411,0.05,3.2122296739102625e-05,1.1226773862449415,0.40632603406326034,0.08029197080291971,0.4233576642335766,0.09002433090024331
731,223.1999809618775,306,0.05,3.190125246884296e-05,1.1294592458093502,0.3758169934640523,0.10457516339869281,0.42810457516339867,0.0915032679738562
732,255.10830873722438,298,0.05,3.168172927815652e-05,1.120401594202584,0.2348993288590604,0.11409395973154363,0.5335570469798657,0.1174496644295302
733,3.607069064565337,120,0.05,3.146371669998587e-05,1.106741016436899,0.16666666666666666,0.20833333333333334,0.45,0.175
734,-99.3509137530105,192,0.05,3.124720433930093e-05,1.1063228002084748,0.046875,0.22395833333333334,0.5104166666666666,0.21875
735,182.2707571029436,933,0.05,3.10321818726033e-05,1.1329729786402198,0.2765273311897106,0.13504823151125403,0.46195069667738475,0.1264737406216506
736,280.45044945305267,173,0.05,3.081863904743399e-05,1.1383951620970794,0.2138728323699422,0.16184971098265896,0.5491329479768786,0.07514450867052024
737,-136.1495202486175,106,0.05,3.0606565681884654e-05,1.1343196911854232,0.009433962264150943,0.11320754716981132,0.6132075471698113,0.2641509433962264
738,205.1072401372944,373,0.05,3.0395951664112036e-05,1.1300001956642103,0.21179624664879357,0.1876675603217158,0.45576407506702415,0.1447721179624665
739,-60.541573666295506,164,0.05,3.018678695185587e-05,1.1298272887195613,0.1524390243902439,0.15853658536585366,0.5548780487804879,0.13414634146341464
740,159.63202224290677,343,0.05,2.9979061571960033e-05,1.1112301094038974,0.20699708454810495,0.3760932944606414,0.3206997084548105,0.09620991253644315
741,255.04605706273438,335,0.05,2.9772765619897032e-05,1.1347553893003959,0.33134328358208953,0.09253731343283582,0.46567164179104475,0.11044776119402985
742,23.145714344946725,107,0.05,2.956788925929574e-05,1.116328375917709,0.009345794392523364,0.2336448598130841,0.5514018691588785,0.205607476635514
743,265.83536016422033,332,0.05,2.9364422721472388e-05,1.1195535889471304,0.3253012048192771,0.15060240963855423,0.40963855421686746,0.1144578313253012
744,-57.55836022795084,167,0.05,2.916235630496479e-05,1.1298489380902987,0.09580838323353294,0.19161676646706588,0.5688622754491018,0.1437125748502994
745,273.93572642579966,366,0.05,2.896168037506977e-05,1.12571856276077,0.3114754098360656,0.15846994535519127,0.412568306010929,0.11748633879781421
746,258.19023902433884,301,0.05,2.876238536338376e-05,1.1308583350689991,0.2724252491694352,0.11295681063122924,0.5116279069767442,0.10299003322259136
747,-407.8662021795136,168,0.05,2.856446176734659e-05,1.1094072780623034,0.125,0.10119047619047619,0.6666666666666666,0.10714285714285714
748,-564.8181419738937,162,0.05,2.8367900149788368e-05,1.1130472705378296,0.15432098765432098,0.06790123456790123,0.7716049382716049,0.006172839506172839
749,-186.15285652460432,118,0.05,2.817269113847954e-05,1.1469014056593492,0.06779661016949153,0.1271186440677966,0.5847457627118644,0.22033898305084745
750,34.16784237594061,132,0.05,2.7978825425683996e-05,1.1419689528752732,0.20454545454545456,0.11363636363636363,0.5833333333333334,0.09848484848484848
751,298.7105323812232,564,0.05,2.778629376771527e-05,1.1417438333138776,0.4095744680851064,0.2978723404255319,0.2127659574468085,0.0797872340425532
752,-58.51241691684881,208,0.05,2.7595086984495794e-05,1.1357635584145604,0.09134615384615384,0.17307692307692307,0.5625,0.17307692307692307
753,288.1954193821822,213,0.05,2.740519595911919e-05,1.1376541550494834,0.40375586854460094,0.18309859154929578,0.3145539906103286,0.09859154929577464
754,-179.8781643163928,123,0.05,2.7216611637415555e-05,1.1421778183679205,0.22764227642276422,0.10569105691056911,0.44715447154471544,0.21951219512195122
755,40.82822292753809,111,0.05,2.7029325027519766e-05,1.128571297173942,0.10810810810810811,0.17117117117117117,0.5495495495495496,0.17117117117117117
756,-150.94053888360548,525,0.05,2.6843327199442725e-05,1.1309434771082172,0.18476190476190477,0.1219047619047619,0.56,0.13333333333333333
757,-663.5508845132294,146,0.05,2.6658609284645578e-05,1.1614826369200484,0.08904109589041095,0.0958904109589041,0.7602739726027398,0.0547945205479452
758,-292.93508012721634,91,0.05,2.647516247561686e-05,1.1605836013896367,0.12087912087912088,0.15384615384615385,0.5714285714285714,0.15384615384615385
759,-332.2271949129361,121,0.05,2.6292978025452534e-05,1.1669600034194036,0.2066115702479339,0.2975206611570248,0.3884297520661157,0.10743801652892562
760,-372.6966070213555,297,0.05,2.6112047247438936e-05,1.1446204316376605,0.16498316498316498,0.25252525252525254,0.468013468013468,0.11447811447811448
761,275.1157523009081,218,0.05,2.5932361514638587e-05,1.1315674811964924,0.40825688073394495,0.12844036697247707,0.38990825688073394,0.07339449541284404
762,242.03637623244177,330,0.05,2.5753912259478847e-05,1.155583579044505,0.3575757575757576,0.08484848484848485,0.4727272727272727,0.08484848484848485
763,227.43950295245347,393,0.05,2.557669097334341e-05,1.1344994374590704,0.29770992366412213,0.12213740458015267,0.46564885496183206,0.11450381679389313
764,17.616478814600015,136,0.05,2.5400689206166612e-05,1.1517070638990774,0.3382352941176471,0.125,0.4264705882352941,0.11029411764705882
765,234.25180309489267,419,0.05,2.522589856603051e-05,1.149026109602889,0.3818615751789976,0.07398568019093078,0.46539379474940334,0.07875894988066826
766,18.937455440983825,269,0.05,2.5052310718764757e-05,1.1550607262178132,0.1821561338289963,0.1449814126394052,0.5427509293680297,0.13011152416356878
767,273.61257470120995,273,0.05,2.4879917387549227e-05,1.1514158584894971,0.31868131868131866,0.10989010989010989,0.45054945054945056,0.12087912087912088
768,265.96044797810106,193,0.05,2.4708710352519355e-05,1.1580823903084192,0.27979274611398963,0.16580310880829016,0.43005181347150256,0.12435233160621761
769,-439.2432464351813,139,0.05,2.4538681450374215e-05,1.1319305707707465,0.1079136690647482,0.10071942446043165,0.7266187050359713,0.06474820143884892
770,233.0150605831855,351,0.05,2.4369822573987288e-05,1.138229333643919,0.3475783475783476,0.1111111111111111,0.4358974358974359,0.10541310541310542
771,204.6620238433454,509,0.05,2.4202125672019906e-05,1.1332832614580002,0.3005893909626719,0.10805500982318271,0.49705304518664045,0.09430255402750491
772,249.92880083300196,240,0.05,2.4035582748537352e-05,1.1268453789606094,0.30833333333333335,0.11666666666666667,0.4791666666666667,0.09583333333333334
773,277.955858607803,210,0.05,2.3870185862627613e-05,1.1453062563123442,0.41904761904761906,0.12857142857142856,0.3619047619047619,0.09047619047619047
774,254.20632281174795,267,0.05,2.3705927128022745e-05,1.1524223657438695,0.21722846441947566,0.13108614232209737,0.5056179775280899,0.14606741573033707
775,221.85951134580785,547,0.05,2.354279871272286e-05,1.1407906619192163,0.2742230347349177,0.13528336380255943,0.4753199268738574,0.11517367458866545
776,217.89406756447937,253,0.05,2.338079283862267e-05,1.1324032493532274,0.31620553359683795,0.09881422924901186,0.4901185770750988,0.09486166007905138
777,226.48645645397073,515,0.05,2.3219901781140642e-05,1.1171433568222044,0.34368932038834954,0.11650485436893204,0.429126213592233,0.11067961165048544
778,37.92633712445404,1000,0.05,2.306011786885067e-05,1.1443872797858985,0.301,0.074,0.545,0.08
779,-233.30726339560445,127,0.05,2.290143348311629e-05,1.1384741298885244,0.1732283464566929,0.16535433070866143,0.4881889763779528,0.1732283464566929
780,-55.42120828261236,230,0.05,2.2743841057727436e-05,1.1343712987683365,0.08695652173913043,0.20434782608695654,0.5260869565217391,0.1826086956521739
781,255.41420727528197,232,0.05,2.2587333078539656e-05,1.1228474736851244,0.3232758620689655,0.1206896551724138,0.4482758620689655,0.10775862068965517
782,-314.7586515238231,204,0.05,2.2431902083115847e-05,1.133808503816719,0.2647058823529412,0.08333333333333333,0.5637254901960784,0.08823529411764706
783,228.90492862610733,296,0.05,2.2277540660370424e-05,1.126072286620467,0.28040540540540543,0.12162162162162163,0.48986486486486486,0.10810810810810811
784,255.39247115665466,333,0.05,2.2124241450215965e-05,1.1591187893965995,0.2822822822822823,0.11411411411411411,0.47147147147147145,0.13213213213213212
785,-508.99938698472494,859,0.05,2.1971997143212276e-05,1.1393285226571397,0.2281722933643772,0.0919674039580908,0.5646100116414435,0.11525029103608847
786,-60.56488976954326,197,0.05,2.1820800480217858e-05,1.1300408197122735,0.2233502538071066,0.16243654822335024,0.5076142131979695,0.1065989847715736
787,248.66055960691665,313,0.05,2.16706442520438e-05,1.1265980138868623,0.28753993610223644,0.12779552715654952,0.46325878594249204,0.12140575079872204
788,-404.2235284417024,74,0.05,2.1521521299110032e-05,1.1243751877175547,0.28378378378378377,0.10810810810810811,0.5135135135135135,0.0945945945945946
789,-217.02831007572826,109,0.05,2.1373424511103943e-05,1.1549114672553116,0.03669724770642202,0.1651376146788991,0.6146788990825688,0.1834862385321101
790,263.21590490567866,338,0.05,2.1226346826641367e-05,1.1266077784677557,0.31952662721893493,0.10355029585798817,0.47041420118343197,0.10650887573964497
791,-347.82504083459787,108,0.05,2.1080281232929883e-05,1.1642028860706173,0.12037037037037036,0.37037037037037035,0.25,0.25925925925925924
792,-89.70701684603958,1000,0.05,2.0935220765434445e-05,1.1411206394540592,0.305,0.087,0.493,0.115
793,-378.503761397833,179,0.05,2.0791158507545297e-05,1.1428834044143235,0.18435754189944134,0.1005586592178771,0.6089385474860335,0.10614525139664804
794,-399.38760588825767,79,0.05,2.0648087590248188e-05,1.1386556635993026,0.3670886075949367,0.12658227848101267,0.3924050632911392,0.11392405063291139
795,233.95071838721964,263,0.05,2.0506001191796858e-05,1.1422697146494312,0.23574144486692014,0.1520912547528517,0.4790874524714829,0.13307984790874525
796,228.4492407304978,475,0.05,2.036489253738776e-05,1.1524263797983485,0.2863157894736842,0.1368421052631579,0.5031578947368421,0.07368421052631578
797,192.9840037149284,663,0.05,2.0224754898837043e-05,1.1477641992829146,0.3438914027149321,0.07088989441930618,0.5128205128205128,0.07239819004524888
798,-275.96040062624417,88,0.05,2.008558159425973e-05,1.119374138674868,0.011363636363636364,0.11363636363636363,0.75,0.125
799,185.5784365155672,441,0.05,1.9947365987751136e-05,1.134535651608464,0.2675736961451247,0.12471655328798185,0.4943310657596372,0.11337868480725624
800,248.25760009847428,289,0.05,1.981010148907046e-05,1.12659089946424,0.2906574394463668,0.1903114186851211,0.3944636678200692,0.1245674740484429
801,-499.82936536065824,155,0.05,1.9673781553326545e-05,1.1193462511851715,0.17419354838709677,0.07741935483870968,0.7032258064516129,0.04516129032258064
802,233.19155280471298,414,0.05,1.9538399680665823e-05,1.1392267640468015,0.21014492753623187,0.14251207729468598,0.5,0.1473429951690821
803,-411.7787271343354,75,0.05,1.9403949415962396e-05,1.1289842111215551,0.24,0.17333333333333334,0.4266666666666667,0.16
804,227.59710662588884,296,0.05,1.9270424348510242e-05,1.1381598323398965,0.30067567567567566,0.14864864864864866,0.44594594594594594,0.10472972972972973
805,-407.46479368084516,79,0.05,1.913781811171755e-05,1.111954411085089,0.25316455696202533,0.11392405063291139,0.6075949367088608,0.02531645569620253
806,-40.60404254696927,1000,0.05,1.9006124382803167e-05,1.113187956016585,0.314,0.044,0.594,0.048
807,-53.2824170727282,1000,0.05,1.8875336882495104e-05,1.1401558619760166,0.336,0.046,0.567,0.051
808,-21.52473556142571,1000,0.05,1.8745449374731143e-05,1.1176138697394349,0.334,0.052,0.565,0.049
809,-580.946875824256,162,0.05,1.86164556663615e-05,1.1019368113787724,0.12345679012345678,0.1111111111111111,0.5679012345679012,0.19753086419753085
810,-33.53260065490756,1000,0.05,1.8488349606853527e-05,1.1146341643527176,0.344,0.047,0.568,0.041
811,-413.6291894687253,183,0.05,1.8361125087998447e-05,1.1234934332904232,0.1366120218579235,0.15846994535519127,0.6120218579234973,0.09289617486338798
812,-55.1847716829867,1000,0.05,1.823477604362011e-05,1.1114464359584895,0.303,0.056,0.584,0.057
813,-480.20002546947626,77,0.05,1.8109296449285756e-05,1.10610854946844,0.09090909090909091,0.2077922077922078,0.5584415584415584,0.14285714285714285
814,157.13899973739325,705,0.05,1.7984680322018758e-05,1.0955587296619456,0.27375886524822696,0.14326241134751774,0.47375886524822697,0.10921985815602837
815,-540.3033739560342,119,0.05,1.7860921720013358e-05,1.1106104937762102,0.23529411764705882,0.12605042016806722,0.5714285714285714,0.06722689075630252
816,-501.75101106847313,161,0.05,1.773801474235135e-05,1.0906062506805874,0.11801242236024845,0.16149068322981366,0.6770186335403726,0.043478260869565216
817,-534.1885558686984,186,0.05,1.7615953528720717e-05,1.079357962341168,0.06989247311827956,0.23118279569892472,0.5860215053763441,0.11290322580645161
818,259.3676941316075,474,0.05,1.7494732259136213e-05,1.0912517023939203,0.4810126582278481,0.1160337552742616,0.3459915611814346,0.056962025316455694
819,-39.886000024061445,1000,0.05,1.7374345153661857e-05,1.0948135596062005,0.338,0.041,0.572,0.049
820,220.26186237750835,394,0.05,1.725478647213534e-05,1.0965473930722758,0.20304568527918782,0.1446700507614213,0.5050761421319797,0.14720812182741116
821,-175.39054126817027,131,0.05,1.7136050513894327e-05,1.1040131355980163,0.25190839694656486,0.06870229007633588,0.5801526717557252,0.09923664122137404
822,255.48059640386398,304,0.05,1.7018131617504658e-05,1.0883625893621993,0.3223684210526316,0.13157894736842105,0.4276315789473684,0.11842105263157894
823,-504.81825350302967,74,0.05,1.6901024160490384e-05,1.0598296381855408,0.12162162162162163,0.16216216216216217,0.5945945945945946,0.12162162162162163
824,-490.5379986417477,156,0.05,1.67847225590657e-05,1.0797397646406381,0.11538461538461539,0.14102564102564102,0.6858974358974359,0.057692307692307696
825,-22.52147622122466,1000,0.05,1.66692212678687e-05,1.095045857110683,0.33,0.046,0.577,0.047
826,-580.6248268992192,113,0.05,1.6554514779696966e-05,1.0783782450184063,0.017699115044247787,0.19469026548672566,0.6814159292035398,0.10619469026548672
827,-302.81038960457727,116,0.05,1.6440597625244978e-05,1.0820082407492506,0.12931034482758622,0.19827586206896552,0.5517241379310345,0.1206896551724138
828,-59.63730414183092,1000,0.05,1.6327464372843345e-05,1.085043606324833,0.305,0.054,0.586,0.055
829,-435.5894579338283,71,0.05,1.6215109628199808e-05,1.1151530834999173,0.16901408450704225,0.2112676056338028,0.5070422535211268,0.11267605633802817
830,-416.1402575661541,74,0.05,1.6103528034142037e-05,1.104418965345236,0.17567567567567569,0.1891891891891892,0.4594594594594595,0.17567567567567569
831,-73.98432055086502,1000,0.05,1.5992714270362195e-05,1.0733679162356042,0.331,0.053,0.574,0.042
832,227.7429607998358,342,0.05,1.5882663053163262e-05,1.063372735816221,0.195906432748538,0.16666666666666666,0.4824561403508772,0.15497076023391812
833,-493.1180488698745,76,0.05,1.577336913520711e-05,1.0499970102043354,0.02631578947368421,0.21052631578947367,0.5789473684210527,0.18421052631578946
834,-488.85628447301434,135,0.05,1.56648273052643e-05,1.0653061448877439,0.07407407407407407,0.1111111111111111,0.762962962962963,0.05185185185185185
835,-159.3904360766739,417,0.05,1.5557032387965604e-05,1.074862303263381,0.3117505995203837,0.11031175059952038,0.4580335731414868,0.11990407673860912
836,254.80126060965495,465,0.05,1.544997924355524e-05,1.075272487096288,0.35913978494623655,0.2731182795698925,0.27956989247311825,0.08817204301075268
837,-499.46489055211265,131,0.05,1.53436627676458e-05,1.089026507588119,0.09923664122137404,0.0916030534351145,0.7709923664122137,0.03816793893129771
838,-266.8431805436089,178,0.05,1.5238077890974887e-05,1.0747261831539898,0.2303370786516854,0.11235955056179775,0.5674157303370787,0.0898876404494382
839,-525.3730630345922,153,0.05,1.5133219579163384e-05,1.0588040388505346,0.17647058823529413,0.1111111111111111,0.6405228758169934,0.0718954248366013
840,-51.608813755289155,1000,0.05,1.5029082832475423e-05,1.0635596944921666,0.305,0.066,0.566,0.063
841,-457.28784343063984,68,0.05,1.4925662685579993e-05,1.080618361753495,0.17647058823529413,0.19117647058823528,0.5441176470588235,0.08823529411764706
842,-89.44668840395438,1000,0.05,1.4822954207314186e-05,1.0694569584587428,0.28,0.058,0.596,0.066
843,-372.539330360893,439,0.05,1.4720952500448076e-05,1.0578709108477284,0.27107061503416857,0.12984054669703873,0.45785876993166286,0.14123006833712984
844,-83.036204959351,1000,0.05,1.4619652701451211e-05,1.073950367519827,0.222,0.097,0.581,0.1
845,-428.13086532994066,148,0.05,1.4519049980260725e-05,1.069248768397864,0.12837837837837837,0.0945945945945946,0.7027027027027027,0.07432432432432433
846,-73.90804308245805,1000,0.05,1.4419139540051027e-05,1.0587242038183973,0.302,0.054,0.59,0.054
847,-90.28490312470564,1000,0.05,1.4319916617005086e-05,1.074769568900693,0.302,0.065,0.575,0.058
848,-304.178194395299,127,0.05,1.4221376480087294e-05,1.0595684860719454,0.031496062992125984,0.2125984251968504,0.5354330708661418,0.2204724409448819
849,-476.4529148106414,117,0.05,1.4123514430817878e-05,1.057495712575685,0.042735042735042736,0.11965811965811966,0.7863247863247863,0.05128205128205128
850,149.5684698426049,689,0.05,1.4026325803048881e-05,1.0482244872472302,0.525399129172714,0.10159651669085631,0.2539912917271408,0.11901306240928883
851,-505.405003390023,135,0.05,1.3929805962741665e-05,1.0460698720675106,0.14074074074074075,0.08148148148148149,0.7481481481481481,0.02962962962962963
852,-432.7013536788396,157,0.05,1.3833950307745965e-05,1.070262762597278,0.08280254777070063,0.15286624203821655,0.6751592356687898,0.08917197452229299
853,-525.9214079982389,150,0.05,1.3738754267580453e-05,1.0707800033673072,0.14666666666666667,0.12666666666666668,0.6733333333333333,0.05333333333333334
854,-386.66972606851397,173,0.05,1.364421330321481e-05,1.0688318467070075,0.2023121387283237,0.12716763005780346,0.5549132947976878,0.11560693641618497
855,-84.41555005427699,1000,0.05,1.3550322906853302e-05,1.061518505162534,0.349,0.046,0.565,0.04
856,-88.52482621887873,1000,0.05,1.345707860171985e-05,1.065423118019798,0.302,0.065,0.563,0.07
857,-497.04855351093636,131,0.05,1.3364475941844564e-05,1.076841701257271,0.12213740458015267,0.0916030534351145,0.7099236641221374,0.07633587786259542
858,-435.8306160109176,69,0.05,1.3272510511851765e-05,1.0727611261020384,0.0,0.2028985507246377,0.6086956521739131,0.18840579710144928
859,-109.87319732694236,1000,0.05,1.3181177926749448e-05,1.0586834054142282,0.284,0.075,0.566,0.075
860,-390.74215639650834,107,0.05,1.3090473831720205e-05,1.0503125238564144,0.11214953271028037,0.27102803738317754,0.3644859813084112,0.2523364485981308
861,-92.96932801478994,1000,0.05,1.3000393901913585e-05,1.0663792632967186,0.305,0.068,0.571,0.056
862,-81.58492768050453,1000,0.05,1.2910933842239878e-05,1.0563981918600762,0.338,0.042,0.566,0.054
863,10.364310542089868,99,0.05,1.2822089387165325e-05,1.0706352565014126,0.21212121212121213,0.18181818181818182,0.48484848484848486,0.12121212121212122
864,-67.23664455938989,1000,0.05,1.273385630050873e-05,1.064628982979043,0.302,0.056,0.581,0.061
865,-478.6783522802732,68,0.05,1.2646230375239476e-05,1.082493333805554,0.029411764705882353,0.20588235294117646,0.6617647058823529,0.10294117647058823
866,-496.793222407146,68,0.05,1.2559207433276937e-05,1.057032325657967,0.029411764705882353,0.16176470588235295,0.7352941176470589,0.07352941176470588
867,-463.63935867575844,141,0.05,1.2472783325291252e-05,1.069619743379626,0.0425531914893617,0.1702127659574468,0.7021276595744681,0.0851063829787234
868,-440.4871837968922,138,0.05,1.2386953930505488e-05,1.0639468953879603,0.07971014492753623,0.13768115942028986,0.7028985507246377,0.07971014492753623
869,-81.59262112432103,1000,0.05,1.2301715156499158e-05,1.059560653052305,0.264,0.074,0.589,0.073
870,-488.8723355784215,158,0.05,1.2217062939013088e-05,1.1008382072414031,0.14556962025316456,0.1518987341772152,0.5822784810126582,0.12025316455696203
871,-568.0310248729229,78,0.05,1.2132993241755632e-05,1.0788514279896646,0.01282051282051282,0.23076923076923078,0.6153846153846154,0.14102564102564102
872,-95.78016599286805,1000,0.05,1.2049502056210217e-05,1.0745955810336172,0.291,0.074,0.568,0.067
873,-513.1877934758033,78,0.05,1.1966585401444214e-05,1.0731179746964121,0.01282051282051282,0.23076923076923078,0.6153846153846154,0.14102564102564102
874,-518.0917490275813,72,0.05,1.1884239323919121e-05,1.056103348675774,0.041666666666666664,0.20833333333333334,0.6388888888888888,0.1111111111111111
875,-122.37866442155271,1000,0.05,1.1802459897302061e-05,1.072405711693713,0.276,0.07,0.576,0.078
876,-476.3368346131733,143,0.05,1.1721243222278564e-05,1.0789254046109644,0.1048951048951049,0.18181818181818182,0.6223776223776224,0.09090909090909091
877,-450.5540037909297,122,0.05,1.1640585426366647e-05,1.055842196866585,0.040983606557377046,0.12295081967213115,0.7786885245901639,0.05737704918032787
878,-559.5268738948831,86,0.05,1.1560482663732173e-05,1.0624011500907777,0.03488372093023256,0.22093023255813954,0.627906976744186,0.11627906976744186
879,-457.15894748371454,74,0.05,1.1480931115005475e-05,1.0901783875329598,0.10810810810810811,0.20270270270270271,0.5405405405405406,0.14864864864864866
880,-467.29363807898403,134,0.05,1.1401926987099248e-05,1.0772841662816524,0.05223880597014925,0.13432835820895522,0.753731343283582,0.05970149253731343
881,-488.0758906059981,80,0.05,1.1323466513027688e-05,1.0731147874666784,0.125,0.1875,0.5375,0.15
882,-480.6968970238899,74,0.05,1.1245545951726881e-05,1.061711602416552,0.02702702702702703,0.17567567567567569,0.6621621621621622,0.13513513513513514
883,-511.6421033429469,76,0.05,1.1168161587876426e-05,1.0913600563657142,0.013157894736842105,0.19736842105263158,0.6447368421052632,0.14473684210526316
884,-522.3150569599754,78,0.05,1.1091309731722286e-05,1.084479662466685,0.02564102564102564,0.20512820512820512,0.6282051282051282,0.14102564102564102
885,-593.3447538298822,117,0.05,1.1014986718900852e-05,1.0607347894352233,0.008547008547008548,0.2222222222222222,0.6068376068376068,0.1623931623931624
886,-508.2680986096911,126,0.05,1.093918891026423e-05,1.0704840255960706,0.047619047619047616,0.10317460317460317,0.8333333333333334,0.015873015873015872
887,-482.8806357142742,128,0.05,1.0863912691706718e-05,1.0772654469451681,0.0703125,0.109375,0.78125,0.0390625
888,-540.782248079562,78,0.05,1.0789154473992486e-05,1.0344207342495637,0.0,0.20512820512820512,0.6538461538461539,0.14102564102564102
889,-495.19775045639483,73,0.05,1.0714910692584437e-05,1.0821960925461938,0.0136986301369863,0.1780821917808219,0.726027397260274,0.0821917808219178
890,-107.25490785096873,1000,0.05,1.0641177807474243e-05,1.0836731509423825,0.288,0.072,0.567,0.073
891,-590.3062356263333,102,0.05,1.0567952303013563e-05,1.089886989779302,0.0784313725490196,0.12745098039215685,0.7254901960784313,0.06862745098039216
892,-71.16384204652738,1000,0.05,1.0495230687746404e-05,1.0727461989822074,0.255,0.076,0.589,0.08
893,-546.5642616101377,132,0.05,1.042300949424265e-05,1.0982828410025343,0.09090909090909091,0.12878787878787878,0.6893939393939394,0.09090909090909091
894,-459.14552326513973,73,0.05,1.0351285278932735e-05,1.1050428974781858,0.0958904109589041,0.1917808219178082,0.5342465753424658,0.1780821917808219
895,-138.20611764572698,1000,0.05,1.0280054621943443e-05,1.077735273761944,0.198,0.119,0.573,0.11
896,-582.2553873340839,112,0.05,1.0209314126934852e-05,1.0890358507298061,0.008928571428571428,0.20535714285714285,0.6517857142857143,0.13392857142857142
897,-511.06355453063316,76,0.05,1.0139060420938391e-05,1.1000168139597999,0.0,0.19736842105263158,0.6447368421052632,0.15789473684210525
898,-88.74823820575746,138,0.05,1.0069290154196015e-05,1.0733988048128864,0.1956521739130435,0.26811594202898553,0.1956521739130435,0.34057971014492755
899,-111.13270633147374,1000,0.05,1.0000000000000484e-05,1.084185565891244,0.292,0.069,0.574,0.065
900,-520.2553808214384,96,0.05,1e-05,1.0883496234867436,0.15625,0.14583333333333334,0.5729166666666666,0.125
901,-448.9345483032618,65,0.05,1e-05,1.0887364595933005,0.03076923076923077,0.12307692307692308,0.7692307692307693,0.07692307692307693
902,-534.6398700477426,113,0.05,1e-05,1.0996182830365169,0.05309734513274336,0.13274336283185842,0.7610619469026548,0.05309734513274336
903,-508.37475005433885,82,0.05,1e-05,1.080766514751281,0.08536585365853659,0.18292682926829268,0.5853658536585366,0.14634146341463414
904,-552.8316233277985,119,0.05,1e-05,1.0864541812720745,0.008403361344537815,0.14285714285714285,0.7647058823529411,0.08403361344537816
905,-575.4180769971279,116,0.05,1e-05,1.0938313097131522,0.12931034482758622,0.1206896551724138,0.7155172413793104,0.034482758620689655
906,-458.95120336726114,76,0.05,1e-05,1.0678669937306935,0.11842105263157894,0.21052631578947367,0.5263157894736842,0.14473684210526316
907,-551.809780166119,105,0.05,1e-05,1.1046457630901185,0.0,0.21904761904761905,0.5904761904761905,0.19047619047619047
908,-478.24186728402583,78,0.05,1e-05,1.104624479292165,0.02564102564102564,0.1794871794871795,0.6538461538461539,0.14102564102564102
909,-496.09796005726406,126,0.05,1e-05,1.0861797456124707,0.023809523809523808,0.15873015873015872,0.7222222222222222,0.09523809523809523
910,-109.77339097604691,1000,0.05,1e-05,1.0953121479111487,0.277,0.073,0.576,0.074
911,-488.7333445418537,114,0.05,1e-05,1.0837511162452145,0.02631578947368421,0.17543859649122806,0.7456140350877193,0.05263157894736842
912,-524.34167112717,118,0.05,1e-05,1.1035301879538901,0.0423728813559322,0.13559322033898305,0.7627118644067796,0.059322033898305086
913,-474.22782974201107,74,0.05,1e-05,1.0831344309310955,0.0,0.14864864864864866,0.7432432432432432,0.10810810810810811
914,-513.9122343972547,113,0.05,1e-05,1.105868392750319,0.07079646017699115,0.12389380530973451,0.6991150442477876,0.10619469026548672
915,-485.82974838301476,75,0.05,1e-05,1.1017315445106322,0.05333333333333334,0.18666666666666668,0.6,0.16
916,-551.6121742736952,107,0.05,1e-05,1.110536054465484,0.009345794392523364,0.21495327102803738,0.616822429906542,0.1588785046728972
917,-517.6533371874651,124,0.05,1e-05,1.1152577030880109,0.024193548387096774,0.12903225806451613,0.7903225806451613,0.056451612903225805
918,-559.7253791668279,107,0.05,1e-05,1.11051493561412,0.04672897196261682,0.14953271028037382,0.7570093457943925,0.04672897196261682
919,-492.83666540293774,127,0.05,1e-05,1.0748244166779908,0.031496062992125984,0.14960629921259844,0.7401574803149606,0.07874015748031496
920,-134.47890055514284,1000,0.05,1e-05,1.1012765443405823,0.282,0.061,0.585,0.072
921,-560.3928133705923,119,0.05,1e-05,1.0990511671823544,0.008403361344537815,0.2184873949579832,0.6218487394957983,0.15126050420168066
922,-532.065694855765,133,0.05,1e-05,1.104841865052244,0.06766917293233082,0.14285714285714285,0.7142857142857143,0.07518796992481203
923,-118.15021819824581,1000,0.05,1e-05,1.1064452762005221,0.209,0.111,0.57,0.11
924,-442.68225052597415,66,0.05,1e-05,1.0935905039759344,0.06060606060606061,0.15151515151515152,0.7121212121212122,0.07575757575757576
925,-421.3977603340655,75,0.05,1e-05,1.1220374709945888,0.04,0.16,0.6666666666666666,0.13333333333333333
926,-535.8012262873672,116,0.05,1e-05,1.1148000308022288,0.05172413793103448,0.13793103448275862,0.7586206896551724,0.05172413793103448
927,-454.0412230258973,71,0.05,1e-05,1.1424919239105837,0.014084507042253521,0.14084507042253522,0.7464788732394366,0.09859154929577464
928,-525.2978438130672,123,0.05,1e-05,1.1161968838300607,0.06504065040650407,0.13821138211382114,0.7317073170731707,0.06504065040650407
929,-568.932335572828,97,0.05,1e-05,1.1011825886986208,0.12371134020618557,0.13402061855670103,0.6804123711340206,0.061855670103092786
930,-521.3873636919359,81,0.05,1e-05,1.1126388457969223,0.0,0.19753086419753085,0.6666666666666666,0.13580246913580246
931,-511.97991388216695,74,0.05,1e-05,1.1110760079835877,0.0,0.17567567567567569,0.6621621621621622,0.16216216216216217
932,-386.7186709336387,64,0.05,1e-05,1.1078327314131562,0.015625,0.125,0.8125,0.046875
933,-104.48221070365302,150,0.05,1e-05,1.118370492441246,0.10666666666666667,0.22666666666666666,0.5066666666666667,0.16
934,-445.2249476125505,130,0.05,1e-05,1.1352658750072595,0.07692307692307693,0.17692307692307693,0.5615384615384615,0.18461538461538463
935,-570.4024461208821,89,0.05,1e-05,1.125755210639834,0.0,0.19101123595505617,0.6853932584269663,0.12359550561797752
936,-529.3817239853337,122,0.05,1e-05,1.0898586160077552,0.04918032786885246,0.12295081967213115,0.7950819672131147,0.03278688524590164
937,-583.0251296321078,98,0.05,1e-05,1.1230955064459522,0.02040816326530612,0.14285714285714285,0.7040816326530612,0.1326530612244898
938,-422.4732859527882,69,0.05,1e-05,1.0926461963589997,0.0,0.17391304347826086,0.6956521739130435,0.13043478260869565
939,-554.5254770140575,110,0.05,1e-05,1.0931424875408375,0.02727272727272727,0.15454545454545454,0.7363636363636363,0.08181818181818182
940,-567.5304986686278,109,0.05,1e-05,1.1084316559577703,0.08256880733944955,0.13761467889908258,0.7155963302752294,0.06422018348623854
941,-108.57183057627685,1000,0.05,1e-05,1.124290881910828,0.205,0.106,0.581,0.108
942,-483.95478916196635,121,0.05,1e-05,1.1471041884018744,0.049586776859504134,0.11570247933884298,0.7603305785123967,0.0743801652892562
943,-443.1177122326121,77,0.05,1e-05,1.129222457181767,0.012987012987012988,0.12987012987012986,0.7922077922077922,0.06493506493506493
944,-568.1675021182849,105,0.05,1e-05,1.1213918122976105,0.009523809523809525,0.2,0.6285714285714286,0.1619047619047619
945,-531.0453454143229,82,0.05,1e-05,1.09123540335143,0.0,0.1951219512195122,0.6341463414634146,0.17073170731707318
946,-515.5517177926366,113,0.05,1e-05,1.123722653519054,0.05309734513274336,0.11504424778761062,0.7610619469026548,0.07079646017699115
947,-576.7997586570017,101,0.05,1e-05,1.1456341263434835,0.009900990099009901,0.15841584158415842,0.7623762376237624,0.06930693069306931
948,-544.501734785038,86,0.05,1e-05,1.1326627524491175,0.011627906976744186,0.1511627906976744,0.7906976744186046,0.046511627906976744
949,-576.2669095585809,95,0.05,1e-05,1.1370499401538912,0.021052631578947368,0.14736842105263157,0.7263157894736842,0.10526315789473684
950,-489.00676075151245,83,0.05,1e-05,1.1264804327010942,0.012048192771084338,0.1927710843373494,0.6385542168674698,0.1566265060240964
951,-519.3078077701416,112,0.05,1e-05,1.1262975191596305,0.09821428571428571,0.09821428571428571,0.7410714285714286,0.0625
952,-474.48391380693147,120,0.05,1e-05,1.1048492910856738,0.025,0.15,0.7166666666666667,0.10833333333333334
953,-529.6136304526797,117,0.05,1e-05,1.129894383612279,0.042735042735042736,0.10256410256410256,0.8290598290598291,0.02564102564102564
954,-587.1689599363768,107,0.05,1e-05,1.1144990833360013,0.0,0.18691588785046728,0.7009345794392523,0.11214953271028037
955,-454.71670721493336,71,0.05,1e-05,1.1336338734871232,0.0,0.18309859154929578,0.647887323943662,0.16901408450704225
956,-423.1660072669313,115,0.05,1e-05,1.1327519849836074,0.043478260869565216,0.23478260869565218,0.4608695652173913,0.2608695652173913
957,-480.1807528386334,114,0.05,1e-05,1.136016997216148,0.008771929824561403,0.14035087719298245,0.7280701754385965,0.12280701754385964
958,-451.8230598879247,84,0.05,1e-05,1.1608290419554417,0.0,0.20238095238095238,0.5714285714285714,0.2261904761904762
959,-517.1597600080868,87,0.05,1e-05,1.158563287383411,0.011494252873563218,0.20689655172413793,0.5747126436781609,0.20689655172413793
960,-578.9486918960447,107,0.05,1e-05,1.1440594851118755,0.018691588785046728,0.1588785046728972,0.7757009345794392,0.04672897196261682
961,-96.45031804123458,127,0.05,1e-05,1.1467801022407798,0.14173228346456693,0.2677165354330709,0.2283464566929134,0.36220472440944884
962,-84.3522370527134,123,0.05,1e-05,1.162624669785157,0.12195121951219512,0.2845528455284553,0.25203252032520324,0.34146341463414637
963,-510.2613392547356,79,0.05,1e-05,1.1213860583719029,0.0,0.189873417721519,0.6708860759493671,0.13924050632911392
964,-504.59278163970794,97,0.05,1e-05,1.1451070796840053,0.020618556701030927,0.14432989690721648,0.6701030927835051,0.16494845360824742
965,-121.51469116294496,114,0.05,1e-05,1.1324946601281434,0.09649122807017543,0.2982456140350877,0.17543859649122806,0.4298245614035088
966,-508.4895158992308,90,0.05,1e-05,1.158496118763908,0.0,0.23333333333333334,0.5666666666666667,0.2
967,-461.6273611768887,78,0.05,1e-05,1.1287543799832354,0.0,0.20512820512820512,0.6282051282051282,0.16666666666666666
968,-495.7452705720901,75,0.05,1e-05,1.138471273742936,0.013333333333333334,0.16,0.72,0.10666666666666667
969,-483.8725193412614,94,0.05,1e-05,1.1385317899207326,0.07446808510638298,0.1702127659574468,0.6382978723404256,0.11702127659574468
970,-453.28545601045107,85,0.05,1e-05,1.1417504509197536,0.011764705882352941,0.2235294117647059,0.5529411764705883,0.21176470588235294
971,-441.61344630230764,79,0.05,1e-05,1.1311366640879337,0.0,0.22784810126582278,0.5316455696202531,0.24050632911392406
972,-425.833591937459,70,0.05,1e-05,1.1348187406552164,0.04285714285714286,0.2,0.5571428571428572,0.2
973,-267.8758524872967,117,0.05,1e-05,1.1442725891751833,0.02564102564102564,0.2564102564102564,0.37606837606837606,0.3418803418803419
974,-462.5719257891178,82,0.05,1e-05,1.1331111161196321,0.024390243902439025,0.21951219512195122,0.5609756097560976,0.1951219512195122
975,-577.1326646681528,103,0.05,1e-05,1.1540752068193847,0.04854368932038835,0.13592233009708737,0.7378640776699029,0.07766990291262135
976,-488.2899024504037,122,0.05,1e-05,1.1445593541311625,0.02459016393442623,0.12295081967213115,0.7540983606557377,0.09836065573770492
977,-570.7706772495392,110,0.05,1e-05,1.1581335863871842,0.0,0.10909090909090909,0.8090909090909091,0.08181818181818182
978,-343.09823821573195,237,0.05,1e-05,1.1835774639434624,0.05907172995780591,0.21518987341772153,0.569620253164557,0.15611814345991562
979,-505.2621898895867,132,0.05,1e-05,1.1633290591731487,0.06060606060606061,0.23484848484848486,0.5,0.20454545454545456
980,-469.22440727877097,71,0.05,1e-05,1.1491679746198036,0.0,0.14084507042253522,0.7746478873239436,0.08450704225352113
981,-432.53683301959126,100,0.05,1e-05,1.1477395694874475,0.05,0.15,0.71,0.09
982,-504.546676929082,110,0.05,1e-05,1.1751249275280593,0.06363636363636363,0.15454545454545454,0.7,0.08181818181818182
983,-521.6750693199895,89,0.05,1e-05,1.1667207267218895,0.02247191011235955,0.21348314606741572,0.6179775280898876,0.14606741573033707
984,-431.56308528261206,71,0.05,1e-05,1.1620897577191847,0.014084507042253521,0.15492957746478872,0.704225352112676,0.1267605633802817
985,-447.62737883878015,71,0.05,1e-05,1.1631828369521346,0.014084507042253521,0.2112676056338028,0.6197183098591549,0.15492957746478872
986,-417.4244382080448,75,0.05,1e-05,1.1668241269584205,0.0,0.17333333333333334,0.7066666666666667,0.12
987,-422.20655775298155,72,0.05,1e-05,1.1512043943165307,0.013888888888888888,0.125,0.7777777777777778,0.08333333333333333
988,-517.687472793179,114,0.05,1e-05,1.1486160268762828,0.017543859649122806,0.20175438596491227,0.5701754385964912,0.21052631578947367
989,-449.9755494823717,67,0.05,1e-05,1.1544549707178107,0.014925373134328358,0.16417910447761194,0.7014925373134329,0.11940298507462686
990,-467.0762585158348,88,0.05,1e-05,1.1740561521285797,0.03409090909090909,0.19318181818181818,0.5681818181818182,0.20454545454545456
991,-485.58097610986636,83,0.05,1e-05,1.135856993067404,0.03614457831325301,0.1927710843373494,0.6144578313253012,0.1566265060240964
992,-475.9802082102982,138,0.05,1e-05,1.1479550509062544,0.11594202898550725,0.18840579710144928,0.5434782608695652,0.15217391304347827
993,-104.4332681869148,117,0.05,1e-05,1.1708842652932667,0.13675213675213677,0.29914529914529914,0.23076923076923078,0.3333333333333333
994,-589.102483659178,106,0.05,1e-05,1.1463463993115095,0.0,0.18867924528301888,0.660377358490566,0.1509433962264151
995,-400.03701984100786,88,0.05,1e-05,1.162485614887277,0.022727272727272728,0.19318181818181818,0.6704545454545454,0.11363636363636363
996,-531.7012136697479,114,0.05,1e-05,1.1505915466409349,0.008771929824561403,0.21052631578947367,0.5789473684210527,0.20175438596491227
997,-604.4444899048099,107,0.05,1e-05,1.1625988070752462,0.028037383177570093,0.11214953271028037,0.7850467289719626,0.07476635514018691
998,-439.86850294469394,68,0.05,1e-05,1.2205761648346798,0.058823529411764705,0.20588235294117646,0.5735294117647058,0.16176470588235295
999,-555.3569671306677,115,0.05,1e-05,1.1994538561856534,0.02608695652173913,0.12173913043478261,0.808695652173913,0.043478260869565216
