Episode,Total_Reward,Steps,Epsilon,Learning_Rate,Average_Loss,Action_0_Percentage,Action_1_Percentage,Action_2_Percentage,Action_3_Percentage
0,-113.68843888608257,83,0.9950195566196387,0.00496559332726813,0.0,0.27710843373493976,0.27710843373493976,0.1927710843373494,0.25301204819277107
1,-97.33494773608642,71,0.9900639180555424,0.004931423418361956,0.0,0.23943661971830985,0.2676056338028169,0.29577464788732394,0.19718309859154928
2,-85.93931664189364,63,0.9851329607687281,0.004897488644030385,0.0,0.25396825396825395,0.2857142857142857,0.30158730158730157,0.15873015873015872
3,-137.48714801416742,72,0.9802265618354918,0.004863787386233744,0.0,0.20833333333333334,0.2777777777777778,0.25,0.2638888888888889
4,-227.08663517942762,97,0.975344598944344,0.004830318038066636,0.0,0.26804123711340205,0.25773195876288657,0.21649484536082475,0.25773195876288657
5,-219.70484103277013,85,0.9704869503929605,0.004797079003681315,0.0,0.3058823529411765,0.3058823529411765,0.12941176470588237,0.25882352941176473
6,-311.6701075901665,86,0.9656534950851489,0.004764068698211598,0.0,0.27906976744186046,0.20930232558139536,0.2558139534883721,0.2558139534883721
7,-231.56976451694507,116,0.9608441125278293,0.0047312855476972955,0.0,0.21551724137931033,0.29310344827586204,0.2413793103448276,0.25
8,-139.78973306316556,64,0.956058682828031,0.004698727989009166,0.0,0.265625,0.25,0.25,0.234375
9,-165.96941122677595,82,0.9512970866899032,0.004666394469774383,0.0,0.2073170731707317,0.21951219512195122,0.36585365853658536,0.2073170731707317
10,-137.25931569413518,94,0.9465592054117414,0.004634283448302516,0.0,0.24468085106382978,0.20212765957446807,0.24468085106382978,0.30851063829787234
11,-293.78641997173565,102,0.9418449208830285,0.004602393393512023,0.0,0.27450980392156865,0.24509803921568626,0.22549019607843138,0.2549019607843137
12,-172.63470130708697,146,0.9371541155814898,0.004570722784857245,0.0,0.23972602739726026,0.21232876712328766,0.2945205479452055,0.2534246575342466
13,-364.6730912436097,92,0.9324866725701636,0.004539270112255908,0.0,0.29347826086956524,0.18478260869565216,0.20652173913043478,0.31521739130434784
14,-217.9586668011945,65,0.9278424754944864,0.004508033876017119,0.0,0.27692307692307694,0.23076923076923078,0.26153846153846155,0.23076923076923078
15,-114.13340759446801,64,0.9232214085793918,0.004477012586769858,0.0,0.28125,0.234375,0.3125,0.171875
16,-186.48204263163316,78,0.9186233566264248,0.004446204765391968,0.0,0.2692307692307692,0.16666666666666666,0.2948717948717949,0.2692307692307692
17,-157.7795171585136,125,0.9140482050108695,0.004415608942939624,0.0,0.256,0.264,0.28,0.2
18,-269.720146085128,92,0.9094958396788919,0.004385223660577296,0.0,0.2608695652173913,0.2608695652173913,0.22826086956521738,0.25
19,-180.01254009986835,120,0.904966147144697,0.004355047469508188,0.0,0.23333333333333334,0.26666666666666666,0.275,0.225
20,-214.94371911178388,89,0.9004590144876992,0.004325078930905163,0.0,0.15730337078651685,0.2696629213483146,0.30337078651685395,0.2696629213483146
21,-383.7511269129247,89,0.8959743293497072,0.004295316615842131,0.0,0.21348314606741572,0.3258426966292135,0.24719101123595505,0.21348314606741572
22,-106.24395355923363,62,0.8915119799321238,0.004265759105225923,0.0,0.24193548387096775,0.3064516129032258,0.20967741935483872,0.24193548387096775
23,-503.4987137019448,88,0.8870718549931581,0.004236404989728622,0.0,0.2727272727272727,0.17045454545454544,0.3068181818181818,0.25
24,12.245344578912096,88,0.8826538438450526,0.004207252869720371,0.0,0.23863636363636365,0.18181818181818182,0.3522727272727273,0.22727272727272727
25,-423.42651863715173,88,0.878257836351324,0.0041783013552026335,0.0,0.1590909090909091,0.23863636363636365,0.3977272727272727,0.20454545454545456
26,-66.15571617403096,86,0.8738837229240176,0.004149549065741917,0.0,0.32558139534883723,0.22093023255813954,0.23255813953488372,0.22093023255813954
27,-398.76469589287814,83,0.8695313945209752,0.004120994630403953,0.0,0.1927710843373494,0.18072289156626506,0.2891566265060241,0.3373493975903614
28,-112.9019932908086,96,0.8652007426431169,0.004092636687688333,0.0,0.23958333333333334,0.28125,0.22916666666666666,0.25
29,-253.2547534391122,79,0.8608916593317363,0.004064473885463585,0.0,0.22784810126582278,0.22784810126582278,0.22784810126582278,0.31645569620253167
30,-317.5071887441527,123,0.8566040371658092,0.00403650488090271,0.0,0.23577235772357724,0.16260162601626016,0.3983739837398374,0.2032520325203252
31,-198.58926209204805,110,0.852337769259316,0.004008728340419147,0.0,0.23636363636363636,0.21818181818181817,0.3090909090909091,0.23636363636363636
32,-416.5911643572901,95,0.8480927492585766,0.003981142939603193,0.0,0.18947368421052632,0.24210526315789474,0.2631578947368421,0.30526315789473685
33,-417.30245892049913,104,0.8438688713395993,0.003953747363158849,0.0,0.20192307692307693,0.20192307692307693,0.2980769230769231,0.2980769230769231
34,-369.54623317611293,92,0.8396660302054431,0.003926540304841109,0.0,0.25,0.18478260869565216,0.3695652173913043,0.1956521739130435
35,-74.49609672109824,81,0.8354841210835922,0.0038995204673936763,0.0,0.1728395061728395,0.2839506172839506,0.32098765432098764,0.2222222222222222
36,-170.94654206792427,128,0.8313230397233444,0.003872686562487108,0.0,0.203125,0.203125,0.40625,0.1875
37,-176.8912004193879,106,0.8271826823932125,0.003846037310657387,0.0,0.20754716981132076,0.27358490566037735,0.330188679245283,0.18867924528301888
38,-35.56618512391154,92,0.8230629458783377,0.0038195714412449172,0.0,0.21739130434782608,0.13043478260869565,0.40217391304347827,0.25
39,-329.49976123978354,91,0.8189637274779172,0.003793287692333935,0.0,0.18681318681318682,0.12087912087912088,0.4945054945054945,0.1978021978021978
40,-94.92890223547602,71,0.8148849250026439,0.0037671848106923425,0.0,0.22535211267605634,0.30985915492957744,0.28169014084507044,0.18309859154929578
41,-442.12949004219905,84,0.8108264367721583,0.00374126155171195,0.0,0.17857142857142858,0.17857142857142858,0.34523809523809523,0.2976190476190476
42,-255.97923489822642,133,0.8067881616125144,0.003715516679349134,0.0,0.17293233082706766,0.15037593984962405,0.41353383458646614,0.2631578947368421
43,-80.27889174028033,128,0.8027699988536575,0.0036899489660659,0.0,0.265625,0.171875,0.3515625,0.2109375
44,-137.3523990581648,95,0.7987718483269142,0.003664557192771354,0.0,0.18947368421052632,0.3157894736842105,0.2631578947368421,0.23157894736842105
45,-129.3498542084539,96,0.7947936103624954,0.0036393401487635735,0.0,0.25,0.20833333333333334,0.3541666666666667,0.1875
46,-131.12359278527907,115,0.7908351857870121,0.003614296631671881,0.0,0.22608695652173913,0.17391304347826086,0.4,0.2
47,-231.48816254214006,173,0.7868964759210023,0.0035894254473995144,0.0,0.2658959537572254,0.21965317919075145,0.28901734104046245,0.2254335260115607
48,-511.85318638654655,102,0.7829773825764719,0.00356472541006669,0.0,0.2549019607843137,0.1568627450980392,0.3235294117647059,0.2647058823529412
49,-451.6473453778663,145,0.7790778080544463,0.0035401953419540613,0.0,0.18620689655172415,0.20689655172413793,0.38620689655172413,0.2206896551724138
50,-392.4016432232107,91,0.7751976551425351,0.0035158340734465607,0.0,0.0989010989010989,0.26373626373626374,0.26373626373626374,0.37362637362637363
51,-120.42050917495901,88,0.771336827112509,0.003491640442977634,0.0,0.19318181818181818,0.2159090909090909,0.38636363636363635,0.20454545454545456
52,-138.40886004712365,140,0.7674952277178876,0.0034676132969738557,1.265244451842538,0.20714285714285716,0.17857142857142858,0.37142857142857144,0.24285714285714285
53,-45.408303859261196,104,0.7636727611915411,0.003443751489799924,1.0495528635198172,0.17307692307692307,0.27884615384615385,0.2980769230769231,0.25
54,-120.66871413135286,123,0.7598693322433026,0.0034200538837040368,0.9368374518345471,0.16260162601626016,0.25203252032520324,0.34959349593495936,0.23577235772357724
55,-180.3304238745206,115,0.7560848460575919,0.0033965193487636436,0.807618585031911,0.19130434782608696,0.19130434782608696,0.30434782608695654,0.3130434782608696
56,-65.02340634797731,99,0.7523192082910528,0.003373146762831569,0.8377830160440772,0.15151515151515152,0.25252525252525254,0.3939393939393939,0.20202020202020202
57,-129.37092392554777,98,0.748572325070201,0.0033499350114825064,0.7242054338033076,0.16326530612244897,0.2755102040816326,0.336734693877551,0.22448979591836735
58,-325.9898230035865,125,0.7448441029890834,0.0033268829879598842,0.7589956690800638,0.192,0.28,0.24,0.288
59,-173.28920100741857,91,0.7411344491069503,0.003303989593123092,0.7706918925352213,0.16483516483516483,0.23076923076923078,0.34065934065934067,0.26373626373626374
60,-99.03005185691703,108,0.7374432709459379,0.0032812537353950743,0.715448474880927,0.1111111111111111,0.23148148148148148,0.42592592592592593,0.23148148148148148
61,-160.61188784210918,71,0.7337704764887631,0.0032586743307102817,1.4433970125611952,0.11267605633802817,0.3380281690140845,0.2676056338028169,0.28169014084507044
62,-1.92133334402547,129,0.7301159741764301,0.003236250302462983,1.2396346309413688,0.1937984496124031,0.20930232558139536,0.37209302325581395,0.2248062015503876
63,-58.4925602026439,92,0.7264796729059471,0.003213980581455931,1.087550691864963,0.2391304347826087,0.25,0.391304347826087,0.11956521739130435
64,-137.5273017279949,103,0.7228614820280556,0.0031918641058493835,1.0774370086346832,0.23300970873786409,0.1941747572815534,0.3786407766990291,0.1941747572815534
65,-160.37328987957153,88,0.7192613113449707,0.003169899821110471,1.0673537620327804,0.20454545454545456,0.22727272727272727,0.3181818181818182,0.25
66,-129.00279373870714,86,0.7156790711081327,0.003148086679962919,0.9594047870790177,0.16279069767441862,0.19767441860465115,0.3372093023255814,0.3023255813953488
67,-47.99342558758347,84,0.712114672015969,0.0031264236423371103,0.9408594694338522,0.11904761904761904,0.14285714285714285,0.47619047619047616,0.2619047619047619
68,-63.401711294933506,76,0.708568025211669,0.0031049096753204956,0.9224540992824622,0.09210526315789473,0.18421052631578946,0.4473684210526316,0.27631578947368424
69,-146.42903217719152,140,0.7050390422809678,0.003083543753108342,0.9344058516596947,0.18571428571428572,0.21428571428571427,0.37142857142857144,0.22857142857142856
70,-101.26936725215145,158,0.7015276352499433,0.0030623248569548217,0.8606943504250011,0.17088607594936708,0.23417721518987342,0.379746835443038,0.21518987341772153
71,-36.893429284828656,121,0.6980337165828222,0.0030412519751244387,0.8320682898887727,0.15702479338842976,0.19008264462809918,0.5289256198347108,0.12396694214876033
72,-77.04250721030633,137,0.6945571991797983,0.003020324102843787,0.8592060611477204,0.15328467153284672,0.19708029197080293,0.4306569343065693,0.21897810218978103
73,-41.899082772040074,95,0.691097996374861,0.002999540242253642,0.8204118133885734,0.14736842105263157,0.2,0.45263157894736844,0.2
74,12.93116066690014,103,0.6876560219336348,0.002978899402361383,0.8432762059017928,0.18446601941747573,0.14563106796116504,0.47572815533980584,0.1941747572815534
75,-79.68184687287786,136,0.6842311900512299,0.002958400598993741,0.8217381414785871,0.11029411764705882,0.20588235294117646,0.5,0.18382352941176472
76,-178.9178818966671,111,0.6808234153501025,0.0029380428547498717,0.8079018318782165,0.14414414414414414,0.17117117117117117,0.4144144144144144,0.2702702702702703
77,-47.86650706900825,99,0.6774326128779271,0.0029178251989547543,0.8112246701356475,0.10101010101010101,0.25252525252525254,0.42424242424242425,0.2222222222222222
78,-66.8239263912678,140,0.6740586981054784,0.0028977466676129065,0.8074292212850649,0.16428571428571428,0.22857142857142856,0.40714285714285714,0.2
79,-103.28691864728741,126,0.670701586924524,0.0028778063033624217,1.4247647900432339,0.19047619047619047,0.11904761904761904,0.46825396825396826,0.2222222222222222
80,-199.01999831573215,109,0.6673611956457279,0.002858003155429321,1.4389881087202463,0.1651376146788991,0.27522935779816515,0.3577981651376147,0.2018348623853211
81,-40.01514200072425,146,0.6640374409965641,0.0028383362795822193,1.2745168172110595,0.19863013698630136,0.1643835616438356,0.5,0.136986301369863
82,-139.42734788435055,99,0.6607302401192408,0.002818804738087304,1.2108682240537654,0.1717171717171717,0.2222222222222222,0.31313131313131315,0.29292929292929293
83,-106.0936681395381,154,0.6574395105686344,0.002799407599663621,1.1534539048849208,0.15584415584415584,0.18831168831168832,0.461038961038961,0.19480519480519481
84,-101.60825129097017,86,0.6541651703102348,0.002780143939438674,1.1202101135288545,0.11627906976744186,0.3372093023255814,0.3953488372093023,0.1511627906976744
85,-119.05910279014893,74,0.6509071377181003,0.0027610128389043225,1.1085456527359439,0.25675675675675674,0.1891891891891892,0.36486486486486486,0.1891891891891892
86,-100.80175545799692,136,0.6476653315728222,0.0027420133858729883,1.0497648887603683,0.17647058823529413,0.20588235294117646,0.4117647058823529,0.20588235294117646
87,-170.6314721964962,105,0.6444396710595008,0.0027231446744341607,1.0585492664834897,0.1619047619047619,0.22857142857142856,0.37142857142857144,0.23809523809523808
88,-62.69874807121474,106,0.6412300757657303,0.002704405804911203,0.99250885214436,0.11320754716981132,0.22641509433962265,0.39622641509433965,0.2641509433962264
89,-61.2802650110871,119,0.6380364656795943,0.0026857958838184533,1.0037679496871295,0.17647058823529413,0.18487394957983194,0.36134453781512604,0.2773109243697479
90,-129.54740375361376,126,0.6348587611876713,0.002667314023818624,1.0414435293879098,0.18253968253968253,0.24603174603174602,0.36507936507936506,0.20634920634920634
91,-318.2973852878789,133,0.6316968830730497,0.0026489593436804936,1.0229858038209714,0.17293233082706766,0.18045112781954886,0.3458646616541353,0.3007518796992481
92,-115.84209640427153,73,0.6285507525133537,0.0026307309682368847,0.9875239530975175,0.2465753424657534,0.1506849315068493,0.3561643835616438,0.2465753424657534
93,-94.08950026939057,157,0.6254202910787774,0.0026126280283429405,0.9456833503706032,0.17834394904458598,0.15286624203821655,0.45222929936305734,0.21656050955414013
94,-100.87333442692922,159,0.6223054207301305,0.002594649660834679,0.9979239997123545,0.1509433962264151,0.1949685534591195,0.4528301886792453,0.20125786163522014
95,-108.22303849989615,147,0.6192060638168921,0.00257679500848784,0.9908842604032995,0.16326530612244897,0.1836734693877551,0.42857142857142855,0.22448979591836735
96,-23.454814924249035,124,0.6161221430752757,0.0025590632199770087,1.8243011256511883,0.1693548387096774,0.14516129032258066,0.49193548387096775,0.1935483870967742
97,0.1347219428790254,116,0.6130535816263024,0.002541453449835026,1.5470459298759502,0.15517241379310345,0.1724137931034483,0.45689655172413796,0.21551724137931033
98,-215.87492374424164,155,0.6100003029738849,0.0025239648584126748,1.4603168904999833,0.14838709677419354,0.23870967741935484,0.432258064516129,0.18064516129032257
99,-46.49751107869299,166,0.6069622310029202,0.002506596611838646,1.3654406720416887,0.20481927710843373,0.18674698795180722,0.43373493975903615,0.1746987951807229
100,-80.00688082943702,72,0.6039392899773924,0.002489347881979777,1.265646520555557,0.06944444444444445,0.2361111111111111,0.4166666666666667,0.2777777777777778
101,-91.76112474001089,224,0.6009314045384845,0.0024722178464015665,1.3347544485885139,0.18303571428571427,0.15178571428571427,0.4955357142857143,0.16964285714285715
102,-70.82936679365025,162,0.5979384997026995,0.0024552056883289613,1.295313283187503,0.14814814814814814,0.24691358024691357,0.43209876543209874,0.1728395061728395
103,-184.37258708911975,124,0.5949605008599921,0.0024383105966074093,1.2727644219649812,0.12903225806451613,0.2661290322580645,0.3790322580645161,0.22580645161290322
104,-13.639481685620652,151,0.5919973337719074,0.002421531765664185,1.1911169346594144,0.15894039735099338,0.2185430463576159,0.4370860927152318,0.18543046357615894
105,-192.61151106689857,157,0.5890489245697316,0.002404868395469978,1.1997822881623113,0.18471337579617833,0.2229299363057325,0.37579617834394907,0.21656050955414013
106,-42.71243686526448,163,0.5861151997526493,0.0023883196915007476,1.192085650763175,0.11042944785276074,0.18404907975460122,0.5030674846625767,0.20245398773006135
107,-84.04752786903504,224,0.583196086185912,0.002371884864699838,1.143622145672714,0.16964285714285715,0.21428571428571427,0.45982142857142855,0.15625
108,-89.27032511703868,187,0.5802915110990148,0.0023555631314403575,1.3006759655735916,0.16042780748663102,0.17647058823529413,0.47593582887700536,0.18716577540106952
109,-121.01884474631407,163,0.5774014020838818,0.002339353713487812,1.5903895876334246,0.15950920245398773,0.22699386503067484,0.4539877300613497,0.15950920245398773
110,8.376409739042941,123,0.5745256870930618,0.002323255837963,1.5175192625098177,0.14634146341463414,0.13821138211382114,0.5609756097560976,0.15447154471544716
111,-72.95514014348578,91,0.5716642944379317,0.00230726873730516,1.4551972111386555,0.16483516483516483,0.12087912087912088,0.4835164835164835,0.23076923076923078
112,-75.05258630840088,131,0.5688171527869094,0.002291391649235373,1.2681918228326825,0.09923664122137404,0.22137404580152673,0.4122137404580153,0.26717557251908397
113,-110.10116048432013,171,0.5659841911636758,0.002275623816720217,1.4054722496518244,0.1695906432748538,0.18128654970760233,0.4619883040935672,0.1871345029239766
114,-77.46794125555812,82,0.5631653389454055,0.002259964487935669,1.3454162456508565,0.1951219512195122,0.18292682926829268,0.3902439024390244,0.23170731707317074
115,-38.66619656982385,168,0.5603605258610059,0.002244412916231259,1.2835684340356568,0.13095238095238096,0.2261904761904762,0.4107142857142857,0.23214285714285715
116,-31.273464118907086,201,0.5575696819893657,0.002228968360094469,1.2333974292276617,0.14925373134328357,0.208955223880597,0.42786069651741293,0.21393034825870647
117,-169.9827188926999,114,0.5547927377576116,0.0022136300831153764,1.1765642036944644,0.14912280701754385,0.21929824561403508,0.37719298245614036,0.2543859649122807
118,22.67690056040712,158,0.5520296239393742,0.002198397353951542,1.1947561424182738,0.13291139240506328,0.23417721518987342,0.44936708860759494,0.18354430379746836
119,62.754568802341964,1000,0.5492802716530619,0.002183269446293138,1.437487457236361,0.289,0.231,0.252,0.228
120,50.80122711717053,1000,0.5465446123601444,0.0021682456388283184,1.5860085569639648,0.291,0.245,0.288,0.176
121,-50.66523080166525,129,0.5438225778634432,0.0021533252152088245,1.545033665833083,0.17054263565891473,0.20155038759689922,0.4263565891472868,0.20155038759689922
122,-74.32133691651819,141,0.5411141003054323,0.0021385074640158297,1.4828783238776926,0.1276595744680851,0.2127659574468085,0.3829787234042553,0.2765957446808511
123,-59.23406002391958,147,0.5384191121665459,0.002123791678726019,1.4955685973658486,0.17006802721088435,0.23129251700680273,0.42857142857142855,0.17006802721088435
124,3.5604846766588167,226,0.535737546263496,0.0021091771576779,1.5513356793505233,0.13716814159292035,0.17256637168141592,0.5,0.1902654867256637
125,-1.196783498066921,175,0.533069335747597,0.0020946632040383484,1.5755163056653059,0.10285714285714286,0.17714285714285713,0.5428571428571428,0.17714285714285713
126,-41.15207453862641,146,0.5304144141030992,0.0020802491257693807,1.51298990364434,0.1232876712328767,0.2671232876712329,0.3972602739726027,0.21232876712328766
127,-85.21821438716738,137,0.5277727151455311,0.00206593423559516,1.5471783504930188,0.12408759124087591,0.20437956204379562,0.5036496350364964,0.1678832116788321
128,-240.45974431891074,179,0.5251441730200492,0.0020517178509692224,1.4348722783802494,0.11731843575418995,0.19553072625698323,0.39664804469273746,0.2905027932960894
129,30.220937552291577,1000,0.5225287221997962,0.0020375992940419355,1.4593894956613853,0.269,0.201,0.237,0.293
130,-44.540626626735275,135,0.5199262974842676,0.0020235778916281775,1.5517354330329163,0.14814814814814814,0.1259259259259259,0.5555555555555556,0.17037037037037037
131,-80.97760300354673,177,0.5173368339976863,0.002009652975175238,1.489698747608335,0.13559322033898305,0.1864406779661017,0.3785310734463277,0.2994350282485876
132,-56.52594452278193,158,0.5147602671873854,0.0019958238807309416,1.6559689752291833,0.13291139240506328,0.17088607594936708,0.5,0.1962025316455696
133,-5.6271831157072825,232,0.512196532822199,0.0019820899489119896,1.6750145052205478,0.15948275862068967,0.15517241379310345,0.5344827586206896,0.15086206896551724
134,-33.477095782035136,363,0.5096455669908607,0.001968450524872521,1.6329190785040681,0.1652892561983471,0.16804407713498623,0.512396694214876,0.15426997245179064
135,-69.65527636024646,56,0.5071073061004107,0.0019549049582728876,1.6763703913166275,0.17857142857142858,0.35714285714285715,0.25,0.21428571428571427
136,-130.00653321781542,273,0.50458168687461,0.0019414526032486465,1.5364845299109682,0.13186813186813187,0.21611721611721613,0.46886446886446886,0.18315018315018314
137,-52.84088970858712,153,0.5020686463523638,0.0019280928183797639,1.5615690886028804,0.11764705882352941,0.2222222222222222,0.46405228758169936,0.19607843137254902
138,-10.729019877891346,224,0.49956812188615124,0.0019148249666600316,1.513999160780651,0.13392857142857142,0.24107142857142858,0.4419642857142857,0.18303571428571427
139,-70.21773799478504,122,0.49708005114046383,0.0019016484154666946,1.4690147180895814,0.09836065573770492,0.32786885245901637,0.29508196721311475,0.2786885245901639
140,105.66878533046766,1000,0.49460437209025165,0.0018885625365302864,1.666283826842736,0.358,0.22,0.235,0.187
141,-37.75912167485866,116,0.492141023019377,0.001875566705904673,1.695457429053056,0.1724137931034483,0.1896551724137931,0.41379310344827586,0.22413793103448276
142,-79.66039747002993,255,0.48968994251907594,0.0018626603039373023,1.6629206066295745,0.1568627450980392,0.19607843137254902,0.4392156862745098,0.20784313725490197
143,-13.61089800196632,283,0.4872510694864273,0.0018498427152396591,1.685836320538727,0.1625441696113074,0.13074204946996468,0.5300353356890459,0.17667844522968199
144,-34.265587632740306,212,0.4848243431228297,0.0018371133286579223,1.6622584726813006,0.10849056603773585,0.1650943396226415,0.5283018867924528,0.19811320754716982
145,-137.4080353710491,102,0.4824097029324856,0.0018244715372438245,1.6666857262295935,0.18627450980392157,0.18627450980392157,0.39215686274509803,0.23529411764705882
146,-135.560187000041,168,0.4800070887208934,0.0018119167382257126,1.5883188919475864,0.1488095238095238,0.16071428571428573,0.5059523809523809,0.18452380952380953
147,-47.03999355392121,118,0.47761644059334696,0.0017994483329798066,1.580065229854631,0.1440677966101695,0.2033898305084746,0.4152542372881356,0.23728813559322035
148,-82.35546375122837,168,0.4752376989534421,0.0017870657270016577,1.587650514771638,0.06547619047619048,0.19047619047619047,0.44047619047619047,0.30357142857142855
149,-89.86994457622127,138,0.4728708045015913,0.0017747683298778003,1.7725383529682437,0.09420289855072464,0.2608695652173913,0.4057971014492754,0.2391304347826087
150,21.871806550462026,119,0.4705156982335452,0.001762555555257602,1.811088816764989,0.15966386554621848,0.20168067226890757,0.3865546218487395,0.25210084033613445
151,-109.81818298700524,187,0.4681723214389219,0.0017504268208253044,1.7345177717535594,0.12834224598930483,0.1497326203208556,0.43315508021390375,0.2887700534759358
152,-28.26355884068346,169,0.46584061569974305,0.0017383815482722598,1.7320945500696736,0.10650887573964497,0.17751479289940827,0.5502958579881657,0.16568047337278108
153,109.53858575202699,1000,0.4635205228889778,0.001726419163269355,1.679635288484018,0.3,0.298,0.173,0.229
154,15.116291027619397,381,0.4612119851690938,0.0017145390954396275,1.69500155620001,0.14960629921259844,0.16272965879265092,0.5380577427821522,0.14960629921259844
155,-104.38187383398898,321,0.4589149449906151,0.00170274077833107,1.9405850251774586,0.1526479750778816,0.18691588785046728,0.4735202492211838,0.18691588785046728
156,-11.643455444790433,110,0.4566293450906877,0.0016910236493896207,1.9349017790985736,0.1,0.21818181818181817,0.509090909090909,0.17272727272727273
157,-42.20682103326965,80,0.45435512849165205,0.0016793871499323405,1.8411536163555986,0.1125,0.1875,0.4875,0.2125
158,-80.30754928077096,94,0.4520922384996226,0.0016678307251207745,1.9126065751571002,0.2553191489361702,0.2127659574468085,0.3723404255319149,0.1595744680851064
159,-123.91956145823556,107,0.44984061870307446,0.001656353823934497,1.8196696664182772,0.1308411214953271,0.2523364485981308,0.38317757009345793,0.2336448598130841
160,-62.34275227228345,296,0.4476002129714371,0.0016449558991448378,1.7621329582637149,0.11486486486486487,0.17905405405405406,0.527027027027027,0.17905405405405406
161,-158.66646267089843,550,0.4453709654536952,0.0016336364072887907,1.7358157049918497,0.17636363636363636,0.14909090909090908,0.4690909090909091,0.20545454545454545
162,-145.98290351157942,171,0.44315282057699623,0.0016223948086431,1.7367135838234278,0.1286549707602339,0.18128654970760233,0.5146198830409356,0.17543859649122806
163,-34.82278621515388,471,0.4409457230452651,0.0016112305671985266,1.787981245204216,0.14861995753715498,0.16560509554140126,0.5286624203821656,0.15711252653927812
164,-40.895183365469,191,0.4387496178378257,0.0016001431506342896,1.8152139370229572,0.1099476439790576,0.16753926701570682,0.47643979057591623,0.24607329842931938
165,-9.741731171817335,200,0.43656445020802925,0.0015891320302926862,1.8193409289315423,0.14,0.205,0.455,0.2
166,81.57237411706946,1000,0.4343901656818896,0.0015781966811538838,1.7529997849032424,0.212,0.225,0.379,0.184
167,-16.486707725260942,239,0.4322267100567252,0.0015673365818108867,1.6713541347774938,0.1087866108786611,0.16736401673640167,0.5564853556485355,0.16736401673640167
168,-17.88286690769,307,0.4300740293998078,0.0015565512144446758,1.887475803589555,0.13680781758957655,0.18566775244299674,0.495114006514658,0.18241042345276873
169,-53.02741261729195,160,0.4279320700470182,0.0015458400647995172,1.900457841178778,0.125,0.275,0.375,0.225
170,-31.441933110601468,228,0.4258007786015082,0.0015352026221584433,1.8521443981706587,0.11403508771929824,0.14035087719298245,0.5657894736842105,0.17982456140350878
171,19.56084618743384,132,0.42368010193236966,0.0015246383793189005,1.8411353698004087,0.11363636363636363,0.17424242424242425,0.5606060606060606,0.15151515151515152
172,-6.80121472247022,344,0.4215699871733098,0.0015141468325685658,1.8047651296515372,0.11337209302325581,0.2063953488372093,0.5087209302325582,0.17151162790697674
173,-40.675168350057334,179,0.4194703817213335,0.001503727481661329,1.799821457952959,0.16759776536312848,0.16759776536312848,0.44692737430167595,0.21787709497206703
174,-145.77548286600762,101,0.41738123323543186,0.001493379829793441,1.725868763721718,0.18811881188118812,0.2376237623762376,0.37623762376237624,0.19801980198019803
175,-0.5522786466440976,122,0.41530248963527744,0.0014831033835798254,1.7201204685337812,0.11475409836065574,0.18032786885245902,0.45901639344262296,0.2459016393442623
176,12.641247862425658,192,0.41323409909992587,0.0014728976530305534,1.7534145181577176,0.13541666666666666,0.16666666666666666,0.5104166666666666,0.1875
177,144.4492008438839,1000,0.4111760100665241,0.0014627621515274811,1.8617872326887195,0.364,0.204,0.182,0.25
178,121.91856772730539,1000,0.4091281712290249,0.0014526963958010467,1.82442344542717,0.39,0.23,0.182,0.198
179,12.575540842107955,160,0.407090531536908,0.0014426999059072281,1.7928053652979945,0.14375,0.2125,0.40625,0.2375
180,22.828897815366304,221,0.40506304019390726,0.0014327722052046583,1.7943368719451591,0.1583710407239819,0.18099547511312217,0.5248868778280543,0.13574660633484162
181,-57.6545651218134,134,0.40304564665674447,0.0014229128203318991,1.95156687621192,0.208955223880597,0.22388059701492538,0.373134328358209,0.19402985074626866
182,-32.99942972448565,256,0.40103830063386947,0.0014131212811848708,1.9558541779207932,0.17578125,0.17578125,0.4453125,0.203125
183,99.38567775783523,1000,0.39904095208420615,0.001403397120894437,1.8398307042444781,0.386,0.19,0.226,0.198
184,-113.35705229837566,80,0.3970535512159053,0.0013937398758041444,1.7739831490040223,0.1,0.3125,0.3,0.2875
185,-139.25159844427202,399,0.3950760484851031,0.0013841490854481144,1.76036614434727,0.13283208020050125,0.3182957393483709,0.2706766917293233,0.2781954887218045
186,109.02066338207673,1000,0.39310839459468616,0.0013746242925290883,1.8456696440547002,0.431,0.209,0.175,0.185
187,-95.38381536898625,198,0.3911505404930626,0.0013651650428966229,1.817359646642068,0.15151515151515152,0.1717171717171717,0.5151515151515151,0.16161616161616163
188,9.82832234029999,195,0.38920243737293914,0.0013557708855254362,1.724306611665188,0.12307692307692308,0.14871794871794872,0.5333333333333333,0.19487179487179487
189,17.486724374208407,172,0.3872640366701046,0.0013464413724939021,1.7059928430569622,0.19186046511627908,0.1744186046511628,0.47093023255813954,0.16279069767441862
190,-82.46142975497257,222,0.385335290062219,0.0013371760589626926,1.7591488361729728,0.0945945945945946,0.22522522522522523,0.4954954954954955,0.18468468468468469
191,97.55687679343106,1000,0.38341614946760905,0.0013279745031535685,1.8130343914630325,0.419,0.188,0.168,0.225
192,58.42626073799142,1000,0.3815065670440695,0.001318836266328314,1.8247013669634808,0.341,0.178,0.241,0.24
193,-17.845389811976105,169,0.3796064951876705,0.0013097609127678182,1.7863858709790903,0.10059171597633136,0.20118343195266272,0.4970414201183432,0.20118343195266272
194,65.36048215667648,1000,0.3777158865315709,0.0013007480097512987,1.867036893776554,0.304,0.231,0.233,0.232
195,-106.2399097100189,226,0.37583469394483743,0.0012917971275356699,1.8064599956927396,0.1415929203539823,0.15486725663716813,0.48672566371681414,0.2168141592920354
196,7.143280107397018,152,0.37396287053126975,0.001282907839335052,1.734165980645178,0.10526315789473684,0.19078947368421054,0.5460526315789473,0.15789473684210525
197,132.36611406498182,1000,0.3721003696282314,0.0012740797213004217,1.8295251110690065,0.397,0.185,0.213,0.205
198,-57.84030156086949,68,0.3702471448054865,0.0012653123524994027,1.9270649417151333,0.11764705882352941,0.2647058823529412,0.4117647058823529,0.20588235294117646
199,87.88002883750089,1000,0.3684031498640423,0.0012566053148961949,1.7724927094426262,0.393,0.228,0.196,0.183
200,41.15715652692748,184,0.3665683388349977,0.0012479581933316425,1.7539310093327811,0.11413043478260869,0.22826086956521738,0.44565217391304346,0.21195652173913043
201,-77.57444099824248,206,0.3647426659783969,0.001239370575503439,1.8310494852444,0.13106796116504854,0.17475728155339806,0.4854368932038835,0.2087378640776699
202,-7.6026145184762015,162,0.36292608578208946,0.0012308420519464677,1.7681419915307304,0.16666666666666666,0.13580246913580246,0.5493827160493827,0.14814814814814814
203,-85.60232117274896,245,0.36111855296059564,0.0012223722160132787,1.821358769898784,0.12244897959183673,0.1673469387755102,0.5265306122448979,0.1836734693877551
204,87.55961208693907,1000,0.3593200224539774,0.0012139606638546987,1.9276349908494712,0.397,0.125,0.208,0.27
205,127.70278491077991,1000,0.3575304494267152,0.0012056069944005763,1.8615608850372871,0.461,0.174,0.194,0.171
206,89.11280027178424,1000,0.3557497892665903,0.0011973108093406575,1.991758863205565,0.303,0.126,0.195,0.376
207,-124.46191235309627,306,0.35397799758357257,0.0011890717131055946,1.9470530128336239,0.11764705882352941,0.18627450980392157,0.5130718954248366,0.1830065359477124
208,127.06605684029924,1000,0.3522150302087139,0.001180889312848085,1.8649865637901406,0.406,0.229,0.213,0.152
209,70.687356759796,1000,0.35046084319304716,0.0011727632184241397,1.8211995310230809,0.381,0.156,0.263,0.2
210,-43.46031823518918,1000,0.3487153928064905,0.001164693042374481,1.8355270533167372,0.289,0.181,0.31,0.22
211,-38.60894859090304,108,0.34697863553675734,0.001156678399906068,1.8700370869532141,0.14814814814814814,0.21296296296296297,0.4351851851851852,0.2037037037037037
212,61.239077801105026,1000,0.3452505280882715,0.0011487189088737499,1.8661561393841866,0.364,0.148,0.218,0.27
213,97.92482256029308,1000,0.34353102738108804,0.001140814189762044,1.9212080151268682,0.307,0.171,0.336,0.186
214,31.797759023867457,208,0.34182009054981916,0.0011329638656670407,2.1058240676861653,0.1346153846153846,0.14423076923076922,0.47115384615384615,0.25
215,-20.926879388092203,99,0.3401176749425658,0.0011251675622784326,1.9692133957878961,0.12121212121212122,0.1717171717171717,0.48484848484848486,0.2222222222222222
216,102.91887720764657,1000,0.3384237381198542,0.0011174249078616666,1.8826246594271516,0.391,0.156,0.228,0.225
217,-74.47623975146624,92,0.33673823785357804,0.0011097355332402193,1.9236449477680537,0.09782608695652174,0.30434782608695654,0.30434782608695654,0.29347826086956524
218,60.231992290166176,172,0.3350611321259457,0.0011020990717779946,1.9482076109661315,0.14534883720930233,0.1511627906976744,0.563953488372093,0.13953488372093023
219,-9.8845980061499,78,0.33339237912843267,0.001094515159361842,1.9791638844521198,0.16666666666666666,0.1794871794871795,0.47435897435897434,0.1794871794871795
220,-48.515948876243954,130,0.3317319372607396,0.0010869834343841954,2.1359327097111307,0.12307692307692308,0.17692307692307693,0.46153846153846156,0.23846153846153847
221,34.17811369334504,167,0.3300797651297549,0.0010795035377258312,1.9790988201022062,0.11976047904191617,0.15568862275449102,0.5389221556886228,0.18562874251497005
222,109.03682753149607,1000,0.3284358215485232,0.0010720751127387454,1.9425286624526765,0.342,0.177,0.277,0.204
223,98.14110783620299,1000,0.32680006553521834,0.0010646978052291486,1.8545255010796606,0.296,0.185,0.266,0.253
224,24.901023962087876,165,0.3251724563121218,0.0010573712634405767,1.8142684635971158,0.10909090909090909,0.14545454545454545,0.5757575757575758,0.1696969696969697
225,-84.60146436588877,103,0.3235529533046063,0.00105009513803712,1.6834656713241085,0.10679611650485436,0.22330097087378642,0.42718446601941745,0.24271844660194175
226,9.128677001692253,89,0.32194151614012406,0.0010428690820867659,1.7325825605171092,0.0898876404494382,0.20224719101123595,0.47191011235955055,0.23595505617977527
227,102.45299581035607,1000,0.32033810464720053,0.001035692751044857,1.749478116423762,0.405,0.151,0.234,0.21
228,44.63444437604261,123,0.3187426788544329,0.0010285658027376627,1.6587170552218713,0.13008130081300814,0.16260162601626016,0.5853658536585366,0.12195121951219512
229,59.42493706497967,110,0.31715519898949374,0.0010214878973460653,1.7077097193520467,0.05454545454545454,0.19090909090909092,0.6,0.15454545454545454
230,128.93345277827777,1000,0.31557562547813933,0.0010144586973893548,1.718943787665707,0.435,0.158,0.173,0.234
231,-17.410360972298008,70,0.3140039189432234,0.00100747786770914,1.7946626396058232,0.11428571428571428,0.11428571428571428,0.5142857142857142,0.2571428571428571
232,89.15739922507194,1000,0.3124400402037151,0.0010005450754533658,1.6764990573433098,0.302,0.122,0.212,0.364
233,46.08920351045697,1000,0.3108839502737227,0.0009936599900604443,1.7359588276830185,0.36,0.207,0.255,0.178
234,-24.234832214569437,93,0.30933561036152135,0.0009868222832434916,1.7319296583627881,0.13978494623655913,0.22580645161290322,0.41935483870967744,0.21505376344086022
235,67.14245458553142,1000,0.3077949818685863,0.0009800316289746765,1.7107057474336524,0.358,0.1,0.273,0.269
236,166.1280067077543,1000,0.3062620263886305,0.0009732877034696739,1.687459659279492,0.459,0.115,0.163,0.263
237,-59.83733888091129,170,0.3047367057066472,0.0009665901851722271,1.638837084906458,0.10588235294117647,0.2235294117647059,0.48823529411764705,0.18235294117647058
238,-8.009029210195834,154,0.3032189817979574,0.0009599387547388154,1.6683140680424215,0.17532467532467533,0.17532467532467533,0.487012987012987,0.16233766233766234
239,125.2862473088329,1000,0.3017088168272619,0.000953333095023428,1.6652800251573103,0.576,0.128,0.168,0.128
240,135.3538214020574,1000,0.30020617314769793,0.0009467728910624417,1.6444516257130428,0.537,0.132,0.177,0.154
241,39.89534912063232,121,0.2987110132999009,0.0009402578300596034,1.6391949144120217,0.09090909090909091,0.18181818181818182,0.5702479338842975,0.15702479338842976
242,87.62527095803816,1000,0.2972233000110704,0.0009337876013711156,1.6839391575001532,0.278,0.103,0.242,0.377
243,113.13352101456013,1000,0.2957429961940411,0.0009273618964908249,1.6981736520049087,0.317,0.176,0.181,0.326
244,-20.53047981005699,141,0.29427006494635827,0.0009209804090355117,1.7160263947656376,0.0851063829787234,0.24113475177304963,0.45390070921985815,0.2198581560283688
245,88.70310862408961,1000,0.2928044695493577,0.000914642834730282,1.6167779523143646,0.146,0.093,0.208,0.553
246,-2.862333395452713,1000,0.2913461734672504,0.0009083488713940591,1.5657176879354326,0.131,0.128,0.3,0.441
247,-15.02268802843156,187,0.28989514034621183,0.0009020982189251753,1.5763782597005498,0.09090909090909091,0.1711229946524064,0.5775401069518716,0.16042780748663102
248,91.7643406199652,1000,0.2884513340134756,0.0008958905792870631,1.591692985002036,0.24,0.134,0.273,0.353
249,7.294054065324957,175,0.2870147184764318,0.000889725656494044,1.5872863645243436,0.1657142857142857,0.16,0.4742857142857143,0.2
250,194.8328067610775,871,0.28558525792172956,0.0008836031565972163,1.541728553069088,0.27898966704936856,0.15958668197474168,0.31917336394948337,0.24225028702640644
251,116.81124852305527,1000,0.2841629167143845,0.0008775227876704388,1.6247720305818616,0.536,0.13,0.184,0.15
252,42.555342148443245,1000,0.28274765939689017,0.0008714842597964118,1.5640474648589935,0.226,0.107,0.267,0.4
253,-63.35938083395935,255,0.28133945068833427,0.0008654872850528536,1.4924645269287642,0.15294117647058825,0.15294117647058825,0.5254901960784314,0.16862745098039217
254,93.41260879583919,1000,0.2799382554835191,0.000859531577498772,1.5429090092857667,0.478,0.13,0.261,0.131
255,218.1645746735761,336,0.2785440388520863,0.0008536168531608304,1.5233158806757752,0.2619047619047619,0.15773809523809523,0.4375,0.14285714285714285
256,117.47570292193872,1000,0.27715676603764633,0.0008477428300198077,1.4974842645365478,0.512,0.137,0.225,0.126
257,18.536072932024275,1000,0.27577640245691176,0.0008419092279971516,1.4799442312159794,0.358,0.183,0.34,0.119
258,-131.74456213156907,1000,0.2744029136988354,0.0008361157689416238,1.5154668752368572,0.136,0.15,0.564,0.15
259,86.23953675237705,1000,0.2730362655237522,0.0008303621766160378,1.5177904598190666,0.46,0.121,0.21,0.209
260,7.756407507653606,153,0.2716764238625259,0.0008246481766840876,1.4674226730786404,0.10457516339869281,0.1830065359477124,0.5490196078431373,0.16339869281045752
261,115.76289068923518,1000,0.2703233548156995,0.000818973496697267,1.4892554380046927,0.585,0.123,0.16,0.132
262,-35.41427282507216,193,0.2689770246526506,0.0008133378660818794,1.4521273880606982,0.19170984455958548,0.13471502590673576,0.5025906735751295,0.17098445595854922
263,-16.756660892380935,181,0.26763739981075,0.0008077410161261361,1.4660559305557268,0.143646408839779,0.16574585635359115,0.4972375690607735,0.19337016574585636
264,93.66217064643706,1000,0.2663044468945255,0.0008021826799673441,1.4557778440306093,0.285,0.432,0.197,0.086
265,-2.5062400308290904,113,0.2649781326748289,0.000796662592579182,1.5170053771868286,0.07079646017699115,0.22123893805309736,0.504424778761062,0.20353982300884957
266,-37.6751235361788,217,0.26365842408800805,0.000791180490759063,1.50573639438825,0.17972350230414746,0.11981566820276497,0.5668202764976958,0.1336405529953917
267,116.68338332847112,1000,0.26234528823508246,0.0007857361131155856,1.4731770439450504,0.494,0.141,0.189,0.176
268,-2.880588463353334,219,0.2610386923809231,0.0007803292000560697,1.3887095892712875,0.1506849315068493,0.1324200913242009,0.5844748858447488,0.1324200913242009
269,22.222431891296168,147,0.25973860395343634,0.0007749594937741795,1.4446363177842165,0.1360544217687075,0.19047619047619047,0.46258503401360546,0.2108843537414966
270,10.12054441502866,1000,0.25844499054275216,0.0007696267382376308,1.4119581309784457,0.189,0.136,0.523,0.152
271,-10.661223185909762,196,0.257157819900416,0.0007643306791759831,1.3864952285015404,0.17857142857142858,0.16326530612244897,0.5459183673469388,0.11224489795918367
272,-15.953090672312257,216,0.2558770599385848,0.0007590710640685158,1.360855849949753,0.16666666666666666,0.18055555555555555,0.5092592592592593,0.14351851851851852
273,240.39288976435336,764,0.25460267872922737,0.0007538476421321883,1.405303265205527,0.4738219895287958,0.17146596858638743,0.21465968586387435,0.1400523560209424
274,4.317087438794218,179,0.25333464450332815,0.0007486601643096816,1.473266585135353,0.12290502793296089,0.2011173184357542,0.46368715083798884,0.2122905027932961
275,-10.560212376978,220,0.25207292565009537,0.0007435083832575234,1.4488656041422872,0.1409090909090909,0.18636363636363637,0.5227272727272727,0.15
276,100.04044814220687,1000,0.25081749071617304,0.0007383920533342948,1.4235937554272595,0.246,0.462,0.195,0.097
277,4.332272922640854,163,0.24956830840485686,0.0007333109305889175,1.450689755038178,0.17177914110429449,0.12883435582822086,0.5950920245398773,0.10429447852760736
278,106.48466863414245,1000,0.2483253475753139,0.0007282647727490224,1.377290198239953,0.558,0.101,0.185,0.156
279,46.70769023043072,1000,0.24708857724180652,0.0007232533392093973,1.368814984003981,0.321,0.132,0.28,0.267
280,97.96566329077231,1000,0.24585796657291967,0.0007182763910205153,1.3604725150456347,0.106,0.651,0.144,0.099
281,95.8957487797592,1000,0.24463348489079248,0.0007133336908771411,1.3503802429370786,0.568,0.101,0.214,0.117
282,43.54255501615178,1000,0.2434151016703534,0.0007084250031070158,1.3557781483958546,0.362,0.223,0.207,0.208
283,92.88528311922198,1000,0.2422027865385593,0.0007035500936596204,1.360940746264197,0.369,0.107,0.192,0.332
284,-52.10562027169341,264,0.24099650927363828,0.0006987087300950158,1.327959876336707,0.10227272727272728,0.17803030303030304,0.5568181818181818,0.16287878787878787
285,-12.443974887717943,129,0.2397962398043362,0.0006939006815727599,1.3726568241581807,0.13178294573643412,0.17829457364341086,0.5503875968992248,0.13953488372093023
286,-132.43674512086818,159,0.23860194820916716,0.0006891257188409008,1.3318218148572212,0.1320754716981132,0.1761006289308176,0.48427672955974843,0.20754716981132076
287,-72.69007743728453,204,0.2374136047156675,0.0006843836142250461,1.3320287992791775,0.10784313725490197,0.18137254901960784,0.5245098039215687,0.18627450980392157
288,71.63578449095787,1000,0.23623117969965363,0.000679674141617507,1.3169577092155396,0.458,0.146,0.224,0.172
289,123.3929934901207,1000,0.23505464368448353,0.0006749970764665174,1.3243385483250254,0.63,0.118,0.158,0.094
290,250.2918645452223,350,0.23388396734032196,0.0006703521957655269,1.341257645225529,0.26571428571428574,0.26285714285714284,0.3142857142857143,0.15714285714285714
291,100.16606113832484,1000,0.23271912148340923,0.000665739278042568,1.3186086079846069,0.628,0.106,0.139,0.127
292,-39.420000245229446,163,0.2315600770753337,0.0006611581033496956,1.29493555184829,0.17791411042944785,0.15337423312883436,0.49693251533742333,0.17177914110429449
293,212.23899205288504,863,0.2304068052223079,0.0006566084532525002,1.280598847421579,0.6025492468134415,0.09269988412514485,0.1657010428736964,0.13904982618771727
294,-12.30669986356908,86,0.22925927717444824,0.0006520901108196926,1.2735262532299343,0.2441860465116279,0.08139534883720931,0.5348837209302325,0.13953488372093023
295,223.59752929826203,943,0.22811746432505836,0.0006476028606127603,1.282629740596279,0.559915164369035,0.13361611876988336,0.1261930010604454,0.18027571580063625
296,-5.773960658328463,174,0.2269813382099158,0.0006431464886756951,1.2307422589144073,0.13218390804597702,0.13793103448275862,0.5632183908045977,0.16666666666666666
297,-32.23262169842991,145,0.2258508705065627,0.000638720782524792,1.2562786209807228,0.12413793103448276,0.21379310344827587,0.5379310344827586,0.12413793103448276
298,-165.5332234016959,122,0.22472603303359945,0.0006343255311385171,1.2621205079363285,0.13934426229508196,0.2459016393442623,0.4344262295081967,0.18032786885245902
299,198.69495824450436,539,0.2236067977499824,0.0006299605249474466,1.2444514887156675,0.13358070500927643,0.09833024118738404,0.2894248608534323,0.47866419294990725
300,-42.988210387889055,163,0.22249313675432472,0.0006256255558242739,1.2295032365114436,0.1901840490797546,0.17177914110429449,0.49079754601226994,0.147239263803681
301,87.12631658921077,1000,0.22138502228420082,0.0006213204170738859,1.2482877954346168,0.534,0.153,0.182,0.131
302,-114.02825860366522,137,0.22028242671545434,0.000617044903423508,1.1929626425679827,0.19708029197080293,0.22627737226277372,0.43795620437956206,0.1386861313868613
303,183.86410445041986,950,0.21918532256150944,0.0006127988110129158,1.2284527209415026,0.11473684210526315,0.09368421052631579,0.2063157894736842,0.5852631578947368
304,92.1946336596047,1000,0.21809368247268562,0.0006085819373847157,1.2329648548103398,0.401,0.133,0.213,0.253
305,-400.3275778547676,270,0.21700747923551592,0.0006043940814746911,1.2672352350984286,0.11851851851851852,0.16296296296296298,0.5962962962962963,0.12222222222222222
306,260.02645884274887,419,0.2159266857720685,0.0006002350436022153,1.235800690761346,0.3794749403341289,0.162291169451074,0.3126491646778043,0.14558472553699284
307,-132.53295288362327,548,0.21485127513927166,0.0005961046254607311,1.25774962728033,0.17518248175182483,0.11496350364963503,0.5802919708029197,0.12956204379562045
308,221.71121188240613,618,0.21378122052824208,0.0005920026301082949,1.2228328488518858,0.4336569579288026,0.127831715210356,0.2621359223300971,0.17637540453074432
309,185.5884246927758,530,0.21271649526361663,0.0005879288619581864,1.2606815197514516,0.22264150943396227,0.10566037735849057,0.4981132075471698,0.17358490566037735
310,297.4502189183378,375,0.21165707280288729,0.0005838831267695832,1.248717941699225,0.26666666666666666,0.14133333333333334,0.36533333333333334,0.22666666666666666
311,142.04782622121596,1000,0.2106029267357395,0.0005798652316382989,1.2386127186339568,0.347,0.392,0.137,0.124
312,-38.73212891144941,227,0.20955403078339377,0.0005758749849875851,1.258756111401185,0.1145374449339207,0.14977973568281938,0.5462555066079295,0.1894273127753304
313,219.16742928007994,560,0.2085103587979506,0.0005719121965589974,1.211199261258867,0.25,0.1375,0.4767857142857143,0.1357142857142857
314,121.07978590126858,1000,0.20747188476173858,0.0005679766774033234,1.18766761501194,0.262,0.086,0.153,0.499
315,135.42495843271544,1000,0.2064385827866659,0.0005640682398715733,1.213258856190841,0.538,0.107,0.136,0.219
316,0.322263751279408,164,0.20541042711357488,0.0005601866976060327,1.195336268125997,0.2804878048780488,0.13414634146341464,0.47560975609756095,0.10975609756097561
317,113.21444048176707,1000,0.2043873921115999,0.0005563318655313771,1.2037002592359118,0.538,0.109,0.242,0.111
318,234.0430932411158,505,0.20336945227752837,0.0005525035598458474,1.1967673970118327,0.3504950495049505,0.12079207920792079,0.2297029702970297,0.299009900990099
319,62.20629391733131,1000,0.20235658223516506,0.0005487015980124855,1.2188718964461576,0.345,0.089,0.141,0.425
320,196.74305465099604,525,0.2013487567346994,0.0005449257987504316,1.175885984672338,0.4533333333333333,0.12380952380952381,0.31238095238095237,0.11047619047619048
321,-42.653628783941244,560,0.20034595065207608,0.0005411759820262798,1.198607573089275,0.16428571428571428,0.15,0.5303571428571429,0.15535714285714286
322,118.69964538406761,1000,0.19934813898836876,0.0005374519690454946,1.1992341007223628,0.402,0.085,0.134,0.379
323,226.75484462165116,571,0.1983552968691568,0.000533753582243885,1.195460554521118,0.3432574430823117,0.12259194395796848,0.4063047285464098,0.12784588441331
324,248.40884141139693,619,0.1973673995439052,0.0005300806452791393,1.1667777364306713,0.4507269789983845,0.14378029079159935,0.28917609046849757,0.11631663974151858
325,-18.934136967116288,170,0.19638442238534762,0.0005264329830224157,1.1512682800318477,0.13529411764705881,0.20588235294117646,0.47058823529411764,0.18823529411764706
326,150.84178872086773,1000,0.19540634088887243,0.0005228104215499929,1.1474554303478859,0.604,0.155,0.145,0.096
327,128.7272750425684,1000,0.1944331306719118,0.0005192127881349766,1.1695403350357683,0.604,0.142,0.126,0.128
328,112.55182015349183,1000,0.19346476747333397,0.0005156399112390642,1.1938882371996236,0.338,0.074,0.129,0.459
329,174.0465291748255,1000,0.19250122715283827,0.0005120916205043656,1.1649021821280416,0.648,0.137,0.121,0.094
330,-23.084339471449823,148,0.19154248569035348,0.0005085677467452802,1.1937334755056246,0.1554054054054054,0.1554054054054054,0.527027027027027,0.16216216216216217
331,152.41738328072182,1000,0.190588519185439,0.0005050681219404303,1.1533147774184747,0.352,0.352,0.21,0.086
332,24.901682180922066,1000,0.18963930385668903,0.0005015925792246494,1.150136204490966,0.222,0.252,0.204,0.322
333,212.8997699390585,441,0.18869481604113966,0.000498140952881026,1.147903674749143,0.30839002267573695,0.19501133786848074,0.2698412698412698,0.22675736961451248
334,-58.059884436343424,166,0.1877550321936791,0.0004947130783330022,1.1336281938400696,0.0963855421686747,0.1746987951807229,0.5301204819277109,0.19879518072289157
335,160.5810006613587,614,0.18681992888646057,0.0004913087921365264,1.139293666749143,0.10749185667752444,0.42671009771986973,0.3485342019543974,0.11726384364820847
336,187.0184651920446,831,0.18588948280831843,0.00048792793197226003,1.1401879275431845,0.3489771359807461,0.19975932611311673,0.2996389891696751,0.15162454873646208
337,252.6544977199901,629,0.18496367076418696,0.0004845703366378385,1.137258607992674,0.5389507154213037,0.2543720190779014,0.13990461049284578,0.06677265500794913
338,-11.719428006654667,115,0.18404246967452215,0.0004812358460401845,1.1011954305353893,0.1565217391304348,0.12173913043478261,0.5652173913043478,0.1565217391304348
339,228.68740880216347,671,0.18312585657472633,0.0004779243011878747,1.1434080109242817,0.36959761549925485,0.14456035767511177,0.20119225037257824,0.2846497764530551
340,272.20164520281037,478,0.18221380861457573,0.00047463554418355894,1.1329148412180043,0.604602510460251,0.1192468619246862,0.17573221757322174,0.100418410041841
341,254.27682474244125,505,0.18130630305765083,0.0004713694182164316,1.1145197860858789,0.5900990099009901,0.12277227722772277,0.1801980198019802,0.10693069306930693
342,123.93021231103747,1000,0.18040331728076958,0.0004681257675547547,1.1177490685130087,0.556,0.239,0.122,0.083
343,-14.397618237545146,108,0.17950482877342336,0.00046490443753843233,1.1189159049650703,0.19444444444444445,0.2222222222222222,0.4166666666666667,0.16666666666666666
344,267.3785750633469,809,0.17861081513721588,0.00046170527457163656,1.1119287696328422,0.5550061804697157,0.10754017305315204,0.23856613102595797,0.09888751545117429
345,247.79493486880514,370,0.17772125408530481,0.00045852812611548366,1.1028058340730387,0.3054054054054054,0.12972972972972974,0.45135135135135135,0.11351351351351352
346,264.88137105288934,605,0.17683612344184615,0.00045537284068076107,1.1038119226847714,0.6115702479338843,0.10909090909090909,0.1322314049586777,0.14710743801652892
347,-177.6926858497103,149,0.17595540114144145,0.0004522392678207041,1.1235768141510976,0.06711409395973154,0.2684563758389262,0.28187919463087246,0.3825503355704698
348,212.11920269277277,753,0.17507906522858774,0.0004491272581238226,1.1200387391041102,0.300132802124834,0.21646746347941567,0.17264276228419656,0.3107569721115538
349,-122.44502234295857,90,0.17420709385713018,0.00044603666320677695,1.09428323709956,0.2222222222222222,0.14444444444444443,0.28888888888888886,0.34444444444444444
350,53.684062256390035,1000,0.17333946528971744,0.0004429673357073028,1.1042402208415654,0.61,0.154,0.14,0.096
351,-15.23567613926231,141,0.1724761578972599,0.00043991912927718486,1.1315580237971121,0.23404255319148937,0.14184397163120568,0.48936170212765956,0.1347517730496454
352,-28.352909169591,128,0.17161715015839032,0.00043689189857527903,1.0702007067243295,0.1015625,0.2265625,0.421875,0.25
353,16.915858833942394,134,0.1707624206589275,0.00043388549926058205,1.123943653283358,0.14925373134328357,0.14925373134328357,0.5373134328358209,0.16417910447761194
354,-39.32055694014638,112,0.16991194809134227,0.0004308997879853495,1.1297810912189081,0.21428571428571427,0.16071428571428573,0.42857142857142855,0.19642857142857142
355,-34.55302560243979,99,0.16906571125422645,0.0004279346223882607,1.127156397688777,0.15151515151515152,0.2222222222222222,0.43434343434343436,0.1919191919191919
356,252.57903270771524,461,0.16822368905176427,0.00042498986108763085,1.105497048922967,0.22342733188720174,0.10412147505422993,0.1735357917570499,0.49891540130151846
357,245.06090476636064,399,0.16738586049320645,0.00042206536367466987,1.1067888802663017,0.5112781954887218,0.17543859649122806,0.23308270676691728,0.08020050125313283
358,-9.34750848664872,336,0.16655220469234697,0.00041916099070678746,1.1017025083036447,0.10416666666666667,0.1636904761904762,0.5357142857142857,0.19642857142857142
359,-35.79629480272638,150,0.1657227008670024,0.0004162766037009445,1.0785350798693594,0.14,0.19333333333333333,0.5066666666666667,0.16
360,31.40110437098798,93,0.16489732833849374,0.00041341206512705,1.1237162636570184,0.12903225806451613,0.17204301075268819,0.5376344086021505,0.16129032258064516
361,124.71484882908095,1000,0.16407606653113102,0.00041056723840140346,1.0986517318737925,0.37,0.166,0.147,0.317
362,-37.257287630461136,180,0.16325889497170032,0.00040774198788018254,1.1101172557145849,0.13333333333333333,0.16666666666666666,0.5444444444444444,0.15555555555555556
363,97.17203635471245,1000,0.16244579328895342,0.00040493617885297545,1.0890330850878953,0.401,0.341,0.164,0.094
364,42.36516141868708,142,0.16163674121309993,0.00040214967753635783,1.1411434779601288,0.1619718309859155,0.1619718309859155,0.5070422535211268,0.16901408450704225
365,-2.522384613024201,80,0.16083171857530196,0.00039938235106751376,1.1125878408371725,0.225,0.15,0.5,0.125
366,-122.44470158625937,79,0.16003070530717145,0.0003966340674979008,1.1007951412401462,0.34177215189873417,0.31645569620253167,0.06329113924050633,0.27848101265822783
367,55.32384839369479,202,0.1592336814402698,0.0003939046957869587,1.066627692390723,0.15346534653465346,0.18811881188118812,0.4801980198019802,0.1782178217821782
368,-3.5748340280248527,85,0.15844062710561005,0.000391194105795861,1.0688424321179202,0.058823529411764705,0.21176470588235294,0.5529411764705883,0.17647058823529413
369,41.93902062513499,1000,0.15765152253316161,0.00038850216828131004,1.0894212038591262,0.1,0.629,0.189,0.082
370,-50.57124663107989,100,0.15686634805135746,0.00038582875488937465,1.099319219400423,0.24,0.13,0.43,0.2
371,255.93518893455152,442,0.15608508408660363,0.00038317373814936997,1.0736974831318324,0.665158371040724,0.10180995475113122,0.16289592760180996,0.07013574660633484
372,-215.95511521058555,203,0.15530771116279135,0.00038053699146777946,1.105725857713974,0.2660098522167488,0.1724137931034483,0.39408866995073893,0.16748768472906403
373,237.95873722172325,282,0.15453420990081157,0.000377918389122219,1.0812153537831477,0.23049645390070922,0.2198581560283688,0.42907801418439717,0.12056737588652482
374,254.99553379244617,658,0.1537645610180717,0.0003753178062554423,1.0928548803887275,0.3252279635258359,0.42401215805471126,0.12462006079027356,0.12613981762917933
375,51.3173119116494,105,0.15299874532801508,0.00037273511886938744,1.0915919720769323,0.11428571428571428,0.14285714285714285,0.6095238095238096,0.13333333333333333
376,5.025285152211353,107,0.15223674373964258,0.0003701702038192647,1.062960682950195,0.09345794392523364,0.19626168224299065,0.4766355140186916,0.2336448598130841
377,-49.975388838133014,164,0.15147853725703672,0.0003676229388076849,1.0504630858865822,0.20121951219512196,0.07926829268292683,0.5365853658536586,0.18292682926829268
378,-73.73665249962878,134,0.1507241069788881,0.0003650932023788281,1.1010951435470464,0.291044776119403,0.1417910447761194,0.3805970149253731,0.1865671641791045
379,-59.88916307579429,145,0.14997343409802424,0.00036258087391265236,1.1283514853113812,0.15862068965517243,0.27586206896551724,0.2827586206896552,0.2827586206896552
380,-26.908610724264776,92,0.1492264999009407,0.00036008583361914274,1.0667811654791186,0.20652173913043478,0.16304347826086957,0.42391304347826086,0.20652173913043478
381,-39.96696304810288,152,0.14848328576733458,0.0003576079625325995,1.0853052840401158,0.18421052631578946,0.17105263157894737,0.3684210526315789,0.27631578947368424
382,-101.26852132554211,97,0.14774377316964035,0.0003551471425059655,1.0926011325699658,0.26804123711340205,0.23711340206185566,0.17525773195876287,0.31958762886597936
383,-61.24583073005373,100,0.147007943672568,0.00035270325620519324,1.097987917431352,0.15,0.25,0.37,0.23
384,221.01873300811977,612,0.14627577893264343,0.00035027618710364985,1.0885096804031358,0.2173202614379085,0.38235294117647056,0.14215686274509803,0.2581699346405229
385,35.87688321444287,148,0.14554726069775115,0.00034786581947656136,1.0700789903744519,0.14864864864864866,0.21621621621621623,0.43243243243243246,0.20270270270270271
386,245.02247044555057,909,0.1448223708066793,0.0003454720383954946,1.0812918950173833,0.7403740374037404,0.11991199119911991,0.09020902090209021,0.04950495049504951
387,-68.48436083506753,94,0.14410109118866696,0.00034309472972287745,1.1119536215108112,0.20212765957446807,0.10638297872340426,0.4148936170212766,0.2765957446808511
388,-44.95236100645259,98,0.14338340386295353,0.0003407337801065566,1.0682630798488406,0.2755102040816326,0.09183673469387756,0.42857142857142855,0.20408163265306123
389,-105.79199327752951,109,0.1426692909383306,0.00033838907697439276,1.0785089492039588,0.29357798165137616,0.12844036697247707,0.29357798165137616,0.28440366972477066
390,-57.86895472367594,100,0.14195873461269595,0.00033606050852889326,1.0837970133190766,0.22,0.14,0.38,0.26
391,14.293854124367343,101,0.14125171717260968,0.0003337479637418814,1.1176581275170507,0.07920792079207921,0.19801980198019803,0.5148514851485149,0.2079207920792079
392,-123.03216162171326,116,0.1405482209928527,0.00033145133234920243,1.0925292245646907,0.29310344827586204,0.22413793103448276,0.15517241379310345,0.3275862068965517
393,7.947344674731582,99,0.13984822853598727,0.0003291705048454662,1.0922072753186616,0.23232323232323232,0.1414141414141414,0.46464646464646464,0.16161616161616163
394,241.27389854265044,876,0.13915172235191997,0.0003269053724788257,1.0849690947103774,0.6952054794520548,0.1552511415525114,0.09360730593607305,0.05593607305936073
395,-92.39700553940216,102,0.13845868507746648,0.0003246558272457919,1.0621845898516833,0.46078431372549017,0.1568627450980392,0.19607843137254902,0.18627450980392157
396,-77.54182619503504,111,0.1377690994359189,0.0003224217618860838,1.0937905470052003,0.05405405405405406,0.2882882882882883,0.21621621621621623,0.44144144144144143
397,-111.19832091658968,112,0.13708294823661493,0.00032020306987751433,1.0746007653061354,0.2767857142857143,0.1875,0.25892857142857145,0.2767857142857143
398,-18.652503857150265,93,0.13640021437450947,0.0003179996454309112,1.090679866279749,0.25806451612903225,0.17204301075268819,0.44086021505376344,0.12903225806451613
399,-99.37051111302203,79,0.1357208808297481,0.0003158113834850728,1.06806003072932,0.27848101265822783,0.11392405063291139,0.31645569620253167,0.2911392405063291
400,-121.59439978415136,95,0.13504493066724277,0.0003136381797017588,1.0874297921360996,0.2631578947368421,0.29473684210526313,0.09473684210526316,0.3473684210526316
401,-116.02731324070193,96,0.13437234703624976,0.0003114799304607153,1.0658876810149618,0.34375,0.25,0.11458333333333333,0.2916666666666667
402,225.7936062602025,330,0.13370311316994946,0.0003093365328547338,1.0680974376743824,0.1393939393939394,0.44545454545454544,0.3090909090909091,0.10606060606060606
403,251.8496252525588,348,0.1330372123850285,0.000307207884684745,1.0820485109520064,0.646551724137931,0.07471264367816093,0.1839080459770115,0.09482758620689655
404,-89.82386927915026,97,0.13237462808126377,0.0003050938844549454,1.0825295888425626,0.3402061855670103,0.15463917525773196,0.27835051546391754,0.2268041237113402
405,-103.29799779692536,68,0.13171534374110866,0.0003029944313679582,1.0334484722178359,0.22058823529411764,0.3382352941176471,0.07352941176470588,0.36764705882352944
406,-64.95756321549372,95,0.13105934292928123,0.0003009094253200269,1.0394516070815425,0.15789473684210525,0.10526315789473684,0.4421052631578947,0.29473684210526313
407,257.96292424167996,208,0.1304066092923546,0.00029883876689624264,1.0507652431745806,0.42788461538461536,0.16346153846153846,0.28846153846153844,0.1201923076923077
408,-126.26840865529687,99,0.12975712655834912,0.0002967823573658037,1.028628280045704,0.47474747474747475,0.1111111111111111,0.20202020202020202,0.21212121212121213
409,253.52559229073194,213,0.12911087853632688,0.0002947400986773081,1.062814868712784,0.12206572769953052,0.38028169014084506,0.3568075117370892,0.14084507042253522
410,-71.53264047855028,112,0.128467849115988,0.00029271189345407827,1.0503165429125094,0.35714285714285715,0.15178571428571427,0.2767857142857143,0.21428571428571427
411,-74.57166290789408,76,0.12782802226726903,0.0002906976449895182,1.0449429897804008,0.21052631578947367,0.14473684210526316,0.32894736842105265,0.3157894736842105
412,-62.20485120394784,85,0.12719138203994332,0.0002886972572425023,1.0691310910488279,0.3058823529411765,0.1411764705882353,0.35294117647058826,0.2
413,-79.03548253348362,104,0.1265579125632235,0.00028671063483279606,1.0638288385326808,0.36538461538461536,0.1346153846153846,0.25961538461538464,0.2403846153846154
414,-117.19927451703097,99,0.12592759804536563,0.00028473768303650834,1.0261036767837102,0.4444444444444444,0.20202020202020202,0.10101010101010101,0.25252525252525254
415,-153.28785568462652,106,0.1253004227732758,0.0002827783077815747,1.0538188712241012,0.3490566037735849,0.1320754716981132,0.22641509433962265,0.29245283018867924
416,-76.06988418525363,75,0.12467637111211817,0.0002808324156432722,1.0119488452958496,0.32,0.10666666666666667,0.3333333333333333,0.24
417,-170.45540139871017,74,0.12405542750492535,0.0002788999138397645,1.0229183087764138,0.40540540540540543,0.24324324324324326,0.04054054054054054,0.3108108108108108
418,-81.44912087413701,113,0.12343757647221056,0.0002769807102276782,1.0552294059489467,0.336283185840708,0.13274336283185842,0.2743362831858407,0.25663716814159293
419,-92.69705352126572,64,0.1228228026115817,0.00027507471329770924,1.0632964214255916,0.296875,0.125,0.25,0.328125
420,242.3932790035464,303,0.12221109059735742,0.0002731818321702598,1.0835240592051905,0.47194719471947194,0.09570957095709572,0.19801980198019803,0.23432343234323433
421,-124.9398045240297,120,0.12160242518018508,0.00027130197659110486,1.0161744816655358,0.05,0.20833333333333334,0.38333333333333336,0.35833333333333334
422,-67.45013454534748,114,0.12099679118666054,0.00026943505692708896,1.043323111335508,0.18421052631578946,0.16666666666666666,0.38596491228070173,0.2631578947368421
423,-90.6788418073134,90,0.12039417351894997,0.00026758098416185234,1.024814599081107,0.18888888888888888,0.15555555555555556,0.34444444444444444,0.3111111111111111
424,-72.60079582500404,111,0.11979455715441345,0.0002657396698915866,1.0452905177838387,0.23423423423423423,0.17117117117117117,0.32432432432432434,0.2702702702702703
425,20.968962597686684,95,0.11919792714523043,0.00026391102632081963,1.0613622047390796,0.08421052631578947,0.21052631578947367,0.5473684210526316,0.15789473684210525
426,-86.9257951537316,98,0.11860426861802718,0.0002620949662582292,1.008541424869969,0.2653061224489796,0.08163265306122448,0.3877551020408163,0.2653061224489796
427,-109.18048324614756,87,0.11801356677350594,0.0002602914031124857,1.039777369959402,0.632183908045977,0.1724137931034483,0.011494252873563218,0.1839080459770115
428,-155.2174856639195,104,0.11742580688607601,0.00025850025088812364,1.040744334128567,0.23076923076923078,0.125,0.3173076923076923,0.3269230769230769
429,18.04891284793294,110,0.11684097430348667,0.00025672142418144085,1.05746077655626,0.12727272727272726,0.16363636363636364,0.5,0.20909090909090908
430,-67.61449010264943,112,0.1162590544464619,0.00025495483817642676,1.0265899775117746,0.375,0.17857142857142858,0.16964285714285715,0.2767857142857143
431,-85.9048798139925,84,0.11568003280833696,0.00025320040864071813,1.0194265300076868,0.23809523809523808,0.13095238095238096,0.35714285714285715,0.27380952380952384
432,-119.52042578095617,82,0.1151038949546967,0.00025145805192158273,1.0996175893360167,0.2926829268292683,0.3170731707317073,0.08536585365853659,0.3048780487804878
433,9.776850777702293,114,0.11453062652301578,0.00024972768494193085,1.0663361579847623,0.21052631578947367,0.16666666666666666,0.5,0.12280701754385964
434,-121.5203920379866,59,0.1139602132223006,0.00024800922519635396,1.0138051591021757,0.4067796610169492,0.288135593220339,0.03389830508474576,0.2711864406779661
435,-62.88322929337688,71,0.11339264083273302,0.00024630259074719086,1.0339925971974846,0.4084507042253521,0.1267605633802817,0.29577464788732394,0.16901408450704225
436,-155.8967920104866,66,0.11282789520531596,0.0002446077002206208,1.0376938160834417,0.36363636363636365,0.22727272727272727,0.06060606060606061,0.3484848484848485
437,235.27002378190372,569,0.11226596226152054,0.00024292447280278354,1.0373361176100064,0.17223198594024605,0.16520210896309315,0.1335676625659051,0.5289982425307557
438,-122.54045436501892,71,0.11170682799293526,0.00024125282823592606,1.0090419897864322,0.2535211267605634,0.29577464788732394,0.08450704225352113,0.36619718309859156
439,-132.24441984007632,77,0.11115047846091669,0.00023959268681457576,1.0465032136043861,0.15584415584415584,0.11688311688311688,0.2727272727272727,0.45454545454545453
440,-128.83152741075457,86,0.11059689979624203,0.00023794396938174006,1.0322025484101363,0.27906976744186046,0.13953488372093023,0.26744186046511625,0.313953488372093
441,-121.83123215898893,90,0.11004607819876336,0.00023630659732513216,1.0270729739089215,0.2222222222222222,0.15555555555555556,0.2777777777777778,0.34444444444444444
442,53.424537479066544,127,0.1094979999370636,0.00023468049257342264,1.0189217004461275,0.11023622047244094,0.23622047244094488,0.5590551181102362,0.09448818897637795
443,-111.9861412823494,69,0.10895265134811426,0.00023306557759251707,1.021932552120739,0.14492753623188406,0.2463768115942029,0.18840579710144928,0.42028985507246375
444,-96.50957956217613,61,0.10841001883693473,0.0002314617753818591,1.025336561840264,0.16393442622950818,0.3114754098360656,0.14754098360655737,0.3770491803278688
445,-76.32905677814901,79,0.10787008887625348,0.00022986900947075884,1.0237628925200086,0.20253164556962025,0.16455696202531644,0.31645569620253167,0.31645569620253167
446,-125.72392727079101,84,0.10733284800617075,0.00022828720391474694,1.0439945633957433,0.4642857142857143,0.19047619047619047,0.10714285714285714,0.23809523809523808
447,-117.42997629455064,103,0.10679828283382309,0.00022671628329195328,1.0255661736833646,0.23300970873786409,0.23300970873786409,0.1650485436893204,0.36893203883495146
448,-126.3024141052407,65,0.10626638003304942,0.00022515617269951084,1.0398388082436594,0.35384615384615387,0.15384615384615385,0.16923076923076924,0.3230769230769231
449,-161.39315015659133,68,0.10573712634405887,0.00022360679774998437,1.0299843089389964,0.5441176470588235,0.11764705882352941,0.029411764705882353,0.3088235294117647
450,-113.95919597717156,95,0.10521050857310017,0.00022206808456782335,1.0171531057244265,0.2,0.17894736842105263,0.30526315789473685,0.3157894736842105
451,-122.85436276104637,92,0.10468651359213282,0.0002205399597858397,1.0368224335813496,0.2608695652173913,0.13043478260869565,0.2608695652173913,0.34782608695652173
452,-95.04244065375286,127,0.10416512833849978,0.0002190223505417095,1.0289015243723232,0.1732283464566929,0.2283464566929134,0.23622047244094488,0.36220472440944884
453,-290.734857391879,84,0.1036463398146018,0.0002175151844744988,1.0244612622003482,0.13095238095238096,0.35714285714285715,0.03571428571428571,0.47619047619047616
454,-120.33176778570157,96,0.1031301350875735,0.00021601838972121353,1.0366960384836268,0.23958333333333334,0.15625,0.21875,0.3854166666666667
455,-133.8952985521313,102,0.10261650128896083,0.00021453189491337288,1.014147940696273,0.5490196078431373,0.12745098039215685,0.10784313725490197,0.21568627450980393
456,-95.12964369698174,144,0.10210542561440039,0.00021305562917360642,1.0293232018904728,0.2013888888888889,0.2152777777777778,0.2916666666666667,0.2916666666666667
457,-152.12359258081875,78,0.10159689532330018,0.00021158952211227465,1.0383907250273627,0.3333333333333333,0.19230769230769232,0.1282051282051282,0.34615384615384615
458,-81.68934446432718,101,0.10109089773852199,0.0002101335038241127,1.0326159267911903,0.18811881188118812,0.06930693069306931,0.46534653465346537,0.27722772277227725
459,-144.3004025044484,84,0.10058742024606539,0.00020868750488489723,0.9959566699141315,0.20238095238095238,0.14285714285714285,0.27380952380952384,0.38095238095238093
460,238.18711071824032,318,0.10008645029475326,0.00020725145634813618,1.018520798186058,0.24842767295597484,0.14779874213836477,0.36163522012578614,0.24213836477987422
461,-120.95795272653562,93,0.09958797539591889,0.00020582528974178143,1.0290219654323676,0.20430107526881722,0.10752688172043011,0.3870967741935484,0.3010752688172043
462,-199.01304625397967,75,0.0990919831230947,0.00020440893706496387,0.9844557959339717,0.68,0.09333333333333334,0.013333333333333334,0.21333333333333335
463,-110.73422471538379,75,0.09859846111170241,0.00020300233078475116,1.0072426120499205,0.17333333333333334,0.22666666666666666,0.16,0.44
464,-106.47977952822188,68,0.09810739705874481,0.00020160540383292762,1.005856567055682,0.3382352941176471,0.1323529411764706,0.29411764705882354,0.23529411764705882
465,-158.81177800437126,128,0.0976187787224991,0.00020021808960279643,1.0742897221679448,0.203125,0.2265625,0.296875,0.2734375
466,-144.71792413868326,103,0.09713259392221169,0.0001988403219460037,1.053057672683764,0.3786407766990291,0.13592233009708737,0.14563106796116504,0.33980582524271846
467,-116.52971475338533,70,0.09664883053779448,0.00019747203516938454,1.063993102986486,0.08571428571428572,0.2,0.2714285714285714,0.44285714285714284
468,-142.08917979084347,114,0.09616747650952286,0.0001961131640318307,1.0390178265327692,0.2543859649122807,0.21929824561403508,0.21929824561403508,0.30701754385964913
469,-116.16459224896884,65,0.09568851983773495,0.00019476364374117975,1.026599744858424,0.3230769230769231,0.2153846153846154,0.09230769230769231,0.36923076923076925
470,-109.68838206365882,100,0.09521194858253253,0.0001934234099511259,1.0296787661832543,0.17,0.27,0.19,0.37
471,-88.26338206786906,58,0.09473775086348335,0.0001920923987581518,1.018333719412758,0.39655172413793105,0.22413793103448276,0.15517241379310345,0.22413793103448276
472,-137.7448361796279,121,0.09426591485932499,0.00019077054669848148,1.0888710543100169,0.23140495867768596,0.1322314049586777,0.36363636363636365,0.2727272727272727
473,-101.27163811749512,118,0.09379642880767017,0.00018945779074505458,1.0511699204711633,0.19491525423728814,0.17796610169491525,0.288135593220339,0.3389830508474576
474,-56.718865801180804,71,0.09332928100471348,0.00018815406830452095,1.041714322626314,0.11267605633802817,0.22535211267605634,0.2535211267605634,0.4084507042253521
475,-110.53130756939876,66,0.09286445980493968,0.00018685931721425624,1.064576848201318,0.19696969696969696,0.21212121212121213,0.22727272727272727,0.36363636363636365
476,-156.39387460583987,65,0.09240195362083334,0.00018557347573939793,1.0110941779366238,0.4,0.26153846153846155,0.015384615384615385,0.3230769230769231
477,-330.8193228407001,137,0.09194175092259001,0.0001842964825699017,1.0263817806624997,0.17518248175182483,0.22627737226277372,0.24087591240875914,0.35766423357664234
478,-122.11205848431138,77,0.09148384023782877,0.00018302827681761824,1.0327996629019807,0.2597402597402597,0.15584415584415584,0.24675324675324675,0.33766233766233766
479,-183.084223438435,111,0.09102821015130624,0.00018176879801338986,1.0202582734205297,0.26126126126126126,0.1981981981981982,0.22522522522522523,0.3153153153153153
480,-197.67977223465675,83,0.09057484930463203,0.00018051798610416744,1.0583037837111446,0.3855421686746988,0.14457831325301204,0.024096385542168676,0.4457831325301205
481,-89.39679980184452,110,0.09012374639598555,0.00017927578145014698,1.0393912190017367,0.22727272727272727,0.16363636363636364,0.33636363636363636,0.2727272727272727
482,-115.36139386993636,99,0.08967489017983431,0.00017804212482192588,1.0030452038982611,0.3838383838383838,0.10101010101010101,0.25252525252525254,0.26262626262626265
483,-151.6046427441163,85,0.08922826946665352,0.00017681695739767893,1.036589958697149,0.25882352941176473,0.21176470588235294,0.17647058823529413,0.35294117647058826
484,-114.14987760928258,61,0.08878387312264722,0.00017560022076035353,1.0550484503736488,0.2459016393442623,0.29508196721311475,0.09836065573770492,0.36065573770491804
485,-132.17943154509678,60,0.0883416900694707,0.00017439185689488443,1.0301666622657273,0.26666666666666666,0.21666666666666667,0.13333333333333333,0.38333333333333336
486,-198.79511299641254,95,0.08790170928395427,0.00017319180818542736,1.0654540724789032,0.3157894736842105,0.28421052631578947,0.021052631578947368,0.37894736842105264
487,-152.13691131887214,75,0.08746391979782855,0.000172000017412612,1.0804202853774478,0.4266666666666667,0.22666666666666666,0.06666666666666667,0.28
488,-308.0133269255457,97,0.08702831069745101,0.00017081642775081368,1.0739936472293925,0.28865979381443296,0.35051546391752575,0.030927835051546393,0.32989690721649484
489,-186.05580552064075,81,0.08659487112353387,0.00016964098276544382,1.0853210863630167,0.345679012345679,0.2716049382716049,0.06172839506172839,0.32098765432098764
490,-199.803030604652,74,0.08616359027087342,0.00016847362641025915,1.057631456206591,0.24324324324324326,0.28378378378378377,0.02702702702702703,0.44594594594594594
491,-182.75786705323108,74,0.08573445738808068,0.00016731430302468933,1.0310877134174021,0.4864864864864865,0.16216216216216217,0.013513513513513514,0.33783783783783783
492,-79.72464656866566,78,0.08530746177731334,0.00016616295733118305,1.0449537980806178,0.20512820512820512,0.19230769230769232,0.32051282051282054,0.28205128205128205
493,-109.03828168764815,111,0.0848825927940091,0.0001650195344325723,1.0680494906390832,0.2702702702702703,0.16216216216216217,0.32432432432432434,0.24324324324324326
494,-145.8904615564868,56,0.08445983984662027,0.0001638839798094549,1.0649825117557052,0.14285714285714285,0.4642857142857143,0.03571428571428571,0.35714285714285715
495,-107.77626720222396,93,0.0840391923963498,0.00016275623931759483,1.0266358079481013,0.07526881720430108,0.2903225806451613,0.24731182795698925,0.3870967741935484
496,-65.70922843268436,121,0.0836206399568885,0.00016163625918534075,1.0483678569845367,0.256198347107438,0.21487603305785125,0.256198347107438,0.2727272727272727
497,-205.44700214851986,87,0.08320417209415364,0.000160523986011062,1.070567046278502,0.28735632183908044,0.2413793103448276,0.022988505747126436,0.4482758620689655
498,-117.45754503628129,100,0.08278977842602886,0.00015941936676060244,1.0470831265500058,0.23,0.18,0.32,0.27
499,-51.77973880947148,133,0.08237744862210536,0.00015832234876475164,1.0316916505184774,0.21052631578947367,0.09022556390977443,0.45864661654135336,0.24060150375939848
500,-87.4001363060138,71,0.08196717240342434,0.0001572328797167337,1.0402732468819,0.29577464788732394,0.08450704225352113,0.29577464788732394,0.323943661971831
501,-84.55510494712935,115,0.08155893954222078,0.00015615090766971307,1.0232771558684368,0.06086956521739131,0.22608695652173913,0.3739130434782609,0.3391304347826087
502,-80.93489758087823,75,0.08115273986166843,0.00015507638103431782,1.0228091715570884,0.4266666666666667,0.06666666666666667,0.3466666666666667,0.16
503,-176.98744725643837,55,0.08074856323562621,0.00015400924857617972,1.0161308181420867,0.34545454545454546,0.23636363636363636,0.01818181818181818,0.4
504,-185.94704190016057,125,0.08034639958838564,0.00015294945941349137,1.0221025646930473,0.208,0.144,0.376,0.272
505,-102.00367703131468,97,0.0799462388944198,0.00015189696301458008,1.0373401325142455,0.4742268041237113,0.09278350515463918,0.21649484536082475,0.21649484536082475
506,-95.67624045524292,112,0.07954807117813331,0.00015085170919549855,1.0575744209874138,0.16071428571428573,0.16071428571428573,0.4017857142857143,0.2767857142857143
507,-195.5723488291875,111,0.07915188651361367,0.00014981364811763202,1.0266653008538376,0.06306306306306306,0.3063063063063063,0.2072072072072072,0.42342342342342343
508,-147.42788415665393,92,0.07875767502438383,0.00014878273028532185,1.0510576141616195,0.15217391304347827,0.30434782608695654,0.16304347826086957,0.3804347826086957
509,-108.50150292071787,59,0.078365426883156,0.00014775890654350563,1.103898070404608,0.1016949152542373,0.3220338983050847,0.1864406779661017,0.3898305084745763
510,-119.35041980694406,59,0.07797513231158659,0.00014674212807537336,1.0383067507848487,0.15254237288135594,0.3728813559322034,0.11864406779661017,0.3559322033898305
511,-141.74074147230937,91,0.07758678158003256,0.00014573234640003987,1.0716422357173747,0.3956043956043956,0.14285714285714285,0.1978021978021978,0.26373626373626374
512,-113.49721510591498,74,0.07720036500730874,0.00014472951337023314,1.0429746162695823,0.25675675675675674,0.10810810810810811,0.32432432432432434,0.3108108108108108
513,-190.04104462937767,90,0.07681587296044662,0.00014373358116999866,1.0937455222340968,0.24444444444444444,0.17777777777777778,0.13333333333333333,0.4444444444444444
514,-101.82775057575424,94,0.07643329585445409,0.0001427445023124195,1.0686101689960743,0.2553191489361702,0.20212765957446807,0.2127659574468085,0.32978723404255317
515,-147.0345928550693,78,0.07605262415207657,0.0001417622296373521,1.0728312603372216,0.2692307692307692,0.23076923076923078,0.20512820512820512,0.2948717948717949
516,-127.24227821355787,76,0.07567384836355925,0.00014078671630917759,1.055090559015141,0.09210526315789473,0.2631578947368421,0.2631578947368421,0.3815789473684211
517,-156.31121703456932,52,0.0752969590464105,0.0001398179158145687,1.0791712682137677,0.6153846153846154,0.07692307692307693,0.019230769230769232,0.28846153846153844
518,-106.32961498051426,114,0.07492194680516646,0.00013885578196027188,1.0716083363259743,0.12280701754385964,0.24561403508771928,0.2982456140350877,0.3333333333333333
519,-145.16143587097073,69,0.07454880229115689,0.0001379002688709049,1.0480971497977973,0.5652173913043478,0.15942028985507245,0.014492753623188406,0.2608695652173913
520,-112.32196091265509,102,0.07417751620227203,0.00013695133098676928,1.0608576046172054,0.22549019607843138,0.18627450980392157,0.2647058823529412,0.3235294117647059
521,-112.3036107347784,67,0.07380807928273078,0.00013600892306167813,1.0774135775104239,0.2537313432835821,0.16417910447761194,0.23880597014925373,0.34328358208955223
522,-199.29896650202713,78,0.07344048232284993,0.0001350730001607987,1.0628079482845763,0.34615384615384615,0.28205128205128205,0.0,0.3717948717948718
523,-106.7325695344369,78,0.07307471615881456,0.00013414351765850981,1.041162088479584,0.21794871794871795,0.16666666666666666,0.2948717948717949,0.32051282051282054
524,-136.24478528148,75,0.0727107716724496,0.00013322043123627418,1.0381577947681115,0.38666666666666666,0.10666666666666667,0.2,0.30666666666666664
525,-154.84317153782877,86,0.07234863979099258,0.00013230369688052517,1.0305559203462367,0.22093023255813954,0.16279069767441862,0.26744186046511625,0.3488372093023256
526,-137.2230600402097,75,0.07198831148686739,0.00013139327088056821,1.0673086514867565,0.3466666666666667,0.12,0.26666666666666666,0.26666666666666666
527,-113.59394300003575,68,0.07162977777745924,0.00013048910982649668,1.0350934969831413,0.10294117647058823,0.20588235294117646,0.3088235294117647,0.38235294117647056
528,-82.41021901229023,139,0.07127302972489075,0.00012959117060712202,1.0640203566630015,0.18705035971223022,0.23741007194244604,0.2949640287769784,0.2805755395683453
529,-154.64210989116845,86,0.07091805843579913,0.00012869941040791818,1.0647050254614339,0.2441860465116279,0.3488372093023256,0.011627906976744186,0.3953488372093023
530,-159.30265278162173,62,0.07056485506111447,0.00012781378670898022,1.0245421148670917,0.5,0.1774193548387097,0.0,0.3225806451612903
531,-108.49451744695972,93,0.07021341079583919,0.00012693425728299684,1.0675165518723664,0.25806451612903225,0.1827956989247312,0.25806451612903225,0.3010752688172043
532,-148.44706767605484,67,0.06986371687882846,0.00012606078019323702,1.027463611036391,0.4925373134328358,0.22388059701492538,0.029850746268656716,0.2537313432835821
533,-97.98158047329736,108,0.06951576459257186,0.00012519331379155045,1.0609872166987022,0.17592592592592593,0.12037037037037036,0.4351851851851852,0.26851851851851855
534,-27.028801943425734,99,0.06916954526297603,0.0001243318167163816,1.081707197635625,0.2828282828282828,0.24242424242424243,0.15151515151515152,0.32323232323232326
535,40.16892151951032,110,0.06882505025914844,0.00012347624789079773,1.0914051620886667,0.16363636363636364,0.2909090909090909,0.16363636363636364,0.38181818181818183
536,-121.32936291297314,79,0.06848227099318223,0.00012262656652053014,1.087143823916946,0.20253164556962025,0.189873417721519,0.27848101265822783,0.3291139240506329
537,-79.60207033887649,115,0.06814119891994212,0.00012178273209202919,1.06862973178303,0.13043478260869565,0.20869565217391303,0.3565217391304348,0.30434782608695654
538,-134.20680889356206,56,0.06780182553685142,0.00012094470437053251,1.0554785187651843,0.10714285714285714,0.30357142857142855,0.125,0.4642857142857143
539,-95.42066228134105,55,0.06746414238368,0.00012011244339814657,1.060494347454309,0.5636363636363636,0.12727272727272726,0.03636363636363636,0.2727272727272727
540,-89.59541371974771,105,0.06712814104233344,0.00011928590949194152,1.089267857612459,0.047619047619047616,0.21904761904761905,0.45714285714285713,0.2761904761904762
541,-120.3935460176007,61,0.06679381313664319,0.000118465063242059,1.0999284377094316,0.4918032786885246,0.01639344262295082,0.21311475409836064,0.2786885245901639
542,-148.37910117244363,53,0.0664611503321577,0.00011764986550983303,1.0665272287258183,0.41509433962264153,0.22641509433962265,0.0,0.3584905660377358
543,-21.84750706810067,98,0.06613014433593471,0.00011684027742592396,1.0689866951292164,0.3877551020408163,0.10204081632653061,0.22448979591836735,0.2857142857142857
544,-96.09060352412213,89,0.06580078689633446,0.00011603626038846503,1.0614717809778027,0.3595505617977528,0.12359550561797752,0.30337078651685395,0.21348314606741572
545,-164.12121558547616,70,0.06547306980281405,0.00011523777606122184,1.0453197740102287,0.45714285714285713,0.1,0.11428571428571428,0.32857142857142857
546,-125.56400602525898,79,0.0651469848857227,0.00011444478637176445,1.0681549145395066,0.34177215189873417,0.06329113924050633,0.379746835443038,0.21518987341772153
547,-90.44269055426912,71,0.0648225240160981,0.00011365725350965203,1.0596490628192647,0.352112676056338,0.04225352112676056,0.352112676056338,0.2535211267605634
548,-155.20773405604038,80,0.06449967910546381,0.00011287513992463008,1.0875912389673075,0.5625,0.1875,0.0125,0.2375
549,-180.10725137978184,90,0.06417844210562758,0.00011209840832483992,1.0823925545401056,0.18888888888888888,0.35555555555555557,0.011111111111111112,0.4444444444444444
550,-77.98362388199155,69,0.0638588050084807,0.00011132702167504067,1.0344356936205357,0.2463768115942029,0.10144927536231885,0.30434782608695654,0.34782608695652173
551,-3.1183705139664397,324,0.06354075984579843,0.00011056094319484329,1.0633785172511734,0.06790123456790123,0.2839506172839506,0.46296296296296297,0.18518518518518517
552,-115.64360304623602,85,0.0632242986890413,0.00010980013635695692,1.0489143022735707,0.611764705882353,0.08235294117647059,0.1411764705882353,0.16470588235294117
553,-188.59985431755263,70,0.06290941364915748,0.00010904456488544722,1.0764231246904052,0.18571428571428572,0.2857142857142857,0.04285714285714286,0.4857142857142857
554,-136.44198853189408,57,0.06259609687638612,0.00010829419275400668,1.0657542599398868,0.45614035087719296,0.08771929824561403,0.07017543859649122,0.38596491228070173
555,-194.92616389045335,60,0.06228434056006167,0.00010754898418423684,1.136030846758491,0.38333333333333336,0.05,0.13333333333333333,0.43333333333333335
556,-174.52535523474575,80,0.061974136928419146,0.00010680890364394243,1.1004473733769256,0.2125,0.3125,0.0125,0.4625
557,-165.21133655123245,68,0.06166547824840039,0.00010607391584543704,1.1173907515996555,0.36764705882352944,0.08823529411764706,0.058823529411764705,0.4852941176470588
558,-79.0215999553443,104,0.061358356825461334,0.00010534398574386068,1.1084570266062377,0.3557692307692308,0.16346153846153846,0.25,0.23076923076923078
559,-203.29517700751165,82,0.06105276500338012,0.00010461907853550873,1.117992651947393,0.2682926829268293,0.2804878048780488,0.0,0.45121951219512196
560,-86.37213761705343,111,0.06074869516406628,0.00010389915965617252,1.0931230550906277,0.06306306306306306,0.23423423423423423,0.3783783783783784,0.32432432432432434
561,-168.7464728830888,57,0.06044613972737082,0.00010318419477949128,1.1044128843314145,0.14035087719298245,0.2631578947368421,0.08771929824561403,0.5087719298245614
562,-144.04583598951052,56,0.060145091150897244,0.00010247414981531538,1.0524155102617758,0.39285714285714285,0.17857142857142858,0.017857142857142856,0.4107142857142857
563,-125.49108686728621,108,0.059845541929813534,0.00010176899090808095,1.08069798460224,0.09259259259259259,0.2222222222222222,0.26851851851851855,0.4166666666666667
564,-124.70285972040877,65,0.05954748459666506,0.00010106868443519556,1.0658318084678187,0.38461538461538464,0.09230769230769231,0.26153846153846155,0.26153846153846155
565,-157.39646903208472,74,0.05925091172118844,0.00010037319700543509,1.0797860610303212,0.12162162162162163,0.25675675675675674,0.24324324324324326,0.3783783783783784
566,-174.14897736430544,73,0.058955815910126275,9.968249545735159e-05,1.1077097224526449,0.2465753424657534,0.2328767123287671,0.0273972602739726,0.4931506849315068
567,-91.72939800183582,106,0.05866218980704289,9.899654685769216e-05,1.0848342435676188,0.1792452830188679,0.1320754716981132,0.4339622641509434,0.25471698113207547
568,-142.42125746750466,56,0.058370026092140904,9.83153184998286e-05,1.096907334357178,0.26785714285714285,0.21428571428571427,0.05357142857142857,0.4642857142857143
569,-98.17122376537354,67,0.058079317482078785,9.763877790219797e-05,1.0854633891362744,0.22388059701492538,0.11940298507462686,0.3283582089552239,0.3283582089552239
570,-128.9981823071168,60,0.05779005672978926,9.696689280675384e-05,1.090492689773084,0.18333333333333332,0.2,0.2,0.4166666666666667
571,-12.740739587870777,105,0.05750223662429868,9.629963117742819e-05,1.0841028173627054,0.19047619047619047,0.17142857142857143,0.26666666666666666,0.37142857142857144
572,-88.59464180721395,76,0.05721584999054722,9.563696119860388e-05,1.0850129255379841,0.3684210526315789,0.09210526315789473,0.3157894736842105,0.2236842105263158
573,-101.42350330304261,129,0.056930889689210055,9.49788512735977e-05,1.1025813910321849,0.1937984496124031,0.18604651162790697,0.23255813953488372,0.3875968992248062
574,-112.35926996282745,64,0.05664734861651935,9.432527002315378e-05,1.0984003423180293,0.25,0.171875,0.28125,0.296875
575,-93.27400022138488,115,0.056365219704087186,9.36761862839474e-05,1.0904171626755874,0.16521739130434782,0.2608695652173913,0.28695652173913044,0.28695652173913044
576,-119.13044521377766,85,0.056084495918729355,9.303156910709912e-05,1.0927186491129603,0.24705882352941178,0.2235294117647059,0.23529411764705882,0.29411764705882354
577,-210.1611478699066,85,0.05580517026229002,9.239138775669905e-05,1.0929699047293617,0.16470588235294117,0.32941176470588235,0.011764705882352941,0.49411764705882355
578,-148.15908191499167,78,0.05552723577146726,9.175561170834144e-05,1.107549395757952,0.41025641025641024,0.15384615384615385,0.1282051282051282,0.3076923076923077
579,230.75219500624226,307,0.055250685517639495,9.112421064766915e-05,1.136438396679599,0.19543973941368079,0.3322475570032573,0.3355048859934853,0.13680781758957655
580,295.66215954402935,389,0.05497551260669274,9.049715446892829e-05,1.1431637257973453,0.2776349614395887,0.22879177377892032,0.29562982005141386,0.19794344473007713
581,-144.65217981733673,79,0.05470171017884877,8.98744132735327e-05,1.1392135862608745,0.43037974683544306,0.17721518987341772,0.012658227848101266,0.379746835443038
582,-136.36225225908822,88,0.05442927140849408,8.925595736863845e-05,1.1273718936506376,0.32954545454545453,0.14772727272727273,0.20454545454545456,0.3181818181818182
583,-124.59239422265439,58,0.05415818950400976,8.864175726572796e-05,1.1300975264103026,0.3275862068965517,0.1206896551724138,0.08620689655172414,0.46551724137931033
584,-164.49958554125143,62,0.053888457707602165,8.803178367920401e-05,1.1581706469005373,0.3387096774193548,0.1774193548387097,0.016129032258064516,0.46774193548387094
585,-115.29614347967821,64,0.05362006929513446,8.742600752499338e-05,1.0902887847378542,0.375,0.0625,0.171875,0.390625
586,-150.56839269010345,75,0.05335301757595899,8.682439991916009e-05,1.1380575642810755,0.4666666666666667,0.10666666666666667,0.06666666666666667,0.36
587,-179.61674810961057,69,0.053087295892750505,8.622693217652819e-05,1.1449423797596356,0.5072463768115942,0.15942028985507245,0.0,0.3333333333333333
588,-8.501877156529105,95,0.052822897621340174,8.563357580931399e-05,1.1195742157126412,0.49473684210526314,0.07368421052631578,0.05263157894736842,0.37894736842105264
589,-187.9735999695224,69,0.052559816170550465,8.504430252576783e-05,1.1569405713411929,0.34782608695652173,0.2463768115942029,0.028985507246376812,0.37681159420289856
590,-178.79285053154769,57,0.05229804498203084,8.445908422882499e-05,1.1102159814848567,0.38596491228070173,0.17543859649122806,0.0,0.43859649122807015
591,-151.2363124905963,61,0.05203757753009425,8.387789301476607e-05,1.0759911518290686,0.4262295081967213,0.06557377049180328,0.18032786885245902,0.32786885245901637
592,-39.88964370051929,72,0.051778407321554455,8.33007011718865e-05,1.10165480903035,0.20833333333333334,0.3055555555555556,0.027777777777777776,0.4583333333333333
593,-144.54451684314705,82,0.05152052789556417,8.272748117917522e-05,1.115491295915061,0.2682926829268293,0.21951219512195122,0.10975609756097561,0.4024390243902439
594,-76.3004836198328,63,0.051263932823453984,8.215820570500247e-05,1.101567382623922,0.38095238095238093,0.09523809523809523,0.31746031746031744,0.20634920634920634
595,-130.07373338277992,76,0.051008615708572125,8.159284760581654e-05,1.13168090802609,0.34210526315789475,0.25,0.10526315789473684,0.3026315789473684
596,-192.19933670475442,111,0.050754570186124975,8.10313799248496e-05,1.1403009857575195,0.17117117117117117,0.1891891891891892,0.3333333333333333,0.3063063063063063
597,-144.42714903363787,68,0.0505017899230184,8.047377589083238e-05,1.1238838612489066,0.11764705882352941,0.25,0.19117647058823528,0.4411764705882353
598,-141.5227854776985,58,0.050250268617699906,7.992000891671763e-05,1.1057526904663815,0.13793103448275862,0.3103448275862069,0.05172413793103448,0.5
599,-145.16675199933502,68,0.05000000000000151,7.93700525984125e-05,1.1704259155848251,0.22058823529411764,0.04411764705882353,0.38235294117647056,0.35294117647058826
600,-182.59937843188024,64,0.05,7.882388071351953e-05,1.1621905334228062,0.40625,0.171875,0.015625,0.40625
601,-163.577854003604,62,0.05,7.828146722008633e-05,1.145496723366023,0.25806451612903225,0.25806451612903225,0.0967741935483871,0.3870967741935484
602,-71.0487448269965,68,0.05,7.77427862553639e-05,1.1873045317993234,0.3382352941176471,0.16176470588235295,0.04411764705882353,0.45588235294117646
603,-172.74430723221724,56,0.05,7.720781213457351e-05,1.1772674472233067,0.10714285714285714,0.32142857142857145,0.0,0.5714285714285714
604,-116.44420131778188,88,0.05,7.667651934968192e-05,1.1609633137198816,0.3977272727272727,0.125,0.19318181818181818,0.2840909090909091
605,-204.17915460594583,69,0.05,7.614888256818525e-05,1.1435978725806402,0.08695652173913043,0.30434782608695654,0.08695652173913043,0.5217391304347826
606,-116.3083584863492,57,0.05,7.562487663190101e-05,1.1472460253689083,0.21052631578947367,0.15789473684210525,0.24561403508771928,0.38596491228070173
607,-83.93716543383377,57,0.05,7.510447655576865e-05,1.1461313489307918,0.22807017543859648,0.14035087719298245,0.3157894736842105,0.3157894736842105
608,-137.26743829611377,88,0.05,7.45876575266581e-05,1.130352351260778,0.4772727272727273,0.09090909090909091,0.23863636363636365,0.19318181818181818
609,-136.56201860294127,87,0.05,7.407439490218681e-05,1.1894239799314683,0.4482758620689655,0.21839080459770116,0.04597701149425287,0.28735632183908044
610,-41.66934244129101,59,0.05,7.356466420954464e-05,1.2013009366093013,0.3559322033898305,0.11864406779661017,0.3220338983050847,0.2033898305084746
611,-115.60512047915041,87,0.05,7.30584411443271e-05,1.1311449777942997,0.40229885057471265,0.14942528735632185,0.20689655172413793,0.2413793103448276
612,-182.9660666526363,72,0.05,7.255570156937642e-05,1.1831303280494707,0.2916666666666667,0.25,0.027777777777777776,0.4305555555555556
613,-16.42726847228731,82,0.05,7.205642151363067e-05,1.1432998260036524,0.15853658536585366,0.3170731707317073,0.06097560975609756,0.4634146341463415
614,-126.48988189399343,69,0.05,7.156057717098084e-05,1.149532672170072,0.42028985507246375,0.10144927536231885,0.2318840579710145,0.2463768115942029
615,-107.994941610045,67,0.05,7.10681448991357e-05,1.1681723243981679,0.40298507462686567,0.1044776119402985,0.26865671641791045,0.22388059701492538
616,-136.92520939743986,57,0.05,7.057910121849457e-05,1.1595054860127743,0.40350877192982454,0.24561403508771928,0.08771929824561403,0.2631578947368421
617,-181.3789785885985,75,0.05,7.009342281102772e-05,1.1670184023279668,0.6,0.06666666666666667,0.013333333333333334,0.32
618,-136.94929042428078,56,0.05,6.96110865191646e-05,1.1571108957172436,0.375,0.26785714285714285,0.0,0.35714285714285715
619,-121.97599634176635,63,0.05,6.913206934468965e-05,1.1595008801734517,0.38095238095238093,0.07936507936507936,0.23809523809523808,0.30158730158730157
620,-451.07286396960825,89,0.05,6.865634844764571e-05,1.1243186686103859,0.1348314606741573,0.48314606741573035,0.02247191011235955,0.3595505617977528
621,-130.55620984797056,66,0.05,6.818390114524503e-05,1.1638854729832977,0.24242424242424243,0.18181818181818182,0.21212121212121213,0.36363636363636365
622,-171.38377228931762,67,0.05,6.771470491078771e-05,1.1501615174434956,0.31343283582089554,0.3283582089552239,0.0,0.3582089552238806
623,-157.3146860638544,77,0.05,6.724873737258758e-05,1.1319749538139,0.42857142857142855,0.19480519480519481,0.025974025974025976,0.35064935064935066
624,-276.40547290533124,68,0.05,6.678597631290557e-05,1.1597556602040875,0.22058823529411764,0.4117647058823529,0.0,0.36764705882352944
625,-95.33619085723276,64,0.05,6.632639966689026e-05,1.136042691467616,0.359375,0.046875,0.328125,0.265625
626,-189.48618485939824,65,0.05,6.586998552152588e-05,1.125478878794399,0.5692307692307692,0.1076923076923077,0.03076923076923077,0.2923076923076923
627,-189.9822808495109,67,0.05,6.541671211458746e-05,1.154252467741581,0.3582089552238806,0.208955223880597,0.014925373134328358,0.417910447761194
628,-303.50300265210797,137,0.05,6.496655783360315e-05,1.2019816603660576,0.13138686131386862,0.27007299270072993,0.29927007299270075,0.29927007299270075
629,-155.09872385475953,128,0.05,6.451950121482378e-05,1.2269927788961972,0.25,0.171875,0.40625,0.171875
630,-125.27343088068004,125,0.05,6.40755209421994e-05,1.1977062075499418,0.296,0.176,0.344,0.184
631,-119.8430799491988,58,0.05,6.363459584636293e-05,1.1929983734732084,0.3275862068965517,0.05172413793103448,0.3448275862068966,0.27586206896551724
632,-101.4350310433721,88,0.05,6.319670490362081e-05,1.2248398472423678,0.3522727272727273,0.125,0.29545454545454547,0.22727272727272727
633,-155.61726450170204,76,0.05,6.276182723495052e-05,1.1693905744513173,0.2631578947368421,0.19736842105263158,0.14473684210526316,0.39473684210526316
634,-194.4664551641288,90,0.05,6.23299421050051e-05,1.1828695462922647,0.3888888888888889,0.16666666666666666,0.1,0.34444444444444444
635,-305.89867833424216,190,0.05,6.190102892112444e-05,1.1880903229744268,0.06315789473684211,0.19473684210526315,0.5263157894736842,0.21578947368421053
636,-112.53394854310585,82,0.05,6.147506723235341e-05,1.2029925348868973,0.1951219512195122,0.23170731707317074,0.17073170731707318,0.4024390243902439
637,-106.41114532635503,60,0.05,6.105203672846676e-05,1.2136412753154593,0.38333333333333336,0.08333333333333333,0.08333333333333333,0.45
638,-160.36165317424673,94,0.05,6.0631917239000664e-05,1.184717028561148,0.19148936170212766,0.2127659574468085,0.3404255319148936,0.2553191489361702
639,-153.3122798058326,65,0.05,6.0214688732291044e-05,1.2011277843563801,0.27692307692307694,0.26153846153846155,0.03076923076923077,0.4307692307692308
640,-33.035156833341404,82,0.05,5.980033131451837e-05,1.198980631390544,0.3780487804878049,0.10975609756097561,0.21951219512195122,0.2926829268292683
641,-90.36986750631148,88,0.05,5.938882522875917e-05,1.1982896838912906,0.2159090909090909,0.2727272727272727,0.07954545454545454,0.4318181818181818
642,50.19841578030565,78,0.05,5.8980150854043945e-05,1.1954058040338287,0.3333333333333333,0.05128205128205128,0.21794871794871795,0.3974358974358974
643,-144.9495484724177,77,0.05,5.857428870442166e-05,1.1917005995234842,0.3116883116883117,0.18181818181818182,0.11688311688311688,0.38961038961038963
644,11.017254666989558,67,0.05,5.8171219428030646e-05,1.164673873309424,0.3880597014925373,0.1044776119402985,0.11940298507462686,0.3880597014925373
645,-104.44255322944507,59,0.05,5.777092380617584e-05,1.2285579165404998,0.3728813559322034,0.0847457627118644,0.23728813559322035,0.3050847457627119
646,-110.60285259861769,84,0.05,5.737338275241247e-05,1.1829281583437161,0.3333333333333333,0.2261904761904762,0.19047619047619047,0.25
647,-163.16690746068332,63,0.05,5.697857731163596e-05,1.201201617753477,0.4126984126984127,0.1746031746031746,0.031746031746031744,0.38095238095238093
648,-162.0998638489695,74,0.05,5.6586488659178155e-05,1.1506413187901958,0.2972972972972973,0.16216216216216217,0.06756756756756757,0.47297297297297297
649,-168.42273874538392,87,0.05,5.619709809990975e-05,1.215730936013388,0.2988505747126437,0.20689655172413793,0.08045977011494253,0.41379310344827586
650,-125.34663890312146,86,0.05,5.581038706734888e-05,1.212499924519575,0.43023255813953487,0.11627906976744186,0.12790697674418605,0.32558139534883723
651,-180.10889069397615,68,0.05,5.542633712277583e-05,1.2802313222470734,0.3382352941176471,0.19117647058823528,0.029411764705882353,0.4411764705882353
652,-127.49537067834767,86,0.05,5.5044929954353904e-05,1.2566639697505841,0.36046511627906974,0.13953488372093023,0.1511627906976744,0.3488372093023256
653,-140.7677337080188,82,0.05,5.4666147376256274e-05,1.2625647815954322,0.5,0.08536585365853659,0.07317073170731707,0.34146341463414637
654,234.22702896789215,226,0.05,5.428997132779887e-05,1.2441723334397432,0.2168141592920354,0.4823008849557522,0.017699115044247787,0.2831858407079646
655,-185.41840079258395,64,0.05,5.3916383872579235e-05,1.2768910004578204,0.09375,0.3125,0.03125,0.5625
656,-104.71196816462778,55,0.05,5.35453671976213e-05,1.2165835274126067,0.2909090909090909,0.10909090909090909,0.05454545454545454,0.5454545454545454
657,-218.93035864501056,83,0.05,5.3176903612526025e-05,1.2222609684459607,0.1927710843373494,0.3373493975903614,0.0,0.46987951807228917
658,-120.12804327200566,85,0.05,5.2810975548627954e-05,1.2768363684891038,0.24705882352941178,0.18823529411764706,0.18823529411764706,0.3764705882352941
659,-177.0585104130065,53,0.05,5.244756555815747e-05,1.2351372533914728,0.1320754716981132,0.24528301886792453,0.03773584905660377,0.5849056603773585
660,-100.38577135657904,132,0.05,5.208665631340891e-05,1.2353746509071337,0.09090909090909091,0.22727272727272727,0.44696969696969696,0.23484848484848486
661,-184.89351919404626,68,0.05,5.172823060591434e-05,1.230631141703144,0.16176470588235295,0.3235294117647059,0.0,0.5147058823529411
662,-188.87697613279192,83,0.05,5.137227134562306e-05,1.2377104263840972,0.1927710843373494,0.3493975903614458,0.012048192771084338,0.4457831325301205
663,-167.88431845739427,64,0.05,5.1018761560086726e-05,1.2402858444699971,0.390625,0.15625,0.015625,0.4375
664,-130.2928885022735,66,0.05,5.0667684393650084e-05,1.2435904550756105,0.3181818181818182,0.22727272727272727,0.12121212121212122,0.3333333333333333
665,58.81280969211517,144,0.05,5.031902310664729e-05,1.215154971786141,0.3055555555555556,0.125,0.2222222222222222,0.3472222222222222
666,-116.88579196235936,55,0.05,4.9972761074603725e-05,1.2451899608136971,0.2727272727272727,0.12727272727272726,0.18181818181818182,0.41818181818181815
667,-19.132973051160477,91,0.05,4.962888178744336e-05,1.2050932127034102,0.3626373626373626,0.17582417582417584,0.12087912087912088,0.34065934065934067
668,-142.79193879155946,76,0.05,4.928736884870152e-05,1.2479029674910616,0.2631578947368421,0.21052631578947367,0.23684210526315788,0.2894736842105263
669,-143.63764165062477,94,0.05,4.894820597474307e-05,1.2791878276712307,0.3723404255319149,0.18085106382978725,0.05319148936170213,0.39361702127659576
670,-215.62852076933433,85,0.05,4.861137699398604e-05,1.1945974644368973,0.36470588235294116,0.21176470588235294,0.011764705882352941,0.4117647058823529
671,-144.4736178883847,59,0.05,4.827686584613052e-05,1.2156498719760804,0.3220338983050847,0.13559322033898305,0.1016949152542373,0.4406779661016949
672,2.2313059770212362,95,0.05,4.794465658139288e-05,1.226908154985841,0.28421052631578947,0.29473684210526313,0.021052631578947368,0.4
673,-122.01589391401743,81,0.05,4.761473335974531e-05,1.2488450749046802,0.35802469135802467,0.14814814814814814,0.06172839506172839,0.43209876543209874
674,-211.10664837556885,89,0.05,4.728708045016051e-05,1.3095056596472179,0.38202247191011235,0.2247191011235955,0.20224719101123595,0.19101123595505617
675,-143.47347516375407,76,0.05,4.6961682229861654e-05,1.3105736950414775,0.4473684210526316,0.13157894736842105,0.11842105263157894,0.3026315789473684
676,-126.11213991638456,65,0.05,4.663852318357747e-05,1.2846155167800635,0.49230769230769234,0.046153846153846156,0.2,0.26153846153846155
677,-121.31562984525301,53,0.05,4.631758790280246e-05,1.2772786817688093,0.41509433962264153,0.09433962264150944,0.16981132075471697,0.32075471698113206
678,-121.01036861884083,89,0.05,4.599886108506219e-05,1.2678925526336788,0.23595505617977527,0.23595505617977527,0.20224719101123595,0.3258426966292135
679,-144.90747464443874,103,0.05,4.5682327533183695e-05,1.2815052129611904,0.4174757281553398,0.1553398058252427,0.2524271844660194,0.17475728155339806
680,-120.8938538359883,60,0.05,4.536797215457083e-05,1.3123347501067348,0.21666666666666667,0.16666666666666666,0.25,0.36666666666666664
681,-153.07376890741483,64,0.05,4.505577996048465e-05,1.2755456794377982,0.1875,0.25,0.125,0.4375
682,-154.50670854238737,82,0.05,4.4745736065328744e-05,1.2776436225169354,0.5365853658536586,0.2073170731707317,0.012195121951219513,0.24390243902439024
683,-110.75176019290274,61,0.05,4.443782568593946e-05,1.2686541067919994,0.2459016393442623,0.16393442622950818,0.3114754098360656,0.2786885245901639
684,-185.54830297302115,83,0.05,4.4132034140881064e-05,1.2816789949655387,0.24096385542168675,0.26506024096385544,0.024096385542168676,0.46987951807228917
685,-146.14158409334522,58,0.05,4.382834684974566e-05,1.266239431036984,0.13793103448275862,0.20689655172413793,0.13793103448275862,0.5172413793103449
686,-157.5530322508905,62,0.05,4.3526749332458045e-05,1.304431923296725,0.3387096774193548,0.22580645161290322,0.0,0.43548387096774194
687,-129.90211816645865,64,0.05,4.3227227208585244e-05,1.27239691278841,0.1875,0.21875,0.1875,0.40625
688,251.87535909468872,222,0.05,4.292976619665085e-05,1.2702653305789262,0.30180180180180183,0.05405405405405406,0.18018018018018017,0.46396396396396394
689,-102.78301075844936,68,0.05,4.263435211345408e-05,1.2533278795998062,0.3088235294117647,0.14705882352941177,0.25,0.29411764705882354
690,-128.7091381544151,53,0.05,4.23409708733935e-05,1.3040639665076015,0.49056603773584906,0.07547169811320754,0.09433962264150944,0.33962264150943394
691,-142.3506867860832,60,0.05,4.2049608487795405e-05,1.300409046022695,0.6666666666666666,0.05,0.1,0.18333333333333332
692,-178.88971685712403,60,0.05,4.176025106424684e-05,1.266907072173027,0.18333333333333332,0.26666666666666666,0.0,0.55
693,-167.35755396616315,67,0.05,4.1472884805933184e-05,1.2730310891624053,0.1791044776119403,0.29850746268656714,0.014925373134328358,0.5074626865671642
694,8.053614346263956,129,0.05,4.1187496010980326e-05,1.2582042959704405,0.32558139534883723,0.18604651162790697,0.17054263565891473,0.3178294573643411
695,-121.27252344604382,84,0.05,4.090407107180133e-05,1.2711526985522044,0.2619047619047619,0.21428571428571427,0.20238095238095238,0.32142857142857145
696,-114.2279066621843,105,0.05,4.062259647444761e-05,1.2495186677778722,0.3142857142857143,0.19047619047619047,0.1619047619047619,0.3333333333333333
697,-119.01530300368358,61,0.05,4.034305879796459e-05,1.2654834732152163,0.3770491803278688,0.06557377049180328,0.22950819672131148,0.32786885245901637
698,-123.35824404775424,54,0.05,4.0065444713751755e-05,1.2834496586519668,0.48148148148148145,0.037037037037037035,0.14814814814814814,0.3333333333333333
699,-105.577176175482,76,0.05,3.978974098492718e-05,1.3539807553726704,0.23684210526315788,0.23684210526315788,0.17105263157894737,0.35526315789473684
700,-7.376371725179325,141,0.05,3.951593446569633e-05,1.3414279256006436,0.3049645390070922,0.1276595744680851,0.3900709219858156,0.1773049645390071
701,-123.0557878319168,66,0.05,3.924401210072528e-05,1.3192842191468823,0.5151515151515151,0.06060606060606061,0.19696969696969696,0.22727272727272727
702,-96.84293495972054,86,0.05,3.897396092451824e-05,1.3575609499453347,0.36046511627906974,0.16279069767441862,0.20930232558139536,0.26744186046511625
703,-199.38088899488375,74,0.05,3.8705768060799324e-05,1.340081647507502,0.32432432432432434,0.25675675675675674,0.0,0.4189189189189189
704,-196.48390685577345,74,0.05,3.8439420721898606e-05,1.3227141470300248,0.17567567567567569,0.28378378378378377,0.0,0.5405405405405406
705,-156.61076390555957,65,0.05,3.8174906208142405e-05,1.3300560858997086,0.3230769230769231,0.16923076923076924,0.09230769230769231,0.4153846153846154
706,-100.73354940948322,83,0.05,3.791221190724773e-05,1.3404767648527784,0.5542168674698795,0.08433734939759036,0.1927710843373494,0.1686746987951807
707,-137.15708008281644,53,0.05,3.765132529372094e-05,1.3522385148730562,0.5283018867924528,0.07547169811320754,0.09433962264150944,0.3018867924528302
708,-168.63611530411924,82,0.05,3.7392233928260494e-05,1.3395884248575134,0.18292682926829268,0.3048780487804878,0.036585365853658534,0.47560975609756095
709,-69.48589072339999,113,0.05,3.713492545716386e-05,1.3081261598749216,0.23008849557522124,0.19469026548672566,0.36283185840707965,0.21238938053097345
710,4.52333251718612,165,0.05,3.687938761173845e-05,1.3110071820186209,0.23030303030303031,0.15151515151515152,0.45454545454545453,0.16363636363636364
711,-88.64140827435986,70,0.05,3.662560820771668e-05,1.3436380359745905,0.37142857142857144,0.1,0.3,0.22857142857142856
712,-276.80420677074426,100,0.05,3.637357514467496e-05,1.3209311116983102,0.23,0.39,0.07,0.31
713,50.11635251429385,194,0.05,3.612327640545678e-05,1.3182338095516322,0.15463917525773196,0.26288659793814434,0.28350515463917525,0.29896907216494845
714,-120.18222477782297,71,0.05,3.5874700055599694e-05,1.298856189439521,0.352112676056338,0.16901408450704225,0.18309859154929578,0.29577464788732394
715,-83.30566190658223,130,0.05,3.5627834242766295e-05,1.3095631447402873,0.2846153846153846,0.15384615384615385,0.3923076923076923,0.16923076923076924
716,-76.34971175950021,91,0.05,3.5382667196179064e-05,1.3226543224403227,0.4835164835164835,0.12087912087912088,0.2087912087912088,0.18681318681318682
717,-145.43894479090224,60,0.05,3.513918722605914e-05,1.327992965205173,0.36666666666666664,0.15,0.13333333333333333,0.35
718,-186.95335852576392,79,0.05,3.489738272306896e-05,1.3217640481383985,0.25316455696202533,0.21518987341772153,0.13924050632911392,0.3924050632911392
719,-375.93156263794594,79,0.05,3.4657242157758666e-05,1.310607932543208,0.31645569620253167,0.34177215189873417,0.0,0.34177215189873417
720,-65.41967596990729,86,0.05,3.4418754080016435e-05,1.3729401903679994,0.29069767441860467,0.23255813953488372,0.20930232558139536,0.26744186046511625
721,57.27893842896003,156,0.05,3.4181907118522465e-05,1.4072553656118467,0.21794871794871795,0.1794871794871795,0.3333333333333333,0.2692307692307692
722,-144.40326208092023,63,0.05,3.394668998020683e-05,1.367963022459525,0.30158730158730157,0.09523809523809523,0.31746031746031744,0.2857142857142857
723,-63.667595969302006,64,0.05,3.3713091449710984e-05,1.3630883533440445,0.34375,0.09375,0.375,0.1875
724,-134.52343647464346,79,0.05,3.3481100388853026e-05,1.3525068343680196,0.12658227848101267,0.3291139240506329,0.16455696202531644,0.379746835443038
725,-80.31605417698707,65,0.05,3.32507057360966e-05,1.3615632562700668,0.4461538461538462,0.046153846153846156,0.3076923076923077,0.2
726,-69.85170477662305,101,0.05,3.3021896506023485e-05,1.3745461659642821,0.3069306930693069,0.2079207920792079,0.2376237623762376,0.24752475247524752
727,-85.78823837718981,79,0.05,3.27946617888098e-05,1.3472653864431317,0.31645569620253167,0.189873417721519,0.189873417721519,0.3037974683544304
728,-154.73377262356342,73,0.05,3.256899074970581e-05,1.3589938881951422,0.3013698630136986,0.2191780821917808,0.1506849315068493,0.3287671232876712
729,-86.88753530165165,125,0.05,3.2344872628519324e-05,1.3392924383612654,0.272,0.128,0.448,0.152
730,-83.80393241946487,75,0.05,3.2122296739102625e-05,1.367305732621861,0.32,0.14666666666666667,0.25333333333333335,0.28
731,-123.89438749274909,96,0.05,3.190125246884296e-05,1.3473636119481134,0.25,0.2604166666666667,0.1875,0.3020833333333333
732,-70.55025293227871,69,0.05,3.168172927815652e-05,1.3223934422910086,0.2898550724637681,0.2318840579710145,0.18840579710144928,0.2898550724637681
733,-110.00276070046955,75,0.05,3.146371669998587e-05,1.3510109442971638,0.26666666666666666,0.17333333333333334,0.26666666666666666,0.29333333333333333
734,-155.38485741188288,65,0.05,3.124720433930093e-05,1.3584467106222604,0.4461538461538462,0.07692307692307693,0.24615384615384617,0.23076923076923078
735,-161.4496454480048,90,0.05,3.10321818726033e-05,1.371792032667304,0.36666666666666664,0.17777777777777778,0.1111111111111111,0.34444444444444444
736,-72.95658947168874,61,0.05,3.081863904743399e-05,1.3313241425135738,0.4262295081967213,0.08196721311475409,0.3114754098360656,0.18032786885245902
737,-76.7744971814362,128,0.05,3.0606565681884654e-05,1.380506571775478,0.3671875,0.15625,0.2734375,0.203125
738,-66.0816238007626,65,0.05,3.0395951664112036e-05,1.3250387146923297,0.26153846153846155,0.13846153846153847,0.35384615384615387,0.24615384615384617
739,-143.84279995792218,85,0.05,3.018678695185587e-05,1.3391918893249068,0.4,0.21176470588235294,0.047058823529411764,0.3411764705882353
740,-28.041459648832273,57,0.05,2.9979061571960033e-05,1.3218507435261342,0.2807017543859649,0.22807017543859648,0.08771929824561403,0.40350877192982454
741,-195.23799833901978,72,0.05,2.9772765619897032e-05,1.319450320003272,0.2638888888888889,0.25,0.05555555555555555,0.4305555555555556
742,-125.13844730912906,67,0.05,2.956788925929574e-05,1.3419785831534856,0.2537313432835821,0.26865671641791045,0.05970149253731343,0.417910447761194
743,-113.41079929073629,77,0.05,2.9364422721472388e-05,1.3553779299218625,0.4805194805194805,0.1038961038961039,0.24675324675324675,0.16883116883116883
744,-120.76402244323698,80,0.05,2.916235630496479e-05,1.3213138392265642,0.3,0.2375,0.1875,0.275
745,-60.38972124458154,66,0.05,2.896168037506977e-05,1.4487841851808922,0.22727272727272727,0.12121212121212122,0.3787878787878788,0.2727272727272727
746,-138.29019946022123,83,0.05,2.876238536338376e-05,1.4201008267362054,0.27710843373493976,0.21686746987951808,0.24096385542168675,0.26506024096385544
747,-108.09189731261306,65,0.05,2.856446176734659e-05,1.4066562184183522,0.2,0.2,0.3384615384615385,0.26153846153846155
748,-85.62505595596912,124,0.05,2.8367900149788368e-05,1.411466892436882,0.12096774193548387,0.20161290322580644,0.41935483870967744,0.25806451612903225
749,-55.10367333916693,60,0.05,2.817269113847954e-05,1.40490538669791,0.35,0.05,0.35,0.25
750,-143.36305812305864,71,0.05,2.7978825425683996e-05,1.405693326825503,0.29577464788732394,0.15492957746478872,0.3380281690140845,0.2112676056338028
751,-82.93278369687951,73,0.05,2.778629376771527e-05,1.4163388114059672,0.2602739726027397,0.2191780821917808,0.273972602739726,0.2465753424657534
752,-103.97105584486816,97,0.05,2.7595086984495794e-05,1.3943366089229186,0.28865979381443296,0.21649484536082475,0.24742268041237114,0.24742268041237114
753,-74.836097796824,63,0.05,2.740519595911919e-05,1.352015795453966,0.3333333333333333,0.1111111111111111,0.3492063492063492,0.20634920634920634
754,-102.92034448858361,76,0.05,2.7216611637415555e-05,1.3875888156788243,0.34210526315789475,0.13157894736842105,0.2631578947368421,0.2631578947368421
755,-242.4130864241494,76,0.05,2.7029325027519766e-05,1.40330708113366,0.3815789473684211,0.2236842105263158,0.013157894736842105,0.3815789473684211
756,-116.29756577765818,85,0.05,2.6843327199442725e-05,1.3795230999675794,0.5176470588235295,0.1411764705882353,0.16470588235294117,0.17647058823529413
757,-179.1414369343466,95,0.05,2.6658609284645578e-05,1.4188528009390717,0.4105263157894737,0.15789473684210525,0.18947368421052632,0.24210526315789474
758,-70.44798297175295,91,0.05,2.647516247561686e-05,1.40542894118833,0.43956043956043955,0.10989010989010989,0.27472527472527475,0.17582417582417584
759,-119.46076269734411,81,0.05,2.6292978025452534e-05,1.387410936195262,0.18518518518518517,0.2716049382716049,0.20987654320987653,0.3333333333333333
760,-83.51695528110044,67,0.05,2.6112047247438936e-05,1.3520689588752768,0.373134328358209,0.05970149253731343,0.3283582089552239,0.23880597014925373
761,-79.82009974879674,75,0.05,2.5932361514638587e-05,1.390668516159945,0.14666666666666667,0.25333333333333335,0.32,0.28
762,-115.36376009598712,62,0.05,2.5753912259478847e-05,1.39565515194559,0.25806451612903225,0.22580645161290322,0.2903225806451613,0.22580645161290322
763,-116.83477351540824,98,0.05,2.557669097334341e-05,1.392738212186144,0.24489795918367346,0.24489795918367346,0.23469387755102042,0.2755102040816326
764,-262.7167360999887,103,0.05,2.5400689206166612e-05,1.3977636373111355,0.5242718446601942,0.1553398058252427,0.17475728155339806,0.14563106796116504
765,-142.14188546054996,52,0.05,2.522589856603051e-05,1.4167557940410533,0.3269230769230769,0.17307692307692307,0.1346153846153846,0.36538461538461536
766,-89.42539148535343,72,0.05,2.5052310718764757e-05,1.3607764094064028,0.2222222222222222,0.2777777777777778,0.2361111111111111,0.2638888888888889
767,-84.65384556320474,117,0.05,2.4879917387549227e-05,1.402478254382971,0.1794871794871795,0.1794871794871795,0.4358974358974359,0.20512820512820512
768,-62.175414256657206,72,0.05,2.4708710352519355e-05,1.4179195920227343,0.4166666666666667,0.08333333333333333,0.3194444444444444,0.18055555555555555
769,-91.71533751598695,60,0.05,2.4538681450374215e-05,1.3956566717118366,0.16666666666666666,0.23333333333333334,0.3,0.3
770,-120.6131435735529,61,0.05,2.4369822573987288e-05,1.4679035336330042,0.16393442622950818,0.18032786885245902,0.36065573770491804,0.29508196721311475
771,-56.73604997104915,63,0.05,2.4202125672019906e-05,1.4686040436170715,0.23809523809523808,0.12698412698412698,0.4126984126984127,0.2222222222222222
772,-77.42651482834204,88,0.05,2.4035582748537352e-05,1.4967401078583256,0.3409090909090909,0.22727272727272727,0.2159090909090909,0.2159090909090909
773,233.1946140037694,272,0.05,2.3870185862627613e-05,1.4484874021549008,0.22426470588235295,0.30514705882352944,0.25735294117647056,0.21323529411764705
774,-123.45485102960546,69,0.05,2.3705927128022745e-05,1.4388630539674658,0.15942028985507245,0.21739130434782608,0.30434782608695654,0.3188405797101449
775,-100.50996659452453,158,0.05,2.354279871272286e-05,1.4374229684841116,0.2088607594936709,0.189873417721519,0.35443037974683544,0.2468354430379747
776,-138.40577195157815,69,0.05,2.338079283862267e-05,1.4656531341187924,0.3333333333333333,0.15942028985507245,0.2898550724637681,0.21739130434782608
777,-158.323689801748,52,0.05,2.3219901781140642e-05,1.4030651418588664,0.1346153846153846,0.25,0.09615384615384616,0.5192307692307693
778,-133.7855079353058,78,0.05,2.306011786885067e-05,1.4321798137136588,0.19230769230769232,0.28205128205128205,0.1794871794871795,0.34615384615384615
779,-81.44387490028126,65,0.05,2.290143348311629e-05,1.447823277147374,0.24615384615384617,0.1076923076923077,0.3384615384615385,0.3076923076923077
780,-119.31901935893431,74,0.05,2.2743841057727436e-05,1.4240591065876844,0.22972972972972974,0.17567567567567569,0.35135135135135137,0.24324324324324326
781,-223.11939344247526,184,0.05,2.2587333078539656e-05,1.4320509016951262,0.05434782608695652,0.21195652173913043,0.5271739130434783,0.20652173913043478
782,-47.17598623383586,68,0.05,2.2431902083115847e-05,1.4280950996281296,0.3088235294117647,0.058823529411764705,0.4264705882352941,0.20588235294117646
783,-89.82256873612032,79,0.05,2.2277540660370424e-05,1.4660196702797412,0.26582278481012656,0.13924050632911392,0.34177215189873417,0.25316455696202533
784,-121.64151512515042,124,0.05,2.2124241450215965e-05,1.417034564446377,0.1532258064516129,0.20967741935483872,0.3709677419354839,0.2661290322580645
785,-123.00522679095333,70,0.05,2.1971997143212276e-05,1.4349503657437548,0.05714285714285714,0.24285714285714285,0.37142857142857144,0.32857142857142857
786,-124.98585810337174,87,0.05,2.1820800480217858e-05,1.4326468781515473,0.3563218390804598,0.20689655172413793,0.2413793103448276,0.19540229885057472
787,-105.3361475419438,74,0.05,2.16706442520438e-05,1.412000887859105,0.36486486486486486,0.12162162162162163,0.32432432432432434,0.1891891891891892
788,-138.7721530068882,123,0.05,2.1521521299110032e-05,1.425777505584997,0.2032520325203252,0.16260162601626016,0.37398373983739835,0.2601626016260163
789,-123.1466563301299,73,0.05,2.1373424511103943e-05,1.440279712356594,0.1095890410958904,0.2465753424657534,0.3150684931506849,0.3287671232876712
790,-5.000702123229189,85,0.05,2.1226346826641367e-05,1.4114242802486157,0.08235294117647059,0.3176470588235294,0.29411764705882354,0.3058823529411765
791,9.995617622206339,121,0.05,2.1080281232929883e-05,1.5151274101136898,0.2231404958677686,0.19008264462809918,0.2975206611570248,0.2892561983471074
792,-150.8020783225173,94,0.05,2.0935220765434445e-05,1.5240097383206894,0.2765957446808511,0.2127659574468085,0.24468085106382978,0.26595744680851063
793,-87.77012310372409,70,0.05,2.0791158507545297e-05,1.4835824996608196,0.38571428571428573,0.04285714285714286,0.37142857142857144,0.2
794,-57.68663261346563,75,0.05,2.0648087590248188e-05,1.4328408141912716,0.30666666666666664,0.12,0.36,0.21333333333333335
795,-73.2794983605847,70,0.05,2.0506001191796858e-05,1.5010274570562614,0.3,0.2571428571428571,0.22857142857142856,0.21428571428571427
796,-87.3861370481035,117,0.05,2.036489253738776e-05,1.4737385487886903,0.3418803418803419,0.11965811965811966,0.37606837606837606,0.1623931623931624
797,-82.26762519259425,74,0.05,2.0224754898837043e-05,1.4540825431691389,0.2702702702702703,0.13513513513513514,0.33783783783783783,0.25675675675675674
798,-125.40741093580789,70,0.05,2.008558159425973e-05,1.4684354619692352,0.24285714285714285,0.18571428571428572,0.35714285714285715,0.21428571428571427
799,-124.36865474550979,144,0.05,1.9947365987751136e-05,1.458519880893319,0.1736111111111111,0.1527777777777778,0.375,0.2986111111111111
800,-47.66693180941043,61,0.05,1.981010148907046e-05,1.4657257683069238,0.06557377049180328,0.18032786885245902,0.4262295081967213,0.32786885245901637
801,11.277969748309062,76,0.05,1.9673781553326545e-05,1.483622320374963,0.2631578947368421,0.2236842105263158,0.32894736842105265,0.18421052631578946
802,-85.01714011823506,82,0.05,1.9538399680665823e-05,1.461619101372365,0.32926829268292684,0.13414634146341464,0.35365853658536583,0.18292682926829268
803,-159.22024867631234,84,0.05,1.9403949415962396e-05,1.4290681465493642,0.3333333333333333,0.19047619047619047,0.2857142857142857,0.19047619047619047
804,-189.40398326703234,115,0.05,1.9270424348510242e-05,1.4642300357643547,0.34782608695652173,0.2956521739130435,0.08695652173913043,0.26956521739130435
805,-31.98755574303395,68,0.05,1.913781811171755e-05,1.4847994775094167,0.07352941176470588,0.23529411764705882,0.38235294117647056,0.3088235294117647
806,-85.80874469937524,217,0.05,1.9006124382803167e-05,1.4701395375177662,0.15207373271889402,0.17050691244239632,0.4423963133640553,0.2350230414746544
807,-52.48263545037557,60,0.05,1.8875336882495104e-05,1.4479378602046016,0.38333333333333336,0.05,0.38333333333333336,0.18333333333333332
808,-71.433922636938,60,0.05,1.8745449374731143e-05,1.4611952026821429,0.3,0.06666666666666667,0.4166666666666667,0.21666666666666667
809,-101.24830388251226,75,0.05,1.86164556663615e-05,1.4553892383017684,0.29333333333333333,0.22666666666666666,0.24,0.24
810,-302.21070643309156,116,0.05,1.8488349606853527e-05,1.463795533533473,0.3879310344827586,0.20689655172413793,0.1724137931034483,0.23275862068965517
811,-104.83461548612776,127,0.05,1.8361125087998447e-05,1.465458663330426,0.15748031496062992,0.18110236220472442,0.4094488188976378,0.25196850393700787
812,-90.88096232758,86,0.05,1.823477604362011e-05,1.533362312069285,0.3023255813953488,0.1744186046511628,0.22093023255813954,0.3023255813953488
813,-123.78168533084965,101,0.05,1.8109296449285756e-05,1.5395129914471795,0.1485148514851485,0.2871287128712871,0.2376237623762376,0.32673267326732675
814,-106.97264808553044,65,0.05,1.7984680322018758e-05,1.4938385625638997,0.15384615384615385,0.18461538461538463,0.36923076923076925,0.2923076923076923
815,-50.29386871090949,64,0.05,1.7860921720013358e-05,1.45278639766531,0.453125,0.015625,0.375,0.15625
816,-79.0654906319885,74,0.05,1.773801474235135e-05,1.5771754601981047,0.4189189189189189,0.08108108108108109,0.33783783783783783,0.16216216216216217
817,-103.2462420745702,73,0.05,1.7615953528720717e-05,1.538183678125004,0.3424657534246575,0.1917808219178082,0.273972602739726,0.1917808219178082
818,-99.9205628160636,73,0.05,1.7494732259136213e-05,1.4923809500610592,0.2054794520547945,0.2465753424657534,0.2602739726027397,0.2876712328767123
819,-101.77910390873585,73,0.05,1.7374345153661857e-05,1.5094396653227573,0.2602739726027397,0.1643835616438356,0.2876712328767123,0.2876712328767123
820,-164.41481906764142,80,0.05,1.725478647213534e-05,1.507017984981824,0.15,0.225,0.275,0.35
821,-152.37106357348665,59,0.05,1.7136050513894327e-05,1.5198994013124763,0.22033898305084745,0.1864406779661017,0.3220338983050847,0.2711864406779661
822,-75.73770732103311,70,0.05,1.7018131617504658e-05,1.5283994446566773,0.22857142857142856,0.2,0.34285714285714286,0.22857142857142856
823,-228.1583754720384,99,0.05,1.6901024160490384e-05,1.4958972161554902,0.3333333333333333,0.24242424242424243,0.20202020202020202,0.2222222222222222
824,-74.22928062481365,82,0.05,1.67847225590657e-05,1.5197896687685621,0.3048780487804878,0.18292682926829268,0.2804878048780488,0.23170731707317074
825,-204.64730559591047,79,0.05,1.66692212678687e-05,1.484504123779875,0.379746835443038,0.21518987341772153,0.21518987341772153,0.189873417721519
826,-79.21010425460867,74,0.05,1.6554514779696966e-05,1.4907253172687378,0.3108108108108108,0.10810810810810811,0.35135135135135137,0.22972972972972974
827,-95.2257666288307,98,0.05,1.6440597625244978e-05,1.5413158781948517,0.23469387755102042,0.21428571428571427,0.29591836734693877,0.25510204081632654
828,255.94132838534279,609,0.05,1.6327464372843345e-05,1.5002581097616754,0.4975369458128079,0.07389162561576355,0.12151067323481117,0.3070607553366174
829,-109.11768622289085,138,0.05,1.6215109628199808e-05,1.5009271351347482,0.2028985507246377,0.15217391304347827,0.4057971014492754,0.2391304347826087
830,-81.53810111652125,70,0.05,1.6103528034142037e-05,1.5502097385324334,0.3,0.11428571428571428,0.38571428571428573,0.2
831,-112.14710380662294,74,0.05,1.5992714270362195e-05,1.6108070108601966,0.28378378378378377,0.13513513513513514,0.3783783783783784,0.20270270270270271
832,-251.87175950531247,113,0.05,1.5882663053163262e-05,1.5830500190290464,0.34513274336283184,0.18584070796460178,0.22123893805309736,0.24778761061946902
833,-120.56307042806482,74,0.05,1.577336913520711e-05,1.567312531664487,0.21621621621621623,0.14864864864864866,0.4189189189189189,0.21621621621621623
834,-149.75498713808517,79,0.05,1.56648273052643e-05,1.5668107201955341,0.35443037974683544,0.1518987341772152,0.3291139240506329,0.16455696202531644
835,-35.89590840240608,70,0.05,1.5557032387965604e-05,1.5484780559627154,0.3142857142857143,0.1,0.38571428571428573,0.2
836,-110.9869585414038,78,0.05,1.544997924355524e-05,1.5825863678827174,0.2692307692307692,0.24358974358974358,0.20512820512820512,0.28205128205128205
837,-258.52241590926496,74,0.05,1.53436627676458e-05,1.5580027769121518,0.14864864864864866,0.32432432432432434,0.2702702702702703,0.25675675675675674
838,-74.27629174001211,85,0.05,1.5238077890974887e-05,1.5355597859393375,0.2235294117647059,0.23529411764705882,0.29411764705882354,0.24705882352941178
839,-127.64997519730694,138,0.05,1.5133219579163384e-05,1.5492554786235504,0.09420289855072464,0.21739130434782608,0.427536231884058,0.2608695652173913
840,33.33421138740587,69,0.05,1.5029082832475423e-05,1.5661894740397235,0.2898550724637681,0.057971014492753624,0.5362318840579711,0.11594202898550725
841,-136.78602325202516,81,0.05,1.4925662685579993e-05,1.5846760306080114,0.2962962962962963,0.14814814814814814,0.3333333333333333,0.2222222222222222
842,-46.10567885210685,81,0.05,1.4822954207314186e-05,1.5365876894568877,0.2716049382716049,0.13580246913580246,0.37037037037037035,0.2222222222222222
843,-137.68929812572503,78,0.05,1.4720952500448076e-05,1.5265432318026269,0.23076923076923078,0.19230769230769232,0.2692307692307692,0.3076923076923077
844,-23.09329974283321,73,0.05,1.4619652701451211e-05,1.5469139523815143,0.3561643835616438,0.0821917808219178,0.4246575342465753,0.136986301369863
845,3.7619497968819076,116,0.05,1.4519049980260725e-05,1.5168714563838848,0.28448275862068967,0.14655172413793102,0.43103448275862066,0.13793103448275862
846,192.5350879313339,271,0.05,1.4419139540051027e-05,1.542412973129256,0.25830258302583026,0.1033210332103321,0.16974169741697417,0.46863468634686345
847,-38.87905707587187,117,0.05,1.4319916617005086e-05,1.5047080475667935,0.2222222222222222,0.17094017094017094,0.358974358974359,0.24786324786324787
848,-201.02914156587667,99,0.05,1.4221376480087294e-05,1.540911837992597,0.30303030303030304,0.13131313131313133,0.3838383838383838,0.18181818181818182
849,-175.82900326436072,125,0.05,1.4123514430817878e-05,1.5494109786331975,0.28,0.144,0.368,0.208
850,-87.545898243489,90,0.05,1.4026325803048881e-05,1.5845574909435016,0.26666666666666666,0.17777777777777778,0.3333333333333333,0.2222222222222222
851,-138.53895973272503,81,0.05,1.3929805962741665e-05,1.6756361298840532,0.09876543209876543,0.35802469135802467,0.16049382716049382,0.38271604938271603
852,-216.64877175729407,111,0.05,1.3833950307745965e-05,1.6274503779162754,0.2972972972972973,0.2972972972972973,0.21621621621621623,0.1891891891891892
853,-50.48846807496672,88,0.05,1.3738754267580453e-05,1.601696906018308,0.18181818181818182,0.29545454545454547,0.2159090909090909,0.3068181818181818
854,6.189841363896363,83,0.05,1.364421330321481e-05,1.596341321408814,0.3855421686746988,0.13253012048192772,0.30120481927710846,0.18072289156626506
855,-186.36465567545403,102,0.05,1.3550322906853302e-05,1.6049967897582909,0.20588235294117646,0.19607843137254902,0.37254901960784315,0.22549019607843138
856,-127.75039387423101,93,0.05,1.345707860171985e-05,1.5829907440413902,0.3010752688172043,0.17204301075268819,0.2903225806451613,0.23655913978494625
857,-136.70075176957178,81,0.05,1.3364475941844564e-05,1.5766688757462013,0.3333333333333333,0.12345679012345678,0.38271604938271603,0.16049382716049382
858,-141.26159436582805,102,0.05,1.3272510511851765e-05,1.5926615383756555,0.39215686274509803,0.1568627450980392,0.23529411764705882,0.21568627450980393
859,274.2191401263102,286,0.05,1.3181177926749448e-05,1.5837512554027315,0.527972027972028,0.07342657342657342,0.2762237762237762,0.12237762237762238
860,-91.32902674882469,76,0.05,1.3090473831720205e-05,1.5716416319001951,0.3157894736842105,0.11842105263157894,0.3684210526315789,0.19736842105263158
861,-26.616640279453037,63,0.05,1.3000393901913585e-05,1.585188615171696,0.12698412698412698,0.12698412698412698,0.4603174603174603,0.2857142857142857
862,-26.879343279423125,80,0.05,1.2910933842239878e-05,1.5779759626354424,0.225,0.1,0.5125,0.1625
863,-163.05219858959958,84,0.05,1.2822089387165325e-05,1.5664328600510837,0.17857142857142858,0.21428571428571427,0.2976190476190476,0.30952380952380953
864,-103.18989136525194,70,0.05,1.273385630050873e-05,1.6094645113980086,0.3,0.17142857142857143,0.3,0.22857142857142856
865,-156.64114065025487,133,0.05,1.2646230375239476e-05,1.5903836618673965,0.14285714285714285,0.21052631578947367,0.37593984962406013,0.2706766917293233
866,-152.29713002077182,72,0.05,1.2559207433276937e-05,1.554950941997251,0.3888888888888889,0.1527777777777778,0.2777777777777778,0.18055555555555555
867,-120.82311131415858,65,0.05,1.2472783325291252e-05,1.5715035207721133,0.12307692307692308,0.23076923076923078,0.36923076923076925,0.27692307692307694
868,-165.6174812040605,68,0.05,1.2386953930505488e-05,1.5594813024239156,0.19117647058823528,0.20588235294117646,0.3382352941176471,0.2647058823529412
869,-18.227725778445944,77,0.05,1.2301715156499158e-05,1.5791642323626407,0.24675324675324675,0.09090909090909091,0.42857142857142855,0.23376623376623376
870,-126.30749173266668,71,0.05,1.2217062939013088e-05,1.5491442640068804,0.16901408450704225,0.15492957746478872,0.4225352112676056,0.2535211267605634
871,-149.11279516964066,82,0.05,1.2132993241755632e-05,1.560518522355635,0.35365853658536583,0.18292682926829268,0.25609756097560976,0.2073170731707317
872,-136.4265290707973,83,0.05,1.2049502056210217e-05,1.705403292490887,0.07228915662650602,0.2289156626506024,0.37349397590361444,0.3253012048192771
873,-13.488148438252708,100,0.05,1.1966585401444214e-05,1.67479536777808,0.28,0.16,0.32,0.24
874,-150.8290803400864,98,0.05,1.1884239323919121e-05,1.6514241049438247,0.37755102040816324,0.16326530612244897,0.24489795918367346,0.21428571428571427
875,19.973740031981464,79,0.05,1.1802459897302061e-05,1.6085218082039838,0.21518987341772153,0.06329113924050633,0.5063291139240507,0.21518987341772153
876,-34.13926538458996,61,0.05,1.1721243222278564e-05,1.6052355739441324,0.2459016393442623,0.18032786885245902,0.36065573770491804,0.21311475409836064
877,-163.2466836173708,96,0.05,1.1640585426366647e-05,1.6294083641778538,0.375,0.19791666666666666,0.23958333333333334,0.1875
878,-130.05179783363022,97,0.05,1.1560482663732173e-05,1.636325642340736,0.041237113402061855,0.29896907216494845,0.30927835051546393,0.35051546391752575
879,-158.09760038810282,108,0.05,1.1480931115005475e-05,1.625147024595867,0.28703703703703703,0.2037037037037037,0.2962962962962963,0.21296296296296297
880,-61.021958092772714,136,0.05,1.1401926987099248e-05,1.6141467198400066,0.16176470588235295,0.21323529411764705,0.45588235294117646,0.16911764705882354
881,-134.50165367891424,65,0.05,1.1323466513027688e-05,1.6001406095988393,0.18461538461538463,0.16923076923076924,0.4,0.24615384615384617
882,-124.5388798696155,101,0.05,1.1245545951726881e-05,1.633366212469265,0.25742574257425743,0.2079207920792079,0.27722772277227725,0.25742574257425743
883,-103.74077423452877,76,0.05,1.1168161587876426e-05,1.6341106445919689,0.3157894736842105,0.17105263157894737,0.2894736842105263,0.2236842105263158
884,-139.0828745261614,95,0.05,1.1091309731722286e-05,1.6265551484924683,0.24210526315789474,0.21052631578947367,0.2736842105263158,0.2736842105263158
885,-201.73512319661467,185,0.05,1.1014986718900852e-05,1.6056197589727574,0.14594594594594595,0.17297297297297298,0.3945945945945946,0.2864864864864865
886,-59.57067662047391,143,0.05,1.093918891026423e-05,1.574023444533353,0.11188811188811189,0.24475524475524477,0.44755244755244755,0.1958041958041958
887,-146.81988516439785,74,0.05,1.0863912691706718e-05,1.6004617152773588,0.10810810810810811,0.25675675675675674,0.35135135135135137,0.28378378378378377
888,20.79415706751037,100,0.05,1.0789154473992486e-05,1.6076468067586491,0.18,0.1,0.54,0.18
889,54.52753162110841,87,0.05,1.0714910692584437e-05,1.602701398069823,0.09195402298850575,0.14942528735632185,0.5517241379310345,0.20689655172413793
890,-121.2707918455071,66,0.05,1.0641177807474243e-05,1.6141956037061336,0.42424242424242425,0.13636363636363635,0.3181818181818182,0.12121212121212122
891,-60.87461364419805,67,0.05,1.0567952303013563e-05,1.6613782819130978,0.029850746268656716,0.23880597014925373,0.44776119402985076,0.2835820895522388
892,-123.41797852086351,85,0.05,1.0495230687746404e-05,1.6280889458979149,0.24705882352941178,0.2823529411764706,0.18823529411764706,0.2823529411764706
893,31.70290003524542,130,0.05,1.042300949424265e-05,1.7446206104450304,0.2,0.16923076923076924,0.4,0.23076923076923078
894,-114.58105374445128,71,0.05,1.0351285278932735e-05,1.7065402874138496,0.2112676056338028,0.16901408450704225,0.4084507042253521,0.2112676056338028
895,21.00749838117281,125,0.05,1.0280054621943443e-05,1.6742574020138847,0.168,0.192,0.448,0.192
896,6.927656012672443,157,0.05,1.0209314126934852e-05,1.65810268187511,0.3057324840764331,0.17197452229299362,0.3630573248407643,0.1592356687898089
897,-109.04111052326874,81,0.05,1.0139060420938391e-05,1.6529978237637717,0.19753086419753085,0.2716049382716049,0.2345679012345679,0.2962962962962963
898,26.68315815850147,95,0.05,1.0069290154196015e-05,1.6459979142516497,0.2631578947368421,0.031578947368421054,0.6,0.10526315789473684
899,-152.9316848171947,102,0.05,1.0000000000000484e-05,1.6215376321441815,0.21568627450980393,0.2647058823529412,0.24509803921568626,0.27450980392156865
900,-99.34976527433203,81,0.05,1e-05,1.6844205724842487,0.24691358024691357,0.16049382716049382,0.345679012345679,0.24691358024691357
901,-148.99223181516373,91,0.05,1e-05,1.6609694421858645,0.17582417582417584,0.25274725274725274,0.2967032967032967,0.27472527472527475
902,26.115705645792005,98,0.05,1e-05,1.6622309586543857,0.1836734693877551,0.11224489795918367,0.5306122448979592,0.17346938775510204
903,-104.48782859683315,79,0.05,1e-05,1.6228463902915786,0.17721518987341772,0.20253164556962025,0.4050632911392405,0.21518987341772153
904,-81.04802111320356,81,0.05,1e-05,1.630285243884431,0.1111111111111111,0.19753086419753085,0.43209876543209874,0.25925925925925924
905,41.98753763771961,120,0.05,1e-05,1.6395869044904106,0.23333333333333334,0.13333333333333333,0.45,0.18333333333333332
906,204.04993664496473,379,0.05,1e-05,1.652144386769259,0.16886543535620052,0.04221635883905013,0.20052770448548812,0.5883905013192612
907,-93.50767398272917,114,0.05,1e-05,1.6608184757475506,0.2719298245614035,0.18421052631578946,0.32456140350877194,0.21929824561403508
908,-47.576005063412524,85,0.05,1e-05,1.6318764497799263,0.21176470588235294,0.16470588235294117,0.43529411764705883,0.18823529411764706
909,-173.98391974613418,76,0.05,1e-05,1.6497566473577376,0.19736842105263158,0.23684210526315788,0.3157894736842105,0.25
910,38.617482157612216,130,0.05,1e-05,1.7876503903097527,0.3384615384615385,0.19230769230769232,0.2846153846153846,0.18461538461538463
911,1.919696817087143,99,0.05,1e-05,1.7616769571384872,0.25252525252525254,0.06060606060606061,0.5353535353535354,0.15151515151515152
912,-80.01054764306431,81,0.05,1e-05,1.750606594480036,0.08641975308641975,0.2345679012345679,0.43209876543209874,0.24691358024691357
913,-157.17996923639822,67,0.05,1e-05,1.7039472661138633,0.2835820895522388,0.208955223880597,0.34328358208955223,0.16417910447761194
914,-164.9370074507512,89,0.05,1e-05,1.7084179817561407,0.21348314606741572,0.23595505617977527,0.3146067415730337,0.23595505617977527
915,-145.1534105162073,98,0.05,1e-05,1.6759905578884218,0.21428571428571427,0.24489795918367346,0.2755102040816326,0.2653061224489796
916,-38.55494480693331,88,0.05,1e-05,1.7014085701835435,0.1590909090909091,0.11363636363636363,0.5795454545454546,0.14772727272727273
917,-175.6224372578207,80,0.05,1e-05,1.7019834926040818,0.05,0.35,0.35,0.25
918,-14.359698036663332,72,0.05,1e-05,1.680271430769176,0.1527777777777778,0.18055555555555555,0.4583333333333333,0.20833333333333334
919,-91.73121397452311,103,0.05,1e-05,1.6971409857542117,0.3592233009708738,0.1553398058252427,0.2621359223300971,0.22330097087378642
920,27.249180162524226,88,0.05,1e-05,1.6730515894310911,0.2840909090909091,0.056818181818181816,0.5227272727272727,0.13636363636363635
921,-147.27574015386097,89,0.05,1e-05,1.6970987016143149,0.21348314606741572,0.21348314606741572,0.30337078651685395,0.2696629213483146
922,-140.3966433618462,80,0.05,1e-05,1.7285934799167855,0.325,0.1875,0.2875,0.2
923,-142.8896071969366,63,0.05,1e-05,1.6975999044706398,0.09523809523809523,0.25396825396825395,0.3968253968253968,0.25396825396825395
924,-161.99011945116973,134,0.05,1e-05,1.6845921199380196,0.1791044776119403,0.34328358208955223,0.19402985074626866,0.2835820895522388
925,-77.64454783372656,73,0.05,1e-05,1.68244215641102,0.0821917808219178,0.2602739726027397,0.4246575342465753,0.2328767123287671
926,-67.9457659725738,88,0.05,1e-05,1.665778438623645,0.09090909090909091,0.25,0.4090909090909091,0.25
927,-100.94683131810257,97,0.05,1e-05,1.6745905498351652,0.14432989690721648,0.26804123711340205,0.30927835051546393,0.27835051546391754
928,-108.45626013946035,79,0.05,1e-05,1.6944334159249472,0.08860759493670886,0.27848101265822783,0.3670886075949367,0.26582278481012656
929,18.84320672726537,191,0.05,1e-05,1.6761105348745018,0.19895287958115182,0.21465968586387435,0.3612565445026178,0.225130890052356
930,-180.5141151750065,88,0.05,1e-05,1.7237002642189443,0.125,0.2840909090909091,0.3522727272727273,0.23863636363636365
931,253.78891087703477,190,0.05,1e-05,1.8020147523172383,0.21578947368421053,0.04736842105263158,0.32105263157894737,0.41578947368421054
932,-257.1751896421681,103,0.05,1e-05,1.8100108871828482,0.1262135922330097,0.4077669902912621,0.20388349514563106,0.2621359223300971
933,-209.00568863400238,106,0.05,1e-05,1.7568148226349871,0.2169811320754717,0.3018867924528302,0.2830188679245283,0.19811320754716982
934,-126.84652400475854,69,0.05,1e-05,1.7167530106878601,0.07246376811594203,0.2753623188405797,0.3333333333333333,0.3188405797101449
935,-41.385542119859764,73,0.05,1e-05,1.7508062272033957,0.0410958904109589,0.2602739726027397,0.4520547945205479,0.2465753424657534
936,31.017495056680218,103,0.05,1e-05,1.770910296640313,0.18446601941747573,0.04854368932038835,0.6213592233009708,0.14563106796116504
937,2.685036032721854,87,0.05,1e-05,1.7614756409584518,0.19540229885057472,0.06896551724137931,0.5517241379310345,0.1839080459770115
938,-212.90047977159304,95,0.05,1e-05,1.7323919136439518,0.2631578947368421,0.29473684210526313,0.22105263157894736,0.22105263157894736
939,-15.25274749836214,91,0.05,1e-05,1.7400494694605892,0.2967032967032967,0.054945054945054944,0.5164835164835165,0.13186813186813187
940,14.91131941337727,99,0.05,1e-05,1.7361133394979236,0.16161616161616163,0.12121212121212122,0.5151515151515151,0.20202020202020202
941,-123.57461348448858,75,0.05,1e-05,1.7749805666898013,0.17333333333333334,0.21333333333333335,0.36,0.25333333333333335
942,11.681502683216564,71,0.05,1e-05,1.7317719483214171,0.08450704225352113,0.19718309859154928,0.5352112676056338,0.18309859154929578
943,-30.15613944575037,125,0.05,1e-05,1.7368707394120206,0.232,0.168,0.464,0.136
944,-97.85166944298804,78,0.05,1e-05,1.7284054242743514,0.34615384615384615,0.1794871794871795,0.28205128205128205,0.19230769230769232
945,-130.6563638428327,112,0.05,1e-05,1.7404072662193255,0.25,0.16964285714285715,0.4017857142857143,0.17857142857142858
946,-179.89407626781085,126,0.05,1e-05,1.7314826896619828,0.30158730158730157,0.14285714285714285,0.46825396825396826,0.0873015873015873
947,-107.50385461594719,125,0.05,1e-05,1.7436004004624635,0.272,0.192,0.432,0.104
948,234.4196734051548,607,0.05,1e-05,1.787567655868973,0.09060955518945635,0.03459637561779242,0.11532125205930807,0.7594728171334432
949,-147.37308309851247,94,0.05,1e-05,1.7492520077501197,0.2127659574468085,0.2127659574468085,0.2978723404255319,0.2765957446808511
950,-106.58039862145273,88,0.05,1e-05,1.7650998215567035,0.19318181818181818,0.20454545454545456,0.32954545454545453,0.2727272727272727
951,40.2804290986856,89,0.05,1e-05,1.7686673373150115,0.14606741573033707,0.0898876404494382,0.5730337078651685,0.19101123595505617
952,-119.671372379062,82,0.05,1e-05,1.791493313198501,0.10975609756097561,0.2804878048780488,0.35365853658536583,0.25609756097560976
953,-111.04295793198222,103,0.05,1e-05,1.724443949173243,0.1941747572815534,0.27184466019417475,0.32038834951456313,0.21359223300970873
954,-33.245334935966554,194,0.05,1e-05,1.7634628438909994,0.211340206185567,0.13402061855670103,0.4175257731958763,0.23711340206185566
955,-216.5467635389588,92,0.05,1e-05,1.7640428183735546,0.16304347826086957,0.32608695652173914,0.25,0.2608695652173913
956,6.042365083179661,78,0.05,1e-05,1.786220061583373,0.16666666666666666,0.3333333333333333,0.34615384615384615,0.15384615384615385
957,4.988182776595991,90,0.05,1e-05,1.767762033118483,0.23333333333333334,0.15555555555555556,0.4777777777777778,0.13333333333333333
958,-108.18213121069063,83,0.05,1e-05,1.7756320648866337,0.1927710843373494,0.25301204819277107,0.3132530120481928,0.24096385542168675
959,7.822143830798339,129,0.05,1e-05,1.7719998257387999,0.2248062015503876,0.24031007751937986,0.3798449612403101,0.15503875968992248
960,-92.06474456067032,135,0.05,1e-05,1.7645968698694556,0.2740740740740741,0.2,0.4074074074074074,0.11851851851851852
961,-58.984487957524124,70,0.05,1e-05,1.7809117624134783,0.18571428571428572,0.18571428571428572,0.4714285714285714,0.15714285714285714
962,-17.497737826238463,149,0.05,1e-05,1.7569122613154975,0.21476510067114093,0.08053691275167785,0.436241610738255,0.2684563758389262
963,-20.23378370117284,73,0.05,1e-05,1.7629525294908712,0.0958904109589041,0.1917808219178082,0.4794520547945205,0.2328767123287671
964,-113.58005147557286,102,0.05,1e-05,1.7569707312415157,0.08823529411764706,0.29411764705882354,0.3431372549019608,0.27450980392156865
965,-106.22626417103517,99,0.05,1e-05,1.8330918170184785,0.23232323232323232,0.3434343434343434,0.20202020202020202,0.2222222222222222
966,120.24882492558504,1000,0.05,1e-05,1.8303237593117418,0.357,0.122,0.254,0.267
967,-8.065794286618456,98,0.05,1e-05,1.794830575813502,0.2755102040816326,0.11224489795918367,0.4489795918367347,0.16326530612244897
968,-133.50707348984787,99,0.05,1e-05,1.7863772090661667,0.12121212121212122,0.29292929292929293,0.32323232323232326,0.26262626262626265
969,-114.78799135293455,95,0.05,1e-05,1.803384360539245,0.1368421052631579,0.23157894736842105,0.3894736842105263,0.24210526315789474
970,-106.82497589076472,80,0.05,1e-05,1.8289918789123785,0.0625,0.3,0.4,0.2375
971,-145.21969010219212,111,0.05,1e-05,1.8426715911281129,0.23423423423423423,0.25225225225225223,0.2972972972972973,0.21621621621621623
972,-25.428766202482308,133,0.05,1e-05,1.8280755932397328,0.11278195488721804,0.22556390977443608,0.44360902255639095,0.21804511278195488
973,-47.85712980481034,132,0.05,1e-05,1.8069294982669153,0.17424242424242425,0.1590909090909091,0.5151515151515151,0.15151515151515152
974,-103.3469044202012,82,0.05,1e-05,1.8238864758365638,0.08536585365853659,0.23170731707317074,0.4268292682926829,0.25609756097560976
975,-5.247429568690393,144,0.05,1e-05,1.800892545480269,0.16666666666666666,0.1527777777777778,0.4930555555555556,0.1875
976,-97.41699772201054,91,0.05,1e-05,1.9496483434738543,0.17582417582417584,0.23076923076923078,0.3626373626373626,0.23076923076923078
977,-87.37311815924731,87,0.05,1e-05,1.9100043464000418,0.27586206896551724,0.1724137931034483,0.3333333333333333,0.21839080459770116
978,222.2650187180946,276,0.05,1e-05,1.8685980997096088,0.33695652173913043,0.07608695652173914,0.2644927536231884,0.322463768115942
979,-105.89741019759244,104,0.05,1e-05,1.863827433168029,0.2403846153846154,0.19230769230769232,0.3942307692307692,0.17307692307692307
980,9.389954866040355,183,0.05,1e-05,1.8603881004353544,0.2896174863387978,0.14754098360655737,0.3333333333333333,0.22950819672131148
981,-47.660592709801946,112,0.05,1e-05,1.8221007999273324,0.1875,0.24107142857142858,0.35714285714285715,0.21428571428571427
982,-26.938172181166664,127,0.05,1e-05,1.8472601648793348,0.13385826771653545,0.23622047244094488,0.41732283464566927,0.2125984251968504
983,-105.26041258542477,89,0.05,1e-05,1.857818853024955,0.06741573033707865,0.2696629213483146,0.4157303370786517,0.24719101123595505
984,17.171151713609447,104,0.05,1e-05,1.8179919533848816,0.18269230769230768,0.11538461538461539,0.5480769230769231,0.15384615384615385
985,-13.985643901969894,97,0.05,1e-05,1.834439364201171,0.10309278350515463,0.25773195876288657,0.4536082474226804,0.18556701030927836
986,-243.79130915506462,163,0.05,1e-05,1.8517432840561892,0.147239263803681,0.17791411042944785,0.48466257668711654,0.1901840490797546
987,7.705038185587114,135,0.05,1e-05,1.8402234796911927,0.1037037037037037,0.2074074074074074,0.45925925925925926,0.22962962962962963
988,222.65576511244672,353,0.05,1e-05,1.8270577718496235,0.10764872521246459,0.0339943342776204,0.23512747875354106,0.623229461756374
989,-89.12961135859875,126,0.05,1e-05,1.8829063764395195,0.23809523809523808,0.23015873015873015,0.3333333333333333,0.1984126984126984
990,-112.61563589483518,96,0.05,1e-05,1.9596442421056597,0.13541666666666666,0.3541666666666667,0.28125,0.22916666666666666
991,-74.08259333417791,104,0.05,1e-05,1.9297496621519008,0.19230769230769232,0.22115384615384615,0.36538461538461536,0.22115384615384615
992,-127.55281504363622,89,0.05,1e-05,1.9009995464040645,0.07865168539325842,0.3258426966292135,0.33707865168539325,0.25842696629213485
993,265.91659513030663,379,0.05,1e-05,1.8879693951733683,0.34564643799472294,0.17678100263852242,0.3245382585751979,0.15303430079155672
994,-51.829082186359855,65,0.05,1e-05,1.8714991892501842,0.2923076923076923,0.18461538461538463,0.4,0.12307692307692308
995,289.82679990300335,261,0.05,1e-05,1.8741400379729143,0.3946360153256705,0.14559386973180077,0.19540229885057472,0.26436781609195403
996,-91.31851489142743,112,0.05,1e-05,1.8671424373127792,0.21428571428571427,0.24107142857142858,0.35714285714285715,0.1875
997,0.2085358420742125,70,0.05,1e-05,1.891856753969261,0.07142857142857142,0.3,0.4,0.22857142857142856
998,-68.07092160099555,84,0.05,1e-05,1.8859937182147317,0.16666666666666666,0.23809523809523808,0.4523809523809524,0.14285714285714285
999,-129.06306061125335,112,0.05,1e-05,1.854201036917642,0.16071428571428573,0.3482142857142857,0.29464285714285715,0.19642857142857142
