Episode,Total_Reward,Steps,Epsilon,Learning_Rate,Average_Loss,Action_0_Percentage,Action_1_Percentage,Action_2_Percentage,Action_3_Percentage
0,-130.3837788637823,85,0.9950195566196387,0.00496559332726813,0.0,0.25882352941176473,0.2,0.24705882352941178,0.29411764705882354
1,-151.01345117552444,73,0.9900639180555424,0.004931423418361956,0.0,0.3424657534246575,0.3150684931506849,0.1780821917808219,0.1643835616438356
2,-187.78967471007155,77,0.9851329607687281,0.004897488644030385,0.0,0.12987012987012986,0.35064935064935066,0.2727272727272727,0.24675324675324675
3,-169.32569982294189,100,0.9802265618354918,0.004863787386233744,0.0,0.23,0.22,0.34,0.21
4,-51.325282039346384,144,0.975344598944344,0.004830318038066636,0.0,0.25,0.20833333333333334,0.2847222222222222,0.2569444444444444
5,-104.37835661880703,71,0.9704869503929605,0.004797079003681315,0.0,0.2112676056338028,0.22535211267605634,0.323943661971831,0.23943661971830985
6,-125.3544042127561,63,0.9656534950851489,0.004764068698211598,0.0,0.2857142857142857,0.12698412698412698,0.2222222222222222,0.36507936507936506
7,-412.668285157574,89,0.9608441125278293,0.0047312855476972955,0.0,0.2247191011235955,0.30337078651685395,0.24719101123595505,0.2247191011235955
8,-102.42524407641233,75,0.956058682828031,0.004698727989009166,0.0,0.26666666666666666,0.2,0.26666666666666666,0.26666666666666666
9,-206.42453896943533,95,0.9512970866899032,0.004666394469774383,0.0,0.2631578947368421,0.24210526315789474,0.17894736842105263,0.3157894736842105
10,-154.37209209352812,72,0.9465592054117414,0.004634283448302516,0.0,0.18055555555555555,0.3472222222222222,0.16666666666666666,0.3055555555555556
11,-127.76957499127792,106,0.9418449208830285,0.004602393393512023,0.0,0.22641509433962265,0.2169811320754717,0.2358490566037736,0.32075471698113206
12,-229.63102555015496,90,0.9371541155814898,0.004570722784857245,0.0,0.2777777777777778,0.26666666666666666,0.24444444444444444,0.2111111111111111
13,-94.98007728266674,75,0.9324866725701636,0.004539270112255908,0.0,0.24,0.2,0.24,0.32
14,-213.12765596955603,75,0.9278424754944864,0.004508033876017119,0.0,0.22666666666666666,0.3333333333333333,0.14666666666666667,0.29333333333333333
15,-66.5712873964116,92,0.9232214085793918,0.004477012586769858,0.0,0.31521739130434784,0.22826086956521738,0.22826086956521738,0.22826086956521738
16,-488.7912401617341,113,0.9186233566264248,0.004446204765391968,0.0,0.18584070796460178,0.21238938053097345,0.22123893805309736,0.3805309734513274
17,-82.25354386106042,89,0.9140482050108695,0.004415608942939624,0.0,0.21348314606741572,0.21348314606741572,0.2696629213483146,0.30337078651685395
18,-90.52990057530637,109,0.9094958396788919,0.004385223660577296,0.0,0.21100917431192662,0.29357798165137616,0.26605504587155965,0.22935779816513763
19,-72.58105606594732,61,0.904966147144697,0.004355047469508188,0.0,0.19672131147540983,0.22950819672131148,0.26229508196721313,0.3114754098360656
20,-172.9372467441317,146,0.9004590144876992,0.004325078930905163,0.0,0.19863013698630136,0.21232876712328766,0.2808219178082192,0.3082191780821918
21,-96.3283745275233,67,0.8959743293497072,0.004295316615842131,0.0,0.2835820895522388,0.14925373134328357,0.208955223880597,0.3582089552238806
22,-153.41164235743895,114,0.8915119799321238,0.004265759105225923,0.0,0.21052631578947367,0.22807017543859648,0.22807017543859648,0.3333333333333333
23,-238.99290523275323,123,0.8870718549931581,0.004236404989728622,0.0,0.2032520325203252,0.2601626016260163,0.24390243902439024,0.2926829268292683
24,-104.84146683908921,79,0.8826538438450526,0.004207252869720371,0.0,0.189873417721519,0.24050632911392406,0.17721518987341772,0.3924050632911392
25,-318.63886067974397,66,0.878257836351324,0.0041783013552026335,0.0,0.22727272727272727,0.15151515151515152,0.19696969696969696,0.42424242424242425
26,-110.55560123079093,90,0.8738837229240176,0.004149549065741917,0.0,0.2111111111111111,0.2777777777777778,0.17777777777777778,0.3333333333333333
27,-150.2596604120228,85,0.8695313945209752,0.004120994630403953,0.0,0.2,0.2823529411764706,0.21176470588235294,0.3058823529411765
28,-88.93414341825363,101,0.8652007426431169,0.004092636687688333,0.0,0.31683168316831684,0.2376237623762376,0.1782178217821782,0.26732673267326734
29,-176.6273844157608,69,0.8608916593317363,0.004064473885463585,0.0,0.2028985507246377,0.2463768115942029,0.21739130434782608,0.3333333333333333
30,-310.60508731218425,84,0.8566040371658092,0.00403650488090271,0.0,0.23809523809523808,0.16666666666666666,0.2261904761904762,0.36904761904761907
31,-126.454041465581,86,0.852337769259316,0.004008728340419147,0.0,0.1744186046511628,0.3023255813953488,0.23255813953488372,0.29069767441860467
32,-326.5409268513064,106,0.8480927492585766,0.003981142939603193,0.0,0.22641509433962265,0.20754716981132076,0.19811320754716982,0.36792452830188677
33,-526.3457102117675,110,0.8438688713395993,0.003953747363158849,0.0,0.2727272727272727,0.14545454545454545,0.2,0.38181818181818183
34,-122.1840576298154,104,0.8396660302054431,0.003926540304841109,0.0,0.21153846153846154,0.25961538461538464,0.21153846153846154,0.3173076923076923
35,-197.03121850252114,98,0.8354841210835922,0.0038995204673936763,0.0,0.21428571428571427,0.1836734693877551,0.2653061224489796,0.336734693877551
36,-152.71123715690197,87,0.8313230397233444,0.003872686562487108,0.0,0.2988505747126437,0.2413793103448276,0.16091954022988506,0.2988505747126437
37,-137.51004868258264,98,0.8271826823932125,0.003846037310657387,0.0,0.21428571428571427,0.24489795918367346,0.20408163265306123,0.336734693877551
38,-344.8182032096644,110,0.8230629458783377,0.0038195714412449172,0.0,0.2,0.18181818181818182,0.2909090909090909,0.32727272727272727
39,-236.1701095433023,80,0.8189637274779172,0.003793287692333935,0.0,0.2875,0.1625,0.2,0.35
40,-143.503396892586,70,0.8148849250026439,0.0037671848106923425,0.0,0.22857142857142856,0.22857142857142856,0.22857142857142856,0.3142857142857143
41,-190.9008110579158,81,0.8108264367721583,0.00374126155171195,0.0,0.2716049382716049,0.20987654320987653,0.14814814814814814,0.37037037037037035
42,-187.19154321079088,96,0.8067881616125144,0.003715516679349134,0.0,0.1875,0.2604166666666667,0.22916666666666666,0.3229166666666667
43,-415.4887029642603,86,0.8027699988536575,0.0036899489660659,0.0,0.2441860465116279,0.20930232558139536,0.19767441860465115,0.3488372093023256
44,-154.43333031949754,69,0.7987718483269142,0.003664557192771354,0.0,0.17391304347826086,0.2898550724637681,0.11594202898550725,0.42028985507246375
45,-348.96608767292173,102,0.7947936103624954,0.0036393401487635735,0.0,0.23529411764705882,0.19607843137254902,0.14705882352941177,0.4215686274509804
46,-96.64131396405345,95,0.7908351857870121,0.003614296631671881,0.0,0.17894736842105263,0.22105263157894736,0.2,0.4
47,-499.82759446837434,98,0.7868964759210023,0.0035894254473995144,0.0,0.21428571428571427,0.19387755102040816,0.17346938775510204,0.41836734693877553
48,-232.96961492440747,126,0.7829773825764719,0.00356472541006669,0.0,0.21428571428571427,0.2222222222222222,0.21428571428571427,0.3492063492063492
49,-109.36611975704434,96,0.7790778080544463,0.0035401953419540613,0.0,0.3125,0.19791666666666666,0.1875,0.3020833333333333
50,-337.2228884078145,82,0.7751976551425351,0.0035158340734465607,0.0,0.1951219512195122,0.1951219512195122,0.1951219512195122,0.4146341463414634
51,-134.99582603999025,58,0.771336827112509,0.003491640442977634,0.0,0.2413793103448276,0.27586206896551724,0.15517241379310345,0.3275862068965517
52,-379.7666430436689,102,0.7674952277178876,0.0034676132969738557,0.0,0.2647058823529412,0.1568627450980392,0.1568627450980392,0.4215686274509804
53,-557.3852047647421,89,0.7636727611915411,0.003443751489799924,0.0,0.20224719101123595,0.11235955056179775,0.23595505617977527,0.449438202247191
54,-151.37631073801725,72,0.7598693322433026,0.0034200538837040368,0.0,0.20833333333333334,0.18055555555555555,0.2361111111111111,0.375
55,-226.18206443213845,66,0.7560848460575919,0.0033965193487636436,1.5671716083224578,0.13636363636363635,0.25757575757575757,0.24242424242424243,0.36363636363636365
56,-73.41858932304157,142,0.7523192082910528,0.003373146762831569,1.1066683638016936,0.1619718309859155,0.22535211267605634,0.3732394366197183,0.23943661971830985
57,24.396584774565156,131,0.748572325070201,0.0033499350114825064,0.9051509258037993,0.20610687022900764,0.21374045801526717,0.3511450381679389,0.22900763358778625
58,-173.0881627743817,138,0.7448441029890834,0.0033268829879598842,0.8176876422918543,0.2028985507246377,0.2318840579710145,0.32608695652173914,0.2391304347826087
59,-195.8839131394912,114,0.7411344491069503,0.003303989593123092,0.7522976238808615,0.22807017543859648,0.19298245614035087,0.3333333333333333,0.24561403508771928
60,-129.85884710123898,108,0.7374432709459379,0.0032812537353950743,0.7143912399109742,0.24074074074074073,0.18518518518518517,0.3611111111111111,0.21296296296296297
61,-145.06503633773082,156,0.7337704764887631,0.0032586743307102817,0.6916848894519214,0.16666666666666666,0.1987179487179487,0.4551282051282051,0.1794871794871795
62,-163.3285010488354,81,0.7301159741764301,0.003236250302462983,0.6646970719217711,0.18518518518518517,0.20987654320987653,0.345679012345679,0.25925925925925924
63,-402.3788577293267,133,0.7264796729059471,0.003213980581455931,1.0801146436669844,0.21804511278195488,0.23308270676691728,0.2932330827067669,0.2556390977443609
64,-269.2987606063041,106,0.7228614820280556,0.0031918641058493835,1.4811381183804198,0.14150943396226415,0.18867924528301888,0.33962264150943394,0.330188679245283
65,-30.296730461119864,99,0.7192613113449707,0.003169899821110471,1.3501655929868797,0.15151515151515152,0.1717171717171717,0.5252525252525253,0.15151515151515152
66,-93.72163551672092,135,0.7156790711081327,0.003148086679962919,1.1652120665452965,0.17777777777777778,0.18518518518518517,0.37777777777777777,0.25925925925925924
67,-137.31963734260574,122,0.712114672015969,0.0031264236423371103,1.0990324376893672,0.21311475409836064,0.2786885245901639,0.30327868852459017,0.20491803278688525
68,-258.4524326506348,100,0.708568025211669,0.0031049096753204956,1.0436631717585287,0.19,0.34,0.25,0.22
69,-52.52868671102654,172,0.7050390422809678,0.003083543753108342,0.9446932901843611,0.14534883720930233,0.19186046511627908,0.4069767441860465,0.2558139534883721
70,-73.42234357200951,139,0.7015276352499433,0.0030623248569548217,0.9610255247137293,0.19424460431654678,0.22302158273381295,0.41007194244604317,0.17266187050359713
71,-19.899966656316295,149,0.6980337165828222,0.0030412519751244387,0.905798061835387,0.22818791946308725,0.21476510067114093,0.35570469798657717,0.20134228187919462
72,-155.89161013628774,104,0.6945571991797983,0.003020324102843787,0.9257383201094945,0.1346153846153846,0.2692307692307692,0.3557692307692308,0.2403846153846154
73,-114.99376971023236,117,0.691097996374861,0.002999540242253642,0.8690108766071991,0.1623931623931624,0.23931623931623933,0.39316239316239315,0.20512820512820512
74,-147.15941080842978,119,0.6876560219336348,0.002978899402361383,0.8772740650448402,0.15966386554621848,0.23529411764705882,0.37815126050420167,0.226890756302521
75,-70.12244740233038,103,0.6842311900512299,0.002958400598993741,0.8108642558499913,0.13592233009708737,0.2524271844660194,0.39805825242718446,0.21359223300970873
76,-77.64745549299633,129,0.6808234153501025,0.0029380428547498717,0.8027083068982488,0.15503875968992248,0.31007751937984496,0.3333333333333333,0.20155038759689922
77,-70.5449010389633,123,0.6774326128779271,0.0029178251989547543,0.8279608840365317,0.1951219512195122,0.22764227642276422,0.3252032520325203,0.25203252032520324
78,-95.0322264713707,104,0.6740586981054784,0.0028977466676129065,0.821159160324101,0.14423076923076922,0.27884615384615385,0.38461538461538464,0.19230769230769232
79,-36.5919017642786,105,0.670701586924524,0.0028778063033624217,0.8255842387186794,0.18095238095238095,0.20952380952380953,0.4380952380952381,0.17142857142857143
80,8.45017483401736,139,0.6673611956457279,0.002858003155429321,1.5676336881262178,0.22302158273381295,0.26618705035971224,0.28776978417266186,0.22302158273381295
81,-78.82887836015229,97,0.6640374409965641,0.0028383362795822193,1.4990344952009083,0.17525773195876287,0.18556701030927836,0.3917525773195876,0.24742268041237114
82,-41.77672838339188,190,0.6607302401192408,0.002818804738087304,1.3933684492649439,0.19473684210526315,0.22631578947368422,0.4052631578947368,0.1736842105263158
83,-80.69474944091328,108,0.6574395105686344,0.002799407599663621,1.30098009647559,0.21296296296296297,0.24074074074074073,0.3333333333333333,0.21296296296296297
84,-76.41823050621949,95,0.6541651703102348,0.002780143939438674,1.2291585080249405,0.1368421052631579,0.17894736842105263,0.4631578947368421,0.22105263157894736
85,-183.55966770159597,133,0.6509071377181003,0.0027610128389043225,1.188787021218463,0.18045112781954886,0.2706766917293233,0.2932330827067669,0.2556390977443609
86,-19.027570143964894,93,0.6476653315728222,0.0027420133858729883,1.209447486137413,0.16129032258064516,0.20430107526881722,0.5268817204301075,0.10752688172043011
87,-120.03124852032906,198,0.6444396710595008,0.0027231446744341607,1.1720738890196927,0.16666666666666666,0.20707070707070707,0.40404040404040403,0.2222222222222222
88,-129.24512670496665,122,0.6412300757657303,0.002704405804911203,1.0968459380006323,0.16393442622950818,0.19672131147540983,0.38524590163934425,0.2540983606557377
89,-22.60758209496794,158,0.6380364656795943,0.0026857958838184533,1.1258738199895661,0.16455696202531644,0.17088607594936708,0.4810126582278481,0.18354430379746836
90,-196.5815389505612,118,0.6348587611876713,0.002667314023818624,1.082487252206227,0.1864406779661017,0.288135593220339,0.2966101694915254,0.2288135593220339
91,-54.7403544236058,146,0.6316968830730497,0.0026489593436804936,1.0203232803661864,0.1780821917808219,0.13013698630136986,0.4657534246575342,0.22602739726027396
92,-72.09440265693456,95,0.6285507525133537,0.0026307309682368847,1.0183730640936153,0.22105263157894736,0.10526315789473684,0.45263157894736844,0.22105263157894736
93,-306.7168001481559,124,0.6254202910787774,0.0026126280283429405,1.0164352233093008,0.22580645161290322,0.3064516129032258,0.25,0.21774193548387097
94,-156.94032339245246,118,0.6223054207301305,0.002594649660834679,0.9640377423456171,0.17796610169491525,0.1864406779661017,0.3898305084745763,0.2457627118644068
95,-141.9135817019574,111,0.6192060638168921,0.00257679500848784,1.1883157324712998,0.1891891891891892,0.27927927927927926,0.32432432432432434,0.2072072072072072
96,-98.13375129762444,178,0.6161221430752757,0.0025590632199770087,1.6036965181670553,0.12921348314606743,0.2247191011235955,0.449438202247191,0.19662921348314608
97,-106.69050411672767,132,0.6130535816263024,0.002541453449835026,1.4222334291122205,0.18181818181818182,0.2196969696969697,0.3181818181818182,0.2803030303030303
98,-60.99195936047529,124,0.6100003029738849,0.0025239648584126748,1.3560141335813103,0.1774193548387097,0.18548387096774194,0.41935483870967744,0.21774193548387097
99,-34.06852109148609,120,0.6069622310029202,0.002506596611838646,1.2596954075509417,0.125,0.125,0.5583333333333333,0.19166666666666668
100,-59.29048742555829,155,0.6039392899773924,0.002489347881979777,1.2711702506206601,0.15483870967741936,0.2129032258064516,0.4645161290322581,0.16774193548387098
101,-97.99959264501285,103,0.6009314045384845,0.0024722178464015665,1.2707432274650294,0.11650485436893204,0.1650485436893204,0.4368932038834951,0.2815533980582524
102,-89.85252877472077,138,0.5979384997026995,0.0024552056883289613,1.187944057116335,0.17391304347826086,0.26811594202898553,0.34782608695652173,0.21014492753623187
103,-73.32852786350239,212,0.5949605008599921,0.0024383105966074093,1.240209510509171,0.1320754716981132,0.2358490566037736,0.45754716981132076,0.17452830188679244
104,-74.67469243487977,110,0.5919973337719074,0.002421531765664185,1.1120255965064783,0.09090909090909091,0.18181818181818182,0.43636363636363634,0.2909090909090909
105,12.055801059212257,159,0.5890489245697316,0.002404868395469978,1.1035605940421516,0.1509433962264151,0.2138364779874214,0.49056603773584906,0.14465408805031446
106,-239.13727240046018,205,0.5861151997526493,0.0023883196915007476,1.1477024505327285,0.14634146341463414,0.2146341463414634,0.424390243902439,0.2146341463414634
107,-33.26201586510332,106,0.583196086185912,0.002371884864699838,1.1510104726065695,0.16981132075471697,0.18867924528301888,0.4528301886792453,0.18867924528301888
108,-99.57246945186536,124,0.5802915110990148,0.0023555631314403575,1.1215593449930115,0.12903225806451613,0.25806451612903225,0.3387096774193548,0.27419354838709675
109,-55.79378328488743,138,0.5774014020838818,0.002339353713487812,1.3026174052977917,0.16666666666666666,0.13043478260869565,0.5797101449275363,0.12318840579710146
110,-82.55101307942068,92,0.5745256870930618,0.002323255837963,1.8293988311534373,0.1956521739130435,0.20652173913043478,0.42391304347826086,0.17391304347826086
111,-81.85730775770905,108,0.5716642944379317,0.00230726873730516,1.8185741136329243,0.1574074074074074,0.14814814814814814,0.5370370370370371,0.1574074074074074
112,-234.6960104076914,553,0.5688171527869094,0.002291391649235373,1.6285514013056392,0.13924050632911392,0.27124773960216997,0.33815551537070526,0.2513562386980108
113,-36.28841779178002,131,0.5659841911636758,0.002275623816720217,1.4983911939652337,0.24427480916030533,0.2595419847328244,0.3435114503816794,0.15267175572519084
114,-16.469356152084913,236,0.5631653389454055,0.002259964487935669,1.5219219349458808,0.1864406779661017,0.19491525423728814,0.423728813559322,0.19491525423728814
115,-17.901457714546993,98,0.5603605258610059,0.002244412916231259,1.4728661031106869,0.1836734693877551,0.15306122448979592,0.5204081632653061,0.14285714285714285
116,-280.18601556045076,162,0.5575696819893657,0.002228968360094469,1.452007534670405,0.11728395061728394,0.25925925925925924,0.4444444444444444,0.17901234567901234
117,-95.49298560560361,233,0.5547927377576116,0.0022136300831153764,1.4225879034861815,0.1630901287553648,0.20600858369098712,0.44635193133047213,0.18454935622317598
118,-52.2505390167132,128,0.5520296239393742,0.002198397353951542,1.4155326083719924,0.15625,0.1640625,0.40625,0.2734375
119,-205.17923816498052,122,0.5492802716530619,0.002183269446293138,1.2842063563785493,0.10655737704918032,0.27049180327868855,0.319672131147541,0.30327868852459017
120,-38.29528739055033,117,0.5465446123601444,0.0021682456388283184,1.4267639277800883,0.15384615384615385,0.1794871794871795,0.47863247863247865,0.18803418803418803
121,-148.81880626025833,172,0.5438225778634432,0.0021533252152088245,1.7545433390455558,0.12209302325581395,0.27325581395348836,0.3953488372093023,0.20930232558139536
122,-66.07472945939621,115,0.5411141003054323,0.0021385074640158297,1.6884109272766836,0.1391304347826087,0.20869565217391303,0.48695652173913045,0.16521739130434782
123,-9.208283790475505,123,0.5384191121665459,0.002123791678726019,1.6352511433197212,0.14634146341463414,0.22764227642276422,0.37398373983739835,0.25203252032520324
124,-5.512494085192387,169,0.535737546263496,0.0021091771576779,1.5943602423734737,0.10650887573964497,0.23668639053254437,0.46745562130177515,0.1893491124260355
125,-117.35555582700543,231,0.533069335747597,0.0020946632040383484,1.5311063286227014,0.13852813852813853,0.19047619047619047,0.4458874458874459,0.22510822510822512
126,-116.8804399007301,155,0.5304144141030992,0.0020802491257693807,1.531665428137942,0.14838709677419354,0.12903225806451613,0.5096774193548387,0.2129032258064516
127,-45.23730120633975,94,0.5277727151455311,0.00206593423559516,1.4963783081702844,0.13829787234042554,0.18085106382978725,0.4787234042553192,0.20212765957446807
128,-61.88916958922211,104,0.5251441730200492,0.0020517178509692224,1.5176679608845174,0.14423076923076922,0.1346153846153846,0.5,0.22115384615384615
129,-67.16623350900737,118,0.5225287221997962,0.0020375992940419355,1.471851995609229,0.1440677966101695,0.17796610169491525,0.423728813559322,0.2542372881355932
130,-205.906762339947,159,0.5199262974842676,0.0020235778916281775,1.4517966932602244,0.16981132075471697,0.2389937106918239,0.34591194968553457,0.24528301886792453
131,-85.7034680078086,303,0.5173368339976863,0.002009652975175238,1.417201439336257,0.1419141914191419,0.1782178217821782,0.5247524752475248,0.1551155115511551
132,-184.12163634362585,163,0.5147602671873854,0.0019958238807309416,1.3686502225417405,0.19631901840490798,0.22699386503067484,0.3803680981595092,0.19631901840490798
133,20.168625360690797,102,0.512196532822199,0.0019820899489119896,1.3755888000261813,0.08823529411764706,0.20588235294117646,0.5294117647058824,0.17647058823529413
134,-60.16203364261557,107,0.5096455669908607,0.001968450524872521,1.7320141130559294,0.14953271028037382,0.19626168224299065,0.40186915887850466,0.2523364485981308
135,-213.8393583065486,252,0.5071073061004107,0.0019549049582728876,1.6891669396583338,0.1746031746031746,0.17063492063492064,0.36507936507936506,0.2896825396825397
136,-36.67694623449283,168,0.50458168687461,0.0019414526032486465,1.6818030175763974,0.1488095238095238,0.19642857142857142,0.5416666666666666,0.1130952380952381
137,-15.303277105537177,101,0.5020686463523638,0.0019280928183797639,1.6423194378795833,0.06930693069306931,0.22772277227722773,0.49504950495049505,0.2079207920792079
138,-22.300156954540228,116,0.49956812188615124,0.0019148249666600316,1.6486217835669605,0.13793103448275862,0.22413793103448276,0.4396551724137931,0.19827586206896552
139,-52.67944076182162,116,0.49708005114046383,0.0019016484154666946,1.6426548564453545,0.21551724137931033,0.2672413793103448,0.35344827586206895,0.16379310344827586
140,-28.294003479987268,130,0.49460437209025165,0.0018885625365302864,1.637045281655566,0.07692307692307693,0.2923076923076923,0.4,0.23076923076923078
141,-14.645624052994748,219,0.492141023019377,0.001875566705904673,1.5594728702630087,0.0958904109589041,0.2146118721461187,0.4611872146118721,0.228310502283105
142,26.735507594449984,170,0.48968994251907594,0.0018626603039373023,1.487085746398877,0.16470588235294117,0.2823529411764706,0.37058823529411766,0.18235294117647058
143,-66.36738565860273,175,0.4872510694864273,0.0018498427152396591,1.4678578264670483,0.16,0.16,0.5028571428571429,0.17714285714285713
144,-93.85439455718695,71,0.4848243431228297,0.0018371133286579223,1.4450309635535274,0.16901408450704225,0.323943661971831,0.323943661971831,0.18309859154929578
145,44.884244655446864,1000,0.4824097029324856,0.0018244715372438245,1.7199254224074938,0.206,0.293,0.273,0.228
146,-44.8578993368875,117,0.4800070887208934,0.0018119167382257126,1.7743672475268664,0.1452991452991453,0.24786324786324787,0.41025641025641024,0.19658119658119658
147,-36.63947881686339,134,0.47761644059334696,0.0017994483329798066,1.8368087358303367,0.21641791044776118,0.26119402985074625,0.34328358208955223,0.1791044776119403
148,-66.3201818092447,126,0.4752376989534421,0.0017870657270016577,1.8012210253158576,0.12698412698412698,0.18253968253968253,0.3333333333333333,0.35714285714285715
149,-130.38760632623928,419,0.4728708045015913,0.0017747683298778003,1.6927207692303954,0.14797136038186157,0.1909307875894988,0.4892601431980907,0.1718377088305489
150,-24.354920714329666,227,0.4705156982335452,0.001762555555257602,1.6269191518791986,0.14096916299559473,0.2026431718061674,0.4889867841409692,0.16740088105726872
151,-60.97628124356429,196,0.4681723214389219,0.0017504268208253044,1.7015103643230598,0.15306122448979592,0.16326530612244897,0.5,0.1836734693877551
152,1.200036573051591,118,0.46584061569974305,0.0017383815482722598,1.6176968560196876,0.0847457627118644,0.23728813559322035,0.5423728813559322,0.13559322033898305
153,-88.94412001971847,131,0.4635205228889778,0.001726419163269355,1.7375373322535317,0.12213740458015267,0.366412213740458,0.2824427480916031,0.22900763358778625
154,-210.28324345633098,170,0.4612119851690938,0.0017145390954396275,1.8413839703180557,0.11764705882352941,0.2,0.4823529411764706,0.2
155,-53.25054808518361,90,0.4589149449906151,0.00170274077833107,1.6998039243520036,0.15555555555555556,0.25555555555555554,0.4444444444444444,0.14444444444444443
156,-76.03856515768189,286,0.4566293450906877,0.0016910236493896207,1.6838280840044404,0.1048951048951049,0.1958041958041958,0.513986013986014,0.1853146853146853
157,-69.57315346420442,114,0.45435512849165205,0.0016793871499323405,1.645259965578427,0.10526315789473684,0.2894736842105263,0.42105263157894735,0.18421052631578946
158,-315.706091585373,374,0.4520922384996226,0.0016678307251207745,1.612900360537699,0.11497326203208556,0.18716577540106952,0.5267379679144385,0.1711229946524064
159,-32.11409860577041,214,0.44984061870307446,0.001656353823934497,1.5690900785676913,0.1308411214953271,0.21962616822429906,0.4672897196261682,0.1822429906542056
160,-55.46656065964754,204,0.4476002129714371,0.0016449558991448378,1.5915892584016396,0.09313725490196079,0.20588235294117646,0.4950980392156863,0.20588235294117646
161,-172.45438562042466,107,0.4453709654536952,0.0016336364072887907,1.6187340603775462,0.16822429906542055,0.12149532710280374,0.5046728971962616,0.205607476635514
162,-68.18490090402797,146,0.44315282057699623,0.0016223948086431,1.5383205454629747,0.1232876712328767,0.1643835616438356,0.5068493150684932,0.2054794520547945
163,-43.68716036041945,103,0.4409457230452651,0.0016112305671985266,1.6177028094934316,0.0970873786407767,0.1650485436893204,0.49514563106796117,0.24271844660194175
164,-21.432090771612422,191,0.4387496178378257,0.0016001431506342896,1.7396772258889805,0.1518324607329843,0.14136125654450263,0.5392670157068062,0.16753926701570682
165,-19.991444332009593,262,0.43656445020802925,0.0015891320302926862,1.9677989782772916,0.11450381679389313,0.1946564885496183,0.5152671755725191,0.17557251908396945
166,-9.455133956199646,222,0.4343901656818896,0.0015781966811538838,1.917185488719189,0.10810810810810811,0.23873873873873874,0.4594594594594595,0.19369369369369369
167,102.47091646699758,1000,0.4322267100567252,0.0015673365818108867,1.8824039913058264,0.238,0.281,0.265,0.216
168,-64.45767038698223,221,0.4300740293998078,0.0015565512144446758,1.8037000787708626,0.16289592760180996,0.17194570135746606,0.502262443438914,0.16289592760180996
169,-21.51757628675918,178,0.4279320700470182,0.0015458400647995172,1.7694712000969648,0.1348314606741573,0.21910112359550563,0.4943820224719101,0.15168539325842698
170,-114.45283041438097,278,0.4258007786015082,0.0015352026221584433,2.103136053136608,0.14028776978417265,0.14028776978417265,0.5287769784172662,0.1906474820143885
171,-74.29916360876946,139,0.42368010193236966,0.0015246383793189005,2.0612022643801553,0.07913669064748201,0.2158273381294964,0.45323741007194246,0.2517985611510791
172,-2.5035627113655607,283,0.4215699871733098,0.0015141468325685658,2.009745326967336,0.15547703180212014,0.1625441696113074,0.49469964664310956,0.1872791519434629
173,-27.130238303401853,113,0.4194703817213335,0.001503727481661329,1.9351800152030687,0.08849557522123894,0.1504424778761062,0.6371681415929203,0.12389380530973451
174,-59.39371447282252,97,0.41738123323543186,0.001493379829793441,1.9635072211489426,0.12371134020618557,0.20618556701030927,0.4639175257731959,0.20618556701030927
175,-33.698673124734455,296,0.41530248963527744,0.0014831033835798254,1.936258154006661,0.16891891891891891,0.20270270270270271,0.47297297297297297,0.1554054054054054
176,-30.538923787569487,140,0.41323409909992587,0.0014728976530305534,1.8294929400295188,0.06428571428571428,0.25,0.32142857142857145,0.36428571428571427
177,-24.904512730778976,211,0.4111760100665241,0.0014627621515274811,1.874249167802561,0.11848341232227488,0.1848341232227488,0.5071090047393365,0.1895734597156398
178,-29.455092380962128,228,0.4091281712290249,0.0014526963958010467,1.9111041104053634,0.15789473684210525,0.16228070175438597,0.5263157894736842,0.15350877192982457
179,-11.246457804883832,123,0.407090531536908,0.0014426999059072281,1.8607377971224384,0.13008130081300814,0.17073170731707318,0.4878048780487805,0.21138211382113822
180,58.89313929413979,1000,0.40506304019390726,0.0014327722052046583,2.005482491254522,0.222,0.187,0.351,0.24
181,-53.18248318985144,206,0.40304564665674447,0.0014229128203318991,1.9325303041753423,0.10679611650485436,0.22815533980582525,0.49514563106796117,0.16990291262135923
182,-89.11247902735583,168,0.40103830063386947,0.0014131212811848708,2.0068024490759777,0.10714285714285714,0.17857142857142858,0.5535714285714286,0.16071428571428573
183,86.59134321388784,1000,0.39904095208420615,0.001403397120894437,1.9431603252957936,0.195,0.209,0.353,0.243
184,-31.050375211789245,190,0.3970535512159053,0.0013937398758041444,1.9666535838158494,0.12631578947368421,0.22105263157894736,0.47368421052631576,0.17894736842105263
185,-10.985421353160106,109,0.3950760484851031,0.0013841490854481144,1.9382070911943374,0.07339449541284404,0.26605504587155965,0.4954128440366973,0.1651376146788991
186,-34.236723703190705,288,0.39310839459468616,0.0013746242925290883,1.909489517313309,0.1111111111111111,0.16666666666666666,0.5694444444444444,0.1527777777777778
187,-111.21876649770422,200,0.3911505404930626,0.0013651650428966229,1.946905395274585,0.08,0.175,0.5,0.245
188,-49.037329571549535,190,0.38920243737293914,0.0013557708855254362,1.8857598722430258,0.07368421052631578,0.26842105263157895,0.45789473684210524,0.2
189,6.311331297082802,176,0.3872640366701046,0.0013464413724939021,1.755242585162896,0.1875,0.19886363636363635,0.42613636363636365,0.1875
190,-84.27579415595868,175,0.385335290062219,0.0013371760589626926,1.9178003525979122,0.09714285714285714,0.17714285714285713,0.45714285714285713,0.26857142857142857
191,-76.8484076298388,231,0.38341614946760905,0.0013279745031535685,1.844652536816512,0.12121212121212122,0.16883116883116883,0.46320346320346323,0.24675324675324675
192,58.99591473419213,1000,0.3815065670440695,0.001318836266328314,1.9569423180916148,0.266,0.186,0.249,0.299
193,-16.444686189067482,210,0.3796064951876705,0.0013097609127678182,1.9241939288623322,0.15714285714285714,0.19047619047619047,0.5,0.1523809523809524
194,-92.81302022374275,107,0.3777158865315709,0.0013007480097512987,1.864489367158275,0.06542056074766354,0.3364485981308411,0.37383177570093457,0.22429906542056074
195,-37.52574457041827,359,0.37583469394483743,0.0012917971275356699,1.9178963503740984,0.08356545961002786,0.18662952646239556,0.5571030640668524,0.17270194986072424
196,-30.98618236238228,216,0.37396287053126975,0.001282907839335052,1.8779581705924906,0.09259259259259259,0.2175925925925926,0.5231481481481481,0.16666666666666666
197,36.601305166813376,240,0.3721003696282314,0.0012740797213004217,1.7966840754886724,0.14166666666666666,0.20416666666666666,0.4875,0.16666666666666666
198,66.83706174348467,153,0.3702471448054865,0.0012653123524994027,1.913067056394755,0.08496732026143791,0.1895424836601307,0.5620915032679739,0.16339869281045752
199,-48.35859456354969,161,0.3684031498640423,0.0012566053148961949,1.8977026323005817,0.11801242236024845,0.22981366459627328,0.38509316770186336,0.2670807453416149
200,-54.03408697495446,234,0.3665683388349977,0.0012479581933316425,1.9076773587691926,0.10683760683760683,0.2094017094017094,0.5042735042735043,0.1794871794871795
201,24.25769712966448,234,0.3647426659783969,0.001239370575503439,1.8731928627657666,0.10256410256410256,0.20512820512820512,0.5170940170940171,0.1752136752136752
202,-81.95558969258856,162,0.36292608578208946,0.0012308420519464677,1.8872715423238846,0.1419753086419753,0.14814814814814814,0.5185185185185185,0.19135802469135801
203,78.80990609339584,1000,0.36111855296059564,0.0012223722160132787,1.8326619189803377,0.328,0.294,0.209,0.169
204,-30.901908078012198,192,0.3593200224539774,0.0012139606638546987,1.9344589491019983,0.11979166666666667,0.19791666666666666,0.5364583333333334,0.14583333333333334
205,-24.882007850841674,220,0.3575304494267152,0.0012056069944005763,1.88650905748088,0.1,0.20454545454545456,0.4954545454545455,0.2
206,102.22304592563462,1000,0.3557497892665903,0.0011973108093406575,1.886448485997336,0.298,0.218,0.219,0.265
207,-124.81384348648935,598,0.35397799758357257,0.0011890717131055946,1.864788005203249,0.12876254180602006,0.16387959866220736,0.5267558528428093,0.1806020066889632
208,-38.48499370461208,314,0.3522150302087139,0.001180889312848085,1.8883217507535321,0.14012738853503184,0.1942675159235669,0.535031847133758,0.1305732484076433
209,-17.614741153457544,270,0.35046084319304716,0.0011727632184241397,1.8480642379323804,0.1,0.15185185185185185,0.6037037037037037,0.14444444444444443
210,-22.669630062509412,229,0.3487153928064905,0.001164693042374481,1.8118016552719223,0.11353711790393013,0.18777292576419213,0.5065502183406113,0.19213973799126638
211,51.53908383042466,1000,0.34697863553675734,0.001156678399906068,1.8242599907091062,0.148,0.429,0.231,0.192
212,-169.8193583870816,135,0.3452505280882715,0.0011487189088737499,1.853087457941338,0.13333333333333333,0.14074074074074075,0.4888888888888889,0.23703703703703705
213,85.44143974051359,1000,0.34353102738108804,0.001140814189762044,1.857783301249153,0.263,0.326,0.244,0.167
214,105.76771630361503,1000,0.34182009054981916,0.0011329638656670407,1.8529983826152303,0.217,0.401,0.142,0.24
215,-55.122954086785036,383,0.3401176749425658,0.0011251675622784326,1.97648092454782,0.1122715404699739,0.17232375979112272,0.5404699738903395,0.17493472584856398
216,47.1329652029208,1000,0.3384237381198542,0.0011174249078616666,1.9451825302690051,0.218,0.314,0.281,0.187
217,103.34422389069313,1000,0.33673823785357804,0.0011097355332402193,1.919548241864557,0.291,0.161,0.299,0.249
218,-19.901936024308768,215,0.3350611321259457,0.0011020990717779946,1.9846743631391492,0.13488372093023257,0.20930232558139536,0.44651162790697674,0.20930232558139536
219,94.69762634889705,1000,0.33339237912843267,0.001094515159361842,1.9315800403075678,0.367,0.177,0.227,0.229
220,50.01444351683335,1000,0.3317319372607396,0.0010869834343841954,1.9417276929321947,0.235,0.325,0.201,0.239
221,48.89899880272958,1000,0.3300797651297549,0.0010795035377258312,1.9716087746908297,0.219,0.28,0.211,0.29
222,-80.4022941720841,226,0.3284358215485232,0.0010720751127387454,1.9845125299012851,0.11504424778761062,0.2168141592920354,0.5221238938053098,0.14601769911504425
223,52.31379144357953,1000,0.32680006553521834,0.0010646978052291486,1.9583998966525233,0.255,0.316,0.276,0.153
224,-100.85026174181492,469,0.3251724563121218,0.0010573712634405767,1.884568656694675,0.13432835820895522,0.15778251599147122,0.5394456289978679,0.16844349680170576
225,86.40857594172707,1000,0.3235529533046063,0.00105009513803712,1.862055767916171,0.351,0.194,0.276,0.179
226,75.46871531223562,1000,0.32194151614012406,0.0010428690820867659,1.9008798753458322,0.36,0.19,0.276,0.174
227,-23.120060283486737,78,0.32033810464720053,0.001035692751044857,1.807596209008641,0.1794871794871795,0.1794871794871795,0.47435897435897434,0.16666666666666666
228,-29.37132897882084,109,0.3187426788544329,0.0010285658027376627,1.894072663041908,0.11009174311926606,0.21100917431192662,0.47706422018348627,0.2018348623853211
229,-31.44897199872129,161,0.31715519898949374,0.0010214878973460653,1.7715298388083474,0.08074534161490683,0.18012422360248448,0.5279503105590062,0.2111801242236025
230,-45.151414544861154,298,0.31557562547813933,0.0010144586973893548,1.8340476348864503,0.12080536912751678,0.18791946308724833,0.5503355704697986,0.14093959731543623
231,10.034550591912776,165,0.3140039189432234,0.00100747786770914,1.8331303877042349,0.1393939393939394,0.1696969696969697,0.49696969696969695,0.19393939393939394
232,8.957622530001942,99,0.3124400402037151,0.0010005450754533658,1.816422335961415,0.06060606060606061,0.20202020202020202,0.5757575757575758,0.16161616161616163
233,4.383169653231988,125,0.3108839502737227,0.0009936599900604443,1.8915055556221103,0.128,0.152,0.568,0.152
234,-116.5220013489365,171,0.30933561036152135,0.0009868222832434916,1.81851085723825,0.15789473684210525,0.2222222222222222,0.42105263157894735,0.19883040935672514
235,12.578842531062595,1000,0.3077949818685863,0.0009800316289746765,1.823091567394932,0.215,0.273,0.262,0.25
236,61.60824243758199,1000,0.3062620263886305,0.0009732877034696739,1.8670488461194694,0.285,0.281,0.261,0.173
237,-18.598086122962812,110,0.3047367057066472,0.0009665901851722271,1.8483330865887808,0.1,0.23636363636363636,0.4909090909090909,0.17272727272727273
238,-79.4109369556234,409,0.3032189817979574,0.0009599387547388154,1.9123519913519293,0.10757946210268948,0.15403422982885084,0.5745721271393643,0.16381418092909536
239,-31.87577319571551,198,0.3017088168272619,0.000953333095023428,1.833715598101859,0.12626262626262627,0.2222222222222222,0.494949494949495,0.15656565656565657
240,48.418138032260686,152,0.30020617314769793,0.0009467728910624417,1.8508987283359555,0.06578947368421052,0.18421052631578946,0.5986842105263158,0.1513157894736842
241,47.451051592826886,1000,0.2987110132999009,0.0009402578300596034,1.8319501650869903,0.241,0.402,0.197,0.16
242,112.08787532953448,1000,0.2972233000110704,0.0009337876013711156,1.8596216787052078,0.422,0.155,0.212,0.211
243,30.307688962302265,1000,0.2957429961940411,0.0009273618964908249,1.8234025106384193,0.244,0.364,0.159,0.233
244,-48.50800065329068,209,0.29427006494635827,0.0009209804090355117,1.7915810776814172,0.20574162679425836,0.11961722488038277,0.507177033492823,0.1674641148325359
245,146.2217609047861,1000,0.2928044695493577,0.000914642834730282,1.7548836760280724,0.418,0.182,0.189,0.211
246,228.27924273098088,928,0.2913461734672504,0.0009083488713940591,1.747155395307074,0.2273706896551724,0.4536637931034483,0.1648706896551724,0.1540948275862069
247,69.70689594575288,1000,0.28989514034621183,0.0009020982189251753,1.7538973611199618,0.286,0.412,0.166,0.136
248,43.42756209799851,1000,0.2884513340134756,0.0008958905792870631,1.750428034470552,0.26,0.261,0.216,0.263
249,-66.73117109263191,1000,0.2870147184764318,0.000889725656494044,1.7919235552591755,0.087,0.164,0.592,0.157
250,64.95539919619485,1000,0.28558525792172956,0.0008836031565972163,1.741614158878618,0.357,0.295,0.203,0.145
251,-267.3282059494669,758,0.2841629167143845,0.0008775227876704388,1.6995742691369153,0.1358839050131926,0.22163588390501318,0.47229551451187335,0.17018469656992086
252,-308.8187678390989,325,0.28274765939689017,0.0008714842597964118,1.694769739954436,0.11076923076923077,0.2153846153846154,0.4584615384615385,0.2153846153846154
253,89.356117534773,1000,0.28133945068833427,0.0008654872850528536,1.6752099732595422,0.357,0.209,0.274,0.16
254,52.92278538196607,1000,0.2799382554835191,0.000859531577498772,1.672665863873945,0.232,0.366,0.268,0.134
255,103.26376025026772,1000,0.2785440388520863,0.0008536168531608304,1.6965761382626179,0.309,0.196,0.315,0.18
256,108.21831533208258,1000,0.27715676603764633,0.0008477428300198077,1.7051256765959073,0.39,0.16,0.225,0.225
257,-48.318557275159314,185,0.27577640245691176,0.0008419092279971516,1.667813440574147,0.1837837837837838,0.15675675675675677,0.4756756756756757,0.1837837837837838
258,123.45696786308832,1000,0.2744029136988354,0.0008361157689416238,1.628255906868173,0.433,0.229,0.146,0.192
259,122.85221590592656,1000,0.2730362655237522,0.0008303621766160378,1.581762326611225,0.396,0.172,0.194,0.238
260,-15.606180835283439,72,0.2716764238625259,0.0008246481766840876,1.542653689332845,0.18055555555555555,0.20833333333333334,0.4861111111111111,0.125
261,-218.77582300233732,836,0.2703233548156995,0.000818973496697267,1.5335348913846718,0.13875598086124402,0.1674641148325359,0.4880382775119617,0.20574162679425836
262,-69.25299683605155,495,0.2689770246526506,0.0008133378660818794,1.5519323478532285,0.11515151515151516,0.17777777777777778,0.5535353535353535,0.15353535353535352
263,-106.26443558511832,783,0.26763739981075,0.0008077410161261361,1.5362488753338566,0.12643678160919541,0.16219667943805874,0.5568326947637292,0.1545338441890166
264,103.46406353870991,1000,0.2663044468945255,0.0008021826799673441,1.563948512717467,0.314,0.157,0.199,0.33
265,-67.24892951625675,240,0.2649781326748289,0.000796662592579182,1.6023790044112607,0.125,0.18333333333333332,0.4708333333333333,0.22083333333333333
266,120.91803053463173,1000,0.26365842408800805,0.000791180490759063,1.5538435271648277,0.426,0.165,0.218,0.191
267,82.08123392456592,1000,0.26234528823508246,0.0007857361131155856,1.575435583488677,0.455,0.217,0.181,0.147
268,-40.002208587115874,262,0.2610386923809231,0.0007803292000560697,1.5612223408334447,0.08778625954198473,0.22519083969465647,0.4847328244274809,0.20229007633587787
269,-50.61645218237948,1000,0.25973860395343634,0.0007749594937741795,1.539297657569368,0.131,0.155,0.557,0.157
270,-99.74129845882561,62,0.25844499054275216,0.0007696267382376308,1.5161569317213113,0.0967741935483871,0.43548387096774194,0.24193548387096775,0.22580645161290322
271,99.56871459216816,1000,0.257157819900416,0.0007643306791759831,1.5165822303073915,0.492,0.103,0.144,0.261
272,18.604862173732016,1000,0.2558770599385848,0.0007590710640685158,1.556736167331891,0.164,0.315,0.226,0.295
273,5.771591462414055,1000,0.25460267872922737,0.0007538476421321883,1.6109549178731533,0.152,0.187,0.378,0.283
274,106.26295996247818,1000,0.25333464450332815,0.0007486601643096816,1.586167523356096,0.436,0.21,0.193,0.161
275,21.121050708599228,145,0.25207292565009537,0.0007435083832575234,1.6354348868348927,0.0896551724137931,0.18620689655172415,0.5379310344827586,0.18620689655172415
276,-41.306532709668474,105,0.25081749071617304,0.0007383920533342948,1.546565153773917,0.1619047619047619,0.20952380952380953,0.4666666666666667,0.1619047619047619
277,18.568784406082614,83,0.24956830840485686,0.0007333109305889175,1.5274848223764022,0.060240963855421686,0.21686746987951808,0.5421686746987951,0.18072289156626506
278,113.39815496107963,1000,0.2483253475753139,0.0007282647727490224,1.5360490166659828,0.447,0.232,0.213,0.108
279,-150.1441539057559,810,0.24708857724180652,0.0007232533392093973,1.6015480159748676,0.1382716049382716,0.13950617283950617,0.5876543209876544,0.1345679012345679
280,-42.27378343803994,206,0.24585796657291967,0.0007182763910205153,1.6348036907537815,0.18446601941747573,0.16990291262135923,0.5048543689320388,0.1407766990291262
281,-70.65540117099988,297,0.24463348489079248,0.0007133336908771411,1.6069753928990902,0.07407407407407407,0.23232323232323232,0.4983164983164983,0.19528619528619529
282,141.67188478720757,1000,0.2434151016703534,0.0007084250031070158,1.5594074377693774,0.53,0.193,0.175,0.102
283,120.29441715440265,1000,0.2422027865385593,0.0007035500936596204,1.5463754162009604,0.457,0.15,0.192,0.201
284,-7.559285682705195,118,0.24099650927363828,0.0006987087300950158,1.5718957019041115,0.059322033898305086,0.2796610169491525,0.4576271186440678,0.2033898305084746
285,69.17911038351963,1000,0.2397962398043362,0.0006939006815727599,1.5103075853684824,0.236,0.23,0.278,0.256
286,19.074140151678904,214,0.23860194820916716,0.0006891257188409008,1.5058656569794153,0.24299065420560748,0.14485981308411214,0.4485981308411215,0.16355140186915887
287,-69.93744404101822,90,0.2374136047156675,0.0006843836142250461,1.4470003178503492,0.15555555555555556,0.23333333333333334,0.4111111111111111,0.2
288,-39.50764680985998,106,0.23623117969965363,0.000679674141617507,1.501790917861925,0.10377358490566038,0.14150943396226415,0.5,0.25471698113207547
289,-32.84560526966986,185,0.23505464368448353,0.0006749970764665174,1.526463799282762,0.1891891891891892,0.15675675675675677,0.4918918918918919,0.16216216216216217
290,119.19337861149151,1000,0.23388396734032196,0.0006703521957655269,1.447563059465515,0.558,0.111,0.177,0.154
291,63.71250932233654,1000,0.23271912148340923,0.000665739278042568,1.4942988036198421,0.333,0.195,0.325,0.147
292,-3.7954340963746915,195,0.2315600770753337,0.0006611581033496956,1.4675241173430986,0.21025641025641026,0.1076923076923077,0.5282051282051282,0.15384615384615385
293,-15.926968760830164,94,0.2304068052223079,0.0006566084532525002,1.533194178795687,0.11702127659574468,0.11702127659574468,0.5212765957446809,0.24468085106382978
294,173.56621535314775,605,0.22925927717444824,0.0006520901108196926,1.4689542427217384,0.25950413223140495,0.21322314049586777,0.3305785123966942,0.19669421487603306
295,38.1637927519248,165,0.22811746432505836,0.0006476028606127603,1.4998183606234559,0.13333333333333333,0.1696969696969697,0.5818181818181818,0.11515151515151516
296,147.89885953342997,1000,0.2269813382099158,0.0006431464886756951,1.5209039035365002,0.542,0.144,0.186,0.128
297,-51.86698651182326,423,0.2258508705065627,0.000638720782524792,1.4870612270113437,0.1276595744680851,0.1773049645390071,0.5106382978723404,0.18439716312056736
298,-12.932041079249075,261,0.22472603303359945,0.0006343255311385171,1.5259359895594335,0.09961685823754789,0.16091954022988506,0.5440613026819924,0.19540229885057472
299,-82.9678130787761,127,0.2236067977499824,0.0006299605249474466,1.5200041433172315,0.2047244094488189,0.16535433070866143,0.3937007874015748,0.23622047244094488
300,-34.21963753818568,115,0.22249313675432472,0.0006256255558242739,1.5082789610499556,0.0782608695652174,0.25217391304347825,0.41739130434782606,0.25217391304347825
301,-99.33566644222182,89,0.22138502228420082,0.0006213204170738859,1.4790324760475722,0.14606741573033707,0.2247191011235955,0.3146067415730337,0.3146067415730337
302,-20.302713377137536,95,0.22028242671545434,0.000617044903423508,1.4557291059204769,0.21052631578947367,0.16842105263157894,0.45263157894736844,0.16842105263157894
303,-7.244604454661982,192,0.21918532256150944,0.0006127988110129158,1.4944341397451908,0.10416666666666667,0.16145833333333334,0.5833333333333334,0.15104166666666666
304,-79.00831096894763,230,0.21809368247268562,0.0006085819373847157,1.47048806013133,0.21739130434782608,0.09565217391304348,0.5130434782608696,0.17391304347826086
305,61.791391203275346,1000,0.21700747923551592,0.0006043940814746911,1.4767286101916774,0.303,0.456,0.166,0.075
306,198.9097456652111,360,0.2159266857720685,0.0006002350436022153,1.4284036616140336,0.26944444444444443,0.1638888888888889,0.4222222222222222,0.14444444444444443
307,-10.168427309066715,222,0.21485127513927166,0.0005961046254607311,1.4063923034729073,0.05855855855855856,0.18468468468468469,0.581081081081081,0.17567567567567569
308,62.652526197461526,1000,0.21378122052824208,0.0005920026301082949,1.4665477945446885,0.434,0.166,0.249,0.151
309,-91.67690410991668,112,0.21271649526361663,0.0005879288619581864,1.4787113834025356,0.044642857142857144,0.32142857142857145,0.42857142857142855,0.20535714285714285
310,41.04392422491947,1000,0.21165707280288729,0.0005838831267695832,1.4456894668376705,0.353,0.152,0.335,0.16
311,-65.6489367356746,102,0.2106029267357395,0.0005798652316382989,1.4887376904876668,0.08823529411764706,0.27450980392156865,0.3627450980392157,0.27450980392156865
312,-21.9912207463301,252,0.20955403078339377,0.0005758749849875851,1.4794206603441096,0.1111111111111111,0.15873015873015872,0.5674603174603174,0.1626984126984127
313,-47.67238273208986,135,0.2085103587979506,0.0005719121965589974,1.4655500243744823,0.1259259259259259,0.17037037037037037,0.5185185185185185,0.18518518518518517
314,-69.20196321406206,112,0.20747188476173858,0.0005679766774033234,1.5455561606236679,0.14285714285714285,0.3482142857142857,0.16964285714285715,0.3392857142857143
315,-56.918017117079756,84,0.2064385827866659,0.0005640682398715733,1.4356068001561357,0.2261904761904762,0.17857142857142858,0.36904761904761907,0.2261904761904762
316,60.8112262228096,1000,0.20541042711357488,0.0005601866976060327,1.4609329332668064,0.45,0.126,0.273,0.151
317,12.888889335251154,1000,0.2043873921115999,0.0005563318655313771,1.4505894352075448,0.291,0.337,0.253,0.119
318,-1.401627114608246,167,0.20336945227752837,0.0005525035598458474,1.4429721818295798,0.08982035928143713,0.16167664670658682,0.5748502994011976,0.17365269461077845
319,101.12162150827251,1000,0.20235658223516506,0.0005487015980124855,1.4279865776727938,0.434,0.126,0.295,0.145
320,66.4136655604387,1000,0.2013487567346994,0.0005449257987504316,1.4649962155528011,0.195,0.423,0.279,0.103
321,-78.17829337762672,89,0.20034595065207608,0.0005411759820262798,1.456955946511368,0.2247191011235955,0.24719101123595505,0.24719101123595505,0.2808988764044944
322,53.83541381239815,1000,0.19934813898836876,0.0005374519690454946,1.4302711203238268,0.217,0.534,0.177,0.072
323,64.78223783198386,1000,0.1983552968691568,0.000533753582243885,1.4395850509511396,0.177,0.498,0.223,0.102
324,-83.11849581523362,66,0.1973673995439052,0.0005300806452791393,1.4397533705185666,0.15151515151515152,0.22727272727272727,0.2878787878787879,0.3333333333333333
325,79.81891708155051,1000,0.19638442238534762,0.0005264329830224157,1.4244915864726995,0.31,0.194,0.324,0.172
326,16.663176579394133,208,0.19540634088887243,0.0005228104215499929,1.4860233570618306,0.09615384615384616,0.19230769230769232,0.5721153846153846,0.13942307692307693
327,-89.32739379457048,56,0.1944331306719118,0.0005192127881349766,1.429488267695698,0.10714285714285714,0.26785714285714285,0.125,0.5
328,-20.966495675681827,113,0.19346476747333397,0.0005156399112390642,1.479146082783102,0.10619469026548672,0.13274336283185842,0.5486725663716814,0.21238938053097345
329,54.353538885362866,1000,0.19250122715283827,0.0005120916205043656,1.4772269435920662,0.318,0.2,0.327,0.155
330,15.44230751044779,216,0.19154248569035348,0.0005085677467452802,1.4200226121246908,0.14814814814814814,0.1574074074074074,0.5092592592592593,0.18518518518518517
331,63.77267302614666,1000,0.190588519185439,0.0005050681219404303,1.479568180344846,0.25,0.221,0.328,0.201
332,196.07037234202227,925,0.18963930385668903,0.0005015925792246494,1.5016190559191347,0.45837837837837836,0.1362162162162162,0.24972972972972973,0.15567567567567567
333,85.1428920137775,1000,0.18869481604113966,0.000498140952881026,1.5324081657785187,0.202,0.296,0.329,0.173
334,-98.31293970238093,58,0.1877550321936791,0.0004947130783330022,1.587846854712597,0.5,0.1206896551724138,0.10344827586206896,0.27586206896551724
335,9.75591238799744,116,0.18681992888646057,0.0004913087921365264,1.5973134964289666,0.15517241379310345,0.12931034482758622,0.5431034482758621,0.1724137931034483
336,-79.46408716624592,106,0.18588948280831843,0.00048792793197226003,1.5520694839702491,0.19811320754716982,0.18867924528301888,0.3584905660377358,0.25471698113207547
337,-102.56203666056292,975,0.18496367076418696,0.0004845703366378385,1.5585530607648965,0.27282051282051284,0.13641025641025642,0.37743589743589745,0.21333333333333335
338,50.5910966233495,1000,0.18404246967452215,0.0004812358460401845,1.626361253519449,0.167,0.243,0.397,0.193
339,-55.36885965640046,94,0.18312585657472633,0.0004779243011878747,1.6417714356182203,0.19148936170212766,0.2872340425531915,0.2765957446808511,0.24468085106382978
340,4.487206209783911,1000,0.18221380861457573,0.00047463554418355894,1.6070403844182881,0.167,0.243,0.417,0.173
341,-94.38797188480832,86,0.18130630305765083,0.0004713694182164316,1.6614040731478321,0.11627906976744186,0.36046511627906974,0.1511627906976744,0.37209302325581395
342,214.70331667105194,928,0.18040331728076958,0.0004681257675547547,1.6379802000891621,0.49676724137931033,0.11314655172413793,0.2413793103448276,0.14870689655172414
343,-21.846494025587404,134,0.17950482877342336,0.00046490443753843233,1.6480984461451471,0.16417910447761194,0.1417910447761194,0.5447761194029851,0.14925373134328357
344,31.713506960791253,1000,0.17861081513721588,0.00046170527457163656,1.5867835413962228,0.312,0.198,0.342,0.148
345,-4.414488870731319,203,0.17772125408530481,0.00045852812611548366,1.5714819226930803,0.21182266009852216,0.15270935960591134,0.458128078817734,0.17733990147783252
346,-60.756190247301525,103,0.17683612344184615,0.00045537284068076107,1.5982278408001547,0.2815533980582524,0.1941747572815534,0.34951456310679613,0.17475728155339806
347,-20.257851486119556,1000,0.17595540114144145,0.0004522392678207041,1.5562907857130268,0.194,0.193,0.424,0.189
348,50.4428189449608,1000,0.17507906522858774,0.0004491272581238226,1.561837101866804,0.146,0.453,0.285,0.116
349,-54.731392975041274,1000,0.17420709385713018,0.00044603666320677695,1.6040557231566728,0.143,0.148,0.473,0.236
350,-27.927619580595007,203,0.17333946528971744,0.0004429673357073028,1.5689199831333593,0.13793103448275862,0.15763546798029557,0.4975369458128079,0.20689655172413793
351,40.493153271004886,1000,0.1724761578972599,0.00043991912927718486,1.5871775786629208,0.266,0.418,0.239,0.077
352,-74.71953598052741,377,0.17161715015839032,0.00043689189857527903,1.5992197162027662,0.18037135278514588,0.11671087533156499,0.3925729442970822,0.3103448275862069
353,-68.42696797196689,175,0.1707624206589275,0.00043388549926058205,1.5766377746439586,0.19428571428571428,0.14857142857142858,0.5142857142857142,0.14285714285714285
354,15.476482384597603,1000,0.16991194809134227,0.0004308997879853495,1.5720303728253344,0.12,0.275,0.456,0.149
355,36.6880780253357,249,0.16906571125422645,0.0004279346223882607,1.5587311414987435,0.14859437751004015,0.18875502008032127,0.5502008032128514,0.11244979919678715
356,-26.844436351713426,99,0.16822368905176427,0.00042498986108763085,1.6154586469467833,0.20202020202020202,0.1919191919191919,0.41414141414141414,0.1919191919191919
357,29.3947578491387,155,0.16738586049320645,0.00042206536367466987,1.5525969384301388,0.12903225806451613,0.15483870967741936,0.5612903225806452,0.15483870967741936
358,-75.33006467384884,100,0.16655220469234697,0.00041916099070678746,1.5400833453383047,0.21,0.28,0.25,0.26
359,-5.070056270614335,1000,0.1657227008670024,0.0004162766037009445,1.5184014299464121,0.151,0.326,0.41,0.113
360,-1.5592666689968537,1000,0.16489732833849374,0.00041341206512705,1.529792873073338,0.13,0.36,0.393,0.117
361,-41.00392046780817,1000,0.16407606653113102,0.00041056723840140346,1.5359762114170399,0.211,0.212,0.374,0.203
362,24.89167271443363,1000,0.16325889497170032,0.00040774198788018254,1.5672212482970003,0.133,0.409,0.364,0.094
363,18.467959877860736,195,0.16244579328895342,0.00040493617885297545,1.5913285241933466,0.10256410256410256,0.17435897435897435,0.558974358974359,0.1641025641025641
364,18.262559393447617,265,0.16163674121309993,0.00040214967753635783,1.5588831038121589,0.1169811320754717,0.18867924528301888,0.5433962264150943,0.1509433962264151
365,20.963082715363022,1000,0.16083171857530196,0.00039938235106751376,1.5377700106806036,0.217,0.361,0.335,0.087
366,23.188903844007292,1000,0.16003070530717145,0.0003966340674979008,1.515611103797301,0.221,0.288,0.302,0.189
367,-1.8758770649674972,101,0.1592336814402698,0.0003939046957869587,1.5351447791480262,0.1782178217821782,0.15841584158415842,0.43564356435643564,0.22772277227722773
368,123.9776126431674,1000,0.15844062710561005,0.000391194105795861,1.5103706708770677,0.394,0.271,0.186,0.149
369,41.01803503870683,1000,0.15765152253316161,0.00038850216828131004,1.4994420988596007,0.198,0.427,0.263,0.112
370,49.61484567466533,1000,0.15686634805135746,0.00038582875488937465,1.5012550462862146,0.224,0.24,0.32,0.216
371,-8.213321277898515,198,0.15608508408660363,0.00038317373814936997,1.5375796236626453,0.15151515151515152,0.16161616161616163,0.5454545454545454,0.1414141414141414
372,107.58267806280693,1000,0.15530771116279135,0.00038053699146777946,1.512884849935053,0.459,0.281,0.181,0.079
373,-121.3165085342623,79,0.15453420990081157,0.000377918389122219,1.4971958614929952,0.13924050632911392,0.16455696202531644,0.27848101265822783,0.4177215189873418
374,-18.681679114752114,103,0.1537645610180717,0.0003753178062554423,1.4876937707231002,0.18446601941747573,0.1553398058252427,0.5242718446601942,0.13592233009708737
375,-111.82929688828138,142,0.15299874532801508,0.00037273511886938744,1.4633285532905738,0.2323943661971831,0.15492957746478872,0.3732394366197183,0.23943661971830985
376,132.23697795364058,1000,0.15223674373964258,0.0003701702038192647,1.501674345078758,0.466,0.308,0.164,0.062
377,138.00275014316293,1000,0.15147853725703672,0.0003676229388076849,1.474746397624765,0.573,0.21,0.146,0.071
378,-46.6292810813723,149,0.1507241069788881,0.0003650932023788281,1.4310646495716963,0.12080536912751678,0.2080536912751678,0.436241610738255,0.2348993288590604
379,-107.56956485127378,89,0.14997343409802424,0.00036258087391265236,1.456218014953578,0.2696629213483146,0.2696629213483146,0.1797752808988764,0.2808988764044944
380,31.153004825227413,179,0.1492264999009407,0.00036008583361914274,1.4672617013995406,0.22905027932960895,0.16759776536312848,0.4748603351955307,0.12849162011173185
381,-8.85513779038125,166,0.14848328576733458,0.0003576079625325995,1.4110344430033461,0.19879518072289157,0.1686746987951807,0.46987951807228917,0.16265060240963855
382,7.54641734358178,145,0.14774377316964035,0.0003551471425059655,1.464844502866615,0.1793103448275862,0.19310344827586207,0.4482758620689655,0.1793103448275862
383,30.600930260614916,168,0.147007943672568,0.00035270325620519324,1.4855887142611448,0.19047619047619047,0.19047619047619047,0.47023809523809523,0.1488095238095238
384,195.73602627806008,878,0.14627577893264343,0.00035027618710364985,1.4318476504868687,0.18792710706150342,0.55125284738041,0.1366742596810934,0.12414578587699317
385,24.877623670476865,76,0.14554726069775115,0.00034786581947656136,1.45214519414836,0.07894736842105263,0.21052631578947367,0.5,0.21052631578947367
386,-54.62060052989854,121,0.1448223708066793,0.0003454720383954946,1.4179621982798751,0.14049586776859505,0.18181818181818182,0.4380165289256198,0.2396694214876033
387,18.65673130753595,133,0.14410109118866696,0.00034309472972287745,1.3985990075098937,0.19548872180451127,0.15037593984962405,0.49624060150375937,0.15789473684210525
388,-23.68445429698407,92,0.14338340386295353,0.0003407337801065566,1.4197542419361928,0.22826086956521738,0.17391304347826086,0.43478260869565216,0.16304347826086957
389,-73.31386985155476,161,0.1426692909383306,0.00033838907697439276,1.4608016982671157,0.13664596273291926,0.20496894409937888,0.453416149068323,0.20496894409937888
390,33.29678032735933,119,0.14195873461269595,0.00033606050852889326,1.397234924825807,0.09243697478991597,0.18487394957983194,0.5714285714285714,0.15126050420168066
391,-86.10881184876641,127,0.14125171717260968,0.0003337479637418814,1.4142940916538822,0.23622047244094488,0.25984251968503935,0.2677165354330709,0.23622047244094488
392,257.05662486187373,959,0.1405482209928527,0.00033145133234920243,1.422796228130385,0.2721584984358707,0.45776850886339937,0.16371220020855057,0.10636079249217935
393,-26.089380289961838,103,0.13984822853598727,0.0003291705048454662,1.400479830396956,0.17475728155339806,0.1941747572815534,0.42718446601941745,0.20388349514563106
394,-310.89518289525233,166,0.13915172235191997,0.0003269053724788257,1.3827456879008235,0.27710843373493976,0.1566265060240964,0.3253012048192771,0.24096385542168675
395,-80.49517187692236,141,0.13845868507746648,0.0003246558272457919,1.3707383830746707,0.19148936170212766,0.19148936170212766,0.4326241134751773,0.18439716312056736
396,2.8421122563527206,103,0.1377690994359189,0.0003224217618860838,1.3944013130581063,0.1553398058252427,0.20388349514563106,0.44660194174757284,0.1941747572815534
397,180.405755033063,713,0.13708294823661493,0.00032020306987751433,1.3957971383694423,0.14726507713884993,0.5638148667601683,0.1514726507713885,0.13744740532959326
398,137.44353196482825,1000,0.13640021437450947,0.0003179996454309112,1.3934148041838113,0.357,0.398,0.155,0.09
399,49.689292695292096,218,0.1357208808297481,0.0003158113834850728,1.3697101722899885,0.10091743119266056,0.23394495412844038,0.4724770642201835,0.1926605504587156
400,212.96666314132082,830,0.13504493066724277,0.0003136381797017588,1.3921426236380432,0.2385542168674699,0.5397590361445783,0.14578313253012049,0.07590361445783132
401,26.35543026730879,170,0.13437234703624976,0.0003114799304607153,1.4013293044153587,0.21764705882352942,0.16470588235294117,0.43529411764705883,0.18235294117647058
402,158.81683181797246,966,0.13370311316994946,0.0003093365328547338,1.3857427921004442,0.18840579710144928,0.5,0.13043478260869565,0.18115942028985507
403,258.8197339428782,356,0.1330372123850285,0.000307207884684745,1.4135986510804828,0.16573033707865167,0.45786516853932585,0.2050561797752809,0.17134831460674158
404,-14.022804154814423,121,0.13237462808126377,0.0003050938844549454,1.415653014988943,0.23140495867768596,0.14049586776859505,0.48760330578512395,0.14049586776859505
405,-387.00659220784775,156,0.13171534374110866,0.0003029944313679582,1.4019325566065401,0.14102564102564102,0.12179487179487179,0.6025641025641025,0.1346153846153846
406,-16.222552031858115,162,0.13105934292928123,0.0003009094253200269,1.4151461921666784,0.14814814814814814,0.19135802469135801,0.46296296296296297,0.19753086419753085
407,-19.40788456335777,84,0.1304066092923546,0.00029883876689624264,1.4332951283786453,0.15476190476190477,0.10714285714285714,0.5833333333333334,0.15476190476190477
408,-103.86065653489524,75,0.12975712655834912,0.0002967823573658037,1.412390329444846,0.29333333333333333,0.26666666666666666,0.16,0.28
409,-28.36452286360712,67,0.12911087853632688,0.0002947400986773081,1.387341510692166,0.29850746268656714,0.14925373134328357,0.40298507462686567,0.14925373134328357
410,-109.48707089836103,55,0.128467849115988,0.00029271189345407827,1.4364223735673392,0.2727272727272727,0.34545454545454546,0.12727272727272726,0.2545454545454545
411,-15.712611068389052,134,0.12782802226726903,0.0002906976449895182,1.3691610839981947,0.21641791044776118,0.1791044776119403,0.417910447761194,0.1865671641791045
412,64.65963455510462,162,0.12719138203994332,0.0002886972572425023,1.4151531960419164,0.18518518518518517,0.1728395061728395,0.48148148148148145,0.16049382716049382
413,-89.51159331095546,153,0.1265579125632235,0.00028671063483279606,1.389687605478327,0.13725490196078433,0.1568627450980392,0.5359477124183006,0.16993464052287582
414,-2.4270229107312105,136,0.12592759804536563,0.00028473768303650834,1.3987889011365098,0.1323529411764706,0.25,0.4264705882352941,0.19117647058823528
415,-36.22370279017363,92,0.1253004227732758,0.0002827783077815747,1.386821698103197,0.25,0.2717391304347826,0.18478260869565216,0.29347826086956524
416,-57.292592498194274,99,0.12467637111211817,0.0002808324156432722,1.385205331164881,0.16161616161616163,0.18181818181818182,0.48484848484848486,0.1717171717171717
417,-106.21271567820499,75,0.12405542750492535,0.0002788999138397645,1.3479942984718651,0.25333333333333335,0.32,0.14666666666666667,0.28
418,-9.873056968644761,194,0.12343757647221056,0.0002769807102276782,1.3461129258091882,0.17525773195876287,0.18041237113402062,0.4484536082474227,0.1958762886597938
419,-56.528359397109654,98,0.1228228026115817,0.00027507471329770924,1.3495118688721115,0.02040816326530612,0.24489795918367346,0.46938775510204084,0.2653061224489796
420,30.08907485733249,94,0.12221109059735742,0.0002731818321702598,1.3854624262217983,0.1702127659574468,0.14893617021276595,0.5531914893617021,0.1276595744680851
421,-78.3824280104296,78,0.12160242518018508,0.00027130197659110486,1.3793522720488613,0.32051282051282054,0.19230769230769232,0.2948717948717949,0.19230769230769232
422,-10.178897333882361,186,0.12099679118666054,0.00026943505692708896,1.3506123027028831,0.1881720430107527,0.16129032258064516,0.489247311827957,0.16129032258064516
423,-127.87383055486771,79,0.12039417351894997,0.00026758098416185234,1.3753352729971315,0.3291139240506329,0.31645569620253167,0.06329113924050633,0.2911392405063291
424,-38.81334486936241,73,0.11979455715441345,0.0002657396698915866,1.3479213122699623,0.1232876712328767,0.2328767123287671,0.3424657534246575,0.3013698630136986
425,9.119692145798524,137,0.11919792714523043,0.00026391102632081963,1.3662197287800195,0.20437956204379562,0.22627737226277372,0.3722627737226277,0.19708029197080293
426,47.32821094667321,201,0.11860426861802718,0.0002620949662582292,1.3528251279761743,0.13432835820895522,0.1791044776119403,0.5223880597014925,0.16417910447761194
427,-30.40874674784179,77,0.11801356677350594,0.0002602914031124857,1.3620438898245621,0.3246753246753247,0.11688311688311688,0.38961038961038963,0.16883116883116883
428,230.84538977416875,214,0.11742580688607601,0.00025850025088812364,1.3172421405364805,0.1308411214953271,0.3130841121495327,0.3364485981308411,0.21962616822429906
429,60.05389960400666,1000,0.11684097430348667,0.00025672142418144085,1.3376174235044236,0.261,0.444,0.166,0.129
430,-175.81485393705725,168,0.1162590544464619,0.00025495483817642676,1.3906204304978993,0.15476190476190477,0.16666666666666666,0.4642857142857143,0.21428571428571427
431,-147.2202081049915,151,0.11568003280833696,0.00025320040864071813,1.3669689868177575,0.15894039735099338,0.2582781456953642,0.3841059602649007,0.1986754966887417
432,-104.75762481186639,54,0.1151038949546967,0.00025145805192158273,1.3277613334214937,0.4074074074074074,0.3333333333333333,0.018518518518518517,0.24074074074074073
433,40.42697338673969,1000,0.11453062652301578,0.00024972768494193085,1.3568531338741274,0.294,0.318,0.161,0.227
434,-32.390400008002516,68,0.1139602132223006,0.00024800922519635396,1.3948841541072614,0.4264705882352941,0.029411764705882353,0.45588235294117646,0.08823529411764706
435,-19.11424545642879,76,0.11339264083273302,0.00024630259074719086,1.3413650553465228,0.3026315789473684,0.14473684210526316,0.3815789473684211,0.17105263157894737
436,-290.3587197347588,141,0.11282789520531596,0.0002446077002206208,1.3252403479113424,0.05673758865248227,0.23404255319148937,0.46099290780141844,0.24822695035460993
437,-92.06853933954744,70,0.11226596226152054,0.00024292447280278354,1.3449234680418525,0.2857142857142857,0.24285714285714285,0.22857142857142856,0.24285714285714285
438,-8.608908455541126,106,0.11170682799293526,0.00024125282823592606,1.340599563707736,0.12264150943396226,0.20754716981132076,0.4339622641509434,0.2358490566037736
439,30.758388687832678,125,0.11115047846091669,0.00023959268681457576,1.365855734834128,0.224,0.176,0.408,0.192
440,12.007321196799694,132,0.11059689979624203,0.00023794396938174006,1.3389638752096853,0.17424242424242425,0.22727272727272727,0.4015151515151515,0.19696969696969696
441,-36.22470042792419,87,0.11004607819876336,0.00023630659732513216,1.3451378826857736,0.3333333333333333,0.16091954022988506,0.3333333333333333,0.1724137931034483
442,-48.25052595762767,101,0.1094979999370636,0.00023468049257342264,1.372613257264242,0.1485148514851485,0.19801980198019803,0.4158415841584158,0.2376237623762376
443,-32.41404041460376,127,0.10895265134811426,0.00023306557759251707,1.355815578284844,0.16535433070866143,0.1968503937007874,0.3858267716535433,0.25196850393700787
444,-60.47372225406704,129,0.10841001883693473,0.0002314617753818591,1.3401926308235126,0.29457364341085274,0.15503875968992248,0.3643410852713178,0.18604651162790697
445,-92.94613873977458,72,0.10787008887625348,0.00022986900947075884,1.3551843611550756,0.4027777777777778,0.08333333333333333,0.2916666666666667,0.2222222222222222
446,19.94671174144014,117,0.10733284800617075,0.00022828720391474694,1.3212916565767252,0.18803418803418803,0.15384615384615385,0.5213675213675214,0.13675213675213677
447,28.67462323205254,118,0.10679828283382309,0.00022671628329195328,1.321638630738919,0.2627118644067797,0.1016949152542373,0.4915254237288136,0.1440677966101695
448,19.963608584836734,188,0.10626638003304942,0.00022515617269951084,1.3366917145305919,0.13829787234042554,0.14893617021276595,0.526595744680851,0.18617021276595744
449,-42.979750356138936,90,0.10573712634405887,0.00022360679774998437,1.302392466806105,0.17777777777777778,0.2222222222222222,0.3888888888888889,0.2111111111111111
450,-80.86660918927298,93,0.10521050857310017,0.00022206808456782335,1.2778125710154093,0.3333333333333333,0.1935483870967742,0.23655913978494625,0.23655913978494625
451,25.218461963810583,102,0.10468651359213282,0.0002205399597858397,1.2957723984850689,0.17647058823529413,0.14705882352941177,0.5392156862745098,0.13725490196078433
452,224.9690009194696,231,0.10416512833849978,0.0002190223505417095,1.308395283218883,0.29004329004329005,0.2857142857142857,0.3203463203463203,0.1038961038961039
453,-52.219003534020956,97,0.1036463398146018,0.0002175151844744988,1.3071299404895238,0.26804123711340205,0.17525773195876287,0.31958762886597936,0.23711340206185566
454,13.897150658670554,137,0.1031301350875735,0.00021601838972121353,1.3434449438291571,0.08759124087591241,0.22627737226277372,0.43795620437956206,0.24817518248175183
455,165.76668361167808,1000,0.10261650128896083,0.00021453189491337288,1.3468631540146196,0.446,0.359,0.112,0.083
456,-56.33663824599838,79,0.10210542561440039,0.00021305562917360642,1.3706023340241684,0.11392405063291139,0.24050632911392406,0.379746835443038,0.26582278481012656
457,-59.83126039851186,78,0.10159689532330018,0.00021158952211227465,1.3013142406640514,0.2564102564102564,0.20512820512820512,0.2948717948717949,0.24358974358974358
458,-62.331830085621,73,0.10109089773852199,0.0002101335038241127,1.3386451322965192,0.2876712328767123,0.2054794520547945,0.3013698630136986,0.2054794520547945
459,-109.0756782708589,71,0.10058742024606539,0.00020868750488489723,1.2933603913588434,0.4788732394366197,0.19718309859154928,0.18309859154929578,0.14084507042253522
460,-92.95906759922622,62,0.10008645029475326,0.00020725145634813618,1.3461139089225385,0.22580645161290322,0.27419354838709675,0.22580645161290322,0.27419354838709675
461,-16.99642180499046,81,0.09958797539591889,0.00020582528974178143,1.2914629530507094,0.09876543209876543,0.1728395061728395,0.4444444444444444,0.2839506172839506
462,-83.13212124795974,96,0.0990919831230947,0.00020440893706496387,1.333295995222912,0.40625,0.15625,0.25,0.1875
463,-18.334283065969018,101,0.09859846111170241,0.00020300233078475116,1.3051215927582422,0.38613861386138615,0.12871287128712872,0.3564356435643564,0.12871287128712872
464,-11.80676167485808,110,0.09810739705874481,0.00020160540383292762,1.3110054371315287,0.20909090909090908,0.19090909090909092,0.33636363636363636,0.2636363636363636
465,13.133082308794087,133,0.0976187787224991,0.00020021808960279643,1.3123941481577603,0.13533834586466165,0.21052631578947367,0.44360902255639095,0.21052631578947367
466,-41.706962056079945,98,0.09713259392221169,0.0001988403219460037,1.3057792422726722,0.19387755102040816,0.23469387755102042,0.2857142857142857,0.2857142857142857
467,-39.090589390576525,93,0.09664883053779448,0.00019747203516938454,1.2862506601570591,0.0967741935483871,0.25806451612903225,0.3763440860215054,0.26881720430107525
468,-0.8784004591181827,87,0.09616747650952286,0.0001961131640318307,1.318391808628758,0.16091954022988506,0.21839080459770116,0.40229885057471265,0.21839080459770116
469,-38.381234459764784,61,0.09568851983773495,0.00019476364374117975,1.283789334498613,0.3770491803278688,0.11475409836065574,0.36065573770491804,0.14754098360655737
470,-174.07684563152998,223,0.09521194858253253,0.0001934234099511259,1.3294394226080841,0.16143497757847533,0.1210762331838565,0.4798206278026906,0.23766816143497757
471,12.487495789653408,132,0.09473775086348335,0.0001920923987581518,1.3363311239274236,0.23484848484848486,0.12878787878787878,0.44696969696969696,0.1893939393939394
472,-82.73432499387522,85,0.09426591485932499,0.00019077054669848148,1.2909552476401986,0.3058823529411765,0.23529411764705882,0.2823529411764706,0.17647058823529413
473,-39.96338046356527,84,0.09379642880767017,0.00018945779074505458,1.321439913032886,0.07142857142857142,0.2619047619047619,0.38095238095238093,0.2857142857142857
474,-42.555480563599076,68,0.09332928100471348,0.00018815406830452095,1.2588473533376445,0.27941176470588236,0.20588235294117646,0.3382352941176471,0.17647058823529413
475,-50.04770086547286,71,0.09286445980493968,0.00018685931721425624,1.268893543892034,0.39436619718309857,0.07042253521126761,0.36619718309859156,0.16901408450704225
476,-29.899781638225264,95,0.09240195362083334,0.00018557347573939793,1.276236915820344,0.08421052631578947,0.23157894736842105,0.35789473684210527,0.3263157894736842
477,18.88031256450617,112,0.09194175092259001,0.0001842964825699017,1.3332428989226222,0.09821428571428571,0.24107142857142858,0.41964285714285715,0.24107142857142858
478,-20.237177359232845,141,0.09148384023782877,0.00018302827681761824,1.2997374414282894,0.05673758865248227,0.24113475177304963,0.44680851063829785,0.2553191489361702
479,-46.24403835454682,70,0.09102821015130624,0.00018176879801338986,1.2906117606846614,0.22857142857142856,0.17142857142857143,0.34285714285714286,0.2571428571428571
480,-3.5730077347749756,76,0.09057484930463203,0.00018051798610416744,1.312607634904972,0.19736842105263158,0.15789473684210525,0.4605263157894737,0.18421052631578946
481,-20.97923841276925,147,0.09012374639598555,0.00017927578145014698,1.284532452483622,0.027210884353741496,0.23809523809523808,0.4897959183673469,0.24489795918367346
482,-41.72881570866956,69,0.08967489017983431,0.00017804212482192588,1.2655761723540324,0.14492753623188406,0.2753623188405797,0.3188405797101449,0.2608695652173913
483,317.69719664643424,242,0.08922826946665352,0.00017681695739767893,1.2983340042815115,0.4256198347107438,0.10743801652892562,0.3181818181818182,0.1487603305785124
484,-94.20828415891671,75,0.08878387312264722,0.00017560022076035353,1.2933694432144662,0.25333333333333335,0.26666666666666666,0.28,0.2
485,-6.6797403812057325,138,0.0883416900694707,0.00017439185689488443,1.2674197673238465,0.18840579710144928,0.15942028985507245,0.463768115942029,0.18840579710144928
486,-150.3519432469235,148,0.08790170928395427,0.00017319180818542736,1.308851972609975,0.06756756756756757,0.22297297297297297,0.49324324324324326,0.21621621621621623
487,-72.25041532061196,81,0.08746391979782855,0.000172000017412612,1.3184642760683603,0.13580246913580246,0.30864197530864196,0.2222222222222222,0.3333333333333333
488,-54.81320413513566,93,0.08702831069745101,0.00017081642775081368,1.3194616248559627,0.17204301075268819,0.25806451612903225,0.2903225806451613,0.27956989247311825
489,302.9557712647322,337,0.08659487112353387,0.00016964098276544382,1.3006171180157398,0.4807121661721068,0.11572700296735905,0.3115727002967359,0.09198813056379822
490,-5.24369572649708,106,0.08616359027087342,0.00016847362641025915,1.2965622246932473,0.16981132075471697,0.16981132075471697,0.4811320754716981,0.1792452830188679
491,-60.8051601011267,59,0.08573445738808068,0.00016731430302468933,1.3075992831071146,0.1864406779661017,0.3220338983050847,0.23728813559322035,0.2542372881355932
492,-71.85699458107055,77,0.08530746177731334,0.00016616295733118305,1.288540717286221,0.09090909090909091,0.2597402597402597,0.3246753246753247,0.3246753246753247
493,-45.07368184399269,98,0.0848825927940091,0.0001650195344325723,1.3149570577669079,0.1836734693877551,0.22448979591836735,0.32653061224489793,0.2653061224489796
494,-72.52982137030358,82,0.08445983984662027,0.0001638839798094549,1.3013922376722682,0.036585365853658534,0.25609756097560976,0.4634146341463415,0.24390243902439024
495,-70.12124762710059,102,0.0840391923963498,0.00016275623931759483,1.2812631322580583,0.029411764705882353,0.24509803921568626,0.4215686274509804,0.30392156862745096
496,-47.095718698202106,89,0.0836206399568885,0.00016163625918534075,1.299741230895301,0.2696629213483146,0.1348314606741573,0.39325842696629215,0.20224719101123595
497,7.116962909643561,95,0.08320417209415364,0.000160523986011062,1.3046885024179788,0.14736842105263157,0.23157894736842105,0.45263157894736844,0.16842105263157894
498,-17.973622013475747,75,0.08278977842602886,0.00015941936676060244,1.2632237838614746,0.14666666666666667,0.2,0.41333333333333333,0.24
499,-49.55341252328019,94,0.08237744862210536,0.00015832234876475164,1.2730065792124754,0.19148936170212766,0.1595744680851064,0.425531914893617,0.22340425531914893
500,14.263155253915713,127,0.08196717240342434,0.0001572328797167337,1.3040888115369205,0.2204724409448819,0.1968503937007874,0.33858267716535434,0.2440944881889764
501,-8.50698944319005,82,0.08155893954222078,0.00015615090766971307,1.2733727840480005,0.08536585365853659,0.24390243902439024,0.4146341463414634,0.25609756097560976
502,2.0053565320740177,105,0.08115273986166843,0.00015507638103431782,1.2612363583655344,0.1523809523809524,0.1523809523809524,0.5142857142857142,0.18095238095238095
503,-58.40848606972787,89,0.08074856323562621,0.00015400924857617972,1.2736637456385986,0.2696629213483146,0.14606741573033707,0.3707865168539326,0.21348314606741572
504,-181.40031296561682,101,0.08034639958838564,0.00015294945941349137,1.2815751700755742,0.3465346534653465,0.25742574257425743,0.18811881188118812,0.2079207920792079
505,22.898711276541363,111,0.0799462388944198,0.00015189696301458008,1.3061272555502004,0.27927927927927926,0.17117117117117117,0.34234234234234234,0.2072072072072072
506,-39.08216030855738,69,0.07954807117813331,0.00015085170919549855,1.3063060458525153,0.17391304347826086,0.18840579710144928,0.37681159420289856,0.2608695652173913
507,-0.5465246419175855,137,0.07915188651361367,0.00014981364811763202,1.286052061391493,0.058394160583941604,0.20437956204379562,0.5182481751824818,0.21897810218978103
508,-68.28595890137572,75,0.07875767502438383,0.00014878273028532185,1.295964267419634,0.29333333333333333,0.26666666666666666,0.24,0.2
509,-43.887481217751485,86,0.078365426883156,0.00014775890654350563,1.2941403027308502,0.13953488372093023,0.18604651162790697,0.43023255813953487,0.2441860465116279
510,-56.133783001019694,92,0.07797513231158659,0.00014674212807537336,1.2738080689076785,0.391304347826087,0.15217391304347827,0.2717391304347826,0.18478260869565216
511,-43.34010011937775,92,0.07758678158003256,0.00014573234640003987,1.2975817465738664,0.16304347826086957,0.17391304347826086,0.42391304347826086,0.2391304347826087
512,9.695027629788683,96,0.07720036500730874,0.00014472951337023314,1.2642985623322434,0.13541666666666666,0.22916666666666666,0.40625,0.22916666666666666
513,-4.048545801005901,146,0.07681587296044662,0.00014373358116999866,1.2950897194303261,0.0684931506849315,0.2534246575342466,0.4178082191780822,0.2602739726027397
514,-59.43002725330777,75,0.07643329585445409,0.0001427445023124195,1.293820501993031,0.22666666666666666,0.21333333333333335,0.3333333333333333,0.22666666666666666
515,-47.34269868573747,73,0.07605262415207657,0.0001417622296373521,1.287828478774199,0.0410958904109589,0.3561643835616438,0.2876712328767123,0.3150684931506849
516,-22.840356855783753,130,0.07567384836355925,0.00014078671630917759,1.2539328238611671,0.2153846153846154,0.2076923076923077,0.3769230769230769,0.2
517,-361.64158784283376,177,0.0752969590464105,0.0001398179158145687,1.2409948636602808,0.14124293785310735,0.1751412429378531,0.5480225988700564,0.13559322033898305
518,-64.28095496639418,73,0.07492194680516646,0.00013885578196027188,1.2551706599348589,0.3561643835616438,0.2054794520547945,0.2465753424657534,0.1917808219178082
519,-68.30168532220435,91,0.07454880229115689,0.0001379002688709049,1.2656595901553347,0.34065934065934067,0.17582417582417584,0.27472527472527475,0.2087912087912088
520,-77.45272539554395,85,0.07417751620227203,0.00013695133098676928,1.2529955313673087,0.32941176470588235,0.12941176470588237,0.3176470588235294,0.2235294117647059
521,-20.74205012935795,64,0.07380807928273078,0.00013600892306167813,1.2286690484957417,0.203125,0.140625,0.453125,0.203125
522,-98.11534328491196,69,0.07344048232284993,0.0001350730001607987,1.2419604962928519,0.5072463768115942,0.2318840579710145,0.14492753623188406,0.11594202898550725
523,2.3004212065717553,117,0.07307471615881456,0.00013414351765850981,1.267464146313695,0.3504273504273504,0.13675213675213677,0.3418803418803419,0.17094017094017094
524,-23.655182649314128,94,0.0727107716724496,0.00013322043123627418,1.2796376297842302,0.3617021276595745,0.13829787234042554,0.35106382978723405,0.14893617021276595
525,-48.987044170219576,106,0.07234863979099258,0.00013230369688052517,1.30224553906942,0.39622641509433965,0.12264150943396226,0.29245283018867924,0.18867924528301888
526,-27.806144665018394,172,0.07198831148686739,0.00013139327088056821,1.2977229923410483,0.13953488372093023,0.23255813953488372,0.45348837209302323,0.1744186046511628
527,-75.4087387356096,163,0.07162977777745924,0.00013048910982649668,1.2625043065072568,0.2085889570552147,0.17177914110429449,0.4233128834355828,0.19631901840490798
528,-49.12885350775272,101,0.07127302972489075,0.00012959117060712202,1.2917982301531037,0.3465346534653465,0.15841584158415842,0.25742574257425743,0.2376237623762376
529,-32.10364094823237,86,0.07091805843579913,0.00012869941040791818,1.2767001136907572,0.11627906976744186,0.18604651162790697,0.45348837209302323,0.2441860465116279
530,-29.96534113344967,88,0.07056485506111447,0.00012781378670898022,1.2875145224111109,0.23863636363636365,0.18181818181818182,0.38636363636363635,0.19318181818181818
531,-52.551005253626,56,0.07021341079583919,0.00012693425728299684,1.3008934830001553,0.39285714285714285,0.17857142857142858,0.26785714285714285,0.16071428571428573
532,-0.7447114507966859,125,0.06986371687882846,0.00012606078019323702,1.2784455487352426,0.24,0.136,0.352,0.272
533,61.33093034745826,148,0.06951576459257186,0.00012519331379155045,1.2509789053804246,0.033783783783783786,0.2635135135135135,0.4189189189189189,0.28378378378378377
534,-143.89391842545956,81,0.06916954526297603,0.0001243318167163816,1.2581983550767437,0.5185185185185185,0.2345679012345679,0.06172839506172839,0.18518518518518517
535,-5.900946352793525,83,0.06882505025914844,0.00012347624789079773,1.2823692467085839,0.03614457831325301,0.26506024096385544,0.3855421686746988,0.3132530120481928
536,-13.710754637395056,77,0.06848227099318223,0.00012262656652053014,1.2464789238539287,0.2727272727272727,0.16883116883116883,0.38961038961038963,0.16883116883116883
537,-25.435841092108618,134,0.06814119891994212,0.00012178273209202919,1.241296416563938,0.208955223880597,0.19402985074626866,0.3805970149253731,0.21641791044776118
538,33.51665845354128,123,0.06780182553685142,0.00012094470437053251,1.25580945837166,0.25203252032520324,0.17886178861788618,0.42276422764227645,0.14634146341463414
539,-76.23957102935825,83,0.06746414238368,0.00012011244339814657,1.2102721785902404,0.39759036144578314,0.13253012048192772,0.27710843373493976,0.1927710843373494
540,-17.67591613705021,67,0.06712814104233344,0.00011928590949194152,1.2466962498557839,0.14925373134328357,0.2537313432835821,0.417910447761194,0.1791044776119403
541,262.3011521340435,295,0.06679381313664319,0.000118465063242059,1.2466588805164567,0.4576271186440678,0.10508474576271186,0.3050847457627119,0.13220338983050847
542,-25.671361648235205,83,0.0664611503321577,0.00011764986550983303,1.290426362383244,0.3373493975903614,0.14457831325301204,0.3493975903614458,0.1686746987951807
543,-281.7277649710816,142,0.06613014433593471,0.00011684027742592396,1.2765308966526745,0.1619718309859155,0.14084507042253522,0.5422535211267606,0.15492957746478872
544,19.862424446285587,101,0.06580078689633446,0.00011603626038846503,1.2890270024243973,0.1188118811881188,0.18811881188118812,0.49504950495049505,0.19801980198019803
545,2.07169978595887,103,0.06547306980281405,0.00011523777606122184,1.2914755382102594,0.27184466019417475,0.14563106796116504,0.44660194174757284,0.13592233009708737
546,-28.730127416915835,116,0.0651469848857227,0.00011444478637176445,1.2815408779883415,0.1206896551724138,0.2413793103448276,0.4051724137931034,0.23275862068965517
547,-98.46530814733242,64,0.0648225240160981,0.00011365725350965203,1.2677652406754167,0.3125,0.3125,0.09375,0.28125
548,27.572327261791372,97,0.06449967910546381,0.00011287513992463008,1.2851414970115984,0.24742268041237114,0.14432989690721648,0.4742268041237113,0.13402061855670103
549,-0.4805174720960821,105,0.06417844210562758,0.00011209840832483992,1.2685218735164108,0.4380952380952381,0.12380952380952381,0.19047619047619047,0.24761904761904763
550,-34.79430358119788,64,0.0638588050084807,0.00011132702167504067,1.2696253563558721,0.171875,0.296875,0.3125,0.21875
551,-57.72128475139584,56,0.06354075984579843,0.00011056094319484329,1.2918439933391623,0.17857142857142858,0.375,0.23214285714285715,0.21428571428571427
552,-46.2336248404295,112,0.0632242986890413,0.00010980013635695692,1.247966888902425,0.17857142857142858,0.10714285714285714,0.5,0.21428571428571427
553,13.145724781203029,113,0.06290941364915748,0.00010904456488544722,1.2529050773235748,0.10619469026548672,0.18584070796460178,0.49557522123893805,0.21238938053097345
554,187.43621419536544,221,0.06259609687638612,0.00010829419275400668,1.2537075094667784,0.37104072398190047,0.167420814479638,0.3393665158371041,0.12217194570135746
555,5.587144609643914,94,0.06228434056006167,0.00010754898418423684,1.268414461811989,0.11702127659574468,0.19148936170212766,0.43617021276595747,0.2553191489361702
556,-62.13518535466846,173,0.061974136928419146,0.00010680890364394243,1.2587329193960077,0.09826589595375723,0.2254335260115607,0.5086705202312138,0.1676300578034682
557,-111.31328249519774,156,0.06166547824840039,0.00010607391584543704,1.2503862606397487,0.15384615384615385,0.16666666666666666,0.5128205128205128,0.16666666666666666
558,-54.29803052983971,106,0.061358356825461334,0.00010534398574386068,1.2283065237721886,0.4056603773584906,0.11320754716981132,0.3113207547169811,0.16981132075471697
559,-97.36155220583254,93,0.06105276500338012,0.00010461907853550873,1.22574004250058,0.24731182795698925,0.1827956989247312,0.3010752688172043,0.26881720430107525
560,-51.90112209505192,73,0.06074869516406628,0.00010389915965617252,1.2705388062616163,0.1506849315068493,0.2054794520547945,0.3698630136986301,0.273972602739726
561,-59.09440816895234,94,0.06044613972737082,0.00010318419477949128,1.3131211367721334,0.40425531914893614,0.1276595744680851,0.2872340425531915,0.18085106382978725
562,-195.48891970282293,147,0.060145091150897244,0.00010247414981531538,1.2753683550297001,0.09523809523809523,0.14965986394557823,0.5782312925170068,0.17687074829931973
563,-47.37650665297909,107,0.059845541929813534,0.00010176899090808095,1.2779973658212844,0.08411214953271028,0.2523364485981308,0.3364485981308411,0.32710280373831774
564,-44.559586564410125,71,0.05954748459666506,0.00010106868443519556,1.2743319104760886,0.23943661971830985,0.14084507042253522,0.39436619718309857,0.22535211267605634
565,229.89146873447552,476,0.05925091172118844,0.00010037319700543509,1.2779177409144924,0.43487394957983194,0.06092436974789916,0.3403361344537815,0.1638655462184874
566,-40.49221777647624,92,0.058955815910126275,9.968249545735159e-05,1.2701799205003739,0.10869565217391304,0.20652173913043478,0.43478260869565216,0.25
567,-57.02493759930702,97,0.05866218980704289,9.899654685769216e-05,1.271442082010964,0.12371134020618557,0.27835051546391754,0.30927835051546393,0.28865979381443296
568,-60.580580027674806,64,0.058370026092140904,9.83153184998286e-05,1.2742771722817507,0.234375,0.109375,0.390625,0.265625
569,-63.92233009992411,78,0.058079317482078785,9.763877790219797e-05,1.2619098663265744,0.2692307692307692,0.10256410256410256,0.3717948717948718,0.2564102564102564
570,-2.8396415839609404,96,0.05779005672978926,9.696689280675384e-05,1.2292209316012095,0.19791666666666666,0.13541666666666666,0.5208333333333334,0.14583333333333334
571,11.18613925109456,148,0.05750223662429868,9.629963117742819e-05,1.2329133195953443,0.05405405405405406,0.25675675675675674,0.5202702702702703,0.16891891891891891
572,23.226371008770656,137,0.05721584999054722,9.563696119860388e-05,1.24578938843464,0.06569343065693431,0.21897810218978103,0.5036496350364964,0.2116788321167883
573,235.18988178348064,585,0.056930889689210055,9.49788512735977e-05,1.258646103259384,0.3487179487179487,0.39316239316239315,0.15726495726495726,0.10085470085470086
574,295.18224596639755,246,0.05664734861651935,9.432527002315378e-05,1.2948391176251948,0.2886178861788618,0.23577235772357724,0.3170731707317073,0.15853658536585366
575,-337.6566576839431,172,0.056365219704087186,9.36761862839474e-05,1.2887138141177734,0.313953488372093,0.1686046511627907,0.42441860465116277,0.09302325581395349
576,-5.943720325001877,94,0.056084495918729355,9.303156910709912e-05,1.2698202621651042,0.2553191489361702,0.18085106382978725,0.35106382978723405,0.2127659574468085
577,252.65671846288757,264,0.05580517026229002,9.239138775669905e-05,1.278509154633572,0.38257575757575757,0.19696969696969696,0.2878787878787879,0.13257575757575757
578,-77.12058145416644,85,0.05552723577146726,9.175561170834144e-05,1.2513872910784014,0.35294117647058826,0.17647058823529413,0.24705882352941178,0.2235294117647059
579,-81.69795525877922,137,0.055250685517639495,9.112421064766915e-05,1.2584148558394377,0.31386861313868614,0.15328467153284672,0.39416058394160586,0.1386861313868613
580,-90.07229150970461,64,0.05497551260669274,9.049715446892829e-05,1.2634592515023209,0.015625,0.25,0.375,0.359375
581,-18.379944413964395,129,0.05470171017884877,8.98744132735327e-05,1.2633096250610913,0.27906976744186046,0.12403100775193798,0.5038759689922481,0.09302325581395349
582,19.861887202858213,100,0.05442927140849408,8.925595736863845e-05,1.2675821632281865,0.22,0.18,0.42,0.18
583,-45.68739579219941,67,0.05415818950400976,8.864175726572796e-05,1.2676674082291857,0.23880597014925373,0.08955223880597014,0.47761194029850745,0.19402985074626866
584,-22.002780575162276,135,0.053888457707602165,8.803178367920401e-05,1.2685162034204756,0.0962962962962963,0.22962962962962963,0.43703703703703706,0.23703703703703705
585,5.249567498322136,149,0.05362006929513446,8.742600752499338e-05,1.2468137507982664,0.12751677852348994,0.19463087248322147,0.5033557046979866,0.174496644295302
586,-59.18087166635606,104,0.05335301757595899,8.682439991916009e-05,1.2540375463989193,0.057692307692307696,0.28846153846153844,0.3557692307692308,0.2980769230769231
587,-119.31418723442948,77,0.053087295892750505,8.622693217652819e-05,1.284932176292457,0.22077922077922077,0.3246753246753247,0.2077922077922078,0.24675324675324675
588,-61.85550232827253,97,0.052822897621340174,8.563357580931399e-05,1.2818992901651765,0.10309278350515463,0.27835051546391754,0.35051546391752575,0.26804123711340205
589,-48.9160180891416,97,0.052559816170550465,8.504430252576783e-05,1.2983176429609014,0.16494845360824742,0.23711340206185566,0.27835051546391754,0.31958762886597936
590,254.23779405706355,303,0.05229804498203084,8.445908422882499e-05,1.2881043107123664,0.37623762376237624,0.3432343234323432,0.23432343234323433,0.0462046204620462
591,-77.4206363538533,115,0.05203757753009425,8.387789301476607e-05,1.2643725250913993,0.10434782608695652,0.20869565217391303,0.46956521739130436,0.21739130434782608
592,25.696647507942373,144,0.051778407321554455,8.33007011718865e-05,1.2633156700508383,0.04861111111111111,0.25,0.4305555555555556,0.2708333333333333
593,42.355144154726844,77,0.05152052789556417,8.272748117917522e-05,1.2966318182759338,0.22077922077922077,0.15584415584415584,0.5454545454545454,0.07792207792207792
594,-47.595606841239885,64,0.051263932823453984,8.215820570500247e-05,1.3228749314351658,0.1875,0.3125,0.3125,0.1875
595,-87.33993611350061,98,0.051008615708572125,8.159284760581654e-05,1.2721795741602742,0.08163265306122448,0.2755102040816326,0.3163265306122449,0.32653061224489793
596,-109.73350961240874,70,0.050754570186124975,8.10313799248496e-05,1.2682665994596598,0.0,0.2857142857142857,0.35714285714285715,0.35714285714285715
597,-49.52113240272351,98,0.0505017899230184,8.047377589083238e-05,1.272328677494485,0.01020408163265306,0.2653061224489796,0.3979591836734694,0.32653061224489793
598,39.798794384201955,114,0.050250268617699906,7.992000891671763e-05,1.25849305213998,0.14912280701754385,0.20175438596491227,0.4649122807017544,0.18421052631578946
599,-31.982070144414337,103,0.05000000000000151,7.93700525984125e-05,1.2817120754305924,0.0970873786407767,0.1553398058252427,0.5339805825242718,0.21359223300970873
600,36.28563860360936,150,0.05,7.882388071351953e-05,1.2752174620988037,0.10666666666666667,0.20666666666666667,0.44666666666666666,0.24
601,-7.875129860763224,74,0.05,7.828146722008633e-05,1.2462910449333844,0.32432432432432434,0.12162162162162163,0.43243243243243246,0.12162162162162163
602,-13.677263681766902,131,0.05,7.77427862553639e-05,1.2873449203589953,0.21374045801526717,0.19083969465648856,0.3435114503816794,0.25190839694656486
603,-1.9956090585591681,103,0.05,7.720781213457351e-05,1.2910655084124005,0.20388349514563106,0.20388349514563106,0.39805825242718446,0.1941747572815534
604,-63.11898459293993,86,0.05,7.667651934968192e-05,1.2829488472283532,0.32558139534883723,0.09302325581395349,0.3953488372093023,0.18604651162790697
605,-2.8141365765952884,92,0.05,7.614888256818525e-05,1.3021546084026345,0.16304347826086957,0.21739130434782608,0.40217391304347827,0.21739130434782608
606,-30.5050627015942,94,0.05,7.562487663190101e-05,1.286538112430535,0.1595744680851064,0.2127659574468085,0.3617021276595745,0.26595744680851063
607,0.14769348007349947,74,0.05,7.510447655576865e-05,1.3478916878778586,0.17567567567567569,0.21621621621621623,0.4594594594594595,0.14864864864864866
608,-28.449581038828256,118,0.05,7.45876575266581e-05,1.315373769507445,0.1271186440677966,0.2033898305084746,0.4067796610169492,0.2627118644067797
609,-47.5684883567295,62,0.05,7.407439490218681e-05,1.2604607024682741,0.3064516129032258,0.0967741935483871,0.3870967741935484,0.20967741935483872
610,-5.547492760796047,117,0.05,7.356466420954464e-05,1.2970694905628908,0.37606837606837606,0.10256410256410256,0.4017094017094017,0.11965811965811966
611,-39.53170460090267,123,0.05,7.30584411443271e-05,1.2814096448035852,0.06504065040650407,0.3170731707317073,0.2845528455284553,0.3333333333333333
612,34.50748031957738,145,0.05,7.255570156937642e-05,1.2972079852405802,0.0896551724137931,0.22758620689655173,0.45517241379310347,0.22758620689655173
613,-2.8419369431516515,124,0.05,7.205642151363067e-05,1.294889347339535,0.0967741935483871,0.22580645161290322,0.4435483870967742,0.23387096774193547
614,-69.90662438525834,90,0.05,7.156057717098084e-05,1.2986502488937612,0.044444444444444446,0.28888888888888886,0.32222222222222224,0.34444444444444444
615,-27.22066967408803,82,0.05,7.10681448991357e-05,1.312250786998787,0.2682926829268293,0.13414634146341464,0.43902439024390244,0.15853658536585366
616,-72.1426904710472,55,0.05,7.057910121849457e-05,1.2478948480833074,0.3090909090909091,0.2909090909090909,0.2545454545454545,0.14545454545454545
617,-44.42115682174132,120,0.05,7.009342281102772e-05,1.3036350762403992,0.05,0.3,0.3416666666666667,0.30833333333333335
618,-91.39105592834284,78,0.05,6.96110865191646e-05,1.2882020725875059,0.19230769230769232,0.1794871794871795,0.3974358974358974,0.23076923076923078
619,-88.82464944168153,88,0.05,6.913206934468965e-05,1.2854639065308064,0.13636363636363635,0.23863636363636365,0.3409090909090909,0.2840909090909091
620,-93.98376076897708,95,0.05,6.865634844764571e-05,1.274552213019668,0.22105263157894736,0.21052631578947367,0.2631578947368421,0.30526315789473685
621,182.15555727303263,710,0.05,6.818390114524503e-05,1.2944684892724183,0.26901408450704223,0.08028169014084507,0.24507042253521127,0.4056338028169014
622,26.261330875772202,130,0.05,6.771470491078771e-05,1.2931818753437554,0.12307692307692308,0.24615384615384617,0.38461538461538464,0.24615384615384617
623,6.1946951498331515,107,0.05,6.724873737258758e-05,1.2997884190109248,0.308411214953271,0.102803738317757,0.4672897196261682,0.12149532710280374
624,-52.897511918748144,72,0.05,6.678597631290557e-05,1.3060176335426665,0.19444444444444445,0.1527777777777778,0.4444444444444444,0.20833333333333334
625,-56.220093757731505,86,0.05,6.632639966689026e-05,1.3061835242427577,0.36046511627906974,0.12790697674418605,0.36046511627906974,0.1511627906976744
626,-90.93477210127897,87,0.05,6.586998552152588e-05,1.2956529959696368,0.06896551724137931,0.27586206896551724,0.26436781609195403,0.39080459770114945
627,-0.5554042768351053,154,0.05,6.541671211458746e-05,1.2980224601712689,0.11688311688311688,0.24025974025974026,0.43506493506493504,0.2077922077922078
628,-63.42088595929275,79,0.05,6.496655783360315e-05,1.302973579574646,0.10126582278481013,0.34177215189873417,0.26582278481012656,0.2911392405063291
629,-64.82114565866092,84,0.05,6.451950121482378e-05,1.2570074101564617,0.20238095238095238,0.023809523809523808,0.5833333333333334,0.19047619047619047
630,-52.123755657797275,58,0.05,6.40755209421994e-05,1.297863113589861,0.017241379310344827,0.41379310344827586,0.2413793103448276,0.3275862068965517
631,-97.46257732316916,420,0.05,6.363459584636293e-05,1.2888803690388078,0.13333333333333333,0.18571428571428572,0.4714285714285714,0.20952380952380953
632,-8.646039342871703,104,0.05,6.319670490362081e-05,1.3004262206212305,0.16346153846153846,0.1346153846153846,0.5961538461538461,0.10576923076923077
633,279.79189730909604,198,0.05,6.276182723495052e-05,1.2772260403841156,0.4090909090909091,0.13636363636363635,0.32323232323232326,0.13131313131313133
634,218.3209601985438,461,0.05,6.23299421050051e-05,1.3237771565711445,0.4121475054229935,0.31670281995661603,0.13882863340563992,0.13232104121475055
635,-59.922240188269434,87,0.05,6.190102892112444e-05,1.2981133743207447,0.3103448275862069,0.16091954022988506,0.3563218390804598,0.1724137931034483
636,-35.400006494860804,80,0.05,6.147506723235341e-05,1.3175444314834952,0.075,0.325,0.325,0.275
637,-51.37751941833197,64,0.05,6.105203672846676e-05,1.302998273659283,0.265625,0.125,0.453125,0.15625
638,-52.81308255385237,90,0.05,6.0631917239000664e-05,1.3426493038653702,0.16666666666666666,0.23333333333333334,0.34444444444444444,0.25555555555555554
639,-32.39633055996434,103,0.05,6.0214688732291044e-05,1.3181507544284556,0.0970873786407767,0.22330097087378642,0.4077669902912621,0.27184466019417475
640,-77.20864091950148,79,0.05,5.980033131451837e-05,1.3137773729306943,0.45569620253164556,0.0759493670886076,0.379746835443038,0.08860759493670886
641,-55.079944676337725,60,0.05,5.938882522875917e-05,1.3244300819537356,0.13333333333333333,0.3,0.3333333333333333,0.23333333333333334
642,-46.40782213481921,127,0.05,5.8980150854043945e-05,1.3064376942536111,0.1968503937007874,0.2125984251968504,0.4330708661417323,0.15748031496062992
643,-106.9439841283548,97,0.05,5.857428870442166e-05,1.3272002679798611,0.09278350515463918,0.23711340206185566,0.41237113402061853,0.25773195876288657
644,7.846092561474336,115,0.05,5.8171219428030646e-05,1.3108004011194057,0.28695652173913044,0.1565217391304348,0.41739130434782606,0.1391304347826087
645,11.253191249254627,118,0.05,5.777092380617584e-05,1.3194456241370738,0.2796610169491525,0.1694915254237288,0.3898305084745763,0.16101694915254236
646,-216.87668747862224,398,0.05,5.737338275241247e-05,1.308082684357101,0.11557788944723618,0.32663316582914576,0.4623115577889447,0.09547738693467336
647,-16.468698177487965,127,0.05,5.697857731163596e-05,1.2764419393751898,0.2992125984251969,0.07874015748031496,0.5354330708661418,0.08661417322834646
648,-110.88566239800063,187,0.05,5.6586488659178155e-05,1.2797432156623991,0.22459893048128343,0.20855614973262032,0.4385026737967914,0.12834224598930483
649,-92.59089791668003,94,0.05,5.619709809990975e-05,1.3478898584774732,0.4148936170212766,0.13829787234042554,0.2872340425531915,0.1595744680851064
650,-63.25211432560527,101,0.05,5.581038706734888e-05,1.3435731811825877,0.37623762376237624,0.12871287128712872,0.32673267326732675,0.16831683168316833
651,-76.94369640699986,86,0.05,5.542633712277583e-05,1.3208980389350502,0.32558139534883723,0.16279069767441862,0.3488372093023256,0.16279069767441862
652,-20.16990439837687,124,0.05,5.5044929954353904e-05,1.3141549356305122,0.20161290322580644,0.21774193548387097,0.3467741935483871,0.23387096774193547
653,-101.58147435988143,137,0.05,5.4666147376256274e-05,1.3220822648083852,0.18248175182481752,0.0948905109489051,0.5620437956204379,0.16058394160583941
654,-97.96032709591834,83,0.05,5.428997132779887e-05,1.316482579516644,0.3493975903614458,0.1566265060240964,0.27710843373493976,0.21686746987951808
655,-39.8952317839571,64,0.05,5.3916383872579235e-05,1.3068359891014119,0.359375,0.09375,0.4375,0.109375
656,-11.15131533715433,62,0.05,5.35453671976213e-05,1.3459512197231136,0.03225806451612903,0.3064516129032258,0.3870967741935484,0.27419354838709675
657,-65.08987362951592,95,0.05,5.3176903612526025e-05,1.3380030696010543,0.37894736842105264,0.09473684210526316,0.4,0.12631578947368421
658,-61.16389173441072,87,0.05,5.2810975548627954e-05,1.3345608723269646,0.10344827586206896,0.25287356321839083,0.3563218390804598,0.28735632183908044
659,-2.5191419480542976,441,0.05,5.244756555815747e-05,1.3191774311505349,0.2494331065759637,0.4308390022675737,0.1746031746031746,0.14512471655328799
660,-69.57019387839952,100,0.05,5.208665631340891e-05,1.3002394756124653,0.39,0.11,0.35,0.15
661,35.72794378826751,116,0.05,5.172823060591434e-05,1.3390993752195877,0.1724137931034483,0.14655172413793102,0.5,0.1810344827586207
662,-0.829421721840589,89,0.05,5.137227134562306e-05,1.3312058405132874,0.11235955056179775,0.24719101123595505,0.39325842696629215,0.24719101123595505
663,8.916679502354711,75,0.05,5.1018761560086726e-05,1.3104495605255377,0.08,0.26666666666666666,0.44,0.21333333333333335
664,-56.83426055353965,77,0.05,5.0667684393650084e-05,1.2688902690522088,0.4155844155844156,0.03896103896103896,0.44155844155844154,0.1038961038961039
665,15.007625032966473,135,0.05,5.031902310664729e-05,1.322072421008142,0.044444444444444446,0.2814814814814815,0.42962962962962964,0.24444444444444444
666,245.1928572372951,287,0.05,4.9972761074603725e-05,1.368156898445968,0.5156794425087108,0.13240418118466898,0.2682926829268293,0.08362369337979095
667,23.20352636685648,101,0.05,4.962888178744336e-05,1.3716259744337163,0.10891089108910891,0.21782178217821782,0.43564356435643564,0.2376237623762376
668,-129.7770771183124,141,0.05,4.928736884870152e-05,1.3683883190056083,0.425531914893617,0.02127659574468085,0.48936170212765956,0.06382978723404255
669,-7.740565293124774,75,0.05,4.894820597474307e-05,1.332541813870216,0.32,0.14666666666666667,0.4666666666666667,0.06666666666666667
670,-125.92157547546269,140,0.05,4.861137699398604e-05,1.3701687777866929,0.07142857142857142,0.24285714285714285,0.4928571428571429,0.19285714285714287
671,-241.36179012463407,94,0.05,4.827686584613052e-05,1.3376139232050412,0.02127659574468085,0.35106382978723405,0.3829787234042553,0.24468085106382978
672,-24.665522683050725,73,0.05,4.794465658139288e-05,1.3264625641793641,0.0684931506849315,0.3013698630136986,0.4383561643835616,0.1917808219178082
673,-131.3844172052531,97,0.05,4.761473335974531e-05,1.3575925859157865,0.20618556701030927,0.0,0.6597938144329897,0.13402061855670103
674,-92.4506173689292,218,0.05,4.728708045016051e-05,1.3333969336300813,0.1834862385321101,0.10550458715596331,0.518348623853211,0.1926605504587156
675,-121.18021382757757,92,0.05,4.6961682229861654e-05,1.3057667874096561,0.18478260869565216,0.16304347826086957,0.40217391304347827,0.25
676,-59.10218849399417,76,0.05,4.663852318357747e-05,1.3199653890454355,0.18421052631578946,0.27631578947368424,0.3026315789473684,0.23684210526315788
677,-11.609950103667671,74,0.05,4.631758790280246e-05,1.3357354595581086,0.05405405405405406,0.20270270270270271,0.5405405405405406,0.20270270270270271
678,-13.789756402535218,88,0.05,4.599886108506219e-05,1.3205679144949476,0.13636363636363635,0.2727272727272727,0.3977272727272727,0.19318181818181818
679,-121.33974441169579,87,0.05,4.5682327533183695e-05,1.3089224928072138,0.10344827586206896,0.1724137931034483,0.4482758620689655,0.27586206896551724
680,7.0505441733292855,75,0.05,4.536797215457083e-05,1.3198734836267028,0.17333333333333334,0.26666666666666666,0.38666666666666666,0.17333333333333334
681,16.240283943215445,107,0.05,4.505577996048465e-05,1.3248187283557775,0.3644859813084112,0.12149532710280374,0.40186915887850466,0.11214953271028037
682,-126.9239473697731,105,0.05,4.4745736065328744e-05,1.3230350296695368,0.23809523809523808,0.08571428571428572,0.5142857142857142,0.1619047619047619
683,-27.775830272218286,83,0.05,4.443782568593946e-05,1.335754182182369,0.25301204819277107,0.12048192771084337,0.42168674698795183,0.20481927710843373
684,-7.888310877601583,82,0.05,4.4132034140881064e-05,1.3714124450519887,0.08536585365853659,0.2804878048780488,0.43902439024390244,0.1951219512195122
685,-40.86411749448298,104,0.05,4.382834684974566e-05,1.3987667218482747,0.3557692307692308,0.15384615384615385,0.2980769230769231,0.19230769230769232
686,-48.071745722856704,92,0.05,4.3526749332458045e-05,1.3844523172740377,0.21739130434782608,0.16304347826086957,0.42391304347826086,0.1956521739130435
687,4.668317350177915,131,0.05,4.3227227208585244e-05,1.3711264860801042,0.35877862595419846,0.11450381679389313,0.4198473282442748,0.10687022900763359
688,-26.373254779258332,83,0.05,4.292976619665085e-05,1.3807358404467465,0.2289156626506024,0.25301204819277107,0.3614457831325301,0.1566265060240964
689,-58.85218178344386,86,0.05,4.263435211345408e-05,1.3561762910842923,0.05813953488372093,0.20930232558139536,0.45348837209302323,0.27906976744186046
690,0.7880416019254142,106,0.05,4.23409708733935e-05,1.3521478279651715,0.10377358490566038,0.29245283018867924,0.3867924528301887,0.2169811320754717
691,-9.72786381650684,96,0.05,4.2049608487795405e-05,1.3779580226873467,0.3125,0.1875,0.3645833333333333,0.13541666666666666
692,-0.20869064177104235,160,0.05,4.176025106424684e-05,1.3699914739586379,0.18125,0.0875,0.4875,0.24375
693,-79.13403338902705,74,0.05,4.1472884805933184e-05,1.3565039370569292,0.14864864864864866,0.16216216216216217,0.47297297297297297,0.21621621621621623
694,-61.36196000561239,111,0.05,4.1187496010980326e-05,1.3476832834501404,0.15315315315315314,0.08108108108108109,0.5585585585585585,0.2072072072072072
695,-59.56947858875566,74,0.05,4.090407107180133e-05,1.3091435626497645,0.32432432432432434,0.10810810810810811,0.44594594594594594,0.12162162162162163
696,-81.5961192307702,81,0.05,4.062259647444761e-05,1.3822064898525668,0.24691358024691357,0.09876543209876543,0.5679012345679012,0.08641975308641975
697,-71.70926230564774,94,0.05,4.034305879796459e-05,1.3513187465106673,0.39361702127659576,0.0851063829787234,0.3723404255319149,0.14893617021276595
698,-5.574111507070043,95,0.05,4.0065444713751755e-05,1.3486641970385644,0.14736842105263157,0.2,0.47368421052631576,0.17894736842105263
699,-67.48298694599566,97,0.05,3.978974098492718e-05,1.3537018114277983,0.44329896907216493,0.08247422680412371,0.32989690721649484,0.14432989690721648
700,-10.657578635242146,86,0.05,3.951593446569633e-05,1.3693306981913074,0.03488372093023256,0.20930232558139536,0.5581395348837209,0.19767441860465115
701,-53.62456972429025,100,0.05,3.924401210072528e-05,1.3457205467911155,0.26,0.19,0.35,0.2
702,-138.1855618777807,113,0.05,3.897396092451824e-05,1.3517272375085425,0.24778761061946902,0.07964601769911504,0.5309734513274337,0.1415929203539823
703,-161.13252381373042,128,0.05,3.8705768060799324e-05,1.3243564351719466,0.25,0.1328125,0.4609375,0.15625
704,18.224338953556057,142,0.05,3.8439420721898606e-05,1.4103440946240204,0.22535211267605634,0.176056338028169,0.4647887323943662,0.13380281690140844
705,-10.160222445270406,64,0.05,3.8174906208142405e-05,1.4059901383987314,0.3125,0.15625,0.484375,0.046875
706,201.86153765096128,542,0.05,3.791221190724773e-05,1.3840352276927634,0.2047970479704797,0.05719557195571956,0.25092250922509224,0.4870848708487085
707,184.8062463935543,213,0.05,3.765132529372094e-05,1.3761754696259252,0.056338028169014086,0.5492957746478874,0.28169014084507044,0.11267605633802817
708,-50.950550768956745,100,0.05,3.7392233928260494e-05,1.368970416164876,0.34,0.22,0.24,0.2
709,-92.28933351404929,99,0.05,3.713492545716386e-05,1.3904063016269645,0.050505050505050504,0.3434343434343434,0.32323232323232326,0.2828282828282828
710,-96.69453625716622,99,0.05,3.687938761173845e-05,1.3667687971154199,0.1717171717171717,0.2222222222222222,0.45454545454545453,0.15151515151515152
711,-22.44718797639048,64,0.05,3.662560820771668e-05,1.3622698900103525,0.390625,0.15625,0.375,0.078125
712,-91.06284649080607,103,0.05,3.637357514467496e-05,1.3895761407187908,0.10679611650485436,0.22330097087378642,0.3786407766990291,0.2912621359223301
713,-74.78786617916884,110,0.05,3.612327640545678e-05,1.375055460243622,0.11818181818181818,0.2545454545454545,0.34545454545454546,0.2818181818181818
714,-44.25088416417135,91,0.05,3.5874700055599694e-05,1.3890487561162739,0.2857142857142857,0.23076923076923078,0.2967032967032967,0.18681318681318682
715,-16.356781105329546,79,0.05,3.5627834242766295e-05,1.37400187078055,0.13924050632911392,0.26582278481012656,0.4177215189873418,0.17721518987341772
716,21.813850402926704,88,0.05,3.5382667196179064e-05,1.3803593616915755,0.14772727272727273,0.22727272727272727,0.4772727272727273,0.14772727272727273
717,-188.57014576100278,92,0.05,3.513918722605914e-05,1.3976927608919396,0.16304347826086957,0.07608695652173914,0.5217391304347826,0.2391304347826087
718,-25.484149193866003,87,0.05,3.489738272306896e-05,1.375243606015109,0.06896551724137931,0.26436781609195403,0.41379310344827586,0.25287356321839083
719,31.928579733453432,112,0.05,3.4657242157758666e-05,1.4088027021649228,0.1875,0.20535714285714285,0.4375,0.16964285714285715
720,-137.90184108206614,124,0.05,3.4418754080016435e-05,1.402856883110374,0.25,0.11290322580645161,0.532258064516129,0.10483870967741936
721,-122.78482100512655,86,0.05,3.4181907118522465e-05,1.4090309014855837,0.27906976744186046,0.011627906976744186,0.6046511627906976,0.10465116279069768
722,-43.465746542549766,111,0.05,3.394668998020683e-05,1.4107122583664427,0.2972972972972973,0.15315315315315314,0.42342342342342343,0.12612612612612611
723,35.54309052556275,85,0.05,3.3713091449710984e-05,1.3920460615977734,0.03529411764705882,0.18823529411764706,0.611764705882353,0.16470588235294117
724,-60.6618029580287,105,0.05,3.3481100388853026e-05,1.3985769509792443,0.4095238095238095,0.12380952380952381,0.3238095238095238,0.14285714285714285
725,271.2524362872999,320,0.05,3.32507057360966e-05,1.3978370237430515,0.528125,0.178125,0.203125,0.090625
726,-99.84912561333972,101,0.05,3.3021896506023485e-05,1.375914815548299,0.27722772277227725,0.1485148514851485,0.39603960396039606,0.1782178217821782
727,29.138074488912594,96,0.05,3.27946617888098e-05,1.3671819910328962,0.17708333333333334,0.19791666666666666,0.4479166666666667,0.17708333333333334
728,-26.294989921822605,108,0.05,3.256899074970581e-05,1.359656879375761,0.25925925925925924,0.25925925925925924,0.3425925925925926,0.1388888888888889
729,-186.01734582880653,84,0.05,3.2344872628519324e-05,1.389946168098643,0.17857142857142858,0.047619047619047616,0.5952380952380952,0.17857142857142858
730,290.6739309207762,279,0.05,3.2122296739102625e-05,1.3708064579950445,0.2974910394265233,0.17921146953405018,0.27956989247311825,0.24372759856630824
731,-100.57652532715619,77,0.05,3.190125246884296e-05,1.3709124823003314,0.03896103896103896,0.23376623376623376,0.5324675324675324,0.19480519480519481
732,-14.714220698802578,114,0.05,3.168172927815652e-05,1.3793461515137055,0.2982456140350877,0.12280701754385964,0.47368421052631576,0.10526315789473684
733,-188.20986270780654,87,0.05,3.146371669998587e-05,1.3741676936197111,0.16091954022988506,0.12643678160919541,0.5287356321839081,0.1839080459770115
734,-82.37790758974165,93,0.05,3.124720433930093e-05,1.3926572801300057,0.21505376344086022,0.15053763440860216,0.3763440860215054,0.25806451612903225
735,-52.93943390459877,107,0.05,3.10321818726033e-05,1.3871655022128528,0.3177570093457944,0.1588785046728972,0.35514018691588783,0.16822429906542055
736,-11.670519097455553,146,0.05,3.081863904743399e-05,1.4397786156690344,0.1780821917808219,0.1917808219178082,0.4863013698630137,0.14383561643835616
737,-41.625241737513,79,0.05,3.0606565681884654e-05,1.4527524223742097,0.02531645569620253,0.25316455696202533,0.5063291139240507,0.21518987341772153
738,-37.963910557284294,116,0.05,3.0395951664112036e-05,1.4168819995513862,0.1810344827586207,0.15517241379310345,0.45689655172413796,0.20689655172413793
739,-108.90390369969133,95,0.05,3.018678695185587e-05,1.4383257126040854,0.12631578947368421,0.25263157894736843,0.4842105263157895,0.1368421052631579
740,8.99795362177008,128,0.05,2.9979061571960033e-05,1.4137541277149435,0.28125,0.171875,0.4140625,0.1328125
741,-6.414466408086724,111,0.05,2.9772765619897032e-05,1.4292087463519114,0.3063063063063063,0.09009009009009009,0.5045045045045045,0.0990990990990991
742,-17.98005644570813,126,0.05,2.956788925929574e-05,1.4093694193593174,0.21428571428571427,0.12698412698412698,0.4523809523809524,0.20634920634920634
743,-56.801067374260725,97,0.05,2.9364422721472388e-05,1.3930204723894202,0.17525773195876287,0.16494845360824742,0.5154639175257731,0.14432989690721648
744,197.34966072305036,214,0.05,2.916235630496479e-05,1.4143629421671688,0.3411214953271028,0.27102803738317754,0.2570093457943925,0.1308411214953271
745,-140.5242878055643,119,0.05,2.896168037506977e-05,1.4060983331545798,0.3865546218487395,0.08403361344537816,0.40336134453781514,0.12605042016806722
746,-44.534721365871135,137,0.05,2.876238536338376e-05,1.398971483509981,0.1386861313868613,0.08759124087591241,0.5766423357664233,0.19708029197080293
747,-59.9885301239741,96,0.05,2.856446176734659e-05,1.4056288000853285,0.3645833333333333,0.08333333333333333,0.4270833333333333,0.125
748,-116.74049118389428,100,0.05,2.8367900149788368e-05,1.4171130216488799,0.15,0.21,0.37,0.27
749,5.173063200661076,107,0.05,2.817269113847954e-05,1.3963517167835118,0.2336448598130841,0.19626168224299065,0.4205607476635514,0.14953271028037382
750,29.133596506375937,112,0.05,2.7978825425683996e-05,1.3748522859035013,0.3392857142857143,0.14285714285714285,0.375,0.14285714285714285
751,-130.5942288603785,93,0.05,2.778629376771527e-05,1.4059353220731425,0.22580645161290322,0.20430107526881722,0.34408602150537637,0.22580645161290322
752,-199.21042352597811,112,0.05,2.7595086984495794e-05,1.3738610954038502,0.21428571428571427,0.3125,0.3482142857142857,0.125
753,-112.38250884564157,98,0.05,2.740519595911919e-05,1.4665622709346913,0.14285714285714285,0.19387755102040816,0.4897959183673469,0.17346938775510204
754,-42.583182649203934,85,0.05,2.7216611637415555e-05,1.4284206099499233,0.23529411764705882,0.10588235294117647,0.5294117647058824,0.12941176470588237
755,-79.1617693139771,119,0.05,2.7029325027519766e-05,1.4247164521215843,0.19327731092436976,0.15126050420168066,0.48739495798319327,0.16806722689075632
756,-3.0207140771202177,139,0.05,2.6843327199442725e-05,1.430948460594817,0.1366906474820144,0.2302158273381295,0.4748201438848921,0.15827338129496402
757,-187.221470535252,88,0.05,2.6658609284645578e-05,1.4099648666778997,0.125,0.14772727272727273,0.5113636363636364,0.2159090909090909
758,-7.451050529689681,84,0.05,2.647516247561686e-05,1.4211605167877974,0.19047619047619047,0.27380952380952384,0.36904761904761907,0.16666666666666666
759,3.669779409602967,93,0.05,2.6292978025452534e-05,1.4302173142899073,0.24731182795698925,0.17204301075268819,0.46236559139784944,0.11827956989247312
760,-17.664336915113694,111,0.05,2.6112047247438936e-05,1.4089974766692628,0.42342342342342343,0.15315315315315314,0.3333333333333333,0.09009009009009009
761,-79.08891763861908,93,0.05,2.5932361514638587e-05,1.3902033057483558,0.1827956989247312,0.1827956989247312,0.45161290322580644,0.1827956989247312
762,-110.21406783863904,109,0.05,2.5753912259478847e-05,1.416988408705661,0.14678899082568808,0.26605504587155965,0.3577981651376147,0.22935779816513763
763,64.26421543698939,105,0.05,2.557669097334341e-05,1.4315416656822635,0.11428571428571428,0.20952380952380953,0.5714285714285714,0.10476190476190476
764,39.243849546476355,118,0.05,2.5400689206166612e-05,1.418237865610581,0.3220338983050847,0.15254237288135594,0.3898305084745763,0.13559322033898305
765,-4.369933616564381,112,0.05,2.522589856603051e-05,1.4186287588550595,0.33035714285714285,0.10714285714285714,0.4642857142857143,0.09821428571428571
766,-105.64366537092714,87,0.05,2.5052310718764757e-05,1.420545060578541,0.12643678160919541,0.21839080459770116,0.5287356321839081,0.12643678160919541
767,-48.76791240519623,78,0.05,2.4879917387549227e-05,1.3912452449737684,0.15384615384615385,0.1282051282051282,0.5512820512820513,0.16666666666666666
768,-49.04774277776714,104,0.05,2.4708710352519355e-05,1.4182301488995803,0.16346153846153846,0.22115384615384615,0.4519230769230769,0.16346153846153846
769,-162.93341769792104,111,0.05,2.4538681450374215e-05,1.382161417514167,0.2882882882882883,0.11711711711711711,0.40540540540540543,0.1891891891891892
770,-231.46881538894527,106,0.05,2.4369822573987288e-05,1.4112528354935145,0.20754716981132076,0.14150943396226415,0.37735849056603776,0.27358490566037735
771,-9.161102757171463,126,0.05,2.4202125672019906e-05,1.4004907367214527,0.1746031746031746,0.23015873015873015,0.5238095238095238,0.07142857142857142
772,-186.80071540499756,99,0.05,2.4035582748537352e-05,1.4752372906564264,0.24242424242424243,0.13131313131313133,0.4444444444444444,0.18181818181818182
773,-228.3977803851656,796,0.05,2.3870185862627613e-05,1.4493407549799666,0.2701005025125628,0.17839195979899497,0.19597989949748743,0.3555276381909548
774,-69.51473926252118,102,0.05,2.3705927128022745e-05,1.416972026213334,0.5196078431372549,0.049019607843137254,0.3137254901960784,0.11764705882352941
775,15.753598187452525,127,0.05,2.354279871272286e-05,1.415168221590231,0.1889763779527559,0.18110236220472442,0.44881889763779526,0.18110236220472442
776,28.42741756971796,116,0.05,2.338079283862267e-05,1.4403955409202682,0.1896551724137931,0.1896551724137931,0.46551724137931033,0.15517241379310345
777,16.471654002011633,110,0.05,2.3219901781140642e-05,1.4293305085787686,0.22727272727272727,0.19090909090909092,0.45454545454545453,0.12727272727272726
778,-98.22368887608795,95,0.05,2.306011786885067e-05,1.398121679264058,0.42105263157894735,0.11578947368421053,0.3368421052631579,0.12631578947368421
779,-43.365245849690446,73,0.05,2.290143348311629e-05,1.4053644965830865,0.3013698630136986,0.1232876712328767,0.410958904109589,0.1643835616438356
780,-84.0783348222563,89,0.05,2.2743841057727436e-05,1.405326133946783,0.16853932584269662,0.16853932584269662,0.5168539325842697,0.14606741573033707
781,6.533500878853886,128,0.05,2.2587333078539656e-05,1.4476058661248126,0.1015625,0.21875,0.4921875,0.1875
782,247.61684639519558,292,0.05,2.2431902083115847e-05,1.4138494843958247,0.2705479452054795,0.1678082191780822,0.3321917808219178,0.22945205479452055
783,0.9125431558016004,148,0.05,2.2277540660370424e-05,1.5051633593417797,0.30405405405405406,0.17567567567567569,0.4391891891891892,0.08108108108108109
784,-80.98812341173722,76,0.05,2.2124241450215965e-05,1.4602190847058858,0.3026315789473684,0.11842105263157894,0.4342105263157895,0.14473684210526316
785,-68.94283930964541,73,0.05,2.1971997143212276e-05,1.4555828353628562,0.1232876712328767,0.1506849315068493,0.5342465753424658,0.1917808219178082
786,-77.6599592419162,75,0.05,2.1820800480217858e-05,1.461322634455995,0.14666666666666667,0.22666666666666666,0.4666666666666667,0.16
787,-31.0324392404021,115,0.05,2.16706442520438e-05,1.4560407805326656,0.10434782608695652,0.22608695652173913,0.5130434782608696,0.1565217391304348
788,-31.57624919021619,88,0.05,2.1521521299110032e-05,1.4571493957506716,0.19318181818181818,0.2159090909090909,0.4431818181818182,0.14772727272727273
789,-86.839018325257,111,0.05,2.1373424511103943e-05,1.4440410835383712,0.18018018018018017,0.23423423423423423,0.3963963963963964,0.1891891891891892
790,-199.94670230920354,321,0.05,2.1226346826641367e-05,1.4504397450251578,0.056074766355140186,0.2866043613707165,0.5202492211838006,0.13707165109034267
791,-182.88212185266235,98,0.05,2.1080281232929883e-05,1.4261603086588441,0.2755102040816326,0.11224489795918367,0.47959183673469385,0.1326530612244898
792,-35.55656709880819,109,0.05,2.0935220765434445e-05,1.4649484695544732,0.07339449541284404,0.28440366972477066,0.4036697247706422,0.23853211009174313
793,-51.199759615797944,95,0.05,2.0791158507545297e-05,1.4420586444298797,0.07368421052631578,0.30526315789473685,0.43157894736842106,0.18947368421052632
794,-78.05435459505318,530,0.05,2.0648087590248188e-05,1.4371567329723236,0.14528301886792452,0.4075471698113208,0.24339622641509434,0.2037735849056604
795,-128.98593977712835,98,0.05,2.0506001191796858e-05,1.4362667004697216,0.35714285714285715,0.14285714285714285,0.3469387755102041,0.15306122448979592
796,210.73865289734275,353,0.05,2.036489253738776e-05,1.5010811027396438,0.24645892351274787,0.2747875354107649,0.2719546742209632,0.20679886685552407
797,25.92639995265978,155,0.05,2.0224754898837043e-05,1.4948925218569413,0.07096774193548387,0.24516129032258063,0.47096774193548385,0.2129032258064516
798,-55.642359926546185,106,0.05,2.008558159425973e-05,1.4619431510672096,0.41509433962264153,0.09433962264150944,0.3867924528301887,0.10377358490566038
799,207.01400106997193,511,0.05,1.9947365987751136e-05,1.4685989712045626,0.24266144814090018,0.24266144814090018,0.30332681017612523,0.21135029354207435
800,171.60102464540972,643,0.05,1.981010148907046e-05,1.4726192503408881,0.25972006220839816,0.2581648522550544,0.28149300155520995,0.2006220839813375
801,-110.11397253311715,104,0.05,1.9673781553326545e-05,1.4424889605114013,0.4423076923076923,0.11538461538461539,0.3269230769230769,0.11538461538461539
802,-59.43002833675199,645,0.05,1.9538399680665823e-05,1.5048206452961987,0.11937984496124031,0.4883720930232558,0.21395348837209302,0.17829457364341086
803,-27.272541281686088,108,0.05,1.9403949415962396e-05,1.4869975123242751,0.3055555555555556,0.12037037037037036,0.49074074074074076,0.08333333333333333
804,-63.37092053915595,86,0.05,1.9270424348510242e-05,1.5071430452461128,0.23255813953488372,0.1511627906976744,0.5,0.11627906976744186
805,43.253990303929015,119,0.05,1.913781811171755e-05,1.4943464957655765,0.14285714285714285,0.15966386554621848,0.5798319327731093,0.11764705882352941
806,-31.64931668356637,151,0.05,1.9006124382803167e-05,1.486148889021225,0.0728476821192053,0.271523178807947,0.5099337748344371,0.1456953642384106
807,-91.1265076741742,80,0.05,1.8875336882495104e-05,1.5179719277890324,0.2375,0.2125,0.425,0.125
808,-59.71028769667857,107,0.05,1.8745449374731143e-05,1.482795885109287,0.07476635514018691,0.2523364485981308,0.411214953271028,0.2616822429906542
809,-216.58869849299225,101,0.05,1.86164556663615e-05,1.4863187997021126,0.13861386138613863,0.19801980198019803,0.46534653465346537,0.19801980198019803
810,-232.68463787502765,95,0.05,1.8488349606853527e-05,1.4805055006179466,0.010526315789473684,0.21052631578947367,0.5263157894736842,0.25263157894736843
811,15.073054343888202,96,0.05,1.8361125087998447e-05,1.4739689940437877,0.23958333333333334,0.14583333333333334,0.5625,0.052083333333333336
812,-117.63505333141164,108,0.05,1.823477604362011e-05,1.509722244912912,0.3425925925925926,0.1574074074074074,0.3611111111111111,0.1388888888888889
813,-90.9349230143185,92,0.05,1.8109296449285756e-05,1.4606740742371012,0.08695652173913043,0.2608695652173913,0.5,0.15217391304347827
814,-103.40335819824342,120,0.05,1.7984680322018758e-05,1.4620331820920336,0.225,0.2,0.4583333333333333,0.11666666666666667
815,-58.04044396939098,109,0.05,1.7860921720013358e-05,1.4717363330388964,0.1651376146788991,0.28440366972477066,0.3211009174311927,0.22935779816513763
816,-78.02652220819176,111,0.05,1.773801474235135e-05,1.4916561054607784,0.06306306306306306,0.32432432432432434,0.3333333333333333,0.27927927927927926
817,-8.238088886828876,111,0.05,1.7615953528720717e-05,1.5420145382217156,0.11711711711711711,0.32432432432432434,0.44144144144144143,0.11711711711711711
818,247.66143755388964,397,0.05,1.7494732259136213e-05,1.5364309919568313,0.27204030226700254,0.27455919395465994,0.2795969773299748,0.17380352644836272
819,14.13754009367841,158,0.05,1.7374345153661857e-05,1.5018424544440836,0.24050632911392406,0.15822784810126583,0.4620253164556962,0.13924050632911392
820,-137.76640556864334,105,0.05,1.725478647213534e-05,1.5106227291287047,0.14285714285714285,0.41904761904761906,0.3142857142857143,0.12380952380952381
821,285.23715094905134,380,0.05,1.7136050513894327e-05,1.5021726154529047,0.5657894736842105,0.0868421052631579,0.21052631578947367,0.1368421052631579
822,-214.73804010607734,86,0.05,1.7018131617504658e-05,1.4977889030731069,0.046511627906976744,0.1744186046511628,0.5232558139534884,0.2558139534883721
823,-141.82002911365544,119,0.05,1.6901024160490384e-05,1.4949951673175346,0.16806722689075632,0.15966386554621848,0.5126050420168067,0.15966386554621848
824,-43.89840604104447,111,0.05,1.67847225590657e-05,1.5215150574487568,0.04504504504504504,0.25225225225225223,0.4864864864864865,0.21621621621621623
825,-111.72913484879899,77,0.05,1.66692212678687e-05,1.5177931036163748,0.03896103896103896,0.22077922077922077,0.5324675324675324,0.2077922077922078
826,-61.5755280214408,85,0.05,1.6554514779696966e-05,1.4972016104865862,0.047058823529411764,0.24705882352941178,0.5294117647058824,0.17647058823529413
827,-78.53574482395474,420,0.05,1.6440597625244978e-05,1.485442333503978,0.10714285714285714,0.2523809523809524,0.3547619047619048,0.2857142857142857
828,-6.953337152697102,102,0.05,1.6327464372843345e-05,1.5948626602362197,0.10784313725490197,0.2549019607843137,0.43137254901960786,0.20588235294117646
829,-41.036470601368215,117,0.05,1.6215109628199808e-05,1.5469073639303623,0.03418803418803419,0.3247863247863248,0.36752136752136755,0.27350427350427353
830,-192.00658900504789,383,0.05,1.6103528034142037e-05,1.5463853381412986,0.0835509138381201,0.360313315926893,0.2245430809399478,0.33159268929503916
831,-183.94280540159957,110,0.05,1.5992714270362195e-05,1.535808511742941,0.13636363636363635,0.11818181818181818,0.5909090909090909,0.15454545454545454
832,-25.663373196883484,106,0.05,1.5882663053163262e-05,1.515536672593879,0.24528301886792453,0.19811320754716982,0.46226415094339623,0.09433962264150944
833,-79.92468502326116,85,0.05,1.577336913520711e-05,1.5152418586034127,0.2,0.10588235294117647,0.5529411764705883,0.1411764705882353
834,-71.06479275263443,98,0.05,1.56648273052643e-05,1.5144760920895701,0.11224489795918367,0.1836734693877551,0.5408163265306123,0.16326530612244897
835,-70.92795905380832,97,0.05,1.5557032387965604e-05,1.4700224525798482,0.1134020618556701,0.24742268041237114,0.4329896907216495,0.20618556701030927
836,242.7318789613965,985,0.05,1.544997924355524e-05,1.5138352013494953,0.5137055837563452,0.1116751269035533,0.17868020304568527,0.19593908629441625
837,-279.9721438575059,82,0.05,1.53436627676458e-05,1.5739807871256453,0.036585365853658534,0.13414634146341464,0.6219512195121951,0.2073170731707317
838,-29.616922328920595,129,0.05,1.5238077890974887e-05,1.5647392464435281,0.23255813953488372,0.16279069767441862,0.4806201550387597,0.12403100775193798
839,-234.56717811251764,91,0.05,1.5133219579163384e-05,1.579106867497112,0.07692307692307693,0.0989010989010989,0.6483516483516484,0.17582417582417584
840,-97.08919335392132,107,0.05,1.5029082832475423e-05,1.5259204099132209,0.14018691588785046,0.205607476635514,0.4766355140186916,0.17757009345794392
841,-30.82738486477554,210,0.05,1.4925662685579993e-05,1.51417676998387,0.1,0.23333333333333334,0.5095238095238095,0.15714285714285714
842,-195.28339594373193,89,0.05,1.4822954207314186e-05,1.5472560151639585,0.07865168539325842,0.16853932584269662,0.5393258426966292,0.21348314606741572
843,-211.73463387803918,104,0.05,1.4720952500448076e-05,1.5256641597424516,0.0673076923076923,0.16346153846153846,0.5769230769230769,0.19230769230769232
844,-59.98348205181395,78,0.05,1.4619652701451211e-05,1.5177244187988395,0.23076923076923078,0.11538461538461539,0.5128205128205128,0.14102564102564102
845,-105.37948865996147,80,0.05,1.4519049980260725e-05,1.5149538523840769,0.15,0.225,0.45,0.175
846,-40.35801064485938,111,0.05,1.4419139540051027e-05,1.530116758942268,0.3153153153153153,0.15315315315315314,0.43243243243243246,0.0990990990990991
847,-100.32224236936689,120,0.05,1.4319916617005086e-05,1.5213424615577191,0.10833333333333334,0.16666666666666666,0.5666666666666667,0.15833333333333333
848,-66.56385722238653,84,0.05,1.4221376480087294e-05,1.5507149986766922,0.20238095238095238,0.13095238095238096,0.5238095238095238,0.14285714285714285
849,-45.401125724956735,101,0.05,1.4123514430817878e-05,1.5262076963352325,0.12871287128712872,0.21782178217821782,0.48514851485148514,0.16831683168316833
850,-225.00052182270554,98,0.05,1.4026325803048881e-05,1.5138797888288833,0.14285714285714285,0.17346938775510204,0.4387755102040816,0.24489795918367346
851,-126.93718618379997,102,0.05,1.3929805962741665e-05,1.5076818449907377,0.2549019607843137,0.22549019607843138,0.3627450980392157,0.1568627450980392
852,-68.96787425486087,99,0.05,1.3833950307745965e-05,1.5460475332306245,0.1414141414141414,0.18181818181818182,0.5555555555555556,0.12121212121212122
853,-143.92393525308168,272,0.05,1.3738754267580453e-05,1.5331394321910017,0.07352941176470588,0.49264705882352944,0.3088235294117647,0.125
854,277.24680455015204,603,0.05,1.364421330321481e-05,1.5705139755833473,0.2620232172470978,0.37976782752902155,0.19237147595356552,0.16583747927031509
855,7.372179985550801,95,0.05,1.3550322906853302e-05,1.5394914427370563,0.11578947368421053,0.1368421052631579,0.6105263157894737,0.1368421052631579
856,-74.92936583285848,102,0.05,1.345707860171985e-05,1.5616778413366934,0.14705882352941177,0.2647058823529412,0.4117647058823529,0.17647058823529413
857,-101.36225901677875,96,0.05,1.3364475941844564e-05,1.5525622820836853,0.23958333333333334,0.16666666666666666,0.4479166666666667,0.14583333333333334
858,-105.35806559903884,83,0.05,1.3272510511851765e-05,1.5914117434625956,0.1686746987951807,0.1927710843373494,0.4819277108433735,0.1566265060240964
859,-225.33254988578304,92,0.05,1.3181177926749448e-05,1.5111333528195359,0.043478260869565216,0.22826086956521738,0.4673913043478261,0.2608695652173913
860,232.70395064073756,346,0.05,1.3090473831720205e-05,1.5390190003690332,0.1676300578034682,0.15606936416184972,0.38439306358381503,0.29190751445086704
861,-247.77831753096848,81,0.05,1.3000393901913585e-05,1.5146176349535172,0.0,0.14814814814814814,0.6049382716049383,0.24691358024691357
862,-188.54215827844004,81,0.05,1.2910933842239878e-05,1.5499159676766896,0.0,0.14814814814814814,0.6049382716049383,0.24691358024691357
863,-117.9114058660775,103,0.05,1.2822089387165325e-05,1.5271157756302782,0.22330097087378642,0.21359223300970873,0.44660194174757284,0.11650485436893204
864,20.126866071964017,116,0.05,1.273385630050873e-05,1.524436373369587,0.05172413793103448,0.20689655172413793,0.5948275862068966,0.14655172413793102
865,-114.81428025873146,145,0.05,1.2646230375239476e-05,1.5348561912114327,0.20689655172413793,0.14482758620689656,0.5586206896551724,0.0896551724137931
866,-120.58552055767473,129,0.05,1.2559207433276937e-05,1.6305360020675705,0.13953488372093023,0.20930232558139536,0.4728682170542636,0.17829457364341086
867,-179.2140316590068,231,0.05,1.2472783325291252e-05,1.5785839676029807,0.0735930735930736,0.3593073593073593,0.38961038961038963,0.1774891774891775
868,-51.00182095413933,240,0.05,1.2386953930505488e-05,1.5710845516225354,0.19583333333333333,0.16666666666666666,0.49166666666666664,0.14583333333333334
869,283.117920424826,279,0.05,1.2301715156499158e-05,1.5707951798594293,0.20430107526881722,0.12544802867383512,0.3727598566308244,0.2974910394265233
870,-58.805099968980684,126,0.05,1.2217062939013088e-05,1.5799392064333981,0.0873015873015873,0.2698412698412698,0.38095238095238093,0.2619047619047619
871,-122.95685796870164,118,0.05,1.2132993241755632e-05,1.57705793949427,0.19491525423728814,0.13559322033898305,0.5508474576271186,0.11864406779661017
872,-15.306700829781136,106,0.05,1.2049502056210217e-05,1.5528155136678183,0.24528301886792453,0.25471698113207547,0.33962264150943394,0.16037735849056603
873,-247.7058892368623,83,0.05,1.1966585401444214e-05,1.5779262336970572,0.04819277108433735,0.18072289156626506,0.5542168674698795,0.21686746987951808
874,-194.45190808105752,98,0.05,1.1884239323919121e-05,1.5419161884918682,0.10204081632653061,0.19387755102040816,0.4489795918367347,0.25510204081632654
875,1.6770601189760725,100,0.05,1.1802459897302061e-05,1.5435739481389588,0.12,0.25,0.51,0.12
876,-118.15957356130195,74,0.05,1.1721243222278564e-05,1.5367810026868236,0.25675675675675674,0.14864864864864866,0.43243243243243246,0.16216216216216217
877,-104.59565742759135,91,0.05,1.1640585426366647e-05,1.568815036465819,0.23076923076923078,0.18681318681318682,0.43956043956043955,0.14285714285714285
878,-142.28086531742332,266,0.05,1.1560482663732173e-05,1.5369879513263693,0.18796992481203006,0.40225563909774437,0.29699248120300753,0.11278195488721804
879,-114.56377950417219,72,0.05,1.1480931115005475e-05,1.5371803908054495,0.2222222222222222,0.1388888888888889,0.4722222222222222,0.16666666666666666
880,-62.14025209469405,146,0.05,1.1401926987099248e-05,1.6688672407190908,0.136986301369863,0.2945205479452055,0.3904109589041096,0.1780821917808219
881,213.67263946594224,232,0.05,1.1323466513027688e-05,1.5982720354552544,0.25862068965517243,0.25,0.40948275862068967,0.08189655172413793
882,-230.03997668692827,91,0.05,1.1245545951726881e-05,1.59740278278296,0.054945054945054944,0.2087912087912088,0.5054945054945055,0.23076923076923078
883,-116.66440577190893,381,0.05,1.1168161587876426e-05,1.5830348066747588,0.14698162729658792,0.2650918635170604,0.4566929133858268,0.13123359580052493
884,-31.577519729013275,84,0.05,1.1091309731722286e-05,1.600555871818075,0.14285714285714285,0.20238095238095238,0.5476190476190477,0.10714285714285714
885,-157.76018152758346,158,0.05,1.1014986718900852e-05,1.5809852093752914,0.25949367088607594,0.1518987341772152,0.4240506329113924,0.16455696202531644
886,-117.59388095038484,93,0.05,1.093918891026423e-05,1.56984287669541,0.24731182795698925,0.20430107526881722,0.41935483870967744,0.12903225806451613
887,-80.57506092637007,107,0.05,1.0863912691706718e-05,1.5751874949067175,0.2336448598130841,0.18691588785046728,0.42990654205607476,0.14953271028037382
888,-133.74747396279005,252,0.05,1.0789154473992486e-05,1.581831688520537,0.14285714285714285,0.3531746031746032,0.2976190476190476,0.20634920634920634
889,-63.97116722006209,110,0.05,1.0714910692584437e-05,1.5866058622196155,0.2,0.2,0.44545454545454544,0.15454545454545454
890,-189.07604885089597,166,0.05,1.0641177807474243e-05,1.5739347799487937,0.22289156626506024,0.1746987951807229,0.5301204819277109,0.07228915662650602
891,-252.06367795942617,95,0.05,1.0567952303013563e-05,1.5482443136600157,0.18947368421052632,0.22105263157894736,0.42105263157894735,0.16842105263157894
892,-84.40083323488831,119,0.05,1.0495230687746404e-05,1.6104606956476613,0.226890756302521,0.14285714285714285,0.5630252100840336,0.06722689075630252
893,207.58807835397033,542,0.05,1.042300949424265e-05,1.6386972671347317,0.2066420664206642,0.23431734317343172,0.3800738007380074,0.17896678966789667
894,-226.59419891240668,81,0.05,1.0351285278932735e-05,1.610807117898674,0.024691358024691357,0.12345679012345678,0.5925925925925926,0.25925925925925924
895,258.12800997625254,306,0.05,1.0280054621943443e-05,1.6132394378352277,0.3202614379084967,0.12091503267973856,0.3758169934640523,0.1830065359477124
896,-87.85131893930414,261,0.05,1.0209314126934852e-05,1.592132343878128,0.06513409961685823,0.1839080459770115,0.5670498084291188,0.1839080459770115
897,-86.71362204214132,110,0.05,1.0139060420938391e-05,1.57988399958628,0.21818181818181817,0.19090909090909092,0.38181818181818183,0.20909090909090908
898,-29.579614445952345,200,0.05,1.0069290154196015e-05,1.620876743403992,0.18,0.145,0.535,0.14
899,-117.28883247686196,115,0.05,1.0000000000000484e-05,1.6021002406229996,0.19130434782608696,0.1565217391304348,0.5130434782608696,0.1391304347826087
900,-1.2974794517057546,214,0.05,1e-05,1.6042447434872822,0.13551401869158877,0.1822429906542056,0.5046728971962616,0.17757009345794392
901,196.26009345357903,368,0.05,1e-05,1.637403077325957,0.1956521739130435,0.17119565217391305,0.41032608695652173,0.22282608695652173
902,-35.72385021960969,128,0.05,1e-05,1.6484904433896366,0.1640625,0.15625,0.6015625,0.078125
903,100.40875915481554,1000,0.05,1e-05,1.6234121133756971,0.06,0.335,0.11,0.495
904,-203.281836256363,102,0.05,1e-05,1.6094745818779028,0.029411764705882353,0.22549019607843138,0.47058823529411764,0.27450980392156865
905,-156.89682270158926,143,0.05,1e-05,1.6034775095056617,0.2517482517482518,0.18181818181818182,0.38461538461538464,0.18181818181818182
906,-86.44809407178502,100,0.05,1e-05,1.606028520712471,0.25,0.18,0.42,0.15
907,-326.20645444392613,91,0.05,1e-05,1.6237247916066155,0.02197802197802198,0.13186813186813187,0.3956043956043956,0.45054945054945056
908,-55.0942135227471,220,0.05,1e-05,1.6083912539215697,0.11363636363636363,0.18181818181818182,0.5590909090909091,0.14545454545454545
909,-164.92077146709292,256,0.05,1e-05,1.685895355692455,0.08984375,0.37890625,0.3515625,0.1796875
910,-61.42447058399398,78,0.05,1e-05,1.6658446774378506,0.16666666666666666,0.21794871794871795,0.46153846153846156,0.15384615384615385
911,-72.22029015329468,83,0.05,1e-05,1.6777737646109838,0.03614457831325301,0.25301204819277107,0.5060240963855421,0.20481927710843373
912,227.91488930439914,217,0.05,1e-05,1.651849781300281,0.34101382488479265,0.17972350230414746,0.3640552995391705,0.1152073732718894
913,-227.65837942880478,93,0.05,1e-05,1.640343236853236,0.010752688172043012,0.1827956989247312,0.5591397849462365,0.24731182795698925
914,-81.06272769183497,154,0.05,1e-05,1.650119190184503,0.24025974025974026,0.11688311688311688,0.577922077922078,0.06493506493506493
915,-130.90586864270978,690,0.05,1e-05,1.63588185239316,0.20579710144927535,0.21884057971014492,0.41594202898550725,0.15942028985507245
916,-227.63608774367702,166,0.05,1e-05,1.6484846244377662,0.21084337349397592,0.16265060240963855,0.463855421686747,0.16265060240963855
917,-216.15696839300585,96,0.05,1e-05,1.6610684392849888,0.020833333333333332,0.21875,0.53125,0.22916666666666666
918,-216.41139445417141,160,0.05,1e-05,1.6258847835602324,0.2875,0.1375,0.4375,0.1375
919,-66.47827974484578,215,0.05,1e-05,1.7249762313913708,0.11162790697674418,0.2651162790697674,0.4511627906976744,0.17209302325581396
920,-23.04419398423306,130,0.05,1e-05,1.6568183086834443,0.2923076923076923,0.2,0.38461538461538464,0.12307692307692308
921,-205.2259792841316,101,0.05,1e-05,1.677741425694092,0.1485148514851485,0.15841584158415842,0.5247524752475248,0.16831683168316833
922,-114.61330119098523,108,0.05,1e-05,1.6895121307422822,0.1388888888888889,0.2037037037037037,0.4722222222222222,0.18518518518518517
923,-211.4923217912077,151,0.05,1e-05,1.6485289412406785,0.2251655629139073,0.152317880794702,0.48344370860927155,0.1390728476821192
924,-73.06457544729466,91,0.05,1e-05,1.6664884429434355,0.2087912087912088,0.16483516483516483,0.5054945054945055,0.12087912087912088
925,-245.34737661612925,110,0.05,1e-05,1.6482384961821677,0.08181818181818182,0.19090909090909092,0.509090909090909,0.21818181818181817
926,-241.94187643645216,80,0.05,1e-05,1.648775889877411,0.0125,0.125,0.6625,0.2
927,-154.21596640347923,127,0.05,1e-05,1.624381763310621,0.2440944881889764,0.12598425196850394,0.49606299212598426,0.13385826771653545
928,-171.6018010073771,214,0.05,1e-05,1.650700986610655,0.1542056074766355,0.14018691588785046,0.5467289719626168,0.1588785046728972
929,-321.88455567621617,123,0.05,1e-05,1.6363918412715266,0.0975609756097561,0.24390243902439024,0.45528455284552843,0.2032520325203252
930,-208.51535459192422,115,0.05,1e-05,1.6469240930836218,0.08695652173913043,0.20869565217391303,0.4782608695652174,0.22608695652173913
931,172.7917057819291,694,0.05,1e-05,1.6804231709439046,0.26368876080691644,0.15706051873198848,0.34293948126801155,0.23631123919308358
932,-31.833005689587054,117,0.05,1e-05,1.7067435321937838,0.29914529914529914,0.07692307692307693,0.5555555555555556,0.06837606837606838
933,-262.04847755984014,85,0.05,1e-05,1.6980037128111165,0.07058823529411765,0.10588235294117647,0.6470588235294118,0.17647058823529413
934,-270.41195838411204,297,0.05,1e-05,1.6740564502380488,0.030303030303030304,0.16498316498316498,0.5084175084175084,0.2962962962962963
935,-64.42851212238818,99,0.05,1e-05,1.6729766220552968,0.1717171717171717,0.15151515151515152,0.5353535353535354,0.1414141414141414
936,-83.6365971782654,108,0.05,1e-05,1.6573330018628,0.14814814814814814,0.2037037037037037,0.5,0.14814814814814814
937,-72.46352207041149,104,0.05,1e-05,1.6758788217257807,0.10576923076923077,0.17307692307692307,0.5673076923076923,0.15384615384615385
938,-129.45618075778893,136,0.05,1e-05,1.6577692203823455,0.19117647058823528,0.1323529411764706,0.5661764705882353,0.11029411764705882
939,-199.8997876410877,84,0.05,1e-05,1.6912487274472146,0.023809523809523808,0.13095238095238096,0.6428571428571429,0.20238095238095238
940,-24.43015727979035,281,0.05,1e-05,1.671791970181052,0.15302491103202848,0.1494661921708185,0.5551601423487544,0.1423487544483986
941,-94.70277504779699,180,0.05,1e-05,1.6424698387650216,0.19444444444444445,0.18333333333333332,0.5,0.12222222222222222
942,-200.90966264445518,105,0.05,1e-05,1.6404670989070904,0.2,0.19047619047619047,0.3904761904761905,0.21904761904761905
943,-230.03586580131378,109,0.05,1e-05,1.6703868664179533,0.01834862385321101,0.1926605504587156,0.5688073394495413,0.22018348623853212
944,-125.74058958994596,95,0.05,1e-05,1.75196637533976,0.23157894736842105,0.11578947368421053,0.49473684210526314,0.15789473684210525
945,-32.37222397864507,204,0.05,1e-05,1.7239559996453069,0.17647058823529413,0.18137254901960784,0.5098039215686274,0.1323529411764706
946,-48.707426770774006,267,0.05,1e-05,1.7071028407626871,0.20599250936329588,0.24344569288389514,0.27715355805243447,0.27340823970037453
947,194.80624593047645,417,0.05,1e-05,1.6924735734439302,0.14148681055155876,0.12949640287769784,0.4244604316546763,0.30455635491606714
948,-136.46301021593848,475,0.05,1e-05,1.6745320499969825,0.10526315789473684,0.36,0.2336842105263158,0.30105263157894735
949,-124.11146998171854,108,0.05,1e-05,1.6521461740255816,0.24074074074074073,0.1111111111111111,0.5555555555555556,0.09259259259259259
950,-114.71318647660112,117,0.05,1e-05,1.6648738948655928,0.2905982905982906,0.17094017094017094,0.4358974358974359,0.10256410256410256
951,-87.2311484205393,375,0.05,1e-05,1.6740891220756091,0.08266666666666667,0.184,0.512,0.22133333333333333
952,-236.42486239218331,94,0.05,1e-05,1.7646078795089473,0.05319148936170213,0.14893617021276595,0.6276595744680851,0.1702127659574468
953,-189.60726002366883,81,0.05,1e-05,1.7458879782107801,0.08641975308641975,0.1111111111111111,0.6049382716049383,0.19753086419753085
954,-259.8869726139252,107,0.05,1e-05,1.7374580477149524,0.102803738317757,0.1588785046728972,0.5514018691588785,0.18691588785046728
955,-208.2294265280027,93,0.05,1e-05,1.7132364663506319,0.07526881720430108,0.1935483870967742,0.4731182795698925,0.25806451612903225
956,-35.16412431588677,186,0.05,1e-05,1.7022932588950141,0.20430107526881722,0.20430107526881722,0.46774193548387094,0.12365591397849462
957,266.47471014653655,406,0.05,1e-05,1.714516448140172,0.034482758620689655,0.11822660098522167,0.32019704433497537,0.5270935960591133
958,-24.140137456867336,253,0.05,1e-05,1.684342651246351,0.043478260869565216,0.20553359683794467,0.5691699604743083,0.18181818181818182
959,-94.60732048393476,110,0.05,1e-05,1.6891471766708452,0.2,0.12727272727272726,0.5818181818181818,0.09090909090909091
960,-102.96631800825348,165,0.05,1e-05,1.679972812956982,0.14545454545454545,0.18787878787878787,0.46060606060606063,0.20606060606060606
961,-251.01320441972905,153,0.05,1e-05,1.6916452890063782,0.26143790849673204,0.10457516339869281,0.5163398692810458,0.11764705882352941
962,-144.45847707777085,124,0.05,1e-05,1.6895918141277577,0.1774193548387097,0.14516129032258066,0.5,0.1774193548387097
963,-159.49560167976256,129,0.05,1e-05,1.6735045618794384,0.17054263565891473,0.13178294573643412,0.5426356589147286,0.15503875968992248
964,-135.99800460848192,167,0.05,1e-05,1.738454783736264,0.17964071856287425,0.16766467065868262,0.5029940119760479,0.1497005988023952
965,-131.7809783008621,160,0.05,1e-05,1.7850876163040386,0.1,0.20625,0.5,0.19375
966,-86.51280742866886,181,0.05,1e-05,1.7478701819554758,0.23204419889502761,0.13812154696132597,0.5303867403314917,0.09944751381215469
967,-222.98886043882055,83,0.05,1e-05,1.7310600146843513,0.0,0.13253012048192772,0.6506024096385542,0.21686746987951808
968,-128.73881160592987,156,0.05,1e-05,1.722374129151118,0.1794871794871795,0.16025641025641027,0.4935897435897436,0.16666666666666666
969,-115.26441149519422,124,0.05,1e-05,1.7080908483517083,0.22580645161290322,0.1935483870967742,0.45161290322580644,0.12903225806451613
970,-146.8250235930226,132,0.05,1e-05,1.7170571018099818,0.06060606060606061,0.25757575757575757,0.4772727272727273,0.20454545454545456
971,-254.6123786005496,103,0.05,1e-05,1.727157832656134,0.1650485436893204,0.13592233009708737,0.5145631067961165,0.18446601941747573
972,-213.79899211220842,108,0.05,1e-05,1.6912006089842575,0.24074074074074073,0.14814814814814814,0.42592592592592593,0.18518518518518517
973,-248.42413082587152,117,0.05,1e-05,1.6899058367781308,0.1623931623931624,0.09401709401709402,0.5726495726495726,0.17094017094017094
974,-211.21003415933626,95,0.05,1e-05,1.6975618039077147,0.05263157894736842,0.22105263157894736,0.5052631578947369,0.22105263157894736
975,-235.11399240962848,91,0.05,1e-05,1.7084090897219448,0.10989010989010989,0.16483516483516483,0.5604395604395604,0.16483516483516483
976,-36.619312502861725,187,0.05,1e-05,1.7048649707374828,0.1711229946524064,0.16042780748663102,0.5454545454545454,0.12299465240641712
977,-221.3270856774377,108,0.05,1e-05,1.6982813884390364,0.018518518518518517,0.24074074074074073,0.48148148148148145,0.25925925925925924
978,-121.96048892015757,124,0.05,1e-05,1.6915966032381866,0.20967741935483872,0.11290322580645161,0.5564516129032258,0.12096774193548387
979,-182.23592074863666,816,0.05,1e-05,1.7569539944673773,0.1568627450980392,0.23651960784313725,0.4007352941176471,0.20588235294117646
980,-219.7321781983592,104,0.05,1e-05,1.7221536594344202,0.34615384615384615,0.0673076923076923,0.49038461538461536,0.09615384615384616
981,-235.29321000822705,118,0.05,1e-05,1.7292710120223516,0.13559322033898305,0.1271186440677966,0.5677966101694916,0.1694915254237288
982,-250.3201463585617,103,0.05,1e-05,1.7416777219650919,0.13592233009708737,0.1553398058252427,0.5631067961165048,0.14563106796116504
983,-85.94286525795609,91,0.05,1e-05,1.7096373693571882,0.13186813186813187,0.15384615384615385,0.5604395604395604,0.15384615384615385
984,-240.51896946004652,130,0.05,1e-05,1.7323496264552634,0.2153846153846154,0.13846153846153847,0.5153846153846153,0.13076923076923078
985,-112.3247429942908,128,0.05,1e-05,1.7329454471359336,0.1328125,0.21875,0.421875,0.2265625
986,-29.341098223724174,156,0.05,1e-05,1.7114415706125221,0.1282051282051282,0.20512820512820512,0.5,0.16666666666666666
987,-221.12341781617812,138,0.05,1e-05,1.7145426810340727,0.10144927536231885,0.1956521739130435,0.4927536231884058,0.21014492753623187
988,-231.25606874072216,81,0.05,1e-05,1.7255448955524286,0.037037037037037035,0.13580246913580246,0.5925925925925926,0.2345679012345679
989,-25.583947765539207,119,0.05,1e-05,1.7089650846157012,0.19327731092436976,0.226890756302521,0.3949579831932773,0.18487394957983194
990,-206.836709338288,153,0.05,1e-05,1.7101590035894054,0.16339869281045752,0.26143790849673204,0.37254901960784315,0.20261437908496732
991,-143.70337842998998,416,0.05,1e-05,1.7924232469594563,0.07211538461538461,0.21153846153846154,0.5360576923076923,0.18028846153846154
992,-229.6046202584436,104,0.05,1e-05,1.7654326488463332,0.028846153846153848,0.17307692307692307,0.6057692307692307,0.19230769230769232
993,-133.43358069030873,168,0.05,1e-05,1.7688674760551995,0.125,0.1488095238095238,0.5892857142857143,0.13690476190476192
994,200.21730777253427,387,0.05,1e-05,1.7478140437948033,0.11369509043927649,0.11627906976744186,0.2558139534883721,0.5142118863049095
995,-159.40659621213823,121,0.05,1e-05,1.7286098446164881,0.18181818181818182,0.14049586776859505,0.4793388429752066,0.19834710743801653
996,-249.32163013098645,86,0.05,1e-05,1.7443837667131736,0.1511627906976744,0.09302325581395349,0.6046511627906976,0.1511627906976744
997,-146.20782574474674,136,0.05,1e-05,1.716320047152965,0.2426470588235294,0.18382352941176472,0.4264705882352941,0.14705882352941177
998,-123.62623546099134,183,0.05,1e-05,1.7310063426730027,0.20765027322404372,0.20765027322404372,0.5136612021857924,0.07103825136612021
999,-249.67839222265843,113,0.05,1e-05,1.7211871819293014,0.11504424778761062,0.1592920353982301,0.5309734513274337,0.19469026548672566
