Episode,Total_Reward,Steps,Epsilon,Learning_Rate,Average_Loss,Action_0_Percentage,Action_1_Percentage,Action_2_Percentage,Action_3_Percentage
0,-203.4368926032884,73,0.9950195566196387,0.00496559332726813,0.0,0.2191780821917808,0.273972602739726,0.2465753424657534,0.2602739726027397
1,-353.8471640762831,117,0.9900639180555424,0.004931423418361956,0.0,0.20512820512820512,0.3247863247863248,0.23931623931623933,0.23076923076923078
2,-168.7084478436144,117,0.9851329607687281,0.004897488644030385,0.0,0.24786324786324787,0.21367521367521367,0.26495726495726496,0.27350427350427353
3,-132.35264221539484,133,0.9802265618354918,0.004863787386233744,0.0,0.2857142857142857,0.24812030075187969,0.2781954887218045,0.18796992481203006
4,-121.12047947923881,64,0.975344598944344,0.004830318038066636,0.0,0.1875,0.203125,0.21875,0.390625
5,-90.8902932621804,62,0.9704869503929605,0.004797079003681315,0.0,0.3387096774193548,0.24193548387096775,0.1935483870967742,0.22580645161290322
6,-114.42216226620047,100,0.9656534950851489,0.004764068698211598,0.0,0.25,0.23,0.26,0.26
7,-35.984205775568455,126,0.9608441125278293,0.0047312855476972955,0.0,0.2619047619047619,0.1984126984126984,0.2619047619047619,0.2777777777777778
8,-127.18505088231844,79,0.956058682828031,0.004698727989009166,0.0,0.27848101265822783,0.12658227848101267,0.27848101265822783,0.31645569620253167
9,-325.0926673916517,75,0.9512970866899032,0.004666394469774383,0.0,0.17333333333333334,0.44,0.22666666666666666,0.16
10,-145.59231164952456,81,0.9465592054117414,0.004634283448302516,0.0,0.2345679012345679,0.2839506172839506,0.20987654320987653,0.2716049382716049
11,-267.1119467649934,85,0.9418449208830285,0.004602393393512023,0.0,0.2,0.23529411764705882,0.27058823529411763,0.29411764705882354
12,-144.81417062488526,116,0.9371541155814898,0.004570722784857245,0.0,0.25862068965517243,0.29310344827586204,0.19827586206896552,0.25
13,-307.24565240347977,113,0.9324866725701636,0.004539270112255908,0.0,0.24778761061946902,0.2831858407079646,0.3274336283185841,0.1415929203539823
14,-317.36010219586205,105,0.9278424754944864,0.004508033876017119,0.0,0.17142857142857143,0.3523809523809524,0.24761904761904763,0.22857142857142856
15,-233.62162997337916,116,0.9232214085793918,0.004477012586769858,0.0,0.16379310344827586,0.3879310344827586,0.21551724137931033,0.23275862068965517
16,-73.90592721659422,118,0.9186233566264248,0.004446204765391968,0.0,0.2033898305084746,0.3050847457627119,0.2711864406779661,0.22033898305084745
17,-116.09151019507709,118,0.9140482050108695,0.004415608942939624,0.0,0.2457627118644068,0.2711864406779661,0.3050847457627119,0.17796610169491525
18,-315.49755149255896,114,0.9094958396788919,0.004385223660577296,0.0,0.16666666666666666,0.35964912280701755,0.22807017543859648,0.24561403508771928
19,-321.3603766940695,66,0.904966147144697,0.004355047469508188,0.0,0.18181818181818182,0.3939393939393939,0.2727272727272727,0.15151515151515152
20,-252.00445465137759,76,0.9004590144876992,0.004325078930905163,0.0,0.23684210526315788,0.3157894736842105,0.21052631578947367,0.23684210526315788
21,-164.54054530188932,91,0.8959743293497072,0.004295316615842131,0.0,0.25274725274725274,0.2857142857142857,0.2857142857142857,0.17582417582417584
22,-279.42405658277517,91,0.8915119799321238,0.004265759105225923,0.0,0.25274725274725274,0.31868131868131866,0.2087912087912088,0.21978021978021978
23,-117.46124532708737,105,0.8870718549931581,0.004236404989728622,0.0,0.20952380952380953,0.3333333333333333,0.20952380952380953,0.24761904761904763
24,-411.54190155701565,106,0.8826538438450526,0.004207252869720371,0.0,0.22641509433962265,0.36792452830188677,0.19811320754716982,0.20754716981132076
25,-189.50734049569576,107,0.878257836351324,0.0041783013552026335,0.0,0.19626168224299065,0.3177570093457944,0.24299065420560748,0.24299065420560748
26,-207.98204600216968,75,0.8738837229240176,0.004149549065741917,0.0,0.18666666666666668,0.22666666666666666,0.26666666666666666,0.32
27,-422.0460004955495,111,0.8695313945209752,0.004120994630403953,0.0,0.23423423423423423,0.3783783783783784,0.18018018018018017,0.2072072072072072
28,-377.49670169345006,106,0.8652007426431169,0.004092636687688333,0.0,0.33962264150943394,0.3113207547169811,0.1792452830188679,0.16981132075471697
29,-424.0268721826522,112,0.8608916593317363,0.004064473885463585,0.0,0.16964285714285715,0.35714285714285715,0.25,0.22321428571428573
30,-152.07184907624136,101,0.8566040371658092,0.00403650488090271,0.0,0.16831683168316833,0.36633663366336633,0.26732673267326734,0.19801980198019803
31,-342.24313184210285,73,0.852337769259316,0.004008728340419147,0.0,0.2191780821917808,0.410958904109589,0.2191780821917808,0.1506849315068493
32,-92.28452237559222,95,0.8480927492585766,0.003981142939603193,0.0,0.2736842105263158,0.24210526315789474,0.2,0.28421052631578947
33,-414.0419373309989,114,0.8438688713395993,0.003953747363158849,0.0,0.23684210526315788,0.3684210526315789,0.21929824561403508,0.17543859649122806
34,-135.99949304163408,67,0.8396660302054431,0.003926540304841109,0.0,0.29850746268656714,0.23880597014925373,0.2537313432835821,0.208955223880597
35,-382.4570124135127,105,0.8354841210835922,0.0038995204673936763,0.0,0.2761904761904762,0.29523809523809524,0.22857142857142856,0.2
36,26.348521151110717,101,0.8313230397233444,0.003872686562487108,0.0,0.13861386138613863,0.24752475247524752,0.297029702970297,0.31683168316831684
37,-90.89859820018032,68,0.8271826823932125,0.003846037310657387,0.0,0.29411764705882354,0.3235294117647059,0.2647058823529412,0.11764705882352941
38,-138.658228361165,82,0.8230629458783377,0.0038195714412449172,0.0,0.2073170731707317,0.25609756097560976,0.2804878048780488,0.25609756097560976
39,-350.03592161481606,85,0.8189637274779172,0.003793287692333935,0.0,0.17647058823529413,0.43529411764705883,0.17647058823529413,0.21176470588235294
40,-245.4792632839016,89,0.8148849250026439,0.0037671848106923425,0.0,0.20224719101123595,0.39325842696629215,0.23595505617977527,0.16853932584269662
41,-233.41010462504883,122,0.8108264367721583,0.00374126155171195,0.0,0.20491803278688525,0.3442622950819672,0.22950819672131148,0.22131147540983606
42,-326.45742414771416,74,0.8067881616125144,0.003715516679349134,0.0,0.16216216216216217,0.44594594594594594,0.14864864864864866,0.24324324324324326
43,-202.45660191031004,67,0.8027699988536575,0.0036899489660659,0.0,0.19402985074626866,0.40298507462686567,0.1791044776119403,0.22388059701492538
44,-353.8770875916216,119,0.7987718483269142,0.003664557192771354,0.0,0.20168067226890757,0.42016806722689076,0.17647058823529413,0.20168067226890757
45,-69.56146503677938,61,0.7947936103624954,0.0036393401487635735,0.0,0.19672131147540983,0.32786885245901637,0.21311475409836064,0.26229508196721313
46,-560.5342690078526,97,0.7908351857870121,0.003614296631671881,0.0,0.20618556701030927,0.5051546391752577,0.17525773195876287,0.1134020618556701
47,-397.6248793105988,92,0.7868964759210023,0.0035894254473995144,0.0,0.21739130434782608,0.4891304347826087,0.11956521739130435,0.17391304347826086
48,-424.3713328302231,77,0.7829773825764719,0.00356472541006669,0.0,0.11688311688311688,0.5454545454545454,0.16883116883116883,0.16883116883116883
49,-158.63822857065963,78,0.7790778080544463,0.0035401953419540613,0.0,0.20512820512820512,0.4230769230769231,0.1794871794871795,0.19230769230769232
50,-195.19147759816178,62,0.7751976551425351,0.0035158340734465607,0.0,0.27419354838709675,0.2903225806451613,0.1774193548387097,0.25806451612903225
51,-267.75230995127924,106,0.771336827112509,0.003491640442977634,0.0,0.1792452830188679,0.3584905660377358,0.22641509433962265,0.2358490566037736
52,-150.6677074225599,75,0.7674952277178876,0.0034676132969738557,0.0,0.16,0.21333333333333335,0.36,0.26666666666666666
53,-209.7215025685581,82,0.7636727611915411,0.003443751489799924,1.548980904020398,0.24390243902439024,0.3170731707317073,0.23170731707317074,0.2073170731707317
54,-65.07381982850903,112,0.7598693322433026,0.0034200538837040368,1.1314318583134335,0.15178571428571427,0.20535714285714285,0.41964285714285715,0.22321428571428573
55,-35.849854891845624,136,0.7560848460575919,0.0033965193487636436,0.9737840428833058,0.20588235294117646,0.22058823529411764,0.36764705882352944,0.20588235294117646
56,-268.59352983993233,127,0.7523192082910528,0.003373146762831569,0.8646116799323156,0.1889763779527559,0.25984251968503935,0.2992125984251969,0.25196850393700787
57,-222.9061050084918,120,0.748572325070201,0.0033499350114825064,0.7949312109425344,0.26666666666666666,0.23333333333333334,0.23333333333333334,0.26666666666666666
58,-265.536152486705,155,0.7448441029890834,0.0033268829879598842,0.7418915432257697,0.2064516129032258,0.23870967741935484,0.33548387096774196,0.21935483870967742
59,-146.29858898532314,143,0.7411344491069503,0.003303989593123092,0.6911186395438934,0.08391608391608392,0.24475524475524477,0.3916083916083916,0.27972027972027974
60,-108.67416057048682,118,0.7374432709459379,0.0032812537353950743,0.7102176137301451,0.11864406779661017,0.2627118644067797,0.4322033898305085,0.1864406779661017
61,-130.99159765211527,78,0.7337704764887631,0.0032586743307102817,1.2499080556346625,0.1794871794871795,0.28205128205128205,0.38461538461538464,0.15384615384615385
62,-97.26296675231642,136,0.7301159741764301,0.003236250302462983,1.468082835415737,0.1323529411764706,0.3161764705882353,0.2867647058823529,0.2647058823529412
63,-150.479172596542,140,0.7264796729059471,0.003213980581455931,1.1969980549834127,0.16428571428571428,0.22142857142857142,0.32857142857142857,0.2857142857142857
64,-34.6611799846592,79,0.7228614820280556,0.0031918641058493835,1.0689639492368368,0.22784810126582278,0.17721518987341772,0.3670886075949367,0.22784810126582278
65,-190.10322701693244,111,0.7192613113449707,0.003169899821110471,1.0713640096467982,0.1981981981981982,0.27927927927927926,0.21621621621621623,0.3063063063063063
66,-101.46076027038967,115,0.7156790711081327,0.003148086679962919,1.0626379921601616,0.1826086956521739,0.26956521739130435,0.33043478260869563,0.21739130434782608
67,-143.75529358426405,124,0.712114672015969,0.0031264236423371103,0.9044956564483055,0.22580645161290322,0.25806451612903225,0.2903225806451613,0.22580645161290322
68,-123.6010322376787,72,0.708568025211669,0.0031049096753204956,0.979134992869452,0.1527777777777778,0.18055555555555555,0.4027777777777778,0.2638888888888889
69,-160.9589059289047,107,0.7050390422809678,0.003083543753108342,0.9157573785704701,0.14953271028037382,0.18691588785046728,0.4392523364485981,0.22429906542056074
70,-69.65214418141721,119,0.7015276352499433,0.0030623248569548217,0.857898251737056,0.15966386554621848,0.29411764705882354,0.3025210084033613,0.24369747899159663
71,51.083154728417355,182,0.6980337165828222,0.0030412519751244387,0.9071835555007101,0.19230769230769232,0.22527472527472528,0.35714285714285715,0.22527472527472528
72,-163.35320275999214,81,0.6945571991797983,0.003020324102843787,0.9190210438195625,0.20987654320987653,0.24691358024691357,0.24691358024691357,0.2962962962962963
73,-274.2751873525463,129,0.691097996374861,0.002999540242253642,0.8574624042605224,0.15503875968992248,0.3023255813953488,0.2713178294573643,0.2713178294573643
74,-122.83770442634284,121,0.6876560219336348,0.002978899402361383,0.8288716275590087,0.1322314049586777,0.3140495867768595,0.2727272727272727,0.2809917355371901
75,-155.6093144384154,123,0.6842311900512299,0.002958400598993741,0.8021839227276745,0.13008130081300814,0.21951219512195122,0.3008130081300813,0.34959349593495936
76,-93.7377035788579,112,0.6808234153501025,0.0029380428547498717,0.8506604709583179,0.19642857142857142,0.14285714285714285,0.4107142857142857,0.25
77,8.685598571596316,172,0.6774326128779271,0.0029178251989547543,0.8229344535077185,0.1511627906976744,0.22093023255813954,0.45348837209302323,0.1744186046511628
78,-10.758486068812658,92,0.6740586981054784,0.0028977466676129065,1.3810134149138877,0.16304347826086957,0.18478260869565216,0.45652173913043476,0.1956521739130435
79,-151.83897367288176,142,0.670701586924524,0.0028778063033624217,1.4924777931082958,0.13380281690140844,0.24647887323943662,0.36619718309859156,0.2535211267605634
80,-77.67156043832931,97,0.6673611956457279,0.002858003155429321,1.385971090329913,0.16494845360824742,0.18556701030927836,0.4639175257731959,0.18556701030927836
81,-116.51690926626729,133,0.6640374409965641,0.0028383362795822193,1.315588097999112,0.19548872180451127,0.2706766917293233,0.3007518796992481,0.23308270676691728
82,-132.6975509113216,115,0.6607302401192408,0.002818804738087304,1.2540464005309064,0.10434782608695652,0.2608695652173913,0.3739130434782609,0.2608695652173913
83,-59.531263662934094,125,0.6574395105686344,0.002799407599663621,1.1533864049776295,0.184,0.256,0.36,0.2
84,-103.44309481271974,110,0.6541651703102348,0.002780143939438674,1.2023840348281027,0.14545454545454545,0.19090909090909092,0.43636363636363634,0.22727272727272727
85,-138.0133925442006,186,0.6509071377181003,0.0027610128389043225,1.212252552091263,0.16666666666666666,0.1827956989247312,0.45161290322580644,0.1989247311827957
86,-136.72572454143227,105,0.6476653315728222,0.0027420133858729883,1.0265941633606228,0.18095238095238095,0.18095238095238095,0.38095238095238093,0.2571428571428571
87,-77.5208591335566,87,0.6444396710595008,0.0027231446744341607,1.0656507918815539,0.1724137931034483,0.25287356321839083,0.3333333333333333,0.2413793103448276
88,-40.74828620243427,86,0.6412300757657303,0.002704405804911203,1.005571399799214,0.19767441860465115,0.23255813953488372,0.4418604651162791,0.12790697674418605
89,-78.85398322209782,195,0.6380364656795943,0.0026857958838184533,1.0361453666961613,0.13846153846153847,0.17435897435897435,0.4666666666666667,0.2205128205128205
90,39.655221291369855,138,0.6348587611876713,0.002667314023818624,1.033500414938161,0.13768115942028986,0.15217391304347827,0.5507246376811594,0.15942028985507245
91,-169.5306648283911,163,0.6316968830730497,0.0026489593436804936,0.9775672619410417,0.1656441717791411,0.25153374233128833,0.4110429447852761,0.17177914110429449
92,-88.73462540723801,140,0.6285507525133537,0.0026307309682368847,0.9340667991896798,0.16428571428571428,0.22142857142857142,0.45,0.16428571428571428
93,-108.0085307738256,72,0.6254202910787774,0.0026126280283429405,0.9084734070382896,0.20833333333333334,0.20833333333333334,0.3333333333333333,0.25
94,-337.42290786393335,142,0.6223054207301305,0.002594649660834679,1.5391831737849202,0.15492957746478872,0.24647887323943662,0.4507042253521127,0.14788732394366197
95,-30.11418073602266,152,0.6192060638168921,0.00257679500848784,1.7322179149463368,0.17105263157894737,0.18421052631578946,0.45394736842105265,0.19078947368421054
96,-79.41365556944197,93,0.6161221430752757,0.0025590632199770087,1.6631647229534647,0.22580645161290322,0.20430107526881722,0.40860215053763443,0.16129032258064516
97,-135.34034172814972,241,0.6130535816263024,0.002541453449835026,1.5490697931076032,0.17842323651452283,0.1908713692946058,0.48132780082987553,0.14937759336099585
98,-197.4293992983057,168,0.6100003029738849,0.0025239648584126748,1.4928265279670379,0.13690476190476192,0.17261904761904762,0.4642857142857143,0.2261904761904762
99,-93.11223746016296,144,0.6069622310029202,0.002506596611838646,1.5019475840049614,0.1388888888888889,0.2361111111111111,0.3611111111111111,0.2638888888888889
100,-75.19527873415167,176,0.6039392899773924,0.002489347881979777,1.4006371639201534,0.18181818181818182,0.18181818181818182,0.42613636363636365,0.21022727272727273
101,-121.16646689812183,141,0.6009314045384845,0.0024722178464015665,1.3658645620081058,0.1702127659574468,0.24822695035460993,0.41134751773049644,0.1702127659574468
102,-96.0345096078876,87,0.5979384997026995,0.0024552056883289613,1.3318524515629535,0.22988505747126436,0.13793103448275862,0.40229885057471265,0.22988505747126436
103,-17.82847481750167,194,0.5949605008599921,0.0024383105966074093,1.336977152055552,0.18556701030927836,0.23195876288659795,0.3917525773195876,0.19072164948453607
104,-41.538360361534444,142,0.5919973337719074,0.002421531765664185,1.396272253692868,0.1267605633802817,0.1619718309859155,0.4788732394366197,0.2323943661971831
105,-85.5285876465452,392,0.5890489245697316,0.002404868395469978,1.2991938584070195,0.12244897959183673,0.17091836734693877,0.5306122448979592,0.1760204081632653
106,-74.22156385230862,77,0.5861151997526493,0.0023883196915007476,1.8702618662482708,0.15584415584415584,0.14285714285714285,0.4675324675324675,0.23376623376623376
107,-98.96736780350682,200,0.583196086185912,0.002371884864699838,1.631063358919489,0.145,0.22,0.455,0.18
108,-190.7815137578612,135,0.5802915110990148,0.0023555631314403575,1.5796427755960376,0.14814814814814814,0.25925925925925924,0.32592592592592595,0.26666666666666666
109,-15.07527769649711,163,0.5774014020838818,0.002339353713487812,1.5522918355814836,0.17177914110429449,0.25766871165644173,0.2883435582822086,0.2822085889570552
110,-219.6178108631393,253,0.5745256870930618,0.002323255837963,1.514073720694322,0.17391304347826086,0.18972332015810275,0.4624505928853755,0.17391304347826086
111,-71.39124540457594,127,0.5716642944379317,0.00230726873730516,1.4219798666562524,0.1732283464566929,0.23622047244094488,0.4645669291338583,0.12598425196850394
112,-81.04760760576366,228,0.5688171527869094,0.002291391649235373,1.4052230631992695,0.15350877192982457,0.17982456140350878,0.5087719298245614,0.15789473684210525
113,-114.08957107294023,136,0.5659841911636758,0.002275623816720217,1.3264528696058737,0.11029411764705882,0.27941176470588236,0.41911764705882354,0.19117647058823528
114,-70.15916647787054,139,0.5631653389454055,0.002259964487935669,1.3098583392748813,0.1510791366906475,0.20863309352517986,0.33093525179856115,0.30935251798561153
115,-69.44942187371015,242,0.5603605258610059,0.002244412916231259,1.32118535801189,0.1652892561983471,0.18181818181818182,0.45454545454545453,0.19834710743801653
116,-49.22260092577885,133,0.5575696819893657,0.002228968360094469,1.2897504394019934,0.13533834586466165,0.21052631578947367,0.44360902255639095,0.21052631578947367
117,-75.51123778338066,96,0.5547927377576116,0.0022136300831153764,1.2480266913562226,0.125,0.13541666666666666,0.5,0.23958333333333334
118,-102.41459963606339,218,0.5520296239393742,0.002198397353951542,1.7493976460861116,0.15137614678899083,0.2018348623853211,0.48623853211009177,0.16055045871559634
119,-60.90820512084748,174,0.5492802716530619,0.002183269446293138,1.7630065183958425,0.20689655172413793,0.1896551724137931,0.40804597701149425,0.19540229885057472
120,-26.071993213789142,102,0.5465446123601444,0.0021682456388283184,1.7522366171894814,0.16666666666666666,0.17647058823529413,0.5,0.1568627450980392
121,-23.002877333255782,101,0.5438225778634432,0.0021533252152088245,1.7364696635739112,0.13861386138613863,0.1782178217821782,0.49504950495049505,0.18811881188118812
122,-70.10727783034011,165,0.5411141003054323,0.0021385074640158297,1.7216479290010724,0.18181818181818182,0.18181818181818182,0.4121212121212121,0.22424242424242424
123,8.511215880966049,129,0.5384191121665459,0.002123791678726019,1.6123493810032694,0.15503875968992248,0.18604651162790697,0.3333333333333333,0.32558139534883723
124,-39.817865859534926,108,0.535737546263496,0.0021091771576779,1.6987851396533482,0.1388888888888889,0.1388888888888889,0.5185185185185185,0.2037037037037037
125,-59.09313058608147,160,0.533069335747597,0.0020946632040383484,1.588427004968071,0.1125,0.21875,0.4375,0.23125
126,-30.467307335449263,108,0.5304144141030992,0.0020802491257693807,1.6197020190305749,0.19444444444444445,0.14814814814814814,0.5092592592592593,0.14814814814814814
127,-86.50039439021934,129,0.5277727151455311,0.00206593423559516,1.5447195407190937,0.18604651162790697,0.2868217054263566,0.2868217054263566,0.24031007751937986
128,-31.921586339647803,98,0.5251441730200492,0.0020517178509692224,1.6336383230085896,0.1326530612244898,0.19387755102040816,0.3979591836734694,0.2755102040816326
129,-67.71836551963374,114,0.5225287221997962,0.0020375992940419355,1.44461072089788,0.14035087719298245,0.19298245614035087,0.4298245614035088,0.23684210526315788
130,-48.64691244043495,162,0.5199262974842676,0.0020235778916281775,1.4844662363049927,0.09876543209876543,0.2037037037037037,0.5,0.19753086419753085
131,-79.78656818867171,173,0.5173368339976863,0.002009652975175238,1.417555551975046,0.14450867052023122,0.15028901734104047,0.4797687861271676,0.2254335260115607
132,-159.62396506715203,109,0.5147602671873854,0.0019958238807309416,1.4809344316280906,0.1559633027522936,0.3211009174311927,0.27522935779816515,0.24770642201834864
133,-46.87852569995418,122,0.512196532822199,0.0019820899489119896,1.9257645848744582,0.18032786885245902,0.1885245901639344,0.3770491803278688,0.2540983606557377
134,-53.58580009028859,99,0.5096455669908607,0.001968450524872521,1.9320315086728748,0.1414141414141414,0.23232323232323232,0.30303030303030304,0.32323232323232326
135,-62.40529180453863,128,0.5071073061004107,0.0019549049582728876,1.814978021217133,0.1875,0.296875,0.2265625,0.2890625
136,-56.237301495356306,108,0.50458168687461,0.0019414526032486465,1.795143854717855,0.10185185185185185,0.2037037037037037,0.5370370370370371,0.1574074074074074
137,-14.503421466409321,184,0.5020686463523638,0.0019280928183797639,1.7690283992659352,0.14130434782608695,0.1956521739130435,0.5,0.16304347826086957
138,0.44129585311782193,252,0.49956812188615124,0.0019148249666600316,1.7508410438921054,0.14285714285714285,0.18253968253968253,0.5198412698412699,0.15476190476190477
139,-99.4932182878774,186,0.49708005114046383,0.0019016484154666946,1.6219722728606158,0.11290322580645161,0.23118279569892472,0.46774193548387094,0.1881720430107527
140,-45.18841562862414,130,0.49460437209025165,0.0018885625365302864,1.5818388151164753,0.15384615384615385,0.2153846153846154,0.5,0.13076923076923078
141,-77.17868087875463,308,0.492141023019377,0.001875566705904673,1.6091258364289205,0.12987012987012986,0.1590909090909091,0.5454545454545454,0.16558441558441558
142,-77.37049321862631,189,0.48968994251907594,0.0018626603039373023,1.6101275182023356,0.12698412698412698,0.21693121693121692,0.5026455026455027,0.15343915343915343
143,-53.20911763689527,139,0.4872510694864273,0.0018498427152396591,1.5007681926527046,0.1223021582733813,0.2158273381294964,0.39568345323741005,0.26618705035971224
144,-115.95779716171324,109,0.4848243431228297,0.0018371133286579223,1.484970791018278,0.10091743119266056,0.27522935779816515,0.3577981651376147,0.26605504587155965
145,-121.0331064507666,335,0.4824097029324856,0.0018244715372438245,1.829994032091107,0.15223880597014924,0.16417910447761194,0.5134328358208955,0.1701492537313433
146,22.100180174152385,367,0.4800070887208934,0.0018119167382257126,1.7689309061504366,0.1553133514986376,0.15803814713896458,0.5040871934604905,0.18256130790190736
147,4.141291066967142,141,0.47761644059334696,0.0017994483329798066,1.768512931639839,0.14893617021276595,0.1276595744680851,0.5390070921985816,0.18439716312056736
148,-19.70874795830011,106,0.4752376989534421,0.0017870657270016577,1.726051630120308,0.1509433962264151,0.12264150943396226,0.5188679245283019,0.20754716981132076
149,58.6717626930178,181,0.4728708045015913,0.0017747683298778003,1.7328907453894864,0.09392265193370165,0.2430939226519337,0.4696132596685083,0.19337016574585636
150,-36.410755120869155,156,0.4705156982335452,0.001762555555257602,1.6517650527955408,0.12179487179487179,0.1282051282051282,0.5705128205128205,0.1794871794871795
151,-80.41455988829463,209,0.4681723214389219,0.0017504268208253044,1.6503105608463828,0.14354066985645933,0.21052631578947367,0.507177033492823,0.13875598086124402
152,-11.358499288269385,107,0.46584061569974305,0.0017383815482722598,1.6354284587512755,0.1588785046728972,0.24299065420560748,0.4672897196261682,0.1308411214953271
153,51.778429175428506,1000,0.4635205228889778,0.001726419163269355,1.7735288661011155,0.207,0.221,0.331,0.241
154,3.4187067899346886,240,0.4612119851690938,0.0017145390954396275,1.7433864244668638,0.12083333333333333,0.175,0.5666666666666667,0.1375
155,74.92634319911835,1000,0.4589149449906151,0.00170274077833107,1.7630384320735462,0.167,0.373,0.323,0.137
156,-52.49870769382317,190,0.4566293450906877,0.0016910236493896207,1.7583230057560286,0.14210526315789473,0.21578947368421053,0.49473684210526314,0.14736842105263157
157,-55.5608250746962,120,0.45435512849165205,0.0016793871499323405,1.9854712892275557,0.11666666666666667,0.18333333333333332,0.49166666666666664,0.20833333333333334
158,41.530775238595076,1000,0.4520922384996226,0.0016678307251207745,1.8273005128421869,0.174,0.384,0.284,0.158
159,64.82805667850587,130,0.44984061870307446,0.001656353823934497,1.7375588373393314,0.1076923076923077,0.2153846153846154,0.4846153846153846,0.19230769230769232
160,-17.993632713777117,157,0.4476002129714371,0.0016449558991448378,1.796952227855028,0.12101910828025478,0.1910828025477707,0.5414012738853503,0.1464968152866242
161,10.099072728975159,319,0.4453709654536952,0.0016336364072887907,1.7031697657402367,0.12225705329153605,0.1755485893416928,0.5015673981191222,0.2006269592476489
162,26.075474914209693,151,0.44315282057699623,0.0016223948086431,1.7274436114953784,0.09271523178807947,0.18543046357615894,0.543046357615894,0.17880794701986755
163,29.674126738185514,1000,0.4409457230452651,0.0016112305671985266,1.9857980121140875,0.249,0.175,0.308,0.268
164,-29.64621268480856,107,0.4387496178378257,0.0016001431506342896,1.9590968342627908,0.12149532710280374,0.2616822429906542,0.38317757009345793,0.2336448598130841
165,34.756273591891784,139,0.43656445020802925,0.0015891320302926862,1.8834175105374702,0.1510791366906475,0.2589928057553957,0.3381294964028777,0.2517985611510791
166,37.15767368810941,1000,0.4343901656818896,0.0015781966811538838,1.9153095605010149,0.21,0.262,0.348,0.18
167,-8.331365938138475,104,0.4322267100567252,0.0015673365818108867,2.189217902665106,0.125,0.2692307692307692,0.40384615384615385,0.20192307692307693
168,-29.214875868641897,127,0.4300740293998078,0.0015565512144446758,2.2005062041199337,0.13385826771653545,0.1968503937007874,0.48031496062992124,0.1889763779527559
169,7.3602405388029695,125,0.4279320700470182,0.0015458400647995172,2.132958160821468,0.136,0.224,0.448,0.192
170,-42.15940447995598,153,0.4258007786015082,0.0015352026221584433,2.069149288750235,0.09803921568627451,0.2549019607843137,0.43137254901960786,0.21568627450980393
171,73.88362609288835,1000,0.42368010193236966,0.0015246383793189005,2.0317486035659447,0.336,0.177,0.274,0.213
172,54.33399111100934,1000,0.4215699871733098,0.0015141468325685658,1.952539986942567,0.223,0.249,0.369,0.159
173,57.445405431839305,1000,0.4194703817213335,0.001503727481661329,1.8517087027357932,0.34,0.163,0.327,0.17
174,16.31990387650319,264,0.41738123323543186,0.001493379829793441,1.7846692702677966,0.12878787878787878,0.1553030303030303,0.5454545454545454,0.17045454545454544
175,44.17255163892696,97,0.41530248963527744,0.0014831033835798254,1.8292009010493366,0.09278350515463918,0.21649484536082475,0.5773195876288659,0.1134020618556701
176,89.95915499508436,1000,0.41323409909992587,0.0014728976530305534,1.954235626352101,0.276,0.221,0.303,0.2
177,12.199536967494637,111,0.4111760100665241,0.0014627621515274811,1.870164068868017,0.06306306306306306,0.15315315315315314,0.5945945945945946,0.1891891891891892
178,-17.608154294345226,124,0.4091281712290249,0.0014526963958010467,1.8656454221019039,0.10483870967741936,0.1693548387096774,0.5564516129032258,0.1693548387096774
179,-8.778838554876856,104,0.407090531536908,0.0014426999059072281,1.861585742024584,0.0673076923076923,0.18269230769230768,0.6153846153846154,0.1346153846153846
180,62.8630124498288,1000,0.40506304019390726,0.0014327722052046583,1.8669788703649297,0.259,0.199,0.321,0.221
181,-34.95527049385903,563,0.40304564665674447,0.0014229128203318991,1.8794321895426307,0.09591474245115453,0.17939609236234458,0.5577264653641207,0.1669626998223801
182,-9.824794077140254,196,0.40103830063386947,0.0014131212811848708,1.8085886281494084,0.1326530612244898,0.18877551020408162,0.5051020408163265,0.17346938775510204
183,81.84445013134594,1000,0.39904095208420615,0.001403397120894437,1.841418969807148,0.292,0.216,0.316,0.176
184,-34.908498962116965,150,0.3970535512159053,0.0013937398758041444,2.0863714718685387,0.17333333333333334,0.19333333333333333,0.44,0.19333333333333333
185,118.40254606836024,1000,0.3950760484851031,0.0013841490854481144,1.9566778355749652,0.342,0.225,0.217,0.216
186,132.99757779423032,1000,0.39310839459468616,0.0013746242925290883,1.9208710376480753,0.34,0.248,0.218,0.194
187,-15.883853003977649,175,0.3911505404930626,0.0013651650428966229,1.989919819646242,0.06285714285714286,0.2057142857142857,0.5257142857142857,0.2057142857142857
188,20.098887676498094,190,0.38920243737293914,0.0013557708855254362,1.977569792782525,0.10526315789473684,0.17894736842105263,0.5263157894736842,0.18947368421052632
189,-255.74257240735477,264,0.3872640366701046,0.0013464413724939021,1.9418829843162206,0.19318181818181818,0.17803030303030304,0.45075757575757575,0.17803030303030304
190,2.7495902868976856,179,0.385335290062219,0.0013371760589626926,1.8967641160408686,0.11173184357541899,0.19553072625698323,0.5251396648044693,0.16759776536312848
191,-311.0152939664639,835,0.38341614946760905,0.0013279745031535685,1.892185699615133,0.1317365269461078,0.25508982035928146,0.4059880239520958,0.20718562874251498
192,-21.133666649427013,151,0.3815065670440695,0.001318836266328314,1.9437664381944995,0.17880794701986755,0.1986754966887417,0.41721854304635764,0.2052980132450331
193,-37.40213439585,120,0.3796064951876705,0.0013097609127678182,1.933835083461168,0.275,0.2,0.3333333333333333,0.19166666666666668
194,-23.36404394159311,189,0.3777158865315709,0.0013007480097512987,1.9072979612584515,0.10052910052910052,0.21693121693121692,0.5185185185185185,0.164021164021164
195,-93.22556816552628,123,0.37583469394483743,0.0012917971275356699,1.9064480972626339,0.07317073170731707,0.3008130081300813,0.37398373983739835,0.25203252032520324
196,82.95603517492968,1000,0.37396287053126975,0.001282907839335052,1.869078746286873,0.335,0.277,0.224,0.164
197,-14.872265999807595,242,0.3721003696282314,0.0012740797213004217,1.823247828356436,0.1446280991735537,0.17768595041322313,0.5289256198347108,0.1487603305785124
198,-96.37645096226252,280,0.3702471448054865,0.0012653123524994027,1.7853848705203814,0.15714285714285714,0.16785714285714284,0.48928571428571427,0.18571428571428572
199,73.92797638313863,1000,0.3684031498640423,0.0012566053148961949,1.978501123282392,0.376,0.139,0.182,0.303
200,-38.48949782873521,79,0.3665683388349977,0.0012479581933316425,1.8766892754370688,0.17721518987341772,0.22784810126582278,0.45569620253164556,0.13924050632911392
201,-52.6241741774507,219,0.3647426659783969,0.001239370575503439,1.8598089447160753,0.1461187214611872,0.1689497716894977,0.5251141552511416,0.1598173515981735
202,4.657707236916039,186,0.36292608578208946,0.0012308420519464677,1.8801352706460537,0.1827956989247312,0.17204301075268819,0.489247311827957,0.15591397849462366
203,70.63736600902868,1000,0.36111855296059564,0.0012223722160132787,1.9031913701234384,0.267,0.19,0.21,0.333
204,-32.261945811464784,137,0.3593200224539774,0.0012139606638546987,1.924801301449481,0.1897810218978102,0.19708029197080293,0.45255474452554745,0.16058394160583941
205,-20.028226444879493,89,0.3575304494267152,0.0012056069944005763,1.916959084011489,0.1348314606741573,0.1348314606741573,0.5842696629213483,0.14606741573033707
206,128.20546878392966,1000,0.3557497892665903,0.0011973108093406575,1.8683047777634492,0.341,0.2,0.186,0.273
207,148.92680391461167,1000,0.35397799758357257,0.0011890717131055946,1.8527830715869205,0.374,0.267,0.152,0.207
208,2.70681079713583,194,0.3522150302087139,0.001180889312848085,1.8126645601339704,0.13402061855670103,0.18556701030927836,0.4948453608247423,0.18556701030927836
209,33.85432926377479,146,0.35046084319304716,0.0011727632184241397,1.857120428758495,0.1780821917808219,0.1506849315068493,0.541095890410959,0.13013698630136986
210,15.44039985223094,148,0.3487153928064905,0.001164693042374481,1.8132066309475177,0.10810810810810811,0.20270270270270271,0.527027027027027,0.16216216216216217
211,-25.791747210435716,127,0.34697863553675734,0.001156678399906068,1.8505446853662346,0.13385826771653545,0.2283464566929134,0.4881889763779528,0.14960629921259844
212,3.184608930973681,134,0.3452505280882715,0.0011487189088737499,1.8876605044721688,0.1044776119402985,0.14925373134328357,0.5895522388059702,0.15671641791044777
213,109.10944663293317,1000,0.34353102738108804,0.001140814189762044,1.8624028811920674,0.386,0.234,0.18,0.2
214,-18.748604370660516,230,0.34182009054981916,0.0011329638656670407,1.894738367575776,0.14782608695652175,0.2,0.4043478260869565,0.24782608695652175
215,-10.206778370141834,106,0.3401176749425658,0.0011251675622784326,1.8636061373974098,0.10377358490566038,0.1320754716981132,0.6132075471698113,0.1509433962264151
216,39.03097752191634,1000,0.3384237381198542,0.0011174249078616666,1.8478192066447319,0.232,0.202,0.208,0.358
217,246.2975125973805,383,0.33673823785357804,0.0011097355332402193,1.853678038703718,0.2506527415143603,0.2845953002610966,0.2950391644908616,0.16971279373368145
218,-45.282127599817215,156,0.3350611321259457,0.0011020990717779946,1.9049538629020033,0.038461538461538464,0.2564102564102564,0.5064102564102564,0.1987179487179487
219,-37.94671273680707,93,0.33339237912843267,0.001094515159361842,1.9577115422667328,0.1827956989247312,0.12903225806451613,0.45161290322580644,0.23655913978494625
220,4.331544781731911,1000,0.3317319372607396,0.0010869834343841954,1.90080143744418,0.122,0.342,0.282,0.254
221,-42.99843975283788,110,0.3300797651297549,0.0010795035377258312,1.883525988635452,0.13636363636363635,0.18181818181818182,0.5363636363636364,0.14545454545454545
222,-24.853593742574134,151,0.3284358215485232,0.0010720751127387454,1.8673938804067747,0.19205298013245034,0.16556291390728478,0.5298013245033113,0.11258278145695365
223,52.87592667041304,1000,0.32680006553521834,0.0010646978052291486,1.8865529370215695,0.276,0.232,0.159,0.333
224,-27.373330107972947,135,0.3251724563121218,0.0010573712634405767,1.859508427971318,0.14814814814814814,0.1259259259259259,0.562962962962963,0.16296296296296298
225,-68.97535465453599,94,0.3235529533046063,0.00105009513803712,1.8840328967801363,0.14893617021276595,0.22340425531914893,0.35106382978723405,0.2765957446808511
226,6.554146234527323,182,0.32194151614012406,0.0010428690820867659,1.8651778532888474,0.2087912087912088,0.17032967032967034,0.4725274725274725,0.14835164835164835
227,-86.84019543350362,118,0.32033810464720053,0.001035692751044857,1.8563669004963,0.2288135593220339,0.23728813559322035,0.3135593220338983,0.22033898305084745
228,-48.95801670732358,236,0.3187426788544329,0.0010285658027376627,1.8619754939753002,0.1271186440677966,0.17372881355932204,0.5169491525423728,0.18220338983050846
229,-41.758574268561226,138,0.31715519898949374,0.0010214878973460653,1.783187861188665,0.15217391304347827,0.1956521739130435,0.4782608695652174,0.17391304347826086
230,-46.30927562358808,143,0.31557562547813933,0.0010144586973893548,1.8129151732507796,0.13286713286713286,0.17482517482517482,0.5454545454545454,0.14685314685314685
231,-80.36260691453938,141,0.3140039189432234,0.00100747786770914,1.8235301357580427,0.1702127659574468,0.20567375886524822,0.3971631205673759,0.22695035460992907
232,-21.083506929073465,135,0.3124400402037151,0.0010005450754533658,1.798462351151601,0.24444444444444444,0.21481481481481482,0.362962962962963,0.17777777777777778
233,102.39848575059665,1000,0.3108839502737227,0.0009936599900604443,1.8198661649622423,0.347,0.296,0.231,0.126
234,79.48527317428068,1000,0.30933561036152135,0.0009868222832434916,1.736605095169953,0.318,0.317,0.18,0.185
235,-25.625785971304467,330,0.3077949818685863,0.0009800316289746765,1.7863327899019117,0.09393939393939393,0.18484848484848485,0.5424242424242425,0.1787878787878788
236,-31.30805848653179,133,0.3062620263886305,0.0009732877034696739,1.8603627945560788,0.09022556390977443,0.21804511278195488,0.5037593984962406,0.18796992481203006
237,166.73054758742194,954,0.3047367057066472,0.0009665901851722271,1.7666595995226735,0.18867924528301888,0.12578616352201258,0.24842767295597484,0.4371069182389937
238,121.88069056719544,1000,0.3032189817979574,0.0009599387547388154,1.7127548759222582,0.416,0.229,0.172,0.183
239,67.77013697027732,1000,0.3017088168272619,0.000953333095023428,1.6871242129820947,0.438,0.198,0.199,0.165
240,148.6133100133555,1000,0.30020617314769793,0.0009467728910624417,1.6856250571379945,0.41,0.23,0.178,0.182
241,141.45780501169315,1000,0.2987110132999009,0.0009402578300596034,1.6916212457080975,0.44,0.172,0.147,0.241
242,-6.976114158465961,272,0.2972233000110704,0.0009337876013711156,1.6763624264352914,0.16176470588235295,0.1948529411764706,0.46691176470588236,0.17647058823529413
243,-12.240568891524262,185,0.2957429961940411,0.0009273618964908249,1.6806396577846168,0.10810810810810811,0.15675675675675677,0.5297297297297298,0.20540540540540542
244,137.13576341324523,1000,0.29427006494635827,0.0009209804090355117,1.6803650988090812,0.379,0.262,0.202,0.157
245,56.71472532091441,1000,0.2928044695493577,0.000914642834730282,1.6811482510984046,0.263,0.217,0.217,0.303
246,112.69124938548858,1000,0.2913461734672504,0.0009083488713940591,1.680411189326921,0.395,0.274,0.17,0.161
247,114.44136029995536,1000,0.28989514034621183,0.0009020982189251753,1.6588520100995159,0.46,0.211,0.162,0.167
248,85.51523840399523,1000,0.2884513340134756,0.0008958905792870631,1.6513888588452608,0.264,0.118,0.197,0.421
249,95.68505266821478,1000,0.2870147184764318,0.000889725656494044,1.6194018530729406,0.439,0.243,0.181,0.137
250,188.56613421757822,1000,0.28558525792172956,0.0008836031565972163,1.6127231538681073,0.494,0.221,0.133,0.152
251,-37.89528332702592,212,0.2841629167143845,0.0008775227876704388,1.591549572415391,0.14622641509433962,0.18396226415094338,0.5188679245283019,0.1509433962264151
252,-18.694851807595,127,0.28274765939689017,0.0008714842597964118,1.5760830432277335,0.05511811023622047,0.2440944881889764,0.48031496062992124,0.2204724409448819
253,108.620805822411,1000,0.28133945068833427,0.0008654872850528536,1.591841246659194,0.475,0.207,0.16,0.158
254,45.821783908804804,1000,0.2799382554835191,0.000859531577498772,1.610624645149267,0.37,0.195,0.19,0.245
255,-118.44065936769468,173,0.2785440388520863,0.0008536168531608304,1.6341821784553876,0.09248554913294797,0.23699421965317918,0.3179190751445087,0.35260115606936415
256,2.2225264419138426,211,0.27715676603764633,0.0008477428300198077,1.5785136099552444,0.13744075829383887,0.17061611374407584,0.5118483412322274,0.18009478672985782
257,42.5092482611561,167,0.27577640245691176,0.0008419092279971516,1.5670550808175185,0.1317365269461078,0.15568862275449102,0.5209580838323353,0.19161676646706588
258,-65.79907978619933,110,0.2744029136988354,0.0008361157689416238,1.6203877244900244,0.18181818181818182,0.19090909090909092,0.4909090909090909,0.13636363636363635
259,-96.19309397770688,394,0.2730362655237522,0.0008303621766160378,1.6307174286417114,0.18781725888324874,0.21573604060913706,0.3223350253807107,0.27411167512690354
260,83.08772683438846,1000,0.2716764238625259,0.0008246481766840876,1.636610842015451,0.41,0.213,0.209,0.168
261,-23.57732992753553,168,0.2703233548156995,0.000818973496697267,1.6066013580807785,0.13690476190476192,0.20833333333333334,0.5357142857142857,0.11904761904761904
262,-30.85768976048979,94,0.2689770246526506,0.0008133378660818794,1.6264468496744218,0.1702127659574468,0.13829787234042554,0.5851063829787234,0.10638297872340426
263,148.6169900906281,1000,0.26763739981075,0.0008077410161261361,1.5800679967209699,0.323,0.341,0.148,0.188
264,23.08381102121271,108,0.2663044468945255,0.0008021826799673441,1.598768814825738,0.08333333333333333,0.2037037037037037,0.5370370370370371,0.17592592592592593
265,137.15145029676864,1000,0.2649781326748289,0.000796662592579182,1.5454891610729367,0.476,0.137,0.148,0.239
266,117.01929471846414,1000,0.26365842408800805,0.000791180490759063,1.5525518063728834,0.522,0.193,0.133,0.152
267,-28.21440205083968,123,0.26234528823508246,0.0007857361131155856,1.5463022438132756,0.17073170731707318,0.18699186991869918,0.5040650406504065,0.13821138211382114
268,-22.23615502979301,138,0.2610386923809231,0.0007803292000560697,1.5138606952471392,0.15942028985507245,0.12318840579710146,0.5942028985507246,0.12318840579710146
269,-2.779075076645043,133,0.25973860395343634,0.0007749594937741795,1.46174559488728,0.17293233082706766,0.15789473684210525,0.44360902255639095,0.22556390977443608
270,130.6637685947931,1000,0.25844499054275216,0.0007696267382376308,1.4837710675750573,0.433,0.257,0.161,0.149
271,39.86800659182098,1000,0.257157819900416,0.0007643306791759831,1.5390698204344362,0.276,0.135,0.269,0.32
272,-99.08187196440619,221,0.2558770599385848,0.0007590710640685158,1.5363668465630393,0.07239819004524888,0.2579185520361991,0.5294117647058824,0.14027149321266968
273,110.50741708523117,1000,0.25460267872922737,0.0007538476421321883,1.5179601889868255,0.525,0.128,0.162,0.185
274,-96.87320736785139,132,0.25333464450332815,0.0007486601643096816,1.5310428710563244,0.18181818181818182,0.17424242424242425,0.5227272727272727,0.12121212121212122
275,122.0596395856339,1000,0.25207292565009537,0.0007435083832575234,1.5491249989696596,0.375,0.136,0.185,0.304
276,-101.76322185770658,316,0.25081749071617304,0.0007383920533342948,1.5146212624959479,0.1930379746835443,0.17088607594936708,0.4177215189873418,0.21835443037974683
277,113.79331932407678,1000,0.24956830840485686,0.0007333109305889175,1.5425164174805839,0.519,0.191,0.16,0.13
278,7.049694280427772,72,0.2483253475753139,0.0007282647727490224,1.5411868165312756,0.2222222222222222,0.1527777777777778,0.5,0.125
279,119.91895727460094,1000,0.24708857724180652,0.0007232533392093973,1.5296487576687872,0.409,0.273,0.167,0.151
280,-70.43435602504614,125,0.24585796657291967,0.0007182763910205153,1.5089133568910749,0.208,0.296,0.312,0.184
281,103.07195855636098,1000,0.24463348489079248,0.0007133336908771411,1.5940951940563182,0.404,0.254,0.192,0.15
282,118.6057837676845,1000,0.2434151016703534,0.0007084250031070158,1.5620820460789002,0.518,0.176,0.139,0.167
283,-12.755618463498578,158,0.2422027865385593,0.0007035500936596204,1.5703214360846403,0.13291139240506328,0.189873417721519,0.5126582278481012,0.16455696202531644
284,-57.680932979037394,168,0.24099650927363828,0.0006987087300950158,1.5923440727740672,0.125,0.1488095238095238,0.5535714285714286,0.17261904761904762
285,90.69003180488431,1000,0.2397962398043362,0.0006939006815727599,1.6082517436234869,0.282,0.367,0.204,0.147
286,7.773111115675022,220,0.23860194820916716,0.0006891257188409008,1.596122913281048,0.15,0.17272727272727273,0.509090909090909,0.16818181818181818
287,-52.96488311896708,168,0.2374136047156675,0.0006843836142250461,1.573701097636,0.19642857142857142,0.15476190476190477,0.5,0.1488095238095238
288,-61.311388093539485,155,0.23623117969965363,0.000679674141617507,1.5547245542969734,0.16129032258064516,0.16129032258064516,0.49032258064516127,0.1870967741935484
289,-15.694063390501015,130,0.23505464368448353,0.0006749970764665174,1.5732045474520107,0.13846153846153847,0.19230769230769232,0.5230769230769231,0.14615384615384616
290,10.47042625928313,152,0.23388396734032196,0.0006703521957655269,1.545049593186876,0.16447368421052633,0.17763157894736842,0.46710526315789475,0.19078947368421054
291,-58.43087600253125,197,0.23271912148340923,0.000665739278042568,1.4691298919322644,0.20304568527918782,0.1218274111675127,0.5380710659898477,0.13705583756345177
292,19.378159421197935,444,0.2315600770753337,0.0006611581033496956,1.460565793031509,0.10135135135135136,0.2882882882882883,0.4527027027027027,0.15765765765765766
293,20.49556633940051,141,0.2304068052223079,0.0006566084532525002,1.4516109481192037,0.05673758865248227,0.22695035460992907,0.475177304964539,0.24113475177304963
294,-68.62470340636027,155,0.22925927717444824,0.0006520901108196926,1.4708187023607788,0.11612903225806452,0.2129032258064516,0.47096774193548385,0.2
295,85.26820864353374,1000,0.22811746432505836,0.0006476028606127603,1.4533224038812937,0.333,0.356,0.187,0.124
296,-36.290157482358794,75,0.2269813382099158,0.0006431464886756951,1.4319618534881788,0.24,0.08,0.48,0.2
297,-8.28983858204235,221,0.2258508705065627,0.000638720782524792,1.4561720875624393,0.1085972850678733,0.2081447963800905,0.497737556561086,0.18552036199095023
298,137.86939551879254,1000,0.22472603303359945,0.0006343255311385171,1.4451643383904207,0.514,0.132,0.184,0.17
299,-10.532044807185926,177,0.2236067977499824,0.0006299605249474466,1.4379840308936376,0.1751412429378531,0.1864406779661017,0.4576271186440678,0.1807909604519774
300,-6.627851035691151,233,0.22249313675432472,0.0006256255558242739,1.4502486394771286,0.12875536480686695,0.1888412017167382,0.51931330472103,0.1630901287553648
301,164.4674343697027,598,0.22138502228420082,0.0006213204170738859,1.4267182477829565,0.08361204013377926,0.2491638795986622,0.2959866220735786,0.3712374581939799
302,257.40526860883574,590,0.22028242671545434,0.000617044903423508,1.3804663376351698,0.488135593220339,0.13559322033898305,0.26949152542372884,0.10677966101694915
303,72.0535681539692,1000,0.21918532256150944,0.0006127988110129158,1.3803514281078477,0.403,0.2,0.189,0.208
304,232.34031025578895,983,0.21809368247268562,0.0006085819373847157,1.3923029944109662,0.6185147507629705,0.10986775178026449,0.1536113936927772,0.11800610376398779
305,110.67668955447917,1000,0.21700747923551592,0.0006043940814746911,1.3734228352463234,0.554,0.131,0.179,0.136
306,100.17941905225254,1000,0.2159266857720685,0.0006002350436022153,1.3523768550867759,0.579,0.141,0.181,0.099
307,22.857533704962137,114,0.21485127513927166,0.0005961046254607311,1.3288720951282107,0.16666666666666666,0.12280701754385964,0.5701754385964912,0.14035087719298245
308,71.53292725709247,1000,0.21378122052824208,0.0005920026301082949,1.3469834423594458,0.363,0.265,0.219,0.153
309,104.72798653456569,1000,0.21271649526361663,0.0005879288619581864,1.3816452834508663,0.515,0.15,0.207,0.128
310,-44.66668249814185,105,0.21165707280288729,0.0005838831267695832,1.3348876715815603,0.17142857142857143,0.20952380952380953,0.3333333333333333,0.2857142857142857
311,118.88873262626352,1000,0.2106029267357395,0.0005798652316382989,1.3229095873882404,0.504,0.145,0.158,0.193
312,57.34016180993311,1000,0.20955403078339377,0.0005758749849875851,1.3665990866359141,0.359,0.113,0.201,0.327
313,-24.56398639844251,219,0.2085103587979506,0.0005719121965589974,1.330721373380145,0.0867579908675799,0.1872146118721461,0.4703196347031963,0.2557077625570776
314,202.38987634313185,875,0.20747188476173858,0.0005679766774033234,1.3247710576059029,0.48114285714285715,0.16914285714285715,0.2102857142857143,0.13942857142857143
315,7.3204124955804275,254,0.2064385827866659,0.0005640682398715733,1.3336608589053391,0.0984251968503937,0.2047244094488189,0.5236220472440944,0.1732283464566929
316,-62.30222867966286,406,0.20541042711357488,0.0005601866976060327,1.3500260307880492,0.10591133004926108,0.1921182266009852,0.5147783251231527,0.18719211822660098
317,-39.596372550670765,222,0.2043873921115999,0.0005563318655313771,1.3342283586439074,0.10810810810810811,0.16216216216216217,0.5765765765765766,0.15315315315315314
318,10.989218748687321,124,0.20336945227752837,0.0005525035598458474,1.3017378349989348,0.08870967741935484,0.1935483870967742,0.5564516129032258,0.16129032258064516
319,-35.94418340725031,259,0.20235658223516506,0.0005487015980124855,1.29418410595467,0.1776061776061776,0.14671814671814673,0.528957528957529,0.14671814671814673
320,137.88512112998055,1000,0.2013487567346994,0.0005449257987504316,1.3064272243577655,0.488,0.137,0.199,0.176
321,-0.10727802688334975,86,0.20034595065207608,0.0005411759820262798,1.2988084861467792,0.1744186046511628,0.1744186046511628,0.4418604651162791,0.20930232558139536
322,-22.9986272993947,145,0.19934813898836876,0.0005374519690454946,1.2900373517916583,0.06206896551724138,0.23448275862068965,0.4827586206896552,0.2206896551724138
323,9.368700462515633,88,0.1983552968691568,0.000533753582243885,1.3189968431916113,0.17045454545454544,0.07954545454545454,0.5681818181818182,0.18181818181818182
324,-104.63959060662242,129,0.1973673995439052,0.0005300806452791393,1.3194471276816118,0.21705426356589147,0.12403100775193798,0.4806201550387597,0.17829457364341086
325,15.546734832905841,112,0.19638442238534762,0.0005264329830224157,1.295541834092883,0.23214285714285715,0.10714285714285714,0.5446428571428571,0.11607142857142858
326,84.14980851665764,1000,0.19540634088887243,0.0005228104215499929,1.2829713163178649,0.407,0.353,0.173,0.067
327,121.91068313031457,1000,0.1944331306719118,0.0005192127881349766,1.293023011052256,0.477,0.264,0.142,0.117
328,-46.4241907403907,218,0.19346476747333397,0.0005156399112390642,1.2769741532288907,0.1743119266055046,0.16972477064220184,0.48623853211009177,0.16972477064220184
329,-45.16835650461374,182,0.19250122715283827,0.0005120916205043656,1.27118756692231,0.15384615384615385,0.12637362637362637,0.5384615384615384,0.1813186813186813
330,263.8022320208958,846,0.19154248569035348,0.0005085677467452802,1.2534923308333423,0.5886524822695035,0.1536643026004728,0.1276595744680851,0.13002364066193853
331,229.24144304013626,461,0.190588519185439,0.0005050681219404303,1.2543984705632105,0.45336225596529284,0.14533622559652928,0.29067245119305857,0.11062906724511931
332,21.12242388535438,89,0.18963930385668903,0.0005015925792246494,1.241235791142982,0.16853932584269662,0.16853932584269662,0.5280898876404494,0.1348314606741573
333,177.20848842436683,1000,0.18869481604113966,0.000498140952881026,1.2518392058836798,0.647,0.092,0.121,0.14
334,-6.020659748691784,125,0.1877550321936791,0.0004947130783330022,1.2368216679376873,0.136,0.152,0.368,0.344
335,-7.37477143547099,178,0.18681992888646057,0.0004913087921365264,1.2403356845583469,0.15168539325842698,0.20786516853932585,0.47752808988764045,0.16292134831460675
336,38.62573607994031,101,0.18588948280831843,0.00048792793197226003,1.2159418716235812,0.10891089108910891,0.12871287128712872,0.5643564356435643,0.19801980198019803
337,-85.94341630509082,163,0.18496367076418696,0.0004845703366378385,1.2524045321657276,0.20245398773006135,0.22085889570552147,0.39263803680981596,0.18404907975460122
338,225.48931452479866,376,0.18404246967452215,0.0004812358460401845,1.2336214904911544,0.13829787234042554,0.3377659574468085,0.35106382978723405,0.17287234042553193
339,29.87431132573201,87,0.18312585657472633,0.0004779243011878747,1.2790818656907548,0.12643678160919541,0.21839080459770116,0.4942528735632184,0.16091954022988506
340,205.86755893228982,458,0.18221380861457573,0.00047463554418355894,1.2258784404233458,0.2816593886462882,0.23580786026200873,0.2816593886462882,0.20087336244541484
341,110.46069225785043,1000,0.18130630305765083,0.0004713694182164316,1.2363678394634654,0.371,0.094,0.138,0.397
342,-86.09954236594916,269,0.18040331728076958,0.0004681257675547547,1.2365640954855073,0.07434944237918216,0.1895910780669145,0.5278810408921933,0.20817843866171004
343,149.90024768610328,1000,0.17950482877342336,0.00046490443753843233,1.2178709136956853,0.55,0.122,0.155,0.173
344,-15.0386185380395,192,0.17861081513721588,0.00046170527457163656,1.2419491761094001,0.16145833333333334,0.16145833333333334,0.5364583333333334,0.140625
345,-43.92394275240598,192,0.17772125408530481,0.00045852812611548366,1.202916953588095,0.15625,0.13541666666666666,0.546875,0.16145833333333334
346,282.6970821287456,306,0.17683612344184615,0.00045537284068076107,1.195836274508388,0.5098039215686274,0.12091503267973856,0.22875816993464052,0.14052287581699346
347,33.69274539715579,99,0.17595540114144145,0.0004522392678207041,1.2177954648071752,0.12121212121212122,0.16161616161616163,0.5454545454545454,0.1717171717171717
348,225.2765010228381,619,0.17507906522858774,0.0004491272581238226,1.2416488210088443,0.40387722132471726,0.15024232633279483,0.2568659127625202,0.1890145395799677
349,218.41544967988364,731,0.17420709385713018,0.00044603666320677695,1.2273794506185751,0.53077975376197,0.12995896032831739,0.19562243502051985,0.1436388508891929
350,-4.162461861156672,262,0.17333946528971744,0.0004429673357073028,1.204138549593831,0.1717557251908397,0.1450381679389313,0.5343511450381679,0.14885496183206107
351,-13.921497925389957,158,0.1724761578972599,0.00043991912927718486,1.233358007187807,0.10126582278481013,0.17088607594936708,0.5126582278481012,0.21518987341772153
352,7.5405034857323585,120,0.17161715015839032,0.00043689189857527903,1.1850325568853053,0.21666666666666667,0.225,0.4083333333333333,0.15
353,38.86068185440922,142,0.1707624206589275,0.00043388549926058205,1.212395028260698,0.2323943661971831,0.1619718309859155,0.47183098591549294,0.13380281690140844
354,80.5689297905279,1000,0.16991194809134227,0.0004308997879853495,1.2019736326000505,0.304,0.436,0.176,0.084
355,-22.199200567429543,88,0.16906571125422645,0.0004279346223882607,1.188715381643027,0.1590909090909091,0.17045454545454544,0.4772727272727273,0.19318181818181818
356,127.1353664357225,1000,0.16822368905176427,0.00042498986108763085,1.1955386413877795,0.346,0.354,0.188,0.112
357,-272.54340161413825,368,0.16738586049320645,0.00042206536367466987,1.1855561466467335,0.24456521739130435,0.1331521739130435,0.47554347826086957,0.14673913043478262
358,-3.4721983963486878,104,0.16655220469234697,0.00041916099070678746,1.1973295547792093,0.09615384615384616,0.22115384615384615,0.5288461538461539,0.15384615384615385
359,-17.20225369102087,97,0.1657227008670024,0.0004162766037009445,1.1722440633900808,0.26804123711340205,0.1134020618556701,0.4845360824742268,0.13402061855670103
360,8.678258228141289,128,0.16489732833849374,0.00041341206512705,1.2063744390499487,0.1015625,0.2109375,0.4296875,0.2578125
361,39.29441400658433,115,0.16407606653113102,0.00041056723840140346,1.138272208168746,0.11304347826086956,0.14782608695652175,0.5652173913043478,0.17391304347826086
362,127.28138006939886,1000,0.16325889497170032,0.00040774198788018254,1.1689916657286448,0.632,0.126,0.138,0.104
363,259.11364253315867,834,0.16244579328895342,0.00040493617885297545,1.166090376368201,0.6906474820143885,0.10071942446043165,0.1091127098321343,0.09952038369304557
364,-12.044666022073471,139,0.16163674121309993,0.00040214967753635783,1.1329383446777732,0.07913669064748201,0.19424460431654678,0.5611510791366906,0.16546762589928057
365,-54.83985285010248,172,0.16083171857530196,0.00039938235106751376,1.1247839501312777,0.22093023255813954,0.1686046511627907,0.4418604651162791,0.1686046511627907
366,267.89737121188205,396,0.16003070530717145,0.0003966340674979008,1.1275023851954713,0.6035353535353535,0.11616161616161616,0.18686868686868688,0.09343434343434344
367,235.98052616250453,295,0.1592336814402698,0.0003939046957869587,1.1137117819237896,0.29491525423728815,0.14576271186440679,0.4271186440677966,0.13220338983050847
368,14.758852542405108,146,0.15844062710561005,0.000391194105795861,1.132019410104354,0.14383561643835616,0.21232876712328766,0.4657534246575342,0.1780821917808219
369,74.58406624104353,1000,0.15765152253316161,0.00038850216828131004,1.1334755153393734,0.528,0.155,0.203,0.114
370,34.282655978100024,164,0.15686634805135746,0.00038582875488937465,1.1291700988223772,0.07317073170731707,0.21341463414634146,0.524390243902439,0.18902439024390244
371,81.5808797109253,1000,0.15608508408660363,0.00038317373814936997,1.1254892454349905,0.413,0.24,0.256,0.091
372,12.153419678672535,143,0.15530771116279135,0.00038053699146777946,1.137918394852805,0.08391608391608392,0.20279720279720279,0.5174825174825175,0.1958041958041958
373,246.0730101904125,365,0.15453420990081157,0.000377918389122219,1.1137971037351901,0.2136986301369863,0.16712328767123288,0.4383561643835616,0.18082191780821918
374,46.38799043700322,1000,0.1537645610180717,0.0003753178062554423,1.120206489075095,0.378,0.252,0.268,0.102
375,6.149729783080943,193,0.15299874532801508,0.00037273511886938744,1.1077541331928482,0.21761658031088082,0.11398963730569948,0.5284974093264249,0.13989637305699482
376,-16.953146584791142,190,0.15223674373964258,0.0003701702038192647,1.1068845508692677,0.11578947368421053,0.1736842105263158,0.5263157894736842,0.18421052631578946
377,240.4278810648329,429,0.15147853725703672,0.0003676229388076849,1.1334787438491707,0.06293706293706294,0.5454545454545454,0.27972027972027974,0.11188811188811189
378,247.5562882789919,489,0.1507241069788881,0.0003650932023788281,1.1184716109488027,0.4396728016359918,0.12269938650306748,0.32719836400818,0.11042944785276074
379,135.61948353067888,1000,0.14997343409802424,0.00036258087391265236,1.1092669420023606,0.468,0.312,0.151,0.069
380,142.88931371621047,1000,0.1492264999009407,0.00036008583361914274,1.1174308734921314,0.662,0.116,0.11,0.112
381,11.279423087048528,243,0.14848328576733458,0.0003576079625325995,1.0906998192932755,0.16049382716049382,0.205761316872428,0.48148148148148145,0.1522633744855967
382,154.85242761205265,1000,0.14774377316964035,0.0003551471425059655,1.1055097448848112,0.646,0.12,0.109,0.125
383,265.0275138611537,471,0.147007943672568,0.00035270325620519324,1.0928622326994002,0.5583864118895966,0.13588110403397027,0.18683651804670912,0.11889596602972399
384,117.20786811651526,1000,0.14627577893264343,0.00035027618710364985,1.0983252414653475,0.551,0.254,0.137,0.058
385,-119.49636889859786,283,0.14554726069775115,0.00034786581947656136,1.0862243808968546,0.12014134275618374,0.1696113074204947,0.519434628975265,0.19081272084805653
386,216.3830964017547,764,0.1448223708066793,0.0003454720383954946,1.1029371197266535,0.20680628272251309,0.058900523560209424,0.19633507853403143,0.5379581151832461
387,117.48861359038993,1000,0.14410109118866696,0.00034309472972287745,1.0899971252482215,0.261,0.524,0.156,0.059
388,238.5045071609465,554,0.14338340386295353,0.0003407337801065566,1.1064028894189821,0.48014440433212996,0.11010830324909747,0.26895306859205775,0.1407942238267148
389,223.77057505146482,703,0.1426692909383306,0.00033838907697439276,1.0872443200955355,0.5120910384068279,0.11379800853485064,0.24751066856330015,0.12660028449502134
390,217.55139311648583,473,0.14195873461269595,0.00033606050852889326,1.0609170404161836,0.2727272727272727,0.09936575052854123,0.321353065539112,0.30655391120507397
391,238.47131856614345,781,0.14125171717260968,0.0003337479637418814,1.0761846082124211,0.5633802816901409,0.12163892445582586,0.18950064020486557,0.12548015364916773
392,218.15468913384856,575,0.1405482209928527,0.00033145133234920243,1.0645130428414518,0.36869565217391304,0.14956521739130435,0.34956521739130436,0.13217391304347825
393,8.772510882783791,294,0.13984822853598727,0.0003291705048454662,1.0546520439375096,0.20068027210884354,0.16326530612244897,0.48639455782312924,0.14965986394557823
394,19.666156017329655,200,0.13915172235191997,0.0003269053724788257,1.06317465427416,0.175,0.175,0.495,0.155
395,35.68833630873863,124,0.13845868507746648,0.0003246558272457919,1.081636154412217,0.08870967741935484,0.14516129032258066,0.6209677419354839,0.14516129032258066
396,262.1407520685352,279,0.1377690994359189,0.0003224217618860838,1.0495087375296848,0.22939068100358423,0.17204301075268819,0.43727598566308246,0.16129032258064516
397,221.3460114915792,501,0.13708294823661493,0.00032020306987751433,1.0685124076579882,0.48303393213572854,0.08582834331337326,0.2654690618762475,0.1656686626746507
398,135.06564304173637,1000,0.13640021437450947,0.0003179996454309112,1.0568672917282889,0.411,0.067,0.102,0.42
399,10.207817501425069,195,0.1357208808297481,0.0003158113834850728,1.0580418579560662,0.13333333333333333,0.1641025641025641,0.5743589743589743,0.1282051282051282
400,229.57089160500607,390,0.13504493066724277,0.0003136381797017588,1.0573399704237016,0.28717948717948716,0.14102564102564102,0.4230769230769231,0.14871794871794872
401,260.48289635873573,509,0.13437234703624976,0.0003114799304607153,1.0531522258018793,0.6404715127701375,0.09037328094302555,0.15717092337917485,0.11198428290766209
402,105.61502951569348,1000,0.13370311316994946,0.0003093365328547338,1.0510852355398765,0.663,0.117,0.133,0.087
403,283.89300040425655,201,0.1330372123850285,0.000307207884684745,1.058674034997009,0.3880597014925373,0.1044776119402985,0.35323383084577115,0.15422885572139303
404,258.7819436842001,329,0.13237462808126377,0.0003050938844549454,1.0253289499809444,0.5015197568389058,0.10638297872340426,0.24316109422492402,0.14893617021276595
405,-32.83482673604759,187,0.13171534374110866,0.0003029944313679582,1.0439890793823172,0.22994652406417113,0.1657754010695187,0.47593582887700536,0.12834224598930483
406,213.69797771781998,444,0.13105934292928123,0.0003009094253200269,1.0396048126581219,0.25,0.1373873873873874,0.481981981981982,0.13063063063063063
407,16.568236149439684,120,0.1304066092923546,0.00029883876689624264,1.0586675807599901,0.08333333333333333,0.2916666666666667,0.39166666666666666,0.23333333333333334
408,59.2378663436011,190,0.12975712655834912,0.0002967823573658037,1.0284728925189457,0.14210526315789473,0.22105263157894736,0.45789473684210524,0.17894736842105263
409,68.00487715464976,210,0.12911087853632688,0.0002947400986773081,1.0501869478289216,0.1523809523809524,0.1523809523809524,0.5142857142857142,0.18095238095238095
410,-31.6293840462357,103,0.128467849115988,0.00029271189345407827,1.0178392313910931,0.18446601941747573,0.17475728155339806,0.3592233009708738,0.2815533980582524
411,52.34836051584483,163,0.12782802226726903,0.0002906976449895182,1.038582027439998,0.12883435582822086,0.2085889570552147,0.4785276073619632,0.18404907975460122
412,-4.949810128525073,113,0.12719138203994332,0.0002886972572425023,1.038561796974287,0.13274336283185842,0.23893805309734514,0.3805309734513274,0.24778761061946902
413,2.562533308221319,210,0.1265579125632235,0.00028671063483279606,1.022131381477239,0.06666666666666667,0.2,0.5238095238095238,0.20952380952380953
414,213.94532449696487,399,0.12592759804536563,0.00028473768303650834,1.0293516144136556,0.07769423558897243,0.15538847117794485,0.19047619047619047,0.5764411027568922
415,-71.1132114036451,119,0.1253004227732758,0.0002827783077815747,1.0521387039353773,0.08403361344537816,0.2605042016806723,0.42016806722689076,0.23529411764705882
416,274.55183717587795,271,0.12467637111211817,0.0002808324156432722,1.0283266256765642,0.5387453874538746,0.1033210332103321,0.25830258302583026,0.0996309963099631
417,252.50712464610075,361,0.12405542750492535,0.0002788999138397645,1.030567650699092,0.20221606648199447,0.40166204986149584,0.2770083102493075,0.11911357340720222
418,-27.221362754286034,118,0.12343757647221056,0.0002769807102276782,1.0204098017111372,0.13559322033898305,0.2033898305084746,0.3728813559322034,0.288135593220339
419,231.92602142184316,371,0.1228228026115817,0.00027507471329770924,1.028269378124983,0.19946091644204852,0.15633423180592992,0.5067385444743935,0.13746630727762804
420,-7.495034838568074,170,0.12221109059735742,0.0002731818321702598,1.0226373851097552,0.23529411764705882,0.1411764705882353,0.49411764705882355,0.12941176470588237
421,222.081783302893,435,0.12160242518018508,0.00027130197659110486,1.0137678824007719,0.45057471264367815,0.12413793103448276,0.3103448275862069,0.11494252873563218
422,103.30397205651244,1000,0.12099679118666054,0.00026943505692708896,1.023105230546678,0.456,0.117,0.133,0.294
423,174.18011060105846,1000,0.12039417351894997,0.00026758098416185234,1.0149819122953485,0.578,0.264,0.11,0.048
424,129.22721319507804,1000,0.11979455715441345,0.0002657396698915866,1.0158911427275839,0.521,0.059,0.11,0.31
425,-84.76811882654007,102,0.11919792714523043,0.00026391102632081963,0.9716744120124104,0.14705882352941177,0.27450980392156865,0.27450980392156865,0.30392156862745096
426,23.51818014262652,152,0.11860426861802718,0.0002620949662582292,1.0138796699547832,0.1513157894736842,0.15789473684210525,0.5723684210526315,0.11842105263157894
427,0.6784733700039283,121,0.11801356677350594,0.0002602914031124857,0.9943632041037727,0.1322314049586777,0.2809917355371901,0.39669421487603307,0.19008264462809918
428,8.768191067374758,236,0.11742580688607601,0.00025850025088812364,0.9717878399359265,0.0847457627118644,0.2033898305084746,0.5338983050847458,0.17796610169491525
429,276.07367120630806,245,0.11684097430348667,0.00025672142418144085,0.9916228357762599,0.2816326530612245,0.15510204081632653,0.42448979591836733,0.13877551020408163
430,279.60478197197045,296,0.1162590544464619,0.00025495483817642676,1.0395993715969802,0.4594594594594595,0.125,0.27702702702702703,0.13851351351351351
431,170.44433360021395,827,0.11568003280833696,0.00025320040864071813,1.0057339072619997,0.3688029020556227,0.282950423216445,0.2599758162031439,0.08827085852478839
432,280.4193784936078,917,0.1151038949546967,0.00025145805192158273,0.9880856117538656,0.6739367502726281,0.15485278080697928,0.12213740458015267,0.04907306434023991
433,249.3746610483122,197,0.11453062652301578,0.00024972768494193085,1.0134837390527476,0.2233502538071066,0.16751269035532995,0.4720812182741117,0.13705583756345177
434,270.61318972682227,518,0.1139602132223006,0.00024800922519635396,1.001676666600453,0.638996138996139,0.10038610038610038,0.19884169884169883,0.06177606177606178
435,278.09817247972194,276,0.11339264083273302,0.00024630259074719086,1.0044848671325681,0.4891304347826087,0.10869565217391304,0.3333333333333333,0.06884057971014493
436,268.70231796395376,498,0.11282789520531596,0.0002446077002206208,0.9892167923989454,0.6004016064257028,0.10040160642570281,0.21285140562248997,0.08634538152610442
437,-177.53410997747892,197,0.11226596226152054,0.00024292447280278354,0.9853796967248096,0.05583756345177665,0.3299492385786802,0.4619289340101523,0.15228426395939088
438,193.87014555900686,284,0.11170682799293526,0.00024125282823592606,0.9710329948979797,0.07746478873239436,0.13732394366197184,0.41901408450704225,0.36619718309859156
439,252.79507186534056,614,0.11115047846091669,0.00023959268681457576,1.0022892435486221,0.46416938110749184,0.23289902280130292,0.20684039087947884,0.09609120521172639
440,265.0438385473188,521,0.11059689979624203,0.00023794396938174006,0.9984321643687338,0.6679462571976967,0.11516314779270634,0.12092130518234165,0.09596928982725528
441,-44.54665237916976,227,0.11004607819876336,0.00023630659732513216,0.9895082149009674,0.14537444933920704,0.19823788546255505,0.5418502202643172,0.1145374449339207
442,240.01694254121813,719,0.1094979999370636,0.00023468049257342264,0.9841327054782789,0.5841446453407511,0.11961057023643949,0.20445062586926285,0.0917941585535466
443,34.93589344597447,111,0.10895265134811426,0.00023306557759251707,1.0044652464610426,0.26126126126126126,0.10810810810810811,0.5315315315315315,0.0990990990990991
444,236.35438300854875,237,0.10841001883693473,0.0002314617753818591,0.9938289229902755,0.3333333333333333,0.11392405063291139,0.4177215189873418,0.1350210970464135
445,25.25112839224677,123,0.10787008887625348,0.00022986900947075884,0.9812772212033034,0.04878048780487805,0.2764227642276423,0.4715447154471545,0.2032520325203252
446,16.12562143797311,129,0.10733284800617075,0.00022828720391474694,0.9922075613516765,0.13953488372093023,0.23255813953488372,0.4418604651162791,0.18604651162790697
447,-16.16432696964712,121,0.10679828283382309,0.00022671628329195328,0.9873222975660245,0.05785123966942149,0.256198347107438,0.4214876033057851,0.2644628099173554
448,208.70648722559727,308,0.10626638003304942,0.00022515617269951084,0.9905558215345891,0.08766233766233766,0.12012987012987013,0.3538961038961039,0.4383116883116883
449,50.96114654740657,126,0.10573712634405887,0.00022360679774998437,1.0065636373071898,0.07142857142857142,0.2222222222222222,0.49206349206349204,0.21428571428571427
450,229.27197175415353,275,0.10521050857310017,0.00022206808456782335,0.9872728346703816,0.2909090909090909,0.09090909090909091,0.44727272727272727,0.1709090909090909
451,254.64013415874498,242,0.10468651359213282,0.0002205399597858397,0.9761553685567129,0.32231404958677684,0.15702479338842976,0.34710743801652894,0.17355371900826447
452,-66.71827937377414,136,0.10416512833849978,0.0002190223505417095,0.9877865878231317,0.125,0.16911764705882354,0.49264705882352944,0.21323529411764705
453,-64.52219902136406,195,0.1036463398146018,0.0002175151844744988,0.9833069244544469,0.24615384615384617,0.13333333333333333,0.49743589743589745,0.12307692307692308
454,266.53711261436,874,0.1031301350875735,0.00021601838972121353,0.98206661112817,0.5755148741418764,0.06750572082379863,0.10640732265446225,0.2505720823798627
455,45.51058253366898,145,0.10261650128896083,0.00021453189491337288,0.9752715214439145,0.0896551724137931,0.19310344827586207,0.6,0.11724137931034483
456,256.3343530111677,727,0.10210542561440039,0.00021305562917360642,0.9642779827398256,0.562585969738652,0.2063273727647868,0.1375515818431912,0.09353507565337002
457,23.05501579310834,225,0.10159689532330018,0.00021158952211227465,0.9602895199230054,0.07111111111111111,0.1288888888888889,0.5644444444444444,0.23555555555555555
458,242.8587228723415,504,0.10109089773852199,0.0002101335038241127,0.9662484327834663,0.5555555555555556,0.19047619047619047,0.16865079365079366,0.08531746031746032
459,-63.665486882852804,111,0.10058742024606539,0.00020868750488489723,0.9549424382767823,0.08108108108108109,0.27927927927927926,0.2882882882882883,0.35135135135135137
460,218.6434076379121,259,0.10008645029475326,0.00020725145634813618,0.9878732816464745,0.06177606177606178,0.4555984555984556,0.37065637065637064,0.11196911196911197
461,149.0188265588815,1000,0.09958797539591889,0.00020582528974178143,0.9611956832653777,0.641,0.091,0.129,0.139
462,140.19410236750548,1000,0.0990919831230947,0.00020440893706496387,0.9766686224994999,0.567,0.062,0.109,0.262
463,-48.637100794202944,165,0.09859846111170241,0.00020300233078475116,0.9700503787283669,0.1393939393939394,0.20606060606060606,0.4484848484848485,0.20606060606060606
464,274.8879606650803,222,0.09810739705874481,0.00020160540383292762,0.9646646321282517,0.24324324324324326,0.15765765765765766,0.45495495495495497,0.14414414414414414
465,282.7321540524466,319,0.0976187787224991,0.00020021808960279643,0.9611093304445822,0.3887147335423197,0.18808777429467086,0.2601880877742947,0.16300940438871472
466,-8.226677385093367,103,0.09713259392221169,0.0001988403219460037,0.9649689728352825,0.1941747572815534,0.17475728155339806,0.32038834951456313,0.3106796116504854
467,271.430195964717,214,0.09664883053779448,0.00019747203516938454,0.9563023075948494,0.3037383177570093,0.16355140186915887,0.411214953271028,0.12149532710280374
468,155.1359817607889,1000,0.09616747650952286,0.0001961131640318307,0.9714418781217237,0.592,0.056,0.102,0.25
469,203.72857369755258,408,0.09568851983773495,0.00019476364374117975,0.9635561505218933,0.125,0.4166666666666667,0.31862745098039214,0.13970588235294118
470,272.9154191258249,377,0.09521194858253253,0.0001934234099511259,0.9515460449736818,0.5888594164456233,0.09283819628647215,0.20954907161803712,0.10875331564986737
471,247.74474368728914,298,0.09473775086348335,0.0001920923987581518,0.9477378098535653,0.45302013422818793,0.10738255033557047,0.33221476510067116,0.10738255033557047
472,284.2601307543723,257,0.09426591485932499,0.00019077054669848148,0.9748394899521223,0.46303501945525294,0.13618677042801555,0.29571984435797666,0.10505836575875487
473,-30.823833951130283,103,0.09379642880767017,0.00018945779074505458,0.9880606492012538,0.08737864077669903,0.27184466019417475,0.2912621359223301,0.34951456310679613
474,92.15257437474357,1000,0.09332928100471348,0.00018815406830452095,0.9666582286587599,0.242,0.068,0.129,0.561
475,-182.60196318182312,218,0.09286445980493968,0.00018685931721425624,0.9596709142121248,0.14220183486238533,0.10550458715596331,0.40825688073394495,0.3440366972477064
476,243.2215426155905,487,0.09240195362083334,0.00018557347573939793,0.9696598445114727,0.3942505133470226,0.09240246406570841,0.16837782340862423,0.34496919917864477
477,257.2825559847149,266,0.09194175092259001,0.0001842964825699017,0.9824986168796779,0.39849624060150374,0.13533834586466165,0.36466165413533835,0.10150375939849623
478,270.226734111191,388,0.09148384023782877,0.00018302827681761824,0.9679004321794096,0.4175257731958763,0.18041237113402062,0.2268041237113402,0.17525773195876287
479,239.51890398209224,432,0.09102821015130624,0.00018176879801338986,0.9543028946157136,0.2962962962962963,0.18981481481481483,0.36342592592592593,0.15046296296296297
480,21.839389794306626,233,0.09057484930463203,0.00018051798610416744,0.9756873399947236,0.11158798283261803,0.19742489270386265,0.48068669527896996,0.21030042918454936
481,-49.37904604102296,111,0.09012374639598555,0.00017927578145014698,0.9842870291353483,0.0990990990990991,0.23423423423423423,0.2972972972972973,0.36936936936936937
482,-32.634146411027416,376,0.08967489017983431,0.00017804212482192588,0.951529456105346,0.18617021276595744,0.31648936170212766,0.2393617021276596,0.2579787234042553
483,281.44220572657406,569,0.08922826946665352,0.00017681695739767893,0.9662116843628934,0.281195079086116,0.21616871704745166,0.2179261862917399,0.28471001757469244
484,255.97825004950312,309,0.08878387312264722,0.00017560022076035353,0.9492545026893983,0.21359223300970873,0.1715210355987055,0.44336569579288027,0.1715210355987055
485,233.1871489660136,338,0.0883416900694707,0.00017439185689488443,0.960414549062587,0.11834319526627218,0.4437869822485207,0.34023668639053256,0.09763313609467456
486,251.602047636373,333,0.08790170928395427,0.00017319180818542736,0.9665216332027403,0.3003003003003003,0.15915915915915915,0.4264264264264264,0.11411411411411411
487,12.871147566800417,171,0.08746391979782855,0.000172000017412612,0.9525837896870186,0.26900584795321636,0.14619883040935672,0.4444444444444444,0.14035087719298245
488,275.42264105375983,242,0.08702831069745101,0.00017081642775081368,0.9506821314360966,0.256198347107438,0.19421487603305784,0.45041322314049587,0.09917355371900827
489,66.58896829829638,1000,0.08659487112353387,0.00016964098276544382,0.9594585420751021,0.347,0.062,0.164,0.427
490,262.89605557516,347,0.08616359027087342,0.00016847362641025915,0.9433435564403511,0.30547550432276654,0.1440922190201729,0.414985590778098,0.13544668587896252
491,234.27947431562268,297,0.08573445738808068,0.00016731430302468933,0.944417701723389,0.2962962962962963,0.18518518518518517,0.37037037037037035,0.14814814814814814
492,274.11478161827876,288,0.08530746177731334,0.00016616295733118305,0.947211555525552,0.3784722222222222,0.10069444444444445,0.4097222222222222,0.1111111111111111
493,269.8775984685975,216,0.0848825927940091,0.0001650195344325723,0.9309602049899821,0.2175925925925926,0.13425925925925927,0.5277777777777778,0.12037037037037036
494,293.7425290283185,202,0.08445983984662027,0.0001638839798094549,0.9748402106291606,0.32673267326732675,0.13861386138613863,0.4306930693069307,0.10396039603960396
495,-47.3347505336659,93,0.0840391923963498,0.00016275623931759483,0.9757370310436427,0.043010752688172046,0.27956989247311825,0.24731182795698925,0.43010752688172044
496,240.02698036722313,243,0.0836206399568885,0.00016163625918534075,0.9584514489177013,0.30864197530864196,0.102880658436214,0.4074074074074074,0.18106995884773663
497,260.18301422552435,237,0.08320417209415364,0.000160523986011062,0.9730926932707865,0.3037974683544304,0.10970464135021098,0.4936708860759494,0.09282700421940929
498,54.61334641574044,163,0.08278977842602886,0.00015941936676060244,0.9440570715715445,0.17791411042944785,0.1656441717791411,0.50920245398773,0.147239263803681
499,-22.054234356501283,104,0.08237744862210536,0.00015832234876475164,0.969606225253248,0.14423076923076922,0.28846153846153844,0.34615384615384615,0.22115384615384615
500,249.39184211334037,352,0.08196717240342434,0.0001572328797167337,0.9465456998163032,0.45738636363636365,0.1278409090909091,0.3153409090909091,0.09943181818181818
501,298.2088913655415,282,0.08155893954222078,0.00015615090766971307,0.9261659411130799,0.32978723404255317,0.21631205673758866,0.3120567375886525,0.14184397163120568
502,-149.00588157794857,446,0.08115273986166843,0.00015507638103431782,0.9462978238294282,0.03587443946188341,0.19506726457399104,0.5739910313901345,0.19506726457399104
503,47.30485756840662,148,0.08074856323562621,0.00015400924857617972,0.9740089134406124,0.1891891891891892,0.13513513513513514,0.47297297297297297,0.20270270270270271
504,290.2765833236575,461,0.08034639958838564,0.00015294945941349137,0.9547618214057265,0.4598698481561822,0.15835140997830802,0.20824295010845986,0.1735357917570499
505,275.28044587905265,399,0.0799462388944198,0.00015189696301458008,0.9474027843220335,0.17293233082706766,0.20300751879699247,0.24561403508771928,0.37844611528822053
506,95.52842373010574,1000,0.07954807117813331,0.00015085170919549855,0.9463164148258957,0.359,0.04,0.136,0.465
507,290.6229136782987,244,0.07915188651361367,0.00014981364811763202,0.9560574726843253,0.3442622950819672,0.16393442622950818,0.38934426229508196,0.10245901639344263
508,271.3909251409066,219,0.07875767502438383,0.00014878273028532185,0.9392723173901621,0.2968036529680365,0.1324200913242009,0.4474885844748858,0.1232876712328767
509,46.9249794966872,221,0.078365426883156,0.00014775890654350563,0.9612430613350923,0.10407239819004525,0.14479638009049775,0.5203619909502263,0.23076923076923078
510,-40.864277989585375,115,0.07797513231158659,0.00014674212807537336,0.9431651698623725,0.1826086956521739,0.23478260869565218,0.26956521739130435,0.3130434782608696
511,272.00460157092124,405,0.07758678158003256,0.00014573234640003987,0.9464206923907645,0.2740740740740741,0.2641975308641975,0.23950617283950618,0.2222222222222222
512,256.14760043710703,220,0.07720036500730874,0.00014472951337023314,0.9369755895527975,0.24545454545454545,0.12727272727272726,0.4954545454545455,0.1318181818181818
513,249.74925815198682,263,0.07681587296044662,0.00014373358116999866,0.9271238569861512,0.2737642585551331,0.13307984790874525,0.4752851711026616,0.11787072243346007
514,4.1153289565975655,116,0.07643329585445409,0.0001427445023124195,0.9266983577508985,0.25,0.1810344827586207,0.31896551724137934,0.25
515,113.53765916909167,1000,0.07605262415207657,0.0001417622296373521,0.9668849944543897,0.537,0.174,0.126,0.163
516,241.2910087777325,226,0.07567384836355925,0.00014078671630917759,0.9524296526204228,0.26991150442477874,0.12831858407079647,0.43805309734513276,0.16371681415929204
517,273.4954342946652,491,0.0752969590464105,0.0001398179158145687,0.9383301782066036,0.5356415478615071,0.11812627291242363,0.1690427698574338,0.17718940936863545
518,49.22494306674352,178,0.07492194680516646,0.00013885578196027188,0.9313278754306178,0.19101123595505617,0.1797752808988764,0.47191011235955055,0.15730337078651685
519,147.4428395576603,401,0.07454880229115689,0.0001379002688709049,0.9384613971838539,0.14962593516209477,0.14214463840399003,0.33915211970074816,0.3690773067331671
520,281.40441810326087,326,0.07417751620227203,0.00013695133098676928,0.94936746464442,0.40797546012269936,0.22085889570552147,0.2668711656441718,0.10429447852760736
521,284.37507412436634,277,0.07380807928273078,0.00013600892306167813,0.9420336270440248,0.34296028880866425,0.1263537906137184,0.44765342960288806,0.08303249097472924
522,-7.70144920844173,126,0.07344048232284993,0.0001350730001607987,0.9451520117529251,0.05555555555555555,0.23809523809523808,0.40476190476190477,0.30158730158730157
523,264.2674076682132,280,0.07307471615881456,0.00013414351765850981,0.9396098570659441,0.3464285714285714,0.10714285714285714,0.42857142857142855,0.11785714285714285
524,249.95607981444053,330,0.0727107716724496,0.00013322043123627418,0.9402423704712376,0.4696969696969697,0.10303030303030303,0.30303030303030304,0.12424242424242424
525,248.67158237036563,437,0.07234863979099258,0.00013230369688052517,0.9341155408263474,0.45308924485125857,0.13729977116704806,0.30434782608695654,0.10526315789473684
526,264.8422592854556,536,0.07198831148686739,0.00013139327088056821,0.9605151301892915,0.2462686567164179,0.332089552238806,0.15298507462686567,0.26865671641791045
527,44.50034243030868,169,0.07162977777745924,0.00013048910982649668,0.959485228837011,0.11242603550295859,0.1952662721893491,0.47928994082840237,0.21301775147928995
528,-87.1260470003272,85,0.07127302972489075,0.00012959117060712202,0.9385707644243539,0.21176470588235294,0.2235294117647059,0.18823529411764706,0.3764705882352941
529,125.66538125001006,1000,0.07091805843579913,0.00012869941040791818,0.9410491482635271,0.456,0.37,0.129,0.045
530,271.156246863216,300,0.07056485506111447,0.00012781378670898022,0.9483059483374597,0.38666666666666666,0.14333333333333334,0.3233333333333333,0.14666666666666667
531,0.47988266233417676,193,0.07021341079583919,0.00012693425728299684,0.9521850180749754,0.07253886010362694,0.16062176165803108,0.5854922279792746,0.18134715025906736
532,-157.89310773876812,226,0.06986371687882846,0.00012606078019323702,0.9522390313156931,0.10619469026548672,0.3672566371681416,0.37610619469026546,0.1504424778761062
533,63.67739045517081,545,0.06951576459257186,0.00012519331379155045,0.9454004400107602,0.03302752293577982,0.14128440366972478,0.45871559633027525,0.3669724770642202
534,-154.73899215304226,766,0.06916954526297603,0.0001243318167163816,0.9448023833476554,0.03655352480417755,0.587467362924282,0.27154046997389036,0.10443864229765012
535,258.26064205426354,309,0.06882505025914844,0.00012347624789079773,0.9429198213064426,0.19741100323624594,0.26537216828478966,0.4110032362459547,0.1262135922330097
536,319.48026781016245,282,0.06848227099318223,0.00012262656652053014,0.967417181661186,0.3262411347517731,0.1950354609929078,0.36524822695035464,0.11347517730496454
537,-40.105842671702916,133,0.06814119891994212,0.00012178273209202919,0.9741239725604658,0.12781954887218044,0.19548872180451127,0.5263157894736842,0.15037593984962405
538,242.73562318635325,274,0.06780182553685142,0.00012094470437053251,0.9508538179337183,0.2846715328467153,0.16423357664233576,0.3759124087591241,0.17518248175182483
539,-2.413189433333315,130,0.06746414238368,0.00012011244339814657,0.9349503186196024,0.26153846153846155,0.17692307692307693,0.3923076923076923,0.16923076923076924
540,3.914644781058982,148,0.06712814104233344,0.00011928590949194152,0.9299255537351124,0.16891891891891891,0.20945945945945946,0.41216216216216217,0.20945945945945946
541,271.94734829728395,257,0.06679381313664319,0.000118465063242059,0.9267725111322233,0.25680933852140075,0.17898832684824903,0.4474708171206226,0.11673151750972763
542,231.45227642407676,339,0.0664611503321577,0.00011764986550983303,0.9463514428342873,0.41297935103244837,0.13569321533923304,0.3185840707964602,0.13274336283185842
543,277.1631248331432,282,0.06613014433593471,0.00011684027742592396,0.9380075499958297,0.25886524822695034,0.1595744680851064,0.425531914893617,0.15602836879432624
544,233.1524999232295,255,0.06580078689633446,0.00011603626038846503,0.958875615478981,0.25098039215686274,0.12941176470588237,0.4745098039215686,0.1450980392156863
545,260.80396085430164,262,0.06547306980281405,0.00011523777606122184,0.9864732208649952,0.37786259541984735,0.11450381679389313,0.3969465648854962,0.11068702290076336
546,243.97237097385113,290,0.0651469848857227,0.00011444478637176445,0.9557067381645268,0.3482758620689655,0.15862068965517243,0.3413793103448276,0.15172413793103448
547,-12.350812058452647,108,0.0648225240160981,0.00011365725350965203,0.9237659374523046,0.1388888888888889,0.16666666666666666,0.5370370370370371,0.1574074074074074
548,250.51805444930125,390,0.06449967910546381,0.00011287513992463008,0.9373567053500333,0.28717948717948716,0.14102564102564102,0.25384615384615383,0.31794871794871793
549,237.7195674690893,155,0.06417844210562758,0.00011209840832483992,0.9405915421316535,0.09032258064516129,0.11612903225806452,0.432258064516129,0.36129032258064514
550,-8.654488470965617,111,0.0638588050084807,0.00011132702167504067,0.9269946398791783,0.1981981981981982,0.17117117117117117,0.42342342342342343,0.2072072072072072
551,254.74014303696683,519,0.06354075984579843,0.00011056094319484329,0.9437432027205575,0.4508670520231214,0.2138728323699422,0.23699421965317918,0.09826589595375723
552,76.16279151453418,140,0.0632242986890413,0.00010980013635695692,0.9646485737063403,0.16428571428571428,0.12857142857142856,0.5714285714285714,0.1357142857142857
553,161.4052145366884,446,0.06290941364915748,0.00010904456488544722,0.9611610919971215,0.15246636771300448,0.19506726457399104,0.2600896860986547,0.3923766816143498
554,23.91107884248271,140,0.06259609687638612,0.00010829419275400668,0.9549529120968657,0.014285714285714285,0.22857142857142856,0.6,0.15714285714285714
555,286.98401778918446,290,0.06228434056006167,0.00010754898418423684,0.9627640993626138,0.3758620689655172,0.16551724137931034,0.33793103448275863,0.1206896551724138
556,-54.00475729778398,101,0.061974136928419146,0.00010680890364394243,0.9197835896781792,0.1485148514851485,0.2079207920792079,0.49504950495049505,0.1485148514851485
557,252.13064683397513,679,0.06166547824840039,0.00010607391584543704,0.9428735135561104,0.5920471281296024,0.06480117820324006,0.14285714285714285,0.20029455081001474
558,-20.978186282170526,135,0.061358356825461334,0.00010534398574386068,0.9322872404709529,0.1111111111111111,0.28888888888888886,0.362962962962963,0.23703703703703705
559,-24.07748632507419,146,0.06105276500338012,0.00010461907853550873,0.9638284192469133,0.19863013698630136,0.1917808219178082,0.4246575342465753,0.18493150684931506
560,109.70020447947745,1000,0.06074869516406628,0.00010389915965617252,0.9500760941188789,0.448,0.373,0.128,0.051
561,285.81535072522763,368,0.06044613972737082,0.00010318419477949128,0.9329494563388346,0.5407608695652174,0.10054347826086957,0.2391304347826087,0.11956521739130435
562,259.7720552192401,398,0.060145091150897244,0.00010247414981531538,0.9338127570522189,0.39195979899497485,0.13316582914572864,0.2864321608040201,0.1884422110552764
563,277.3099701602224,314,0.059845541929813534,0.00010176899090808095,0.9579273914643264,0.5668789808917197,0.11146496815286625,0.23248407643312102,0.08917197452229299
564,253.58510500525392,304,0.05954748459666506,0.00010106868443519556,0.9470140494844544,0.2730263157894737,0.21052631578947367,0.40131578947368424,0.11513157894736842
565,286.8370583340858,229,0.05925091172118844,0.00010037319700543509,0.9474975461001639,0.37117903930131,0.17903930131004367,0.30131004366812225,0.14847161572052403
566,283.79073378300575,234,0.058955815910126275,9.968249545735159e-05,0.9418202707479842,0.32905982905982906,0.12393162393162394,0.47435897435897434,0.07264957264957266
567,22.851877967223558,213,0.05866218980704289,9.899654685769216e-05,0.9354825252144022,0.17370892018779344,0.17370892018779344,0.5117370892018779,0.14084507042253522
568,297.654898505716,292,0.058370026092140904,9.83153184998286e-05,0.9520045961595002,0.3835616438356164,0.1267123287671233,0.4075342465753425,0.0821917808219178
569,253.6172732372847,265,0.058079317482078785,9.763877790219797e-05,0.928143437721339,0.37735849056603776,0.15849056603773584,0.3471698113207547,0.1169811320754717
570,21.987863691711652,96,0.05779005672978926,9.696689280675384e-05,0.940701501717642,0.10416666666666667,0.22916666666666666,0.46875,0.19791666666666666
571,-6.71464006120506,148,0.05750223662429868,9.629963117742819e-05,0.9222154225901238,0.13513513513513514,0.17567567567567569,0.4864864864864865,0.20270270270270271
572,67.49766108057625,151,0.05721584999054722,9.563696119860388e-05,0.967521008135471,0.2119205298013245,0.152317880794702,0.48344370860927155,0.152317880794702
573,252.95203151570635,364,0.056930889689210055,9.49788512735977e-05,0.9573269717336773,0.14835164835164835,0.34065934065934067,0.24725274725274726,0.26373626373626374
574,-105.87228610415741,92,0.05664734861651935,9.432527002315378e-05,0.9263928882046402,0.1956521739130435,0.32608695652173914,0.2391304347826087,0.2391304347826087
575,41.05311222455458,166,0.056365219704087186,9.36761862839474e-05,0.9529484617542778,0.29518072289156627,0.13253012048192772,0.45180722891566266,0.12048192771084337
576,5.388766489727601,181,0.056084495918729355,9.303156910709912e-05,0.945436944180827,0.23756906077348067,0.16022099447513813,0.46408839779005523,0.13812154696132597
577,209.8962822769379,225,0.05580517026229002,9.239138775669905e-05,0.9537030144581636,0.12,0.4266666666666667,0.3333333333333333,0.12
578,276.11269513011484,255,0.05552723577146726,9.175561170834144e-05,0.9439584806898448,0.3137254901960784,0.21176470588235294,0.2784313725490196,0.19607843137254902
579,285.60515664185516,204,0.055250685517639495,9.112421064766915e-05,0.937741414694357,0.35784313725490197,0.1568627450980392,0.38235294117647056,0.10294117647058823
580,49.8035360618083,221,0.05497551260669274,9.049715446892829e-05,0.9371398192245163,0.09049773755656108,0.15384615384615385,0.4479638009049774,0.3076923076923077
581,-85.23194399553645,62,0.05470171017884877,8.98744132735327e-05,0.9337424636953436,0.24193548387096775,0.3709677419354839,0.22580645161290322,0.16129032258064516
582,230.63727713676533,307,0.05442927140849408,8.925595736863845e-05,0.9487886836153451,0.2182410423452769,0.28664495114006516,0.3941368078175896,0.10097719869706841
583,61.969556193059475,140,0.05415818950400976,8.864175726572796e-05,0.9602476079112175,0.12142857142857143,0.19285714285714287,0.5071428571428571,0.17857142857142858
584,40.18827481519659,144,0.053888457707602165,8.803178367920401e-05,0.9476787982736476,0.19444444444444445,0.14583333333333334,0.4444444444444444,0.2152777777777778
585,253.60505660817182,676,0.05362006929513446,8.742600752499338e-05,0.9358864100750093,0.6819526627218935,0.12130177514792899,0.12721893491124261,0.0695266272189349
586,-28.90407952822423,197,0.05335301757595899,8.682439991916009e-05,0.93638992972364,0.20812182741116753,0.15228426395939088,0.5177664974619289,0.1218274111675127
587,239.34469585312596,168,0.053087295892750505,8.622693217652819e-05,0.9307987184130404,0.36904761904761907,0.125,0.39880952380952384,0.10714285714285714
588,274.7511425878698,212,0.052822897621340174,8.563357580931399e-05,0.9110068196593956,0.3584905660377358,0.14622641509433962,0.4009433962264151,0.09433962264150944
589,281.3541503285056,222,0.052559816170550465,8.504430252576783e-05,0.9426220738722467,0.31981981981981983,0.13963963963963963,0.36486486486486486,0.17567567567567569
590,264.6647019068861,277,0.05229804498203084,8.445908422882499e-05,0.9575347746748393,0.34296028880866425,0.22382671480144403,0.36462093862815886,0.06859205776173286
591,318.91448872115734,270,0.05203757753009425,8.387789301476607e-05,0.945571780368276,0.337037037037037,0.18888888888888888,0.3,0.17407407407407408
592,-93.24066101461142,68,0.051778407321554455,8.33007011718865e-05,0.9103661797100272,0.058823529411764705,0.39705882352941174,0.2647058823529412,0.27941176470588236
593,44.627391140874835,150,0.05152052789556417,8.272748117917522e-05,0.9567508903130427,0.21333333333333335,0.12,0.4866666666666667,0.18
594,236.8949975365917,263,0.051263932823453984,8.215820570500247e-05,0.9431213814316688,0.07984790874524715,0.46387832699619774,0.34600760456273766,0.11026615969581749
595,260.90030641678607,334,0.051008615708572125,8.159284760581654e-05,0.934237767064749,0.2904191616766467,0.2155688622754491,0.38622754491017963,0.10778443113772455
596,268.74668259435805,202,0.050754570186124975,8.10313799248496e-05,0.9342100463406712,0.2871287128712871,0.16336633663366337,0.43564356435643564,0.11386138613861387
597,29.99895296928841,116,0.0505017899230184,8.047377589083238e-05,0.9271496543549688,0.20689655172413793,0.16379310344827586,0.5172413793103449,0.11206896551724138
598,-9.305481837127658,62,0.050250268617699906,7.992000891671763e-05,0.9228816511793005,0.45161290322580644,0.03225806451612903,0.43548387096774194,0.08064516129032258
599,222.87322052996424,473,0.05000000000000151,7.93700525984125e-05,0.9382868299596421,0.3171247357293869,0.28964059196617337,0.17547568710359407,0.21775898520084566
600,-13.456807979157375,182,0.05,7.882388071351953e-05,0.9535546765582003,0.15934065934065933,0.1813186813186813,0.510989010989011,0.14835164835164835
601,280.43802790526775,216,0.05,7.828146722008633e-05,0.9335810852865599,0.26851851851851855,0.2777777777777778,0.38425925925925924,0.06944444444444445
602,-0.49572413331001997,141,0.05,7.77427862553639e-05,0.9050012737697981,0.0851063829787234,0.20567375886524822,0.475177304964539,0.23404255319148937
603,272.5335355287968,241,0.05,7.720781213457351e-05,0.9143322892028947,0.16182572614107885,0.16597510373443983,0.46473029045643155,0.2074688796680498
604,-77.52270603959688,93,0.05,7.667651934968192e-05,0.9219856129232492,0.3333333333333333,0.1827956989247312,0.3225806451612903,0.16129032258064516
605,254.05170117568818,230,0.05,7.614888256818525e-05,0.917271454966335,0.3652173913043478,0.12608695652173912,0.3391304347826087,0.16956521739130434
606,295.59059241534345,427,0.05,7.562487663190101e-05,0.9229225021421886,0.477751756440281,0.24824355971896955,0.19672131147540983,0.07728337236533958
607,140.23164325617307,1000,0.05,7.510447655576865e-05,0.9324578790697485,0.512,0.293,0.139,0.056
608,249.5004708919236,487,0.05,7.45876575266581e-05,0.9396024940762389,0.3347022587268994,0.34496919917864477,0.16632443531827515,0.1540041067761807
609,231.3474161923457,227,0.05,7.407439490218681e-05,0.923111045126263,0.30837004405286345,0.12334801762114538,0.44493392070484583,0.12334801762114538
610,-99.7926413386434,67,0.05,7.356466420954464e-05,0.9348363002021458,0.4925373134328358,0.2537313432835821,0.13432835820895522,0.11940298507462686
611,275.89849353882164,509,0.05,7.30584411443271e-05,0.9221898081526914,0.40471512770137524,0.11787819253438114,0.34577603143418467,0.13163064833005894
612,13.019242891933004,187,0.05,7.255570156937642e-05,0.9541655743382194,0.13368983957219252,0.1925133689839572,0.48128342245989303,0.1925133689839572
613,259.1930476769659,447,0.05,7.205642151363067e-05,0.9382833195741781,0.18344519015659955,0.4317673378076063,0.22818791946308725,0.15659955257270694
614,-2.6491368852748707,130,0.05,7.156057717098084e-05,0.9285235154399643,0.12307692307692308,0.16923076923076924,0.5307692307692308,0.17692307692307693
615,202.51395687159373,369,0.05,7.10681448991357e-05,0.9320409949080393,0.0975609756097561,0.43089430894308944,0.3008130081300813,0.17073170731707318
616,-87.87300075121583,66,0.05,7.057910121849457e-05,0.9395713136622721,0.6060606060606061,0.12121212121212122,0.13636363636363635,0.13636363636363635
617,10.345348894757237,197,0.05,7.009342281102772e-05,0.9148889553162426,0.15228426395939088,0.18274111675126903,0.5177664974619289,0.14720812182741116
618,33.69964178582393,175,0.05,6.96110865191646e-05,0.9301188774645681,0.2057142857142857,0.18285714285714286,0.45714285714285713,0.15428571428571428
619,38.08608248833124,210,0.05,6.913206934468965e-05,0.9016871145022362,0.16666666666666666,0.19523809523809524,0.47619047619047616,0.1619047619047619
620,6.621592273534333,140,0.05,6.865634844764571e-05,0.929179113514056,0.17857142857142858,0.16428571428571428,0.45,0.20714285714285716
621,262.4148298714406,902,0.05,6.818390114524503e-05,0.9408578978053266,0.3968957871396896,0.43015521064301554,0.12305986696230599,0.04988913525498891
622,-68.81564316534087,66,0.05,6.771470491078771e-05,0.91152141707085,0.7121212121212122,0.045454545454545456,0.18181818181818182,0.06060606060606061
623,-69.27603764497209,55,0.05,6.724873737258758e-05,0.9228584843120244,0.6545454545454545,0.09090909090909091,0.18181818181818182,0.07272727272727272
624,251.9956038243475,198,0.05,6.678597631290557e-05,0.9257922736393543,0.2828282828282828,0.09595959595959595,0.4797979797979798,0.1414141414141414
625,-100.83412631065994,60,0.05,6.632639966689026e-05,0.93120996563017,0.6166666666666667,0.18333333333333332,0.06666666666666667,0.13333333333333333
626,-7.999033474805628,225,0.05,6.586998552152588e-05,0.9239232568432229,0.1511111111111111,0.1688888888888889,0.5555555555555556,0.12444444444444444
627,282.93857695440215,239,0.05,6.541671211458746e-05,0.9154720146753781,0.45188284518828453,0.14225941422594143,0.30962343096234307,0.09623430962343096
628,184.29661964713654,324,0.05,6.496655783360315e-05,0.9253123856235563,0.3333333333333333,0.13580246913580246,0.3117283950617284,0.2191358024691358
629,-111.36342485795055,60,0.05,6.451950121482378e-05,0.941460037470762,0.35,0.3333333333333333,0.03333333333333333,0.2833333333333333
630,40.72326936405324,136,0.05,6.40755209421994e-05,0.9589990233071056,0.22794117647058823,0.1323529411764706,0.5294117647058824,0.11029411764705882
631,39.103939834688674,122,0.05,6.363459584636293e-05,0.9385752638048824,0.29508196721311475,0.09836065573770492,0.5245901639344263,0.08196721311475409
632,315.32623382364454,290,0.05,6.319670490362081e-05,0.9394090748763413,0.3689655172413793,0.2517241379310345,0.25517241379310346,0.12413793103448276
633,234.87588341148165,259,0.05,6.276182723495052e-05,0.9351337937759316,0.09266409266409266,0.5637065637065637,0.2277992277992278,0.11583011583011583
634,-8.33809311786409,100,0.05,6.23299421050051e-05,0.9125332482132197,0.24,0.24,0.3,0.22
635,284.67381537189624,268,0.05,6.190102892112444e-05,0.9363469464089419,0.3656716417910448,0.25,0.31343283582089554,0.0708955223880597
636,255.47589387713802,482,0.05,6.147506723235341e-05,0.9320206028675522,0.2925311203319502,0.3070539419087137,0.21991701244813278,0.18049792531120332
637,259.3735037158927,366,0.05,6.105203672846676e-05,0.9260873749709505,0.46174863387978143,0.18579234972677597,0.2896174863387978,0.06284153005464481
638,11.740109812367535,110,0.05,6.0631917239000664e-05,0.955536838248521,0.24545454545454545,0.16363636363636364,0.44545454545454544,0.14545454545454545
639,48.36577625836844,137,0.05,6.0214688732291044e-05,0.9430970960567818,0.3357664233576642,0.10948905109489052,0.48175182481751827,0.072992700729927
640,243.83410301512035,213,0.05,5.980033131451837e-05,0.9498564936614763,0.3755868544600939,0.0892018779342723,0.38028169014084506,0.15492957746478872
641,27.581882076624936,129,0.05,5.938882522875917e-05,0.9075250101204339,0.11627906976744186,0.1937984496124031,0.5116279069767442,0.17829457364341086
642,220.86376729835683,187,0.05,5.8980150854043945e-05,0.933906743144309,0.11229946524064172,0.09090909090909091,0.36363636363636365,0.43315508021390375
643,277.0571364404152,269,0.05,5.857428870442166e-05,0.9191051678684451,0.49814126394052044,0.09293680297397769,0.26765799256505574,0.1412639405204461
644,253.5175548446495,365,0.05,5.8171219428030646e-05,0.9260341882532227,0.3643835616438356,0.11232876712328767,0.336986301369863,0.1863013698630137
645,304.67916241831654,240,0.05,5.777092380617584e-05,0.9223773398112332,0.30416666666666664,0.29583333333333334,0.3,0.1
646,-18.308716573337605,183,0.05,5.737338275241247e-05,0.928770338742202,0.14207650273224043,0.16393442622950818,0.5519125683060109,0.14207650273224043
647,273.58623088800255,321,0.05,5.697857731163596e-05,0.9377786492012614,0.16510903426791276,0.14953271028037382,0.5389408099688473,0.14641744548286603
648,303.32531032166423,283,0.05,5.6586488659178155e-05,0.9331210744267082,0.21908127208480566,0.31448763250883394,0.3003533568904594,0.16607773851590105
649,146.2764943525614,1000,0.05,5.619709809990975e-05,0.9354841777286224,0.348,0.29,0.078,0.284
650,25.225785648977137,169,0.05,5.581038706734888e-05,0.9172555284619209,0.2781065088757396,0.1242603550295858,0.48520710059171596,0.11242603550295859
651,29.55838125010291,175,0.05,5.542633712277583e-05,0.9047179509519193,0.14857142857142858,0.14857142857142858,0.5657142857142857,0.13714285714285715
652,236.38772440666102,429,0.05,5.5044929954353904e-05,0.9224597190038798,0.3333333333333333,0.22377622377622378,0.29603729603729606,0.14685314685314685
653,-6.09821232319095,140,0.05,5.4666147376256274e-05,0.9258475382366141,0.17857142857142858,0.15714285714285714,0.4928571428571429,0.17142857142857143
654,259.1825228414339,267,0.05,5.428997132779887e-05,0.9416566328233497,0.5205992509363296,0.1198501872659176,0.27340823970037453,0.08614232209737828
655,297.81403913229406,260,0.05,5.3916383872579235e-05,0.9471711402306299,0.26153846153846155,0.17692307692307693,0.4269230769230769,0.1346153846153846
656,256.05707070250594,275,0.05,5.35453671976213e-05,0.9108982935080774,0.39636363636363636,0.16363636363636364,0.3527272727272727,0.08727272727272728
657,39.3346767381845,167,0.05,5.3176903612526025e-05,0.9038249321749797,0.20359281437125748,0.20359281437125748,0.437125748502994,0.15568862275449102
658,254.35971938013034,632,0.05,5.2810975548627954e-05,0.9141372460012285,0.13449367088607594,0.23417721518987342,0.19936708860759494,0.4319620253164557
659,296.753689181539,320,0.05,5.244756555815747e-05,0.9300967360474347,0.434375,0.24375,0.25,0.071875
660,-55.77276182592402,120,0.05,5.208665631340891e-05,0.9304185500397016,0.24166666666666667,0.19166666666666668,0.425,0.14166666666666666
661,-1.3448953763907383,98,0.05,5.172823060591434e-05,0.9265433182060477,0.20408163265306123,0.2755102040816326,0.29591836734693877,0.22448979591836735
662,38.299781957605205,185,0.05,5.137227134562306e-05,0.9161767136785255,0.13513513513513514,0.2,0.5297297297297298,0.13513513513513514
663,271.28927220516096,573,0.05,5.1018761560086726e-05,0.9196088804201024,0.4293193717277487,0.17975567190226877,0.29668411867364747,0.09424083769633508
664,262.1771042091349,258,0.05,5.0667684393650084e-05,0.9055672802947673,0.46511627906976744,0.1744186046511628,0.27906976744186046,0.08139534883720931
665,273.2572241277139,471,0.05,5.031902310664729e-05,0.9058452520302365,0.2356687898089172,0.21656050955414013,0.1932059447983015,0.35456475583864117
666,260.9198483849585,400,0.05,4.9972761074603725e-05,0.9358423701077321,0.1625,0.2825,0.2425,0.3125
667,137.16129359016105,1000,0.05,4.962888178744336e-05,0.9154148381107209,0.497,0.043,0.077,0.383
668,271.87857388804105,245,0.05,4.928736884870152e-05,0.9127317099852907,0.23265306122448978,0.19183673469387755,0.46530612244897956,0.11020408163265306
669,265.88913264604577,238,0.05,4.894820597474307e-05,0.9061038421977523,0.39915966386554624,0.1092436974789916,0.39915966386554624,0.09243697478991597
670,47.403512047765645,211,0.05,4.861137699398604e-05,0.9197438104651466,0.18009478672985782,0.15639810426540285,0.4976303317535545,0.16587677725118483
671,242.27173245344804,311,0.05,4.827686584613052e-05,0.9236396578437657,0.2379421221864952,0.16720257234726688,0.26688102893890675,0.3279742765273312
672,-22.381472244023072,108,0.05,4.794465658139288e-05,0.9299682290413743,0.18518518518518517,0.19444444444444445,0.39814814814814814,0.2222222222222222
673,283.2026042283013,330,0.05,4.761473335974531e-05,0.9223689034221996,0.5181818181818182,0.12424242424242424,0.22121212121212122,0.13636363636363635
674,25.637309161243834,131,0.05,4.728708045016051e-05,0.9216577882772049,0.3053435114503817,0.15267175572519084,0.3969465648854962,0.1450381679389313
675,-54.769648739833116,68,0.05,4.6961682229861654e-05,0.9302110015789682,0.6176470588235294,0.029411764705882353,0.25,0.10294117647058823
676,277.54840186869694,216,0.05,4.663852318357747e-05,0.9117459833539302,0.375,0.1111111111111111,0.37962962962962965,0.13425925925925927
677,270.7411392269816,204,0.05,4.631758790280246e-05,0.9199230885478067,0.3284313725490196,0.12254901960784313,0.36764705882352944,0.18137254901960784
678,269.51345848541433,490,0.05,4.599886108506219e-05,0.9111654739006929,0.6306122448979592,0.15306122448979592,0.14489795918367346,0.07142857142857142
679,282.6112703828925,322,0.05,4.5682327533183695e-05,0.9350561065583429,0.453416149068323,0.18012422360248448,0.2608695652173913,0.10559006211180125
680,233.4603804490194,339,0.05,4.536797215457083e-05,0.9348430904222735,0.23893805309734514,0.13274336283185842,0.49262536873156343,0.13569321533923304
681,275.95048408015174,224,0.05,4.505577996048465e-05,0.9269666303240189,0.38839285714285715,0.08482142857142858,0.34375,0.18303571428571427
682,-31.296091554727923,126,0.05,4.4745736065328744e-05,0.9397485759379227,0.23809523809523808,0.1349206349206349,0.5,0.12698412698412698
683,15.49855865480123,130,0.05,4.443782568593946e-05,0.9266377650935099,0.046153846153846156,0.25384615384615383,0.43846153846153846,0.26153846153846155
684,-88.94020677750257,60,0.05,4.4132034140881064e-05,0.8989813189406977,0.7333333333333333,0.06666666666666667,0.16666666666666666,0.03333333333333333
685,-52.449167289311916,56,0.05,4.382834684974566e-05,0.905381292343142,0.0,0.44642857142857145,0.3392857142857143,0.21428571428571427
686,30.025277289068555,159,0.05,4.3526749332458045e-05,0.9240880815673558,0.23270440251572327,0.1949685534591195,0.4276729559748428,0.14465408805031446
687,2.443813762286723,137,0.05,4.3227227208585244e-05,0.9122982168901379,0.17518248175182483,0.21897810218978103,0.3722627737226277,0.23357664233576642
688,66.45062458135448,170,0.05,4.292976619665085e-05,0.9328375898887729,0.22941176470588234,0.17058823529411765,0.45294117647058824,0.14705882352941177
689,70.71954726073622,203,0.05,4.263435211345408e-05,0.904726984955178,0.15763546798029557,0.19704433497536947,0.4975369458128079,0.1477832512315271
690,260.7991634861926,375,0.05,4.23409708733935e-05,0.9294088401557035,0.20266666666666666,0.224,0.31733333333333336,0.256
691,3.9457829302484697,129,0.05,4.2049608487795405e-05,0.9020203980163258,0.14728682170542637,0.17054263565891473,0.5116279069767442,0.17054263565891473
692,163.9074345048811,1000,0.05,4.176025106424684e-05,0.9123422516901576,0.628,0.225,0.082,0.065
693,240.72758437465222,469,0.05,4.1472884805933184e-05,0.9059391307348799,0.17057569296375266,0.16204690831556504,0.43283582089552236,0.2345415778251599
694,-15.046833755102355,85,0.05,4.1187496010980326e-05,0.9171934755352996,0.32941176470588235,0.12941176470588237,0.4,0.1411764705882353
695,66.24596189626305,117,0.05,4.090407107180133e-05,0.922037993818784,0.21367521367521367,0.20512820512820512,0.38461538461538464,0.19658119658119658
696,30.37609927969973,135,0.05,4.062259647444761e-05,0.9262303950234353,0.21481481481481482,0.1037037037037037,0.5703703703703704,0.1111111111111111
697,294.44857588639826,241,0.05,4.034305879796459e-05,0.9286370655490851,0.25311203319502074,0.22406639004149378,0.42323651452282157,0.0995850622406639
698,-29.649614116721096,126,0.05,4.0065444713751755e-05,0.9378060341472808,0.29365079365079366,0.16666666666666666,0.4126984126984127,0.12698412698412698
699,-69.51645172402316,79,0.05,3.978974098492718e-05,0.927410956027827,0.2911392405063291,0.26582278481012656,0.27848101265822783,0.16455696202531644
700,-5.625842695805133,72,0.05,3.951593446569633e-05,0.895449372914026,0.08333333333333333,0.2777777777777778,0.4305555555555556,0.20833333333333334
701,36.67992988822459,200,0.05,3.924401210072528e-05,0.9259251029837182,0.1,0.195,0.49,0.215
702,18.967581847229425,155,0.05,3.897396092451824e-05,0.9209616268611026,0.07741935483870968,0.2064516129032258,0.5290322580645161,0.1870967741935484
703,26.03370072607221,118,0.05,3.8705768060799324e-05,0.9532456587039243,0.11016949152542373,0.211864406779661,0.4576271186440678,0.22033898305084745
704,277.22006354894563,330,0.05,3.8439420721898606e-05,0.9136350956686842,0.30606060606060603,0.08181818181818182,0.503030303030303,0.10909090909090909
705,272.4600463559095,261,0.05,3.8174906208142405e-05,0.9095571550084065,0.3716475095785441,0.13026819923371646,0.3218390804597701,0.17624521072796934
706,277.9201115350901,283,0.05,3.791221190724773e-05,0.9203178256884067,0.519434628975265,0.10247349823321555,0.2826855123674912,0.09540636042402827
707,36.11845891438094,139,0.05,3.765132529372094e-05,0.9063876892975594,0.12949640287769784,0.1079136690647482,0.5755395683453237,0.18705035971223022
708,255.85925958087418,459,0.05,3.7392233928260494e-05,0.9318434122791411,0.40522875816993464,0.06318082788671024,0.23311546840958605,0.2984749455337691
709,-85.57797810082589,59,0.05,3.713492545716386e-05,0.8996893478616476,0.5084745762711864,0.2542372881355932,0.2033898305084746,0.03389830508474576
710,16.567800348930874,130,0.05,3.687938761173845e-05,0.9160873272288442,0.17692307692307693,0.12307692307692308,0.5461538461538461,0.15384615384615385
711,242.22721160339887,323,0.05,3.662560820771668e-05,0.9253423750118638,0.44272445820433437,0.13003095975232198,0.29411764705882354,0.13312693498452013
712,-88.3644041980517,83,0.05,3.637357514467496e-05,0.908895216813837,0.4819277108433735,0.1927710843373494,0.14457831325301204,0.18072289156626506
713,273.6631400767917,333,0.05,3.612327640545678e-05,0.920826840846981,0.4954954954954955,0.16216216216216217,0.25825825825825827,0.08408408408408409
714,266.31832349420915,334,0.05,3.5874700055599694e-05,0.9147493567786006,0.24251497005988024,0.1347305389221557,0.4161676646706587,0.20658682634730538
715,232.53320037957832,342,0.05,3.5627834242766295e-05,0.9432964346617287,0.40058479532163743,0.1023391812865497,0.41228070175438597,0.0847953216374269
716,20.27239457237141,104,0.05,3.5382667196179064e-05,0.9380140097806916,0.3557692307692308,0.1346153846153846,0.4230769230769231,0.08653846153846154
717,22.430172519708535,206,0.05,3.513918722605914e-05,0.9233833025340282,0.11650485436893204,0.22330097087378642,0.47572815533980584,0.18446601941747573
718,300.155183920957,308,0.05,3.489738272306896e-05,0.9120642057981351,0.4155844155844156,0.1331168831168831,0.288961038961039,0.16233766233766234
719,-35.93476439000001,89,0.05,3.4657242157758666e-05,0.921089658830873,0.39325842696629215,0.10112359550561797,0.42696629213483145,0.07865168539325842
720,14.53801503375017,111,0.05,3.4418754080016435e-05,0.9123902078249552,0.23423423423423423,0.11711711711711711,0.46846846846846846,0.18018018018018017
721,-0.8711640510266108,95,0.05,3.4181907118522465e-05,0.9138021974379177,0.17894736842105263,0.2631578947368421,0.3473684210526316,0.21052631578947367
722,233.55871419140044,440,0.05,3.394668998020683e-05,0.9227132343945634,0.25227272727272726,0.2772727272727273,0.19090909090909092,0.27954545454545454
723,27.899408882813162,108,0.05,3.3713091449710984e-05,0.9107203348160705,0.26851851851851855,0.18518518518518517,0.37037037037037035,0.17592592592592593
724,241.81874539631934,314,0.05,3.3481100388853026e-05,0.920169224999393,0.3248407643312102,0.10509554140127389,0.4585987261146497,0.11146496815286625
725,38.15374249848645,85,0.05,3.32507057360966e-05,0.9339376597937049,0.24705882352941178,0.16470588235294117,0.49411764705882355,0.09411764705882353
726,32.32218272385171,116,0.05,3.3021896506023485e-05,0.9150428618333364,0.0603448275862069,0.25,0.45689655172413796,0.23275862068965517
727,-10.806402423387354,114,0.05,3.27946617888098e-05,0.9189020659614814,0.07017543859649122,0.2543859649122807,0.41228070175438597,0.2631578947368421
728,-23.801326250817112,105,0.05,3.256899074970581e-05,0.9210815396602814,0.37142857142857144,0.19047619047619047,0.29523809523809524,0.14285714285714285
729,277.44714375804404,235,0.05,3.2344872628519324e-05,0.9126857115307508,0.14042553191489363,0.16170212765957448,0.4085106382978723,0.28936170212765955
730,-41.54518690526956,143,0.05,3.2122296739102625e-05,0.90194230680885,0.04195804195804196,0.23776223776223776,0.48951048951048953,0.23076923076923078
731,8.42594266179512,97,0.05,3.190125246884296e-05,0.9204337723875792,0.24742268041237114,0.15463917525773196,0.4536082474226804,0.14432989690721648
732,51.812555417456565,73,0.05,3.168172927815652e-05,0.9041315914932526,0.2328767123287671,0.1232876712328767,0.5616438356164384,0.0821917808219178
733,-65.42951469183406,78,0.05,3.146371669998587e-05,0.9428010230020729,0.21794871794871795,0.2948717948717949,0.2948717948717949,0.19230769230769232
734,17.632530476906055,78,0.05,3.124720433930093e-05,0.9193726455112576,0.3076923076923077,0.038461538461538464,0.6153846153846154,0.038461538461538464
735,-49.37250789245894,65,0.05,3.10321818726033e-05,0.9144275552978726,0.3384615384615385,0.23076923076923078,0.3384615384615385,0.09230769230769231
736,193.57886063794922,930,0.05,3.081863904743399e-05,0.9170781478325124,0.24731182795698925,0.5989247311827957,0.10752688172043011,0.046236559139784944
737,290.6162352700679,197,0.05,3.0606565681884654e-05,0.924846333567903,0.2182741116751269,0.27411167512690354,0.37055837563451777,0.13705583756345177
738,44.53256239212271,119,0.05,3.0395951664112036e-05,0.906322460325798,0.1092436974789916,0.24369747899159663,0.4117647058823529,0.23529411764705882
739,280.82258639866444,252,0.05,3.018678695185587e-05,0.9250043791108035,0.34523809523809523,0.1626984126984127,0.36904761904761907,0.12301587301587301
740,45.61597171518949,115,0.05,2.9979061571960033e-05,0.9188688457599233,0.3652173913043478,0.1391304347826087,0.3826086956521739,0.11304347826086956
741,270.9021852320109,318,0.05,2.9772765619897032e-05,0.9065951522737394,0.4119496855345912,0.10062893081761007,0.4276729559748428,0.059748427672955975
742,17.66153819931847,101,0.05,2.956788925929574e-05,0.9218288332458774,0.06930693069306931,0.25742574257425743,0.40594059405940597,0.26732673267326734
743,10.614041160470876,116,0.05,2.9364422721472388e-05,0.9006688998386321,0.2672413793103448,0.10344827586206896,0.5431034482758621,0.08620689655172414
744,-508.80727221900315,118,0.05,2.916235630496479e-05,0.9081372899048816,0.3813559322033898,0.11864406779661017,0.4830508474576271,0.01694915254237288
745,-98.26020805594484,96,0.05,2.896168037506977e-05,0.9088735511401008,0.4166666666666667,0.25,0.15625,0.17708333333333334
746,-6.6743460592148836,144,0.05,2.876238536338376e-05,0.9108911023810273,0.2013888888888889,0.19444444444444445,0.4236111111111111,0.18055555555555555
747,-72.4449748163384,60,0.05,2.856446176734659e-05,0.9035793662137476,0.4166666666666667,0.25,0.25,0.08333333333333333
748,10.328847179387537,87,0.05,2.8367900149788368e-05,0.9092386756561033,0.3218390804597701,0.13793103448275862,0.4482758620689655,0.09195402298850575
749,270.01766545343844,459,0.05,2.817269113847954e-05,0.9325549818201485,0.3006535947712418,0.11982570806100218,0.4662309368191721,0.11328976034858387
750,15.001849917158722,106,0.05,2.7978825425683996e-05,0.9247702006963152,0.3867924528301887,0.1320754716981132,0.39622641509433965,0.08490566037735849
751,9.442680963876,91,0.05,2.778629376771527e-05,0.9120898848619009,0.01098901098901099,0.27472527472527475,0.43956043956043955,0.27472527472527475
752,299.1517608047075,233,0.05,2.7595086984495794e-05,0.9289463189863008,0.4034334763948498,0.20600858369098712,0.2575107296137339,0.13304721030042918
753,240.35206732388582,229,0.05,2.740519595911919e-05,0.9019636127100392,0.3799126637554585,0.1703056768558952,0.3624454148471616,0.08733624454148471
754,-6.94611424345517,99,0.05,2.7216611637415555e-05,0.8982540835408226,0.030303030303030304,0.3333333333333333,0.35353535353535354,0.2828282828282828
755,249.56124934325302,184,0.05,2.7029325027519766e-05,0.910831887831278,0.358695652173913,0.059782608695652176,0.3967391304347826,0.18478260869565216
756,-35.01963023413033,84,0.05,2.6843327199442725e-05,0.9273033032345117,0.19047619047619047,0.30952380952380953,0.30952380952380953,0.19047619047619047
757,259.2941361510856,294,0.05,2.6658609284645578e-05,0.914203602898846,0.3673469387755102,0.06462585034013606,0.5,0.06802721088435375
758,262.5154773743684,209,0.05,2.647516247561686e-05,0.9070165383389853,0.3014354066985646,0.10047846889952153,0.49282296650717705,0.10526315789473684
759,30.12192877377123,147,0.05,2.6292978025452534e-05,0.916768338059077,0.2653061224489796,0.14285714285714285,0.46938775510204084,0.12244897959183673
760,308.0351082849093,390,0.05,2.6112047247438936e-05,0.9322132656397698,0.517948717948718,0.13076923076923078,0.24358974358974358,0.1076923076923077
761,305.96924286959074,301,0.05,2.5932361514638587e-05,0.9209583934808262,0.2425249169435216,0.15614617940199335,0.43853820598006643,0.16279069767441862
762,297.8946252568071,256,0.05,2.5753912259478847e-05,0.9218005699647527,0.37109375,0.30078125,0.234375,0.09375
763,255.31419146486516,271,0.05,2.557669097334341e-05,0.9103554224408608,0.34317343173431736,0.0996309963099631,0.44280442804428044,0.11439114391143912
764,25.53308585044546,97,0.05,2.5400689206166612e-05,0.8846357585719745,0.020618556701030927,0.25773195876288657,0.4948453608247423,0.2268041237113402
765,22.594106831633425,111,0.05,2.522589856603051e-05,0.9125483095214288,0.06306306306306306,0.23423423423423423,0.46846846846846846,0.23423423423423423
766,288.56910748542407,351,0.05,2.5052310718764757e-05,0.9052567903377455,0.4074074074074074,0.10826210826210826,0.36182336182336183,0.1225071225071225
767,14.089414320700627,83,0.05,2.4879917387549227e-05,0.9165104526855701,0.27710843373493976,0.0963855421686747,0.5421686746987951,0.08433734939759036
768,293.3420480085042,237,0.05,2.4708710352519355e-05,0.9382276078900035,0.4008438818565401,0.10548523206751055,0.29957805907172996,0.1940928270042194
769,21.546899563410363,77,0.05,2.4538681450374215e-05,0.9439825610377282,0.1038961038961039,0.2597402597402597,0.4805194805194805,0.15584415584415584
770,227.69052247026792,176,0.05,2.4369822573987288e-05,0.917005080809902,0.03977272727272727,0.5,0.32386363636363635,0.13636363636363635
771,-15.28174857744132,95,0.05,2.4202125672019906e-05,0.9434204423107119,0.021052631578947368,0.28421052631578947,0.4,0.29473684210526313
772,287.64327588249387,243,0.05,2.4035582748537352e-05,0.9051067208813611,0.2222222222222222,0.11934156378600823,0.4074074074074074,0.25102880658436216
773,26.56055542944172,256,0.05,2.3870185862627613e-05,0.915416095209776,0.15625,0.1015625,0.578125,0.1640625
774,262.03372142064586,441,0.05,2.3705927128022745e-05,0.92508754813377,0.1473922902494331,0.1564625850340136,0.2857142857142857,0.41043083900226757
775,228.61055309211474,209,0.05,2.354279871272286e-05,0.9141847184499089,0.36363636363636365,0.10526315789473684,0.3157894736842105,0.215311004784689
776,263.2977178074366,301,0.05,2.338079283862267e-05,0.9075930823663211,0.292358803986711,0.16279069767441862,0.39867109634551495,0.1461794019933555
777,47.805377556344155,120,0.05,2.3219901781140642e-05,0.9157779591807154,0.03333333333333333,0.2833333333333333,0.4,0.2833333333333333
778,-23.190259853529753,101,0.05,2.306011786885067e-05,0.9374438554457841,0.019801980198019802,0.31683168316831684,0.36633663366336633,0.297029702970297
779,28.82180339123198,106,0.05,2.290143348311629e-05,0.922948823196471,0.009433962264150943,0.25471698113207547,0.4811320754716981,0.25471698113207547
780,218.79383641309627,187,0.05,2.2743841057727436e-05,0.9294929776817202,0.2620320855614973,0.12834224598930483,0.37967914438502676,0.22994652406417113
781,-26.702322235995865,60,0.05,2.2587333078539656e-05,0.9275836462783359,0.3333333333333333,0.23333333333333334,0.31666666666666665,0.11666666666666667
782,-38.486930417271715,104,0.05,2.2431902083115847e-05,0.9443933439100379,0.16346153846153846,0.18269230769230768,0.4807692307692308,0.17307692307692307
783,253.1194486199913,307,0.05,2.2277540660370424e-05,0.9228208722072295,0.39087947882736157,0.254071661237785,0.22149837133550487,0.13355048859934854
784,260.0865011687647,176,0.05,2.2124241450215965e-05,0.9297537356811311,0.3125,0.11363636363636363,0.2784090909090909,0.29545454545454547
785,271.74501750259265,257,0.05,2.1971997143212276e-05,0.9244505901535028,0.35797665369649806,0.10505836575875487,0.42023346303501946,0.11673151750972763
786,237.06715752206446,356,0.05,2.1820800480217858e-05,0.9175926712367327,0.12359550561797752,0.14606741573033707,0.4691011235955056,0.2612359550561798
787,18.148835903285217,106,0.05,2.16706442520438e-05,0.9100771470549168,0.03773584905660377,0.2830188679245283,0.39622641509433965,0.2830188679245283
788,29.83171552654207,250,0.05,2.1521521299110032e-05,0.9293157845406403,0.12,0.14,0.564,0.176
789,-29.425804966068583,81,0.05,2.1373424511103943e-05,0.9265574314329302,0.30864197530864196,0.13580246913580246,0.48148148148148145,0.07407407407407407
790,-1.3361393467349245,133,0.05,2.1226346826641367e-05,0.9301783822685887,0.12030075187969924,0.20300751879699247,0.45864661654135336,0.21804511278195488
791,253.95029088448686,451,0.05,2.1080281232929883e-05,0.9353541711619752,0.6119733924611973,0.15077605321507762,0.13747228381374724,0.09977827050997783
792,273.53889708083864,246,0.05,2.0935220765434445e-05,0.9209162949734689,0.3333333333333333,0.0975609756097561,0.42276422764227645,0.14634146341463414
793,241.60420734346047,453,0.05,2.0791158507545297e-05,0.9178128424404561,0.45916114790286977,0.2119205298013245,0.2560706401766004,0.0728476821192053
794,-39.43660899836243,58,0.05,2.0648087590248188e-05,0.9241686496118316,0.29310344827586204,0.22413793103448276,0.3275862068965517,0.15517241379310345
795,1.0080355517063424,90,0.05,2.0506001191796858e-05,0.9163309480613401,0.28888888888888886,0.15555555555555556,0.4777777777777778,0.07777777777777778
796,18.07183470725458,120,0.05,2.036489253738776e-05,0.9266280631660249,0.23333333333333334,0.20833333333333334,0.375,0.18333333333333332
797,-123.5730481757894,149,0.05,2.0224754898837043e-05,0.8967459896414761,0.18120805369127516,0.174496644295302,0.46308724832214765,0.18120805369127516
798,233.46296974447802,269,0.05,2.008558159425973e-05,0.9284065814228852,0.3382899628252788,0.13382899628252787,0.40892193308550184,0.11895910780669144
799,136.1916150020977,1000,0.05,1.9947365987751136e-05,0.9245024008787328,0.456,0.055,0.081,0.408
800,16.498935183777178,104,0.05,1.981010148907046e-05,0.9067822518623208,0.10576923076923077,0.22115384615384615,0.46153846153846156,0.21153846153846154
801,14.290650127819376,113,0.05,1.9673781553326545e-05,0.9397860091774303,0.19469026548672566,0.11504424778761062,0.5309734513274337,0.1592920353982301
802,282.8459025775802,420,0.05,1.9538399680665823e-05,0.916575514078506,0.35,0.10714285714285714,0.430952380952381,0.11190476190476191
803,259.9410945522389,214,0.05,1.9403949415962396e-05,0.9119375255933849,0.24299065420560748,0.08878504672897196,0.4439252336448598,0.22429906542056074
804,281.76750334951987,206,0.05,1.9270424348510242e-05,0.9367173163495734,0.3106796116504854,0.06796116504854369,0.4223300970873786,0.19902912621359223
805,20.90111418326444,104,0.05,1.913781811171755e-05,0.9275243633748397,0.07692307692307693,0.21153846153846154,0.47115384615384615,0.2403846153846154
806,-44.165932387421776,62,0.05,1.9006124382803167e-05,0.93576405122737,0.4032258064516129,0.14516129032258066,0.3548387096774194,0.0967741935483871
807,-3.6746433567656993,76,0.05,1.8875336882495104e-05,0.9481199660488574,0.3026315789473684,0.17105263157894737,0.4605263157894737,0.06578947368421052
808,-320.78404140631756,922,0.05,1.8745449374731143e-05,0.9181133431210099,0.40455531453362253,0.06399132321041215,0.14099783080260303,0.39045553145336226
809,46.87188572666659,196,0.05,1.86164556663615e-05,0.9149430876430824,0.12755102040816327,0.20918367346938777,0.4846938775510204,0.17857142857142858
810,27.38236199277138,126,0.05,1.8488349606853527e-05,0.9272537494806175,0.15873015873015872,0.19047619047619047,0.4126984126984127,0.23809523809523808
811,42.84253076566455,107,0.05,1.8361125087998447e-05,0.915003087247319,0.018691588785046728,0.2336448598130841,0.514018691588785,0.2336448598130841
812,12.44678690360601,90,0.05,1.823477604362011e-05,0.8978764560762692,0.36666666666666664,0.1,0.5,0.03333333333333333
813,290.8790452822293,313,0.05,1.8109296449285756e-05,0.92122501925296,0.29073482428115016,0.14376996805111822,0.402555910543131,0.16293929712460065
814,270.5602155384212,174,0.05,1.7984680322018758e-05,0.9261974658690953,0.22988505747126436,0.3045977011494253,0.3218390804597701,0.14367816091954022
815,29.102722242687605,114,0.05,1.7860921720013358e-05,0.9259690285954685,0.3333333333333333,0.15789473684210525,0.3684210526315789,0.14035087719298245
816,16.33476107607278,92,0.05,1.773801474235135e-05,0.9176077159791053,0.15217391304347827,0.18478260869565216,0.5217391304347826,0.14130434782608695
817,-18.926406478520732,248,0.05,1.7615953528720717e-05,0.9156047663454413,0.07661290322580645,0.15725806451612903,0.5282258064516129,0.23790322580645162
818,21.537733638775265,127,0.05,1.7494732259136213e-05,0.9046877917102738,0.03937007874015748,0.25984251968503935,0.3543307086614173,0.3464566929133858
819,247.98746940034874,257,0.05,1.7374345153661857e-05,0.9004103757798012,0.32684824902723736,0.14007782101167315,0.4046692607003891,0.12840466926070038
820,265.9034954574362,267,0.05,1.725478647213534e-05,0.9138457023210876,0.2546816479400749,0.15355805243445692,0.40823970037453183,0.18352059925093633
821,268.5616895681949,247,0.05,1.7136050513894327e-05,0.8940633417120056,0.15384615384615385,0.22672064777327935,0.4817813765182186,0.13765182186234817
822,-45.0033223652801,101,0.05,1.7018131617504658e-05,0.890676216735506,0.2376237623762376,0.297029702970297,0.24752475247524752,0.21782178217821782
823,-34.60889583145374,78,0.05,1.6901024160490384e-05,0.899711976125017,0.20512820512820512,0.21794871794871795,0.4358974358974359,0.14102564102564102
824,277.65719116856064,185,0.05,1.67847225590657e-05,0.9081014484144926,0.1837837837837838,0.1837837837837838,0.3891891891891892,0.24324324324324326
825,18.009839880656287,186,0.05,1.66692212678687e-05,0.9366099267496364,0.026881720430107527,0.22580645161290322,0.45698924731182794,0.2903225806451613
826,292.81266708237905,353,0.05,1.6554514779696966e-05,0.9154514386049161,0.2719546742209632,0.1558073654390935,0.4164305949008499,0.1558073654390935
827,260.0200379390332,240,0.05,1.6440597625244978e-05,0.921163367989151,0.3,0.15833333333333333,0.3958333333333333,0.14583333333333334
828,20.348751254737905,156,0.05,1.6327464372843345e-05,0.8976581552506651,0.04487179487179487,0.24358974358974358,0.5576923076923077,0.15384615384615385
829,-8.084920579892781,84,0.05,1.6215109628199808e-05,0.9173622281624906,0.23809523809523808,0.14285714285714285,0.5119047619047619,0.10714285714285714
830,29.441367508866165,119,0.05,1.6103528034142037e-05,0.9092973111354651,0.2689075630252101,0.14285714285714285,0.4117647058823529,0.17647058823529413
831,272.81921455742935,218,0.05,1.5992714270362195e-05,0.9125651855580478,0.2706422018348624,0.12844036697247707,0.3486238532110092,0.25229357798165136
832,245.60508836854152,280,0.05,1.5882663053163262e-05,0.9036256862487346,0.29642857142857143,0.16785714285714284,0.3892857142857143,0.14642857142857144
833,234.25133953194654,281,0.05,1.577336913520711e-05,0.8917711825501687,0.3487544483985765,0.12455516014234876,0.3736654804270463,0.15302491103202848
834,19.88751452975221,145,0.05,1.56648273052643e-05,0.9366832153088923,0.1724137931034483,0.16551724137931034,0.503448275862069,0.15862068965517243
835,60.029854122974314,192,0.05,1.5557032387965604e-05,0.9241680331281868,0.14583333333333334,0.1875,0.5208333333333334,0.14583333333333334
836,251.2853268780679,332,0.05,1.544997924355524e-05,0.8967701832194978,0.14156626506024098,0.1897590361445783,0.39759036144578314,0.2710843373493976
837,-40.57726460651887,88,0.05,1.53436627676458e-05,0.8953547242906907,0.22727272727272727,0.10227272727272728,0.5340909090909091,0.13636363636363635
838,-25.433615214340406,57,0.05,1.5238077890974887e-05,0.9005387074083969,0.017543859649122806,0.3157894736842105,0.40350877192982454,0.2631578947368421
839,31.97109189747985,116,0.05,1.5133219579163384e-05,0.9151980890454914,0.034482758620689655,0.28448275862068967,0.43103448275862066,0.25
840,-28.408494434701325,85,0.05,1.5029082832475423e-05,0.8846333545436551,0.16470588235294117,0.2,0.4470588235294118,0.18823529411764706
841,26.964498720134074,113,0.05,1.4925662685579993e-05,0.8804356670357043,0.05309734513274336,0.2743362831858407,0.39823008849557523,0.2743362831858407
842,259.4301882829028,187,0.05,1.4822954207314186e-05,0.9024613303709734,0.32085561497326204,0.1497326203208556,0.3155080213903743,0.21390374331550802
843,-9.373578499102521,171,0.05,1.4720952500448076e-05,0.9059808430477685,0.1695906432748538,0.1286549707602339,0.5906432748538012,0.1111111111111111
844,33.72656290304073,89,0.05,1.4619652701451211e-05,0.8829350694992497,0.056179775280898875,0.2696629213483146,0.5056179775280899,0.16853932584269662
845,18.009277505368615,108,0.05,1.4519049980260725e-05,0.8975820283115317,0.1574074074074074,0.24074074074074073,0.4166666666666667,0.18518518518518517
846,228.78733509212665,276,0.05,1.4419139540051027e-05,0.8848626975671355,0.2318840579710145,0.13768115942028986,0.44565217391304346,0.18478260869565216
847,16.859807866289543,123,0.05,1.4319916617005086e-05,0.9089249237802676,0.016260162601626018,0.22764227642276422,0.44715447154471544,0.3089430894308943
848,22.15009690207343,91,0.05,1.4221376480087294e-05,0.928503201285057,0.23076923076923078,0.14285714285714285,0.5494505494505495,0.07692307692307693
849,292.1138091294456,359,0.05,1.4123514430817878e-05,0.9126490944342105,0.15041782729805014,0.18384401114206128,0.34818941504178275,0.31754874651810583
850,26.881108726102354,112,0.05,1.4026325803048881e-05,0.8860227344409477,0.026785714285714284,0.26785714285714285,0.44642857142857145,0.25892857142857145
851,-203.4713850428306,126,0.05,1.3929805962741665e-05,0.8886868503604879,0.023809523809523808,0.29365079365079366,0.4126984126984127,0.2698412698412698
852,41.418881709775974,204,0.05,1.3833950307745965e-05,0.8934412656415259,0.04411764705882353,0.22549019607843138,0.45588235294117646,0.27450980392156865
853,215.19589560885612,241,0.05,1.3738754267580453e-05,0.8997891768788044,0.07468879668049792,0.5601659751037344,0.26141078838174275,0.1037344398340249
854,241.8367672314262,309,0.05,1.364421330321481e-05,0.9005840029262244,0.49838187702265374,0.042071197411003236,0.21359223300970873,0.2459546925566343
855,-117.7789901563542,169,0.05,1.3550322906853302e-05,0.8790683152969441,0.08284023668639054,0.21301775147928995,0.5266272189349113,0.17751479289940827
856,265.7963687289496,206,0.05,1.345707860171985e-05,0.9075456070672823,0.33495145631067963,0.17475728155339806,0.3106796116504854,0.1796116504854369
857,53.940898850037314,240,0.05,1.3364475941844564e-05,0.9069206100895812,0.0875,0.20833333333333334,0.5125,0.19166666666666668
858,302.4403828136843,334,0.05,1.3272510511851765e-05,0.8983759747974989,0.15568862275449102,0.23353293413173654,0.45209580838323354,0.15868263473053892
859,-51.797512298528076,90,0.05,1.3181177926749448e-05,0.9049888894018151,0.26666666666666666,0.17777777777777778,0.3888888888888889,0.16666666666666666
860,226.3110206580409,982,0.05,1.3090473831720205e-05,0.8890527614953823,0.7219959266802444,0.12932790224032586,0.07942973523421588,0.06924643584521385
861,-59.153256703537714,207,0.05,1.3000393901913585e-05,0.8795971049160382,0.07246376811594203,0.2318840579710145,0.3526570048309179,0.34299516908212563
862,37.023227438268805,169,0.05,1.2910933842239878e-05,0.8917929361181441,0.10650887573964497,0.16568047337278108,0.47928994082840237,0.2485207100591716
863,24.144176949328653,167,0.05,1.2822089387165325e-05,0.8900151673571186,0.023952095808383235,0.25748502994011974,0.46107784431137727,0.25748502994011974
864,290.37246960644995,254,0.05,1.273385630050873e-05,0.9140491329722428,0.27165354330708663,0.06692913385826772,0.2874015748031496,0.37401574803149606
865,246.23722100458275,438,0.05,1.2646230375239476e-05,0.885308180313588,0.4041095890410959,0.0639269406392694,0.1598173515981735,0.3721461187214612
866,84.5341075520626,1000,0.05,1.2559207433276937e-05,0.8824610246169521,0.552,0.333,0.081,0.034
867,290.18196820673586,260,0.05,1.2472783325291252e-05,0.866189047468579,0.2423076923076923,0.16923076923076924,0.4230769230769231,0.16538461538461538
868,5.660807485747355,190,0.05,1.2386953930505488e-05,0.8912863731725007,0.08947368421052632,0.19473684210526315,0.4789473684210526,0.23684210526315788
869,16.023633736618805,107,0.05,1.2301715156499158e-05,0.8864952549258945,0.102803738317757,0.24299065420560748,0.4392523364485981,0.21495327102803738
870,21.608769734009158,131,0.05,1.2217062939013088e-05,0.8926580676871481,0.030534351145038167,0.2824427480916031,0.4198473282442748,0.26717557251908397
871,272.63201283564945,532,0.05,1.2132993241755632e-05,0.8834350760623347,0.34774436090225563,0.045112781954887216,0.18233082706766918,0.424812030075188
872,34.13805299579735,193,0.05,1.2049502056210217e-05,0.8656954586246332,0.16580310880829016,0.17616580310880828,0.48186528497409326,0.17616580310880828
873,5.793153279167541,112,0.05,1.1966585401444214e-05,0.8829438676531061,0.42857142857142855,0.11607142857142858,0.36607142857142855,0.08928571428571429
874,80.05040066653854,186,0.05,1.1884239323919121e-05,0.8687551740517414,0.1774193548387097,0.16666666666666666,0.5053763440860215,0.15053763440860216
875,317.6334279734107,309,0.05,1.1802459897302061e-05,0.8700999933766345,0.32038834951456313,0.1941747572815534,0.3042071197411003,0.18122977346278318
876,246.7802397774362,236,0.05,1.1721243222278564e-05,0.8554609384509266,0.4279661016949153,0.11864406779661017,0.3644067796610169,0.08898305084745763
877,282.0804295531263,184,0.05,1.1640585426366647e-05,0.8942240942979162,0.27717391304347827,0.10869565217391304,0.4076086956521739,0.20652173913043478
878,5.484523583590288,110,0.05,1.1560482663732173e-05,0.8850621372364847,0.14545454545454545,0.18181818181818182,0.509090909090909,0.16363636363636364
879,225.26191832714483,214,0.05,1.1480931115005475e-05,0.8967461576300143,0.35514018691588783,0.10747663551401869,0.308411214953271,0.22897196261682243
880,255.72339624501387,250,0.05,1.1401926987099248e-05,0.8926988668517849,0.288,0.172,0.376,0.164
881,289.96611589521945,294,0.05,1.1323466513027688e-05,0.8742850937720716,0.30612244897959184,0.17006802721088435,0.3707482993197279,0.15306122448979592
882,-80.19802741116236,76,0.05,1.1245545951726881e-05,0.8998630651742099,0.10526315789473684,0.23684210526315788,0.5,0.15789473684210525
883,9.976910027206259,123,0.05,1.1168161587876426e-05,0.8750115167556229,0.15447154471544716,0.17073170731707318,0.4796747967479675,0.1951219512195122
884,55.33968328073149,184,0.05,1.1091309731722286e-05,0.8594384642434095,0.08152173913043478,0.22282608695652173,0.5163043478260869,0.1793478260869565
885,257.80288720202736,259,0.05,1.1014986718900852e-05,0.8660267622804663,0.3359073359073359,0.138996138996139,0.3590733590733591,0.16602316602316602
886,54.15300686681232,188,0.05,1.093918891026423e-05,0.8729945849080143,0.06914893617021277,0.22872340425531915,0.5053191489361702,0.19680851063829788
887,69.76512957086987,191,0.05,1.0863912691706718e-05,0.8731736817392062,0.09424083769633508,0.2198952879581152,0.5235602094240838,0.16230366492146597
888,77.08558724104182,196,0.05,1.0789154473992486e-05,0.8991009971661729,0.22959183673469388,0.16326530612244897,0.4846938775510204,0.12244897959183673
889,38.98395978154423,141,0.05,1.0714910692584437e-05,0.8953604416686957,0.0851063829787234,0.1702127659574468,0.5390070921985816,0.20567375886524822
890,243.36526468654358,322,0.05,1.0641177807474243e-05,0.8844005285335692,0.4813664596273292,0.11180124223602485,0.2888198757763975,0.11801242236024845
891,294.9903434403684,214,0.05,1.0567952303013563e-05,0.8741117104658933,0.2523364485981308,0.27102803738317754,0.37383177570093457,0.102803738317757
892,-26.601906995303665,63,0.05,1.0495230687746404e-05,0.9090690078879197,0.12698412698412698,0.2698412698412698,0.3968253968253968,0.20634920634920634
893,-28.199545833809253,71,0.05,1.042300949424265e-05,0.8816076739893128,0.08450704225352113,0.22535211267605634,0.49295774647887325,0.19718309859154928
894,241.10883714449108,256,0.05,1.0351285278932735e-05,0.8695238827501502,0.3671875,0.13671875,0.33203125,0.1640625
895,73.58789506060128,165,0.05,1.0280054621943443e-05,0.882036141252034,0.09090909090909091,0.23636363636363636,0.4303030303030303,0.24242424242424243
896,274.4395071064347,228,0.05,1.0209314126934852e-05,0.8532907285139167,0.39473684210526316,0.08771929824561403,0.38596491228070173,0.13157894736842105
897,143.90904119544498,1000,0.05,1.0139060420938391e-05,0.8770069909869564,0.396,0.046,0.132,0.426
898,-6.472965368410556,172,0.05,1.0069290154196015e-05,0.8669648026523796,0.1511627906976744,0.20930232558139536,0.4418604651162791,0.19767441860465115
899,293.1047330013798,276,0.05,1.0000000000000484e-05,0.8576444720194184,0.2608695652173913,0.16304347826086957,0.39855072463768115,0.17753623188405798
900,24.383742096114233,165,0.05,1e-05,0.8503790162119745,0.12121212121212122,0.1696969696969697,0.5636363636363636,0.14545454545454545
901,61.77599285413933,194,0.05,1e-05,0.8713952417649773,0.07731958762886598,0.21649484536082475,0.5412371134020618,0.16494845360824742
902,259.3646541716287,197,0.05,1e-05,0.8602545938999184,0.3096446700507614,0.116751269035533,0.4517766497461929,0.1218274111675127
903,255.6007579154664,292,0.05,1e-05,0.8647971038997528,0.3595890410958904,0.14383561643835616,0.3767123287671233,0.11986301369863013
904,231.981035430041,276,0.05,1e-05,0.8950539692107945,0.3188405797101449,0.13768115942028986,0.38405797101449274,0.15942028985507245
905,309.1732626582848,287,0.05,1e-05,0.8795989254834183,0.27526132404181186,0.15331010452961671,0.397212543554007,0.17421602787456447
906,-423.68157550269103,125,0.05,1e-05,0.8738376573576658,0.416,0.08,0.264,0.24
907,282.0297251612093,236,0.05,1e-05,0.8879221700590822,0.2542372881355932,0.1016949152542373,0.4576271186440678,0.1864406779661017
908,48.23147669493258,136,0.05,1e-05,0.8779855213571662,0.15441176470588236,0.18382352941176472,0.5073529411764706,0.15441176470588236
909,248.8913795804841,430,0.05,1e-05,0.869138850840126,0.24651162790697675,0.313953488372093,0.20232558139534884,0.2372093023255814
910,18.78570446621491,186,0.05,1e-05,0.8566033328808346,0.06989247311827956,0.23655913978494625,0.489247311827957,0.20430107526881722
911,300.3099347307859,260,0.05,1e-05,0.8567541355008922,0.23461538461538461,0.19230769230769232,0.36153846153846153,0.21153846153846154
912,3.4132745847917363,160,0.05,1e-05,0.8805675636284016,0.05625,0.2125,0.51875,0.2125
913,123.15559466669784,1000,0.05,1e-05,0.8641639091915755,0.084,0.409,0.113,0.394
914,38.746411449145995,137,0.05,1e-05,0.8694323641457562,0.16058394160583941,0.15328467153284672,0.5255474452554745,0.16058394160583941
915,139.89000823248384,1000,0.05,1e-05,0.8663791682569931,0.415,0.077,0.226,0.282
916,1.1384321233855559,179,0.05,1e-05,0.8746925253269546,0.055865921787709494,0.22346368715083798,0.45251396648044695,0.2681564245810056
917,275.22187888692577,220,0.05,1e-05,0.8706767821249484,0.2727272727272727,0.19545454545454546,0.36818181818181817,0.16363636363636364
918,40.23614915127996,105,0.05,1e-05,0.8573909955733615,0.0,0.3142857142857143,0.4857142857142857,0.2
919,5.4804472896745295,91,0.05,1e-05,0.8635317413714507,0.01098901098901099,0.1978021978021978,0.5494505494505495,0.24175824175824176
920,-257.76667388613606,142,0.05,1e-05,0.8505075472951328,0.2605633802816901,0.2112676056338028,0.2746478873239437,0.2535211267605634
921,274.61730034408924,537,0.05,1e-05,0.8629486901369372,0.26256983240223464,0.31098696461824954,0.1713221601489758,0.25512104283054005
922,-3.2720184882555543,206,0.05,1e-05,0.8579921829563161,0.07281553398058252,0.1796116504854369,0.49514563106796117,0.2524271844660194
923,223.77815187169162,245,0.05,1e-05,0.8420540675238454,0.3224489795918367,0.15918367346938775,0.33877551020408164,0.17959183673469387
924,260.2710127418778,236,0.05,1e-05,0.8728987728069739,0.24152542372881355,0.19915254237288135,0.3644067796610169,0.19491525423728814
925,277.9731486138089,266,0.05,1e-05,0.8621204542980403,0.38721804511278196,0.16917293233082706,0.2706766917293233,0.17293233082706766
926,33.27732127932563,184,0.05,1e-05,0.8814720179481917,0.09239130434782608,0.22282608695652173,0.4891304347826087,0.1956521739130435
927,257.63856988394707,265,0.05,1e-05,0.8448101660037353,0.3018867924528302,0.17735849056603772,0.32075471698113206,0.2
928,263.9287974504339,222,0.05,1e-05,0.8786758444679177,0.23423423423423423,0.16666666666666666,0.38738738738738737,0.21171171171171171
929,260.9189570617233,331,0.05,1e-05,0.8621674731954533,0.39274924471299094,0.1419939577039275,0.31722054380664655,0.14803625377643503
930,75.05884167281306,167,0.05,1e-05,0.8601462511672912,0.08982035928143713,0.2155688622754491,0.5568862275449101,0.1377245508982036
931,287.6091178148163,332,0.05,1e-05,0.858877128015289,0.32228915662650603,0.11746987951807229,0.44879518072289154,0.11144578313253012
932,245.88043599362612,249,0.05,1e-05,0.8921126172480858,0.2971887550200803,0.1646586345381526,0.3654618473895582,0.17269076305220885
933,11.484727667907478,161,0.05,1e-05,0.8722896567480943,0.10559006211180125,0.18012422360248448,0.5403726708074534,0.17391304347826086
934,62.05245377617089,174,0.05,1e-05,0.8574351154184211,0.09195402298850575,0.21839080459770116,0.5344827586206896,0.15517241379310345
935,261.8717962739,240,0.05,1e-05,0.8679809383544632,0.17916666666666667,0.3416666666666667,0.3,0.17916666666666667
936,29.56645160851616,158,0.05,1e-05,0.8830052461021672,0.10759493670886076,0.22151898734177214,0.46835443037974683,0.20253164556962025
937,202.92834634406512,469,0.05,1e-05,0.8512752095765388,0.1812366737739872,0.582089552238806,0.14925373134328357,0.08742004264392324
938,-132.99091414640338,168,0.05,1e-05,0.8653973814802876,0.10714285714285714,0.22023809523809523,0.4107142857142857,0.2619047619047619
939,71.98015456220406,168,0.05,1e-05,0.8572685950522754,0.05357142857142857,0.22023809523809523,0.5773809523809523,0.1488095238095238
940,-1.3846534999720177,189,0.05,1e-05,0.8583066537000988,0.1111111111111111,0.18518518518518517,0.4444444444444444,0.25925925925925924
941,295.0259350474537,272,0.05,1e-05,0.8861671024123607,0.4485294117647059,0.11397058823529412,0.34191176470588236,0.09558823529411764
942,255.07135023217697,304,0.05,1e-05,0.8702131471949468,0.48026315789473684,0.1118421052631579,0.3059210526315789,0.10197368421052631
943,23.0584335936758,133,0.05,1e-05,0.8829414896447686,0.09022556390977443,0.21804511278195488,0.44360902255639095,0.24812030075187969
944,243.19067274701615,269,0.05,1e-05,0.8600380093086718,0.2862453531598513,0.21561338289962825,0.34572490706319703,0.1524163568773234
945,-63.024650885901906,156,0.05,1e-05,0.8497971907922508,0.11538461538461539,0.17307692307692307,0.47435897435897434,0.23717948717948717
946,254.18631178731678,306,0.05,1e-05,0.8561637913870394,0.32679738562091504,0.20588235294117646,0.3104575163398693,0.1568627450980392
947,254.35294944740698,405,0.05,1e-05,0.856262502509601,0.291358024691358,0.12098765432098765,0.48148148148148145,0.10617283950617284
948,245.27404824768414,577,0.05,1e-05,0.8817788424203409,0.2045060658578856,0.1317157712305026,0.48873483535528595,0.17504332755632582
949,289.7020638266979,243,0.05,1e-05,0.8677395097407695,0.35390946502057613,0.25102880658436216,0.27983539094650206,0.11522633744855967
950,11.589221307284134,201,0.05,1e-05,0.8610953699344067,0.06965174129353234,0.20398009950248755,0.4975124378109453,0.22885572139303484
951,31.046444631143487,161,0.05,1e-05,0.8699642139141168,0.043478260869565216,0.21739130434782608,0.5714285714285714,0.16770186335403728
952,30.11475219026056,232,0.05,1e-05,0.8666798629381964,0.11206896551724138,0.1810344827586207,0.521551724137931,0.1853448275862069
953,276.74560766797833,230,0.05,1e-05,0.8598800647859502,0.3217391304347826,0.1,0.4434782608695652,0.13478260869565217
954,-56.10972432801926,166,0.05,1e-05,0.8481710473421249,0.03614457831325301,0.2469879518072289,0.5180722891566265,0.19879518072289157
955,282.97141945075305,325,0.05,1e-05,0.8616487241650984,0.22153846153846155,0.24923076923076923,0.2953846153846154,0.23384615384615384
956,273.6369705405692,187,0.05,1e-05,0.8912346559069144,0.18181818181818182,0.1657754010695187,0.49732620320855614,0.15508021390374332
957,241.72316425512736,285,0.05,1e-05,0.8818436303059558,0.1824561403508772,0.12631578947368421,0.41754385964912283,0.2736842105263158
958,0.5545297132294991,201,0.05,1e-05,0.8694838829558078,0.05472636815920398,0.17412935323383086,0.5223880597014925,0.24875621890547264
959,-2.2642080958935367,185,0.05,1e-05,0.8734149109542402,0.07027027027027027,0.2,0.5351351351351351,0.1945945945945946
960,48.5967932377435,209,0.05,1e-05,0.8711812674997994,0.05741626794258373,0.23444976076555024,0.5167464114832536,0.19138755980861244
961,148.46514756587578,1000,0.05,1e-05,0.8597211089078867,0.524,0.31,0.124,0.042
962,74.06696715142601,224,0.05,1e-05,0.882312712261805,0.0625,0.23660714285714285,0.4732142857142857,0.22767857142857142
963,277.5023212164216,166,0.05,1e-05,0.8580746040455801,0.3072289156626506,0.14457831325301204,0.4036144578313253,0.14457831325301204
964,-156.24597025378478,174,0.05,1e-05,0.8755017291991948,0.08620689655172414,0.1896551724137931,0.3505747126436782,0.3735632183908046
965,39.96300883777195,148,0.05,1e-05,0.8686934548929428,0.02702702702702703,0.21621621621621623,0.5945945945945946,0.16216216216216217
966,-31.17499796167317,165,0.05,1e-05,0.8620583363472237,0.09696969696969697,0.1696969696969697,0.4909090909090909,0.24242424242424243
967,-74.4294493890555,158,0.05,1e-05,0.8452889439090207,0.13924050632911392,0.17088607594936708,0.43037974683544306,0.25949367088607594
968,41.32057033561165,122,0.05,1e-05,0.8562678249659923,0.040983606557377046,0.16393442622950818,0.5245901639344263,0.27049180327868855
969,-14.723309174726282,265,0.05,1e-05,0.8597525315845982,0.09056603773584905,0.17735849056603772,0.5283018867924528,0.2037735849056604
970,262.55443884066307,334,0.05,1e-05,0.8731563550761583,0.32934131736526945,0.10179640718562874,0.45209580838323354,0.11676646706586827
971,287.5400627567503,212,0.05,1e-05,0.8530235213890781,0.3160377358490566,0.08018867924528301,0.4716981132075472,0.1320754716981132
972,294.06625630727024,246,0.05,1e-05,0.8816590492347683,0.2845528455284553,0.16666666666666666,0.4024390243902439,0.14634146341463414
973,291.69985009304605,269,0.05,1e-05,0.854048622698378,0.16728624535315986,0.19330855018587362,0.379182156133829,0.26022304832713755
974,-8.275810759944221,178,0.05,1e-05,0.8780109925810722,0.0449438202247191,0.19101123595505617,0.47191011235955055,0.29213483146067415
975,227.23336129415097,237,0.05,1e-05,0.8694320301134228,0.27848101265822783,0.20253164556962025,0.3459915611814346,0.1729957805907173
976,-61.021389746135,97,0.05,1e-05,0.8613695836870464,0.05154639175257732,0.2268041237113402,0.5051546391752577,0.21649484536082475
977,305.83385697646304,296,0.05,1e-05,0.8685867559522893,0.25,0.1554054054054054,0.3141891891891892,0.28040540540540543
978,279.67874115896245,283,0.05,1e-05,0.8556450697890033,0.2049469964664311,0.1978798586572438,0.3392226148409894,0.2579505300353357
979,262.14284549202034,246,0.05,1e-05,0.8477813862689655,0.25203252032520324,0.16260162601626016,0.3943089430894309,0.1910569105691057
980,268.3603921041704,329,0.05,1e-05,0.8663004768694743,0.3556231003039514,0.14893617021276595,0.3556231003039514,0.1398176291793313
981,-52.26126378021674,160,0.05,1e-05,0.8634148529857761,0.09375,0.1625,0.5125,0.23125
982,244.70242598307783,579,0.05,1e-05,0.873919408410858,0.6096718480138169,0.12953367875647667,0.18134715025906736,0.07944732297063903
983,243.13056748503797,489,0.05,1e-05,0.8565757874912704,0.065439672801636,0.5214723926380368,0.29243353783231085,0.12065439672801637
984,-20.45171224665367,105,0.05,1e-05,0.8607524571231063,0.047619047619047616,0.2857142857142857,0.38095238095238093,0.2857142857142857
985,27.41039256845835,88,0.05,1e-05,0.847872251005307,0.011363636363636364,0.18181818181818182,0.6022727272727273,0.20454545454545456
986,265.38446981218044,303,0.05,1e-05,0.8547288263991957,0.35313531353135313,0.1188118811881188,0.3795379537953795,0.1485148514851485
987,242.726232412808,280,0.05,1e-05,0.8786776093823297,0.3821428571428571,0.12857142857142856,0.3607142857142857,0.12857142857142856
988,47.04487671404377,183,0.05,1e-05,0.8747990780078361,0.10382513661202186,0.18579234972677597,0.40437158469945356,0.30601092896174864
989,271.84129091627346,233,0.05,1e-05,0.887581358855903,0.2703862660944206,0.1630901287553648,0.41630901287553645,0.15021459227467812
990,259.9929142193887,342,0.05,1e-05,0.8648111205140521,0.3567251461988304,0.1608187134502924,0.3304093567251462,0.15204678362573099
991,-2.901230286221349,149,0.05,1e-05,0.8630596060022555,0.06040268456375839,0.22818791946308725,0.4161073825503356,0.2953020134228188
992,245.8085401550619,202,0.05,1e-05,0.8641467563697085,0.21782178217821782,0.13861386138613863,0.4900990099009901,0.15346534653465346
993,260.98938312770247,466,0.05,1e-05,0.8621780640670549,0.27896995708154504,0.1072961373390558,0.5214592274678111,0.09227467811158799
994,265.28743821212856,308,0.05,1e-05,0.8542025282177255,0.38961038961038963,0.06493506493506493,0.4707792207792208,0.07467532467532467
995,-5.961676611260884,150,0.05,1e-05,0.8803698903486448,0.14666666666666667,0.2,0.4266666666666667,0.22666666666666666
996,226.45832285110302,351,0.05,1e-05,0.8794462405709654,0.3504273504273504,0.15669515669515668,0.3789173789173789,0.11396011396011396
997,28.61998094424976,219,0.05,1e-05,0.8800727075526081,0.045662100456621,0.2328767123287671,0.5159817351598174,0.2054794520547945
998,240.45175878652987,254,0.05,1e-05,0.8687662795462284,0.31496062992125984,0.1062992125984252,0.4763779527559055,0.10236220472440945
999,245.25347651693306,506,0.05,1e-05,0.85833214003046,0.5395256916996047,0.13043478260869565,0.2509881422924901,0.07905138339920949
