Episode,Total_Reward,Steps,Epsilon,Learning_Rate,Average_Loss,Action_0_Percentage,Action_1_Percentage,Action_2_Percentage,Action_3_Percentage
0,-112.16939972754076,132,0.9950195566196387,0.00496559332726813,0.0,0.23484848484848486,0.25,0.2878787878787879,0.22727272727272727
1,-88.33735969994034,117,0.9900639180555424,0.004931423418361956,0.0,0.21367521367521367,0.2564102564102564,0.28205128205128205,0.24786324786324787
2,-443.70874975740895,81,0.9851329607687281,0.004897488644030385,0.0,0.19753086419753085,0.18518518518518517,0.25925925925925924,0.35802469135802467
3,-104.09688008002888,93,0.9802265618354918,0.004863787386233744,0.0,0.2903225806451613,0.1827956989247312,0.3225806451612903,0.20430107526881722
4,-119.3575382268153,107,0.975344598944344,0.004830318038066636,0.0,0.29906542056074764,0.1588785046728972,0.2336448598130841,0.308411214953271
5,-141.60375962345023,90,0.9704869503929605,0.004797079003681315,0.0,0.28888888888888886,0.26666666666666666,0.23333333333333334,0.2111111111111111
6,-215.49364578846263,76,0.9656534950851489,0.004764068698211598,0.0,0.19736842105263158,0.32894736842105265,0.17105263157894737,0.3026315789473684
7,-84.3057199442782,71,0.9608441125278293,0.0047312855476972955,0.0,0.323943661971831,0.2676056338028169,0.23943661971830985,0.16901408450704225
8,-191.17328511455122,110,0.956058682828031,0.004698727989009166,0.0,0.24545454545454545,0.17272727272727273,0.2727272727272727,0.3090909090909091
9,-258.9827737646144,100,0.9512970866899032,0.004666394469774383,0.0,0.37,0.22,0.19,0.22
10,-154.1438315545625,84,0.9465592054117414,0.004634283448302516,0.0,0.2976190476190476,0.27380952380952384,0.19047619047619047,0.23809523809523808
11,-327.99263808706286,92,0.9418449208830285,0.004602393393512023,0.0,0.18478260869565216,0.2826086956521739,0.29347826086956524,0.2391304347826087
12,-117.32895688158965,70,0.9371541155814898,0.004570722784857245,0.0,0.22857142857142856,0.2,0.3,0.2714285714285714
13,-237.62573849259502,77,0.9324866725701636,0.004539270112255908,0.0,0.35064935064935066,0.14285714285714285,0.2597402597402597,0.24675324675324675
14,-414.6584964799507,119,0.9278424754944864,0.004508033876017119,0.0,0.3025210084033613,0.2184873949579832,0.2605042016806723,0.2184873949579832
15,-92.36476519528392,72,0.9232214085793918,0.004477012586769858,0.0,0.25,0.2638888888888889,0.20833333333333334,0.2777777777777778
16,-130.74761549237058,123,0.9186233566264248,0.004446204765391968,0.0,0.2926829268292683,0.21138211382113822,0.25203252032520324,0.24390243902439024
17,-90.16404748888426,107,0.9140482050108695,0.004415608942939624,0.0,0.29906542056074764,0.18691588785046728,0.24299065420560748,0.27102803738317754
18,-229.1958713955984,126,0.9094958396788919,0.004385223660577296,0.0,0.30158730158730157,0.20634920634920634,0.2619047619047619,0.23015873015873015
19,-164.35958146896695,132,0.904966147144697,0.004355047469508188,0.0,0.3106060606060606,0.23484848484848486,0.25757575757575757,0.19696969696969696
20,-231.98206542130748,74,0.9004590144876992,0.004325078930905163,0.0,0.25675675675675674,0.16216216216216217,0.21621621621621623,0.36486486486486486
21,-70.25021586312624,109,0.8959743293497072,0.004295316615842131,0.0,0.22935779816513763,0.28440366972477066,0.22018348623853212,0.26605504587155965
22,-280.0535757767832,69,0.8915119799321238,0.004265759105225923,0.0,0.36231884057971014,0.2463768115942029,0.2753623188405797,0.11594202898550725
23,-462.2506661790997,114,0.8870718549931581,0.004236404989728622,0.0,0.2894736842105263,0.24561403508771928,0.20175438596491227,0.2631578947368421
24,-111.14456598901026,67,0.8826538438450526,0.004207252869720371,0.0,0.3582089552238806,0.29850746268656714,0.11940298507462686,0.22388059701492538
25,-194.62953811005704,74,0.878257836351324,0.0041783013552026335,0.0,0.3918918918918919,0.17567567567567569,0.16216216216216217,0.2702702702702703
26,-141.70659721580097,84,0.8738837229240176,0.004149549065741917,0.0,0.2619047619047619,0.20238095238095238,0.14285714285714285,0.39285714285714285
27,-82.40381989340659,106,0.8695313945209752,0.004120994630403953,0.0,0.3490566037735849,0.20754716981132076,0.18867924528301888,0.25471698113207547
28,-136.3520601989434,64,0.8652007426431169,0.004092636687688333,0.0,0.265625,0.25,0.140625,0.34375
29,-235.5935918025931,86,0.8608916593317363,0.004064473885463585,0.0,0.38372093023255816,0.1744186046511628,0.19767441860465115,0.2441860465116279
30,-7.61568853317786,95,0.8566040371658092,0.00403650488090271,0.0,0.24210526315789474,0.3263157894736842,0.1368421052631579,0.29473684210526313
31,-126.34196169127205,80,0.852337769259316,0.004008728340419147,0.0,0.2375,0.2,0.2,0.3625
32,-178.37168516600894,63,0.8480927492585766,0.003981142939603193,0.0,0.25396825396825395,0.1746031746031746,0.20634920634920634,0.36507936507936506
33,-356.4078180135466,105,0.8438688713395993,0.003953747363158849,0.0,0.3238095238095238,0.2,0.23809523809523808,0.23809523809523808
34,-82.18029288884706,71,0.8396660302054431,0.003926540304841109,0.0,0.2535211267605634,0.16901408450704225,0.28169014084507044,0.29577464788732394
35,-49.85575518748834,111,0.8354841210835922,0.0038995204673936763,0.0,0.2972972972972973,0.24324324324324326,0.23423423423423423,0.22522522522522523
36,-154.47748276285384,61,0.8313230397233444,0.003872686562487108,0.0,0.2786885245901639,0.13114754098360656,0.11475409836065574,0.47540983606557374
37,-137.89736868692427,113,0.8271826823932125,0.003846037310657387,0.0,0.4778761061946903,0.21238938053097345,0.18584070796460178,0.12389380530973451
38,-182.92679817115436,56,0.8230629458783377,0.0038195714412449172,0.0,0.375,0.16071428571428573,0.21428571428571427,0.25
39,-142.55462969672513,66,0.8189637274779172,0.003793287692333935,0.0,0.4090909090909091,0.16666666666666666,0.15151515151515152,0.2727272727272727
40,-110.93279672334853,91,0.8148849250026439,0.0037671848106923425,0.0,0.45054945054945056,0.21978021978021978,0.16483516483516483,0.16483516483516483
41,-188.9859278980516,63,0.8108264367721583,0.00374126155171195,0.0,0.36507936507936506,0.2698412698412698,0.12698412698412698,0.23809523809523808
42,-29.500421389867228,103,0.8067881616125144,0.003715516679349134,0.0,0.22330097087378642,0.2524271844660194,0.24271844660194175,0.2815533980582524
43,24.90405886220705,107,0.8027699988536575,0.0036899489660659,0.0,0.3644859813084112,0.2336448598130841,0.205607476635514,0.19626168224299065
44,-171.64057077958304,87,0.7987718483269142,0.003664557192771354,0.0,0.25287356321839083,0.16091954022988506,0.2413793103448276,0.3448275862068966
45,-210.7001499399654,80,0.7947936103624954,0.0036393401487635735,0.0,0.3875,0.175,0.15,0.2875
46,-124.22364063651061,53,0.7908351857870121,0.003614296631671881,0.0,0.1509433962264151,0.2641509433962264,0.09433962264150944,0.49056603773584906
47,-117.39954456966804,89,0.7868964759210023,0.0035894254473995144,0.0,0.3146067415730337,0.19101123595505617,0.2247191011235955,0.2696629213483146
48,-128.02297471631636,71,0.7829773825764719,0.00356472541006669,0.0,0.3380281690140845,0.19718309859154928,0.16901408450704225,0.29577464788732394
49,-108.61470527589434,68,0.7790778080544463,0.0035401953419540613,0.0,0.27941176470588236,0.2647058823529412,0.11764705882352941,0.3382352941176471
50,-107.05595724986952,103,0.7751976551425351,0.0035158340734465607,0.0,0.36893203883495146,0.23300970873786409,0.13592233009708737,0.2621359223300971
51,-141.2459743810397,97,0.771336827112509,0.003491640442977634,0.0,0.36082474226804123,0.26804123711340205,0.1958762886597938,0.17525773195876287
52,-164.971087847055,91,0.7674952277178876,0.0034676132969738557,0.0,0.2857142857142857,0.25274725274725274,0.17582417582417584,0.2857142857142857
53,-86.9775732057644,72,0.7636727611915411,0.003443751489799924,0.0,0.2916666666666667,0.2638888888888889,0.2638888888888889,0.18055555555555555
54,-143.633822701241,81,0.7598693322433026,0.0034200538837040368,0.0,0.4567901234567901,0.13580246913580246,0.24691358024691357,0.16049382716049382
55,-59.077220319508584,62,0.7560848460575919,0.0033965193487636436,0.0,0.46774193548387094,0.16129032258064516,0.1774193548387097,0.1935483870967742
56,-40.707771581996184,76,0.7523192082910528,0.003373146762831569,1.431740701234598,0.25,0.18421052631578946,0.32894736842105265,0.23684210526315788
57,-199.25702169233483,149,0.748572325070201,0.0033499350114825064,1.0762312142823383,0.15436241610738255,0.2483221476510067,0.3691275167785235,0.22818791946308725
58,-270.72927217563733,128,0.7448441029890834,0.0033268829879598842,0.8593473075583503,0.1875,0.265625,0.2890625,0.2578125
59,-160.12100078445883,105,0.7411344491069503,0.003303989593123092,0.8115665121175589,0.23809523809523808,0.21904761904761905,0.2857142857142857,0.2571428571428571
60,-106.36351603639093,100,0.7374432709459379,0.0032812537353950743,0.793034867332316,0.19,0.17,0.41,0.23
61,41.71262292497857,1000,0.7337704764887631,0.0032586743307102817,0.9450084483883439,0.198,0.25,0.28,0.272
62,-112.65311657748117,95,0.7301159741764301,0.003236250302462983,1.021617068259683,0.16842105263157894,0.2,0.43157894736842106,0.2
63,-256.3703177859693,117,0.7264796729059471,0.003213980581455931,0.9852710328239747,0.24786324786324787,0.26495726495726496,0.19658119658119658,0.2905982905982906
64,-153.89317426988282,84,0.7228614820280556,0.0031918641058493835,0.9359938500617798,0.15476190476190477,0.25,0.35714285714285715,0.23809523809523808
65,-134.4744103666069,96,0.7192613113449707,0.003169899821110471,0.9468854498066749,0.17708333333333334,0.3333333333333333,0.2604166666666667,0.22916666666666666
66,-123.73298658265807,77,0.7156790711081327,0.003148086679962919,0.951621462295463,0.22077922077922077,0.2077922077922078,0.4155844155844156,0.15584415584415584
67,-123.9297722077965,126,0.712114672015969,0.0031264236423371103,0.9398051741642379,0.23015873015873015,0.18253968253968253,0.4365079365079365,0.15079365079365079
68,-36.62186792704465,122,0.708568025211669,0.0031049096753204956,0.9160870706708889,0.13114754098360656,0.16393442622950818,0.5491803278688525,0.1557377049180328
69,-146.8707517276673,96,0.7050390422809678,0.003083543753108342,0.8871781430434812,0.20833333333333334,0.15625,0.3854166666666667,0.25
70,-9.2324590650218,117,0.7015276352499433,0.0030623248569548217,0.951440881759413,0.23931623931623933,0.24786324786324787,0.358974358974359,0.15384615384615385
71,-141.20428249518113,111,0.6980337165828222,0.0030412519751244387,0.8888690645395744,0.1891891891891892,0.24324324324324326,0.36936936936936937,0.1981981981981982
72,-64.01209179303542,108,0.6945571991797983,0.003020324102843787,0.8861767129417712,0.1388888888888889,0.2222222222222222,0.3888888888888889,0.25
73,-157.04152608353206,94,0.691097996374861,0.002999540242253642,0.8483577569836089,0.1595744680851064,0.2553191489361702,0.43617021276595747,0.14893617021276595
74,-229.87204802329177,150,0.6876560219336348,0.002978899402361383,0.8554280964832182,0.16,0.22666666666666666,0.42,0.19333333333333333
75,-83.6136281109142,163,0.6842311900512299,0.002958400598993741,1.2302715741713537,0.20245398773006135,0.19631901840490798,0.3619631901840491,0.2392638036809816
76,-82.5370995297828,81,0.6808234153501025,0.0029380428547498717,1.3611682224527382,0.19753086419753085,0.2716049382716049,0.38271604938271603,0.14814814814814814
77,-200.4726057922643,162,0.6774326128779271,0.0029178251989547543,1.2135269601226,0.2222222222222222,0.24691358024691357,0.3395061728395062,0.19135802469135801
78,-92.70651234880836,145,0.6740586981054784,0.0028977466676129065,1.1602725816000463,0.15862068965517243,0.19310344827586207,0.36551724137931035,0.2827586206896552
79,-33.0211785779113,164,0.670701586924524,0.0028778063033624217,1.1642090094163455,0.17682926829268292,0.18902439024390244,0.45121951219512196,0.18292682926829268
80,-6.186753405656162,159,0.6673611956457279,0.002858003155429321,1.1185290238372498,0.1761006289308176,0.18867924528301888,0.4088050314465409,0.22641509433962265
81,-130.66397722474937,116,0.6640374409965641,0.0028383362795822193,1.1075890330580571,0.1724137931034483,0.27586206896551724,0.3103448275862069,0.2413793103448276
82,-29.565981707773062,139,0.6607302401192408,0.002818804738087304,1.039662852131507,0.16546762589928057,0.2949640287769784,0.2805755395683453,0.2589928057553957
83,-142.2617852856403,161,0.6574395105686344,0.002799407599663621,1.0443909276120011,0.10559006211180125,0.22981366459627328,0.484472049689441,0.18012422360248448
84,-123.22698962164321,122,0.6541651703102348,0.002780143939438674,1.0604752537960984,0.18032786885245902,0.30327868852459017,0.319672131147541,0.19672131147540983
85,-107.02283370089523,143,0.6509071377181003,0.0027610128389043225,0.9967911544763484,0.16783216783216784,0.1958041958041958,0.3916083916083916,0.24475524475524477
86,-78.37136691091231,150,0.6476653315728222,0.0027420133858729883,0.9780674955349389,0.18,0.21333333333333335,0.43333333333333335,0.17333333333333334
87,-37.72623387932205,82,0.6444396710595008,0.0027231446744341607,1.0461163868916152,0.17073170731707318,0.12195121951219512,0.524390243902439,0.18292682926829268
88,-145.2607448572042,130,0.6412300757657303,0.002704405804911203,1.0108926952087696,0.12307692307692308,0.2,0.3769230769230769,0.3
89,-31.608934433456227,135,0.6380364656795943,0.0026857958838184533,0.9902043671075169,0.15555555555555556,0.2222222222222222,0.35555555555555557,0.26666666666666666
90,-83.41638649278264,88,0.6348587611876713,0.002667314023818624,1.605602920553231,0.13636363636363635,0.2159090909090909,0.4772727272727273,0.17045454545454544
91,-125.5835327350196,117,0.6316968830730497,0.0026489593436804936,1.7130827116772493,0.1623931623931624,0.24786324786324787,0.4017094017094017,0.18803418803418803
92,-87.03419730549066,150,0.6285507525133537,0.0026307309682368847,1.590359473548746,0.18666666666666668,0.2,0.38,0.23333333333333334
93,-53.42220107472782,166,0.6254202910787774,0.0026126280283429405,1.5253864048037096,0.16265060240963855,0.21084337349397592,0.37349397590361444,0.25301204819277107
94,-30.140484929153544,87,0.6223054207301305,0.002594649660834679,1.4604773685879011,0.14942528735632185,0.1724137931034483,0.4942528735632184,0.1839080459770115
95,-170.7259025374712,145,0.6192060638168921,0.00257679500848784,1.3531997700040066,0.15862068965517243,0.2206896551724138,0.32413793103448274,0.296551724137931
96,-13.370204180854188,130,0.6161221430752757,0.0025590632199770087,1.371943107397415,0.12307692307692308,0.13846153846153847,0.5384615384615384,0.2
97,-225.36057650701258,99,0.6130535816263024,0.002541453449835026,1.322905762735491,0.1919191919191919,0.1919191919191919,0.36363636363636365,0.25252525252525254
98,-136.06792952436962,95,0.6100003029738849,0.0025239648584126748,1.3092352482325935,0.11578947368421053,0.23157894736842105,0.4842105263157895,0.16842105263157894
99,-2.0096574648515997,142,0.6069622310029202,0.002506596611838646,1.359081358254011,0.1056338028169014,0.22535211267605634,0.3873239436619718,0.28169014084507044
100,-108.21008628202027,117,0.6039392899773924,0.002489347881979777,1.1834670388036697,0.23931623931623933,0.23076923076923078,0.23931623931623933,0.2905982905982906
101,-211.57004321575715,148,0.6009314045384845,0.0024722178464015665,1.2596403583957156,0.14189189189189189,0.1891891891891892,0.43243243243243246,0.23648648648648649
102,-111.51444448913476,142,0.5979384997026995,0.0024552056883289613,1.2628250207562155,0.1267605633802817,0.20422535211267606,0.4084507042253521,0.2605633802816901
103,-63.39862119370554,129,0.5949605008599921,0.0024383105966074093,1.2154575609115947,0.13178294573643412,0.18604651162790697,0.5271317829457365,0.15503875968992248
104,-109.80310863821725,118,0.5919973337719074,0.002421531765664185,1.1977586731024679,0.211864406779661,0.23728813559322035,0.3220338983050847,0.2288135593220339
105,-91.55531791487086,86,0.5890489245697316,0.002404868395469978,1.2306726999656954,0.16279069767441862,0.2558139534883721,0.43023255813953487,0.1511627906976744
106,-71.82019161517474,160,0.5861151997526493,0.0023883196915007476,1.6423179699834236,0.1125,0.2,0.5,0.1875
107,-75.79479195373949,218,0.583196086185912,0.002371884864699838,1.7211294196222506,0.1651376146788991,0.16972477064220184,0.481651376146789,0.1834862385321101
108,-91.12672586892933,154,0.5802915110990148,0.0023555631314403575,1.584936603821252,0.14935064935064934,0.2077922077922078,0.461038961038961,0.18181818181818182
109,-121.20826152103395,123,0.5774014020838818,0.002339353713487812,1.6465507517212363,0.17886178861788618,0.25203252032520324,0.35772357723577236,0.21138211382113822
110,-80.02569510495158,75,0.5745256870930618,0.002323255837963,1.5342841355061385,0.10666666666666667,0.28,0.4,0.21333333333333335
111,-57.65327938569663,248,0.5716642944379317,0.00230726873730516,1.5080584464672075,0.13306451612903225,0.2056451612903226,0.4838709677419355,0.1774193548387097
112,-12.384165684125932,107,0.5688171527869094,0.002291391649235373,1.5139446665163772,0.16822429906542055,0.1588785046728972,0.5420560747663551,0.1308411214953271
113,2.6377067289158873,91,0.5659841911636758,0.002275623816720217,1.4493905539384642,0.1978021978021978,0.13186813186813187,0.5164835164835165,0.15384615384615385
114,-19.476211121522425,139,0.5631653389454055,0.002259964487935669,1.3932297203503763,0.2158273381294964,0.2014388489208633,0.43884892086330934,0.14388489208633093
115,-3.99450900202082,93,0.5603605258610059,0.002244412916231259,1.4012963534367218,0.10752688172043011,0.1935483870967742,0.5053763440860215,0.1935483870967742
116,-44.57116571617816,156,0.5575696819893657,0.002228968360094469,1.3386814434333496,0.1987179487179487,0.19230769230769232,0.34615384615384615,0.26282051282051283
117,-102.06663445982579,157,0.5547927377576116,0.0022136300831153764,1.3199684259791093,0.1337579617834395,0.24203821656050956,0.4394904458598726,0.18471337579617833
118,-83.3238022354134,123,0.5520296239393742,0.002198397353951542,1.3205865363518225,0.17073170731707318,0.2682926829268293,0.3170731707317073,0.24390243902439024
119,-11.377140255994306,160,0.5492802716530619,0.002183269446293138,1.3133640783113296,0.125,0.18125,0.525,0.16875
120,-21.309875108753715,147,0.5465446123601444,0.0021682456388283184,1.5252634871592325,0.10204081632653061,0.22448979591836735,0.4489795918367347,0.22448979591836735
121,-69.02872202350542,104,0.5438225778634432,0.0021533252152088245,1.57982021584602,0.1346153846153846,0.25961538461538464,0.3557692307692308,0.25
122,-22.684231363901418,102,0.5411141003054323,0.0021385074640158297,1.5285843128545777,0.14705882352941177,0.17647058823529413,0.46078431372549017,0.21568627450980393
123,108.86522209755537,1000,0.5384191121665459,0.002123791678726019,1.4584861771779083,0.384,0.183,0.229,0.204
124,-22.308870773453705,102,0.535737546263496,0.0021091771576779,1.3486540303403953,0.12745098039215685,0.18627450980392157,0.39215686274509803,0.29411764705882354
125,-83.12407642705287,179,0.533069335747597,0.0020946632040383484,1.2924915114284334,0.1787709497206704,0.1787709497206704,0.4134078212290503,0.22905027932960895
126,-60.19475037657431,188,0.5304144141030992,0.0020802491257693807,1.403615561007679,0.1595744680851064,0.2074468085106383,0.4627659574468085,0.1702127659574468
127,-3.618407601133967,161,0.5277727151455311,0.00206593423559516,1.3494969526165648,0.14906832298136646,0.17391304347826086,0.515527950310559,0.16149068322981366
128,-180.15878984264108,142,0.5251441730200492,0.0020517178509692224,1.5001367468104883,0.22535211267605634,0.2676056338028169,0.33098591549295775,0.176056338028169
129,-86.32903339743896,216,0.5225287221997962,0.0020375992940419355,1.8352913528855308,0.09259259259259259,0.20833333333333334,0.5092592592592593,0.18981481481481483
130,-42.05317039067239,154,0.5199262974842676,0.0020235778916281775,1.72591585823514,0.1038961038961039,0.18831168831168832,0.4805194805194805,0.22727272727272727
131,-79.32510729373156,89,0.5173368339976863,0.002009652975175238,1.5118698622423412,0.19101123595505617,0.15730337078651685,0.38202247191011235,0.2696629213483146
132,-68.56242569342984,163,0.5147602671873854,0.0019958238807309416,1.6105970017363986,0.15337423312883436,0.1656441717791411,0.5337423312883436,0.147239263803681
133,-224.5728397019281,169,0.512196532822199,0.0019820899489119896,1.5846615250442155,0.07692307692307693,0.17159763313609466,0.5266272189349113,0.22485207100591717
134,-75.0193683457536,170,0.5096455669908607,0.001968450524872521,1.5935245370129505,0.17647058823529413,0.19411764705882353,0.4411764705882353,0.18823529411764706
135,-169.05605830509163,254,0.5071073061004107,0.0019549049582728876,1.5552574109470612,0.1062992125984252,0.20866141732283464,0.4921259842519685,0.19291338582677164
136,-86.73152038037856,251,0.50458168687461,0.0019414526032486465,1.5054369205699323,0.12749003984063745,0.2350597609561753,0.4342629482071713,0.20318725099601595
137,-37.86729411854306,96,0.5020686463523638,0.0019280928183797639,1.4023686313278407,0.125,0.19791666666666666,0.5104166666666666,0.16666666666666666
138,-23.457869401762196,159,0.49956812188615124,0.0019148249666600316,1.4576991732433269,0.16352201257861634,0.20754716981132076,0.46540880503144655,0.16352201257861634
139,-29.780281182293365,128,0.49708005114046383,0.0019016484154666946,1.4622544194342626,0.1328125,0.1953125,0.5078125,0.1640625
140,-99.69891144992411,145,0.49460437209025165,0.0018885625365302864,1.5837439995695952,0.15862068965517243,0.30344827586206896,0.3448275862068966,0.19310344827586207
141,-31.58650749923666,119,0.492141023019377,0.001875566705904673,1.7729009472178974,0.15966386554621848,0.226890756302521,0.37815126050420167,0.23529411764705882
142,-51.64000802001051,186,0.48968994251907594,0.0018626603039373023,1.7477818289646991,0.12365591397849462,0.1935483870967742,0.510752688172043,0.17204301075268819
143,-102.14199630033232,129,0.4872510694864273,0.0018498427152396591,1.7193090494462189,0.15503875968992248,0.32558139534883723,0.2868217054263566,0.23255813953488372
144,-48.123622252987545,147,0.4848243431228297,0.0018371133286579223,1.6468538498395369,0.17006802721088435,0.19727891156462585,0.3945578231292517,0.23809523809523808
145,-63.592795290938454,292,0.4824097029324856,0.0018244715372438245,1.6187194247732257,0.11301369863013698,0.2089041095890411,0.5171232876712328,0.16095890410958905
146,-57.98335804529638,132,0.4800070887208934,0.0018119167382257126,1.6490294403626975,0.14393939393939395,0.24242424242424243,0.4318181818181818,0.18181818181818182
147,2.4219022352729382,145,0.47761644059334696,0.0017994483329798066,1.5374759169409267,0.13793103448275862,0.1793103448275862,0.5379310344827586,0.14482758620689656
148,-29.41972527048182,181,0.4752376989534421,0.0017870657270016577,1.5187843722228993,0.11049723756906077,0.22099447513812154,0.4972375690607735,0.1712707182320442
149,-257.6056193355821,177,0.4728708045015913,0.0017747683298778003,1.6065224874854436,0.13559322033898305,0.22033898305084745,0.3559322033898305,0.288135593220339
150,-178.30591980523195,263,0.4705156982335452,0.001762555555257602,1.5530359720242424,0.11406844106463879,0.1482889733840304,0.5399239543726235,0.19771863117870722
151,-265.45177604415136,164,0.4681723214389219,0.0017504268208253044,1.5225332788895405,0.12195121951219512,0.2073170731707317,0.4268292682926829,0.24390243902439024
152,-10.062358923057175,100,0.46584061569974305,0.0017383815482722598,1.9986395842333524,0.13,0.15,0.54,0.18
153,-9.061834561739701,111,0.4635205228889778,0.001726419163269355,1.9627903128256148,0.12612612612612611,0.17117117117117117,0.44144144144144143,0.26126126126126126
154,12.952505405245532,206,0.4612119851690938,0.0017145390954396275,1.857371494414148,0.1262135922330097,0.2087378640776699,0.46116504854368934,0.20388349514563106
155,8.959218114717515,174,0.4589149449906151,0.00170274077833107,1.8179183109627597,0.10344827586206896,0.21839080459770116,0.45977011494252873,0.21839080459770116
156,-192.39034711513773,115,0.4566293450906877,0.0016910236493896207,1.8166205571771088,0.1391304347826087,0.21739130434782608,0.3652173913043478,0.2782608695652174
157,-5.356492585838282,263,0.45435512849165205,0.0016793871499323405,1.7526886358968785,0.1444866920152091,0.20912547528517111,0.467680608365019,0.17870722433460076
158,-63.13691646182413,112,0.4520922384996226,0.0016678307251207745,1.763741136665566,0.10714285714285714,0.23214285714285715,0.4732142857142857,0.1875
159,20.527419931154427,156,0.44984061870307446,0.001656353823934497,1.6831347450568206,0.1346153846153846,0.15384615384615385,0.5512820512820513,0.16025641025641027
160,-15.726844636146708,101,0.4476002129714371,0.0016449558991448378,1.7544419927686454,0.1188118811881188,0.13861386138613863,0.594059405940594,0.1485148514851485
161,24.681756442420365,106,0.4453709654536952,0.0016336364072887907,1.6370789430258124,0.12264150943396226,0.1509433962264151,0.5283018867924528,0.19811320754716982
162,-60.723369456361546,192,0.44315282057699623,0.0016223948086431,1.5873177266162326,0.08854166666666667,0.20833333333333334,0.53125,0.171875
163,-40.04511077318824,304,0.4409457230452651,0.0016112305671985266,1.624636033025577,0.11513157894736842,0.1513157894736842,0.5328947368421053,0.20065789473684212
164,129.23820041859628,1000,0.4387496178378257,0.0016001431506342896,1.6427628938917738,0.26,0.247,0.194,0.299
165,-19.978379283523353,156,0.43656445020802925,0.0015891320302926862,1.5251159966552632,0.14102564102564102,0.1346153846153846,0.5769230769230769,0.14743589743589744
166,-24.329307565121923,250,0.4343901656818896,0.0015781966811538838,1.554472512850143,0.12,0.176,0.512,0.192
167,54.78986296533188,165,0.4322267100567252,0.0015673365818108867,1.4652238974557112,0.15757575757575756,0.15757575757575756,0.5333333333333333,0.15151515151515152
168,-5.78739585831903,186,0.4300740293998078,0.0015565512144446758,1.490717249811457,0.07526881720430108,0.22580645161290322,0.5161290322580645,0.1827956989247312
169,-133.29431745818135,168,0.4279320700470182,0.0015458400647995172,1.4892505067786874,0.11904761904761904,0.25,0.3869047619047619,0.24404761904761904
170,-15.90174503805008,121,0.4258007786015082,0.0015352026221584433,1.4173156794333175,0.09090909090909091,0.23140495867768596,0.4462809917355372,0.23140495867768596
171,3.8260707833401284,257,0.42368010193236966,0.0015246383793189005,1.770850621042204,0.14007782101167315,0.19066147859922178,0.490272373540856,0.17898832684824903
172,-40.74596319003097,151,0.4215699871733098,0.0015141468325685658,1.771060017666751,0.13245033112582782,0.2582781456953642,0.4304635761589404,0.17880794701986755
173,19.56581383621635,204,0.4194703817213335,0.001503727481661329,1.7406050814136915,0.09313725490196079,0.23039215686274508,0.5098039215686274,0.16666666666666666
174,-27.435726423710463,269,0.41738123323543186,0.001493379829793441,1.7145167366877527,0.13011152416356878,0.18587360594795538,0.5204460966542751,0.16356877323420074
175,-77.77696500305751,207,0.41530248963527744,0.0014831033835798254,1.692688921257459,0.12560386473429952,0.2028985507246377,0.42995169082125606,0.24154589371980675
176,12.892352168004905,203,0.41323409909992587,0.0014728976530305534,1.672651557098223,0.18226600985221675,0.23645320197044334,0.4088669950738916,0.1724137931034483
177,-65.58810374434134,306,0.4111760100665241,0.0014627621515274811,1.6510955705779786,0.1111111111111111,0.1830065359477124,0.5359477124183006,0.16993464052287582
178,30.03064346601326,120,0.4091281712290249,0.0014526963958010467,1.5974455628499173,0.15,0.175,0.5166666666666667,0.15833333333333333
179,145.52728657193933,1000,0.407090531536908,0.0014426999059072281,1.7677387356305618,0.27,0.182,0.217,0.331
180,-28.348562243868813,138,0.40506304019390726,0.0014327722052046583,1.7500561414878366,0.07246376811594203,0.21739130434782608,0.43478260869565216,0.2753623188405797
181,-212.4682923464951,164,0.40304564665674447,0.0014229128203318991,1.722447425080393,0.12804878048780488,0.2073170731707317,0.4634146341463415,0.20121951219512196
182,-89.41378361697733,461,0.40103830063386947,0.0014131212811848708,1.7268530680497107,0.19522776572668113,0.4164859002169197,0.25379609544468545,0.13449023861171366
183,-33.644288008255046,119,0.39904095208420615,0.001403397120894437,1.596768120627395,0.1092436974789916,0.226890756302521,0.35294117647058826,0.31092436974789917
184,8.130487674990732,166,0.3970535512159053,0.0013937398758041444,1.7243757525569943,0.15060240963855423,0.22289156626506024,0.40963855421686746,0.21686746987951808
185,-52.70620160627875,520,0.3950760484851031,0.0013841490854481144,1.6977633860049155,0.10961538461538461,0.19038461538461537,0.525,0.175
186,-56.17106741582142,149,0.39310839459468616,0.0013746242925290883,1.7013852241436036,0.087248322147651,0.28187919463087246,0.40939597315436244,0.2214765100671141
187,22.236587863860024,256,0.3911505404930626,0.0013651650428966229,1.6754604572130496,0.1015625,0.171875,0.4453125,0.28125
188,-83.11904962990272,195,0.38920243737293914,0.0013557708855254362,1.6611205309923907,0.05641025641025641,0.2717948717948718,0.5076923076923077,0.1641025641025641
189,63.28890925628288,1000,0.3872640366701046,0.0013464413724939021,1.623039436964616,0.233,0.301,0.297,0.169
190,-218.02470920276997,202,0.385335290062219,0.0013371760589626926,1.653614546500881,0.16336633663366337,0.1782178217821782,0.400990099009901,0.25742574257425743
191,69.10598243689002,1000,0.38341614946760905,0.0013279745031535685,1.7737312529527118,0.258,0.251,0.221,0.27
192,-56.51602519445588,251,0.3815065670440695,0.001318836266328314,1.7480190211524356,0.10756972111553785,0.18326693227091634,0.50199203187251,0.20717131474103587
193,-0.9000282693563975,237,0.3796064951876705,0.0013097609127678182,1.6957749170139018,0.13924050632911392,0.16033755274261605,0.5232067510548524,0.17721518987341772
194,24.207171612502556,1000,0.3777158865315709,0.0013007480097512987,1.7786580150862443,0.294,0.209,0.222,0.275
195,-53.10316543946906,176,0.37583469394483743,0.0012917971275356699,1.826769784698029,0.11931818181818182,0.18181818181818182,0.4715909090909091,0.22727272727272727
196,-67.6063817356129,224,0.37396287053126975,0.001282907839335052,1.8949977610916378,0.15178571428571427,0.16517857142857142,0.5,0.18303571428571427
197,77.80712544257455,1000,0.3721003696282314,0.0012740797213004217,1.7790654098019127,0.314,0.152,0.363,0.171
198,-30.59175251086144,158,0.3702471448054865,0.0012653123524994027,1.7946650810872933,0.14556962025316456,0.2088607594936709,0.46835443037974683,0.17721518987341772
199,-15.279504726304879,96,0.3684031498640423,0.0012566053148961949,1.8765626928232078,0.13541666666666666,0.21875,0.4791666666666667,0.16666666666666666
200,42.66273040540119,1000,0.3665683388349977,0.0012479581933316425,1.7897388999652644,0.287,0.201,0.26,0.252
201,-160.6357449445802,319,0.3647426659783969,0.001239370575503439,1.7618744235494084,0.18495297805642633,0.1755485893416928,0.4263322884012539,0.21316614420062696
202,90.58264066930703,1000,0.36292608578208946,0.0012308420519464677,1.7770396594065843,0.283,0.161,0.371,0.185
203,88.70093848384084,1000,0.36111855296059564,0.0012223722160132787,1.7511939923531952,0.408,0.182,0.233,0.177
204,-136.09959875774422,616,0.3593200224539774,0.0012139606638546987,1.7308697964858342,0.12337662337662338,0.17694805194805194,0.525974025974026,0.1737012987012987
205,45.34515105038339,1000,0.3575304494267152,0.0012056069944005763,1.7923335918030556,0.294,0.184,0.304,0.218
206,68.80986991380632,1000,0.3557497892665903,0.0011973108093406575,1.803956514686127,0.268,0.174,0.402,0.156
207,0.9965347151390347,275,0.35397799758357257,0.0011890717131055946,1.8728146385633095,0.12,0.18545454545454546,0.5054545454545455,0.1890909090909091
208,-179.84890515388958,529,0.3522150302087139,0.001180889312848085,1.8700300570480362,0.1720226843100189,0.14555765595463138,0.5085066162570888,0.17391304347826086
209,42.33304392735221,211,0.35046084319304716,0.0011727632184241397,1.8310728652181514,0.07109004739336493,0.2037914691943128,0.5450236966824644,0.18009478672985782
210,37.87916576416319,1000,0.3487153928064905,0.001164693042374481,1.8116552248472615,0.283,0.169,0.365,0.183
211,-5.839963765480704,83,0.34697863553675734,0.001156678399906068,1.887051852983404,0.12048192771084337,0.18072289156626506,0.4939759036144578,0.20481927710843373
212,35.506812976867195,261,0.3452505280882715,0.0011487189088737499,1.9331755934423884,0.09195402298850575,0.2260536398467433,0.47509578544061304,0.20689655172413793
213,-47.545721307466806,269,0.34353102738108804,0.001140814189762044,1.8988084616839782,0.10037174721189591,0.15985130111524162,0.5650557620817844,0.17472118959107807
214,-37.232096860337705,1000,0.34182009054981916,0.0011329638656670407,1.8822042541189161,0.228,0.229,0.316,0.227
215,-99.70183239425414,190,0.3401176749425658,0.0011251675622784326,1.873156113179832,0.26842105263157895,0.1,0.48947368421052634,0.14210526315789473
216,20.63496225081805,249,0.3384237381198542,0.0011174249078616666,1.9846851957863105,0.14056224899598393,0.18072289156626506,0.5220883534136547,0.1566265060240964
217,-26.526692409529204,157,0.33673823785357804,0.0011097355332402193,1.9710721599459193,0.21656050955414013,0.1592356687898089,0.4394904458598726,0.18471337579617833
218,-21.7113277638651,145,0.3350611321259457,0.0011020990717779946,1.987570960329694,0.09655172413793103,0.15172413793103448,0.5586206896551724,0.19310344827586207
219,-47.909182313015364,90,0.33339237912843267,0.001094515159361842,2.022837126919514,0.24444444444444444,0.17777777777777778,0.43333333333333335,0.14444444444444443
220,-309.78953881551524,661,0.3317319372607396,0.0010869834343841954,1.9417462456356138,0.12254160363086233,0.15582450832072617,0.5537065052950075,0.16792738275340394
221,-14.25618784566123,84,0.3300797651297549,0.0010795035377258312,1.8493572485968444,0.047619047619047616,0.2261904761904762,0.5357142857142857,0.19047619047619047
222,-43.28631231177498,166,0.3284358215485232,0.0010720751127387454,1.9251236791921986,0.2289156626506024,0.1686746987951807,0.42771084337349397,0.1746987951807229
223,-28.686375043699115,87,0.32680006553521834,0.0010646978052291486,1.9378007618041206,0.13793103448275862,0.1839080459770115,0.41379310344827586,0.26436781609195403
224,-94.92114943897766,429,0.3251724563121218,0.0010573712634405767,1.869124475839511,0.12121212121212122,0.17249417249417248,0.5151515151515151,0.19114219114219114
225,30.624311612088352,1000,0.3235529533046063,0.00105009513803712,1.8732051905967633,0.255,0.225,0.383,0.137
226,-115.86514235490816,416,0.32194151614012406,0.0010428690820867659,1.841751093530526,0.23317307692307693,0.38461538461538464,0.2668269230769231,0.11538461538461539
227,2.4933440170641035,100,0.32033810464720053,0.001035692751044857,1.7360591052074679,0.22,0.15,0.45,0.18
228,41.00945371105941,1000,0.3187426788544329,0.0010285658027376627,1.8706785637138899,0.242,0.178,0.427,0.153
229,-13.002649824256522,92,0.31715519898949374,0.0010214878973460653,1.9584379785715833,0.18478260869565216,0.09782608695652174,0.5217391304347826,0.1956521739130435
230,-15.52209473457036,179,0.31557562547813933,0.0010144586973893548,1.880044824422736,0.1787709497206704,0.20670391061452514,0.4581005586592179,0.1564245810055866
231,-36.596348093518394,84,0.3140039189432234,0.00100747786770914,1.895236949454949,0.19047619047619047,0.23809523809523808,0.47619047619047616,0.09523809523809523
232,66.48459645520296,1000,0.3124400402037151,0.0010005450754533658,1.849465674663157,0.374,0.166,0.321,0.139
233,56.33911000922076,1000,0.3108839502737227,0.0009936599900604443,1.9626902818167635,0.279,0.358,0.223,0.14
234,88.33581850593276,1000,0.30933561036152135,0.0009868222832434916,1.9481667296231902,0.262,0.432,0.172,0.134
235,-97.05045388615916,82,0.3077949818685863,0.0009800316289746765,1.841402163640564,0.2682926829268293,0.3170731707317073,0.17073170731707318,0.24390243902439024
236,6.791884555818626,247,0.3062620263886305,0.0009732877034696739,2.0181106265837983,0.1659919028340081,0.15384615384615385,0.5182186234817814,0.16194331983805668
237,59.24148273895441,1000,0.3047367057066472,0.0009665901851722271,1.9751612228942184,0.363,0.197,0.255,0.185
238,3.660828007899056,160,0.3032189817979574,0.0009599387547388154,1.9158425754024093,0.16875,0.1375,0.55625,0.1375
239,-40.61426404746764,110,0.3017088168272619,0.000953333095023428,1.9714569259178172,0.2636363636363636,0.15454545454545454,0.36363636363636365,0.21818181818181817
240,-55.989156222114445,282,0.30020617314769793,0.0009467728910624417,1.9269036152658838,0.1879432624113475,0.15602836879432624,0.5035460992907801,0.1524822695035461
241,-93.76084623550652,97,0.2987110132999009,0.0009402578300596034,1.905986627313098,0.29896907216494845,0.23711340206185566,0.2268041237113402,0.23711340206185566
242,-25.348492243045527,158,0.2972233000110704,0.0009337876013711156,1.92021795921074,0.13924050632911392,0.18354430379746836,0.5379746835443038,0.13924050632911392
243,-90.21483621917056,85,0.2957429961940411,0.0009273618964908249,2.0943495893597643,0.18823529411764706,0.25882352941176473,0.4,0.15294117647058825
244,78.48170302571566,1000,0.29427006494635827,0.0009209804090355117,2.041640607920665,0.285,0.096,0.206,0.413
245,-28.295611027682043,123,0.2928044695493577,0.000914642834730282,2.057034870021346,0.07317073170731707,0.25203252032520324,0.4959349593495935,0.17886178861788618
246,-89.68627688103888,706,0.2913461734672504,0.0009083488713940591,2.028662912804327,0.13739376770538245,0.21529745042492918,0.4065155807365439,0.24079320113314448
247,112.30562185712692,1000,0.28989514034621183,0.0009020982189251753,2.0498336126126238,0.225,0.401,0.128,0.246
248,-44.08160565494592,94,0.2884513340134756,0.0008958905792870631,2.01545281471594,0.23404255319148937,0.14893617021276595,0.4148936170212766,0.20212765957446807
249,58.62190202527393,1000,0.2870147184764318,0.000889725656494044,2.052898957775416,0.281,0.176,0.228,0.315
250,61.59886604718609,1000,0.28558525792172956,0.0008836031565972163,2.0020108057158907,0.179,0.433,0.166,0.222
251,-33.75445269168364,122,0.2841629167143845,0.0008775227876704388,1.9906778643017782,0.2540983606557377,0.18032786885245902,0.3442622950819672,0.22131147540983606
252,75.43051390558823,1000,0.28274765939689017,0.0008714842597964118,1.9614854345924704,0.448,0.132,0.28,0.14
253,-43.061468053701276,1000,0.28133945068833427,0.0008654872850528536,2.000404276913599,0.252,0.177,0.297,0.274
254,89.03014726463331,1000,0.2799382554835191,0.000859531577498772,2.0026953853928435,0.473,0.135,0.278,0.114
255,12.724810699615588,89,0.2785440388520863,0.0008536168531608304,2.0497217837431014,0.19101123595505617,0.10112359550561797,0.5280898876404494,0.1797752808988764
256,-64.86401371645056,745,0.27715676603764633,0.0008477428300198077,1.9833529043467988,0.24161073825503357,0.14899328859060404,0.4671140939597315,0.14228187919463087
257,-30.100630640181308,84,0.27577640245691176,0.0008419092279971516,2.0430855213174604,0.15476190476190477,0.21428571428571427,0.42857142857142855,0.20238095238095238
258,-40.75611002029278,131,0.2744029136988354,0.0008361157689416238,1.9758315995131566,0.11450381679389313,0.22900763358778625,0.4198473282442748,0.2366412213740458
259,-13.235868489751397,86,0.2730362655237522,0.0008303621766160378,1.9073380976524972,0.19767441860465115,0.20930232558139536,0.4186046511627907,0.1744186046511628
260,-24.131068533812932,1000,0.2716764238625259,0.0008246481766840876,1.9800547025847728,0.396,0.166,0.31,0.128
261,-11.86192701203943,74,0.2703233548156995,0.000818973496697267,2.032620594757949,0.08108108108108109,0.1891891891891892,0.4864864864864865,0.24324324324324326
262,-61.49827893173287,159,0.2689770246526506,0.0008133378660818794,1.9963532021038297,0.18238993710691823,0.16352201257861634,0.5157232704402516,0.13836477987421383
263,-1.0105494081014257,195,0.26763739981075,0.0008077410161261361,1.991306485545651,0.17435897435897435,0.14871794871794872,0.48717948717948717,0.18974358974358974
264,-0.10196186588228784,122,0.2663044468945255,0.0008021826799673441,2.010746153762023,0.20491803278688525,0.1557377049180328,0.47540983606557374,0.16393442622950818
265,-36.04414969554317,99,0.2649781326748289,0.000796662592579182,1.951707253582115,0.2828282828282828,0.12121212121212122,0.4444444444444444,0.15151515151515152
266,-50.2405192404181,94,0.26365842408800805,0.000791180490759063,1.9607932974391054,0.3723404255319149,0.1276595744680851,0.3191489361702128,0.18085106382978725
267,-68.2340572585497,102,0.26234528823508246,0.0007857361131155856,1.934659635612343,0.12745098039215685,0.21568627450980393,0.4019607843137255,0.2549019607843137
268,-252.23872905814764,534,0.2610386923809231,0.0007803292000560697,1.9658776957278847,0.16292134831460675,0.16853932584269662,0.4419475655430712,0.22659176029962547
269,-288.9629811408407,502,0.25973860395343634,0.0007749594937741795,1.9909509840052984,0.1892430278884462,0.13745019920318724,0.448207171314741,0.2250996015936255
270,-34.028238188782396,81,0.25844499054275216,0.0007696267382376308,2.046532849543114,0.12345679012345678,0.2222222222222222,0.41975308641975306,0.2345679012345679
271,-74.96441904070446,560,0.257157819900416,0.0007643306791759831,1.9945812544856194,0.1625,0.16071428571428573,0.5107142857142857,0.16607142857142856
272,-10.380624347315548,1000,0.2558770599385848,0.0007590710640685158,2.0211933350960893,0.144,0.18,0.477,0.199
273,-35.37886811294691,1000,0.25460267872922737,0.0007538476421321883,2.0417412519193903,0.139,0.168,0.537,0.156
274,-121.16393602851966,1000,0.25333464450332815,0.0007486601643096816,2.0538837874879627,0.15,0.167,0.531,0.152
275,-102.32663931561274,379,0.25207292565009537,0.0007435083832575234,2.057825155490006,0.1345646437994723,0.16094986807387862,0.5356200527704486,0.16886543535620052
276,-12.308475664698975,139,0.25081749071617304,0.0007383920533342948,2.0882594147139257,0.17985611510791366,0.15827338129496402,0.5179856115107914,0.14388489208633093
277,-188.81133073871413,912,0.24956830840485686,0.0007333109305889175,2.0894504251858286,0.13596491228070176,0.18201754385964913,0.5241228070175439,0.15789473684210525
278,-175.16131624524425,96,0.2483253475753139,0.0007282647727490224,2.0795155457589214,0.23958333333333334,0.3958333333333333,0.13541666666666666,0.22916666666666666
279,-51.815274725272936,620,0.24708857724180652,0.0007232533392093973,2.101693282365005,0.1338709677419355,0.16129032258064516,0.4645161290322581,0.2403225806451613
280,4.595816709896852,270,0.24585796657291967,0.0007182763910205153,2.112385282134111,0.10740740740740741,0.17407407407407408,0.5259259259259259,0.1925925925925926
281,-6.085778756094172,604,0.24463348489079248,0.0007133336908771411,2.1107849910383325,0.08774834437086093,0.22350993377483444,0.4718543046357616,0.21688741721854304
282,-178.9341806954639,653,0.2434151016703534,0.0007084250031070158,2.1101917085544026,0.13935681470137826,0.1562021439509954,0.5252679938744257,0.17917304747320062
283,-111.36783732385301,1000,0.2422027865385593,0.0007035500936596204,2.116084016952187,0.141,0.164,0.524,0.171
284,-183.70543736364917,590,0.24099650927363828,0.0006987087300950158,2.131266312707439,0.13389830508474576,0.14067796610169492,0.5694915254237288,0.15593220338983052
285,-128.60939326565716,63,0.2397962398043362,0.0006939006815727599,2.0839666026639065,0.5238095238095238,0.20634920634920634,0.14285714285714285,0.12698412698412698
286,-201.39986845019865,513,0.23860194820916716,0.0006891257188409008,2.0995831937085723,0.1189083820662768,0.15789473684210525,0.543859649122807,0.1793372319688109
287,-86.09702343247797,1000,0.2374136047156675,0.0006843836142250461,2.090582671909199,0.15,0.158,0.541,0.151
288,-290.943440453838,514,0.23623117969965363,0.000679674141617507,2.0776109096755095,0.1575875486381323,0.13813229571984437,0.5525291828793775,0.1517509727626459
289,-115.45378870146988,64,0.23505464368448353,0.0006749970764665174,2.0300813259511026,0.09375,0.40625,0.171875,0.328125
290,-292.7327142374812,627,0.23388396734032196,0.0006703521957655269,2.0401731162144903,0.1291866028708134,0.16108452950558214,0.5550239234449761,0.1547049441786284
291,-101.00288432408621,57,0.23271912148340923,0.000665739278042568,2.0830971995416756,0.3508771929824561,0.2631578947368421,0.15789473684210525,0.22807017543859648
292,-54.189323267609126,114,0.2315600770753337,0.0006611581033496956,2.0564874516165426,0.16666666666666666,0.23684210526315788,0.32456140350877194,0.2719298245614035
293,-194.0319119844827,612,0.2304068052223079,0.0006566084532525002,1.9916258884286064,0.09803921568627451,0.16176470588235295,0.5784313725490197,0.16176470588235295
294,0.24141980493090487,1000,0.22925927717444824,0.0006520901108196926,1.9993509360775705,0.122,0.181,0.523,0.174
295,-96.57687358825194,573,0.22811746432505836,0.0006476028606127603,2.0225331262770228,0.14485165794066318,0.1343804537521815,0.5741710296684118,0.14659685863874344
296,-69.05501904405152,1000,0.2269813382099158,0.0006431464886756951,2.0153872516849454,0.114,0.157,0.558,0.171
297,-242.4469776492252,444,0.2258508705065627,0.000638720782524792,2.0000134911361975,0.14189189189189189,0.2072072072072072,0.5112612612612613,0.13963963963963963
298,14.372424130312709,172,0.22472603303359945,0.0006343255311385171,2.011024205465425,0.12209302325581395,0.1686046511627907,0.4883720930232558,0.22093023255813954
299,-91.68720507205128,1000,0.2236067977499824,0.0006299605249474466,1.9989740547878092,0.125,0.154,0.562,0.159
300,-93.10576358998057,323,0.22249313675432472,0.0006256255558242739,2.0359950553118837,0.23529411764705882,0.1238390092879257,0.5479876160990712,0.09287925696594428
301,-191.4169383929746,216,0.22138502228420082,0.0006213204170738859,1.9909955012324176,0.21296296296296297,0.16203703703703703,0.4537037037037037,0.1712962962962963
302,-104.35604664601242,474,0.22028242671545434,0.000617044903423508,1.9954892596925389,0.14978902953586498,0.16877637130801687,0.5274261603375527,0.1540084388185654
303,-196.24638676943712,943,0.21918532256150944,0.0006127988110129158,2.043968916834657,0.13997879109225875,0.16755037115588547,0.5461293743372216,0.14634146341463414
304,1.9003069643378154,102,0.21809368247268562,0.0006085819373847157,2.0923136287300927,0.06862745098039216,0.22549019607843138,0.5098039215686274,0.19607843137254902
305,-233.6388972140511,89,0.21700747923551592,0.0006043940814746911,2.0515363261106114,0.5056179775280899,0.25842696629213485,0.11235955056179775,0.12359550561797752
306,-90.23161089247691,1000,0.2159266857720685,0.0006002350436022153,2.0322171218166276,0.132,0.138,0.581,0.149
307,-11.42707267081979,1000,0.21485127513927166,0.0005961046254607311,2.012614754912073,0.147,0.138,0.567,0.148
308,49.17803085767474,222,0.21378122052824208,0.0005920026301082949,2.0235526370440726,0.14864864864864866,0.12612612612612611,0.581081081081081,0.14414414414414414
309,-155.19473953590506,99,0.21271649526361663,0.0005879288619581864,1.9875059604654475,0.30303030303030304,0.30303030303030304,0.1919191919191919,0.20202020202020202
310,-140.09877336851832,74,0.21165707280288729,0.0005838831267695832,2.016360362299922,0.3783783783783784,0.36486486486486486,0.08108108108108109,0.17567567567567569
311,-52.40483132858478,139,0.2106029267357395,0.0005798652316382989,1.9776033446026495,0.09352517985611511,0.26618705035971224,0.5251798561151079,0.11510791366906475
312,-108.25056372742345,1000,0.20955403078339377,0.0005758749849875851,1.9637179229769537,0.191,0.21,0.478,0.121
313,-102.44294370127733,1000,0.2085103587979506,0.0005719121965589974,1.9401417101640075,0.228,0.169,0.412,0.191
314,199.3907495547845,677,0.20747188476173858,0.0005679766774033234,1.9719577820492238,0.27326440177252587,0.14918759231905465,0.41654357459379615,0.16100443131462333
315,-78.71945784336285,166,0.2064385827866659,0.0005640682398715733,1.9501232784029747,0.13855421686746988,0.1927710843373494,0.4879518072289157,0.18072289156626506
316,6.341446411808363,248,0.20541042711357488,0.0005601866976060327,1.9584604813326218,0.12903225806451613,0.17338709677419356,0.5201612903225806,0.1774193548387097
317,-42.41678870675693,121,0.2043873921115999,0.0005563318655313771,1.9440335676197928,0.15702479338842976,0.2396694214876033,0.39669421487603307,0.2066115702479339
318,-257.1164317583016,62,0.20336945227752837,0.0005525035598458474,1.94847950103706,0.0967741935483871,0.4838709677419355,0.25806451612903225,0.16129032258064516
319,212.844237776823,772,0.20235658223516506,0.0005487015980124855,1.9407838948040685,0.5880829015544041,0.08808290155440414,0.21373056994818654,0.11010362694300518
320,-214.76876696734035,740,0.2013487567346994,0.0005449257987504316,1.9180430997511873,0.1445945945945946,0.15135135135135136,0.4905405405405405,0.21351351351351353
321,-172.26781433716627,60,0.20034595065207608,0.0005411759820262798,1.954751265948679,0.15,0.4166666666666667,0.16666666666666666,0.26666666666666666
322,-39.470826612664865,295,0.19934813898836876,0.0005374519690454946,1.9101542020965923,0.12542372881355932,0.2033898305084746,0.5152542372881356,0.15593220338983052
323,-236.7010652913758,913,0.1983552968691568,0.000533753582243885,1.9018431188304694,0.12705366922234393,0.14676889375684557,0.5049288061336255,0.2212486308871851
324,259.54405021450066,354,0.1973673995439052,0.0005300806452791393,1.8938867758141855,0.4096045197740113,0.09322033898305085,0.4067796610169492,0.0903954802259887
325,-220.07012583011982,89,0.19638442238534762,0.0005264329830224157,1.9378815464203607,0.38202247191011235,0.3146067415730337,0.14606741573033707,0.15730337078651685
326,-10.186838757674693,176,0.19540634088887243,0.0005228104215499929,1.904858367127428,0.10227272727272728,0.25,0.4602272727272727,0.1875
327,113.2546838429696,1000,0.1944331306719118,0.0005192127881349766,1.9093559370404452,0.557,0.135,0.179,0.129
328,-110.03344068816546,835,0.19346476747333397,0.0005156399112390642,1.9027865431058133,0.2311377245508982,0.1497005988023952,0.318562874251497,0.3005988023952096
329,102.5117946698541,1000,0.19250122715283827,0.0005120916205043656,1.8662818457101402,0.32,0.436,0.168,0.076
330,-185.53840272990215,76,0.19154248569035348,0.0005085677467452802,1.9008055859013842,0.11842105263157894,0.4342105263157895,0.27631578947368424,0.17105263157894737
331,-212.3811383891575,175,0.190588519185439,0.0005050681219404303,1.7919012079851087,0.16,0.21142857142857144,0.5028571428571429,0.12571428571428572
332,-38.38580639696501,190,0.18963930385668903,0.0005015925792246494,1.8047040449394487,0.09473684210526316,0.24736842105263157,0.4631578947368421,0.19473684210526315
333,-319.7204222154752,95,0.18869481604113966,0.000498140952881026,1.8435613329469693,0.10526315789473684,0.5157894736842106,0.10526315789473684,0.2736842105263158
334,250.66380642414273,446,0.1877550321936791,0.0004947130783330022,1.8258446479302666,0.3004484304932735,0.13452914798206278,0.4080717488789238,0.15695067264573992
335,153.29824286295874,1000,0.18681992888646057,0.0004913087921365264,1.8081672063538268,0.604,0.126,0.154,0.116
336,-190.5911621663306,96,0.18588948280831843,0.00048792793197226003,1.7566873248953094,0.125,0.4791666666666667,0.14583333333333334,0.25
337,-184.70519887320646,67,0.18496367076418696,0.0004845703366378385,1.7915892557250046,0.16417910447761194,0.5223880597014925,0.1044776119402985,0.208955223880597
338,-40.669917392361214,254,0.18404246967452215,0.0004812358460401845,1.773156287632002,0.12992125984251968,0.15354330708661418,0.5511811023622047,0.16535433070866143
339,228.85915713637237,560,0.18312585657472633,0.0004779243011878747,1.760942938909024,0.4107142857142857,0.14821428571428572,0.2839285714285714,0.15714285714285714
340,202.47129542503313,782,0.18221380861457573,0.00047463554418355894,1.8577678109663671,0.45524296675191817,0.14066496163682865,0.2531969309462916,0.15089514066496162
341,-86.51700239052532,81,0.18130630305765083,0.0004713694182164316,1.8213006216120493,0.08641975308641975,0.37037037037037035,0.2962962962962963,0.24691358024691357
342,-1.1168158573686071,224,0.18040331728076958,0.0004681257675547547,1.808952832134199,0.12053571428571429,0.17410714285714285,0.5357142857142857,0.16964285714285715
343,95.20737571036801,1000,0.17950482877342336,0.00046490443753843233,1.815083439277604,0.553,0.168,0.185,0.094
344,247.8682769430423,798,0.17861081513721588,0.00046170527457163656,1.8394344601518686,0.5526315789473685,0.11904761904761904,0.22431077694235588,0.10401002506265664
345,-213.75040026091114,69,0.17772125408530481,0.00045852812611548366,1.7636618254094598,0.18840579710144928,0.5072463768115942,0.17391304347826086,0.13043478260869565
346,-175.88217313485416,59,0.17683612344184615,0.00045537284068076107,1.7795589505225828,0.13559322033898305,0.5423728813559322,0.11864406779661017,0.2033898305084746
347,191.28781349592424,764,0.17595540114144145,0.0004522392678207041,1.7876844159088658,0.3324607329842932,0.15837696335078533,0.3206806282722513,0.18848167539267016
348,115.85808766296998,1000,0.17507906522858774,0.0004491272581238226,1.8261336309706833,0.594,0.086,0.176,0.144
349,-244.39747018879999,62,0.17420709385713018,0.00044603666320677695,1.8485635240231304,0.016129032258064516,0.6290322580645161,0.20967741935483872,0.14516129032258066
350,252.05301521642008,609,0.17333946528971744,0.0004429673357073028,1.8359971967197213,0.5041050903119869,0.16420361247947454,0.2134646962233169,0.11822660098522167
351,215.81440081876784,344,0.1724761578972599,0.00043991912927718486,1.8047092631945607,0.311046511627907,0.21511627906976744,0.34011627906976744,0.13372093023255813
352,-195.99919993416722,77,0.17161715015839032,0.00043689189857527903,1.771604462844425,0.1038961038961039,0.5454545454545454,0.1038961038961039,0.24675324675324675
353,11.715474014285206,261,0.1707624206589275,0.00043388549926058205,1.8065372425331072,0.16475095785440613,0.16091954022988506,0.5057471264367817,0.1685823754789272
354,-79.14962403446086,838,0.16991194809134227,0.0004308997879853495,1.834644043944029,0.3162291169451074,0.18257756563245822,0.30668257756563244,0.19451073985680192
355,-258.6620011727329,92,0.16906571125422645,0.0004279346223882607,1.7943053431298355,0.14130434782608695,0.4673913043478261,0.25,0.14130434782608695
356,-134.2398570536437,346,0.16822368905176427,0.00042498986108763085,1.7920130287104796,0.12427745664739884,0.14739884393063585,0.5606936416184971,0.1676300578034682
357,-366.12266003145163,306,0.16738586049320645,0.00042206536367466987,1.777608856478315,0.1111111111111111,0.11437908496732026,0.6437908496732027,0.13071895424836602
358,-235.3291076180979,78,0.16655220469234697,0.00041916099070678746,1.8364755418384822,0.28205128205128205,0.02564102564102564,0.24358974358974358,0.44871794871794873
359,233.15397252674845,482,0.1657227008670024,0.0004162766037009445,1.7911489309675563,0.35477178423236516,0.15352697095435686,0.2925311203319502,0.1991701244813278
360,-223.40034635361235,60,0.16489732833849374,0.00041341206512705,1.7719171892624719,0.06666666666666667,0.5833333333333334,0.25,0.1
361,-255.33122691897614,484,0.16407606653113102,0.00041056723840140346,1.8083703482783617,0.13636363636363635,0.19421487603305784,0.5206611570247934,0.1487603305785124
362,-350.80249168068474,93,0.16325889497170032,0.00040774198788018254,1.792515812878144,0.34408602150537637,0.11827956989247312,0.03225806451612903,0.5053763440860215
363,246.52213617690379,781,0.16244579328895342,0.00040493617885297545,1.770078039050658,0.6325224071702945,0.09346991037131883,0.18437900128040974,0.08962868117797695
364,24.883372148839698,135,0.16163674121309993,0.00040214967753635783,1.7561470666551136,0.05185185185185185,0.22962962962962963,0.5111111111111111,0.2074074074074074
365,211.80183956055737,565,0.16083171857530196,0.00039938235106751376,1.790046513463409,0.3292035398230089,0.16106194690265488,0.36991150442477877,0.13982300884955753
366,-145.94049955963413,154,0.16003070530717145,0.0003966340674979008,1.8169591623716397,0.1038961038961039,0.37662337662337664,0.34415584415584416,0.17532467532467533
367,-237.05201864785886,58,0.1592336814402698,0.0003939046957869587,1.8390307331444167,0.1724137931034483,0.5862068965517241,0.1724137931034483,0.06896551724137931
368,105.74796505678158,1000,0.15844062710561005,0.000391194105795861,1.7840572805214456,0.379,0.263,0.164,0.194
369,140.4941460733591,885,0.15765152253316161,0.00038850216828131004,1.781812963507261,0.2440677966101695,0.19887005649717515,0.3649717514124294,0.192090395480226
370,-342.17848714146965,77,0.15686634805135746,0.00038582875488937465,1.7145183458479756,0.09090909090909091,0.7012987012987013,0.025974025974025976,0.18181818181818182
371,-339.5238323886848,77,0.15608508408660363,0.00038317373814936997,1.6881633197508397,0.14285714285714285,0.5714285714285714,0.15584415584415584,0.12987012987012986
372,-16.331051748079503,239,0.15530771116279135,0.00038053699146777946,1.7271781064713325,0.14644351464435146,0.16736401673640167,0.502092050209205,0.18410041841004185
373,-240.85697906163992,54,0.15453420990081157,0.000377918389122219,1.7602289570092065,0.07407407407407407,0.7407407407407407,0.037037037037037035,0.14814814814814814
374,-321.0923904065935,84,0.1537645610180717,0.0003753178062554423,1.7185691584735185,0.2619047619047619,0.16666666666666666,0.08333333333333333,0.4880952380952381
375,-246.8136514990971,108,0.15299874532801508,0.00037273511886938744,1.7083042698059985,0.19444444444444445,0.46296296296296297,0.10185185185185185,0.24074074074074073
376,-357.6447102247183,65,0.15223674373964258,0.0003701702038192647,1.7313133981798052,0.18461538461538463,0.7076923076923077,0.07692307692307693,0.03076923076923077
377,-264.8218239446802,83,0.15147853725703672,0.0003676229388076849,1.7619376936996662,0.25301204819277107,0.18072289156626506,0.13253012048192772,0.43373493975903615
378,-306.0099881727917,81,0.1507241069788881,0.0003650932023788281,1.7425082648666155,0.16049382716049382,0.6049382716049383,0.08641975308641975,0.14814814814814814
379,-294.9756926309598,85,0.14997343409802424,0.00036258087391265236,1.7305631098630305,0.11764705882352941,0.5411764705882353,0.11764705882352941,0.2235294117647059
380,269.07557064715684,308,0.1492264999009407,0.00036008583361914274,1.7112924619247265,0.37662337662337664,0.11363636363636363,0.39285714285714285,0.11688311688311688
381,253.67883327199573,455,0.14848328576733458,0.0003576079625325995,1.7116925084196537,0.4857142857142857,0.1010989010989011,0.3142857142857143,0.0989010989010989
382,-203.4282411524246,60,0.14774377316964035,0.0003551471425059655,1.762291101075635,0.13333333333333333,0.5166666666666667,0.2,0.15
383,193.63858513053538,597,0.147007943672568,0.00035270325620519324,1.725650609345493,0.4639865996649916,0.10720268006700168,0.3165829145728643,0.11222780569514237
384,-177.7764846848269,85,0.14627577893264343,0.00035027618710364985,1.7048230073555815,0.23529411764705882,0.4,0.15294117647058825,0.21176470588235294
385,-9.21706003704604,166,0.14554726069775115,0.00034786581947656136,1.7365961344681802,0.04819277108433735,0.21686746987951808,0.5843373493975904,0.15060240963855423
386,-34.49436805999498,259,0.1448223708066793,0.0003454720383954946,1.6989700883327528,0.14285714285714285,0.16602316602316602,0.5444015444015444,0.14671814671814673
387,-351.7765057849675,91,0.14410109118866696,0.00034309472972287745,1.6658774756102275,0.1978021978021978,0.5604395604395604,0.08791208791208792,0.15384615384615385
388,-241.1999727350091,91,0.14338340386295353,0.0003407337801065566,1.6703389550594536,0.14285714285714285,0.23076923076923078,0.08791208791208792,0.5384615384615384
389,-42.1160247341721,224,0.1426692909383306,0.00033838907697439276,1.6972880218753323,0.09375,0.17857142857142858,0.5625,0.16517857142857142
390,-302.4654976747926,85,0.14195873461269595,0.00033606050852889326,1.7055031286855096,0.058823529411764705,0.25882352941176473,0.10588235294117647,0.5764705882352941
391,-252.3246014833753,54,0.14125171717260968,0.0003337479637418814,1.6958733560879482,0.3148148148148148,0.5370370370370371,0.05555555555555555,0.09259259259259259
392,-192.61607024200535,72,0.1405482209928527,0.00033145133234920243,1.6638535423328036,0.3611111111111111,0.08333333333333333,0.1527777777777778,0.4027777777777778
393,11.633651785193507,116,0.13984822853598727,0.0003291705048454662,1.7011523031960514,0.1724137931034483,0.19827586206896552,0.47413793103448276,0.15517241379310345
394,261.408120723186,345,0.13915172235191997,0.0003269053724788257,1.7241993700456881,0.3565217391304348,0.12753623188405797,0.37681159420289856,0.1391304347826087
395,-231.4842583922516,75,0.13845868507746648,0.0003246558272457919,1.6922875644985438,0.14666666666666667,0.5733333333333334,0.05333333333333334,0.22666666666666666
396,-80.72700573172897,165,0.1377690994359189,0.0003224217618860838,1.7289713734699734,0.20606060606060606,0.1696969696969697,0.49696969696969695,0.12727272727272726
397,-277.1146505417678,65,0.13708294823661493,0.00032020306987751433,1.7028449845505818,0.24615384615384617,0.5692307692307692,0.046153846153846156,0.13846153846153847
398,-302.27416269272874,91,0.13640021437450947,0.0003179996454309112,1.7372436557495943,0.37362637362637363,0.43956043956043955,0.01098901098901099,0.17582417582417584
399,-206.8439743635296,65,0.1357208808297481,0.0003158113834850728,1.74911868883015,0.3076923076923077,0.06153846153846154,0.13846153846153847,0.49230769230769234
400,241.36831471082897,317,0.13504493066724277,0.0003136381797017588,1.698617729145039,0.2302839116719243,0.15772870662460567,0.45110410094637227,0.1608832807570978
401,-250.11066530320755,84,0.13437234703624976,0.0003114799304607153,1.6712211585417136,0.17857142857142858,0.5238095238095238,0.08333333333333333,0.21428571428571427
402,-389.5503222697017,92,0.13370311316994946,0.0003093365328547338,1.6748723118454942,0.16304347826086957,0.17391304347826086,0.11956521739130435,0.5434782608695652
403,-58.590816866060685,102,0.1330372123850285,0.000307207884684745,1.680781618332589,0.16666666666666666,0.28431372549019607,0.39215686274509803,0.1568627450980392
404,-241.90732166696853,86,0.13237462808126377,0.0003050938844549454,1.706173023825133,0.046511627906976744,0.5465116279069767,0.1744186046511628,0.23255813953488372
405,-189.36885736595542,109,0.13171534374110866,0.0003029944313679582,1.6738470893356383,0.29357798165137616,0.28440366972477066,0.26605504587155965,0.1559633027522936
406,-282.4179494759419,53,0.13105934292928123,0.0003009094253200269,1.6199547562261485,0.1320754716981132,0.6792452830188679,0.03773584905660377,0.1509433962264151
407,-300.9735629220469,83,0.1304066092923546,0.00029883876689624264,1.7115912435092733,0.30120481927710846,0.4578313253012048,0.03614457831325301,0.20481927710843373
408,-165.91212443751905,73,0.12975712655834912,0.0002967823573658037,1.6906156478657801,0.3287671232876712,0.3698630136986301,0.136986301369863,0.1643835616438356
409,-7.624089942670011,187,0.12911087853632688,0.0002947400986773081,1.6875745134125215,0.11764705882352941,0.13903743315508021,0.5882352941176471,0.15508021390374332
410,97.8547148094402,1000,0.128467849115988,0.00029271189345407827,1.7121240090704823,0.297,0.397,0.188,0.118
411,-361.4685719102778,84,0.12782802226726903,0.0002906976449895182,1.6681310615945069,0.3333333333333333,0.40476190476190477,0.11904761904761904,0.14285714285714285
412,-244.69325549605955,77,0.12719138203994332,0.0002886972572425023,1.719583468774868,0.35064935064935066,0.4155844155844156,0.16883116883116883,0.06493506493506493
413,-300.3605683514735,98,0.1265579125632235,0.00028671063483279606,1.6303902586341157,0.37755102040816324,0.35714285714285715,0.04081632653061224,0.22448979591836735
414,-51.83545297986403,216,0.12592759804536563,0.00028473768303650834,1.6839436166126533,0.1574074074074074,0.125,0.5277777777777778,0.18981481481481483
415,215.2262090664227,669,0.1253004227732758,0.0002827783077815747,1.6766424501413677,0.4260089686098655,0.2571001494768311,0.20478325859491778,0.11210762331838565
416,-336.1594908861513,74,0.12467637111211817,0.0002808324156432722,1.7188878420096856,0.24324324324324326,0.4594594594594595,0.08108108108108109,0.21621621621621623
417,-7.773688411784136,221,0.12405542750492535,0.0002788999138397645,1.706222738317392,0.14479638009049775,0.15384615384615385,0.5203619909502263,0.18099547511312217
418,-223.13771363949218,62,0.12343757647221056,0.0002769807102276782,1.6977852744954032,0.12903225806451613,0.5483870967741935,0.1774193548387097,0.14516129032258066
419,-182.98718573479252,54,0.1228228026115817,0.00027507471329770924,1.7449456503167435,0.2777777777777778,0.4444444444444444,0.05555555555555555,0.2222222222222222
420,-349.669323308722,94,0.12221109059735742,0.0002731818321702598,1.6802497438894028,0.06382978723404255,0.24468085106382978,0.1702127659574468,0.5212765957446809
421,-15.131529027561498,249,0.12160242518018508,0.00027130197659110486,1.6770250108132188,0.12449799196787148,0.17269076305220885,0.4819277108433735,0.22088353413654618
422,-257.6386772500132,68,0.12099679118666054,0.00026943505692708896,1.6645460184053036,0.39705882352941174,0.058823529411764705,0.16176470588235295,0.38235294117647056
423,-286.5665590214686,98,0.12039417351894997,0.00026758098416185234,1.6550677176766961,0.20408163265306123,0.4387755102040816,0.09183673469387756,0.2653061224489796
424,-322.56330210944645,82,0.11979455715441345,0.0002657396698915866,1.6937533924604342,0.43902439024390244,0.13414634146341464,0.024390243902439025,0.4024390243902439
425,-250.60258488654074,69,0.11919792714523043,0.00026391102632081963,1.6594776762673664,0.3333333333333333,0.42028985507246375,0.14492753623188406,0.10144927536231885
426,-318.1560824089995,88,0.11860426861802718,0.0002620949662582292,1.6629381618104724,0.3068181818181818,0.1590909090909091,0.03409090909090909,0.5
427,-18.080552498454196,186,0.11801356677350594,0.0002602914031124857,1.653209046414057,0.12903225806451613,0.1774193548387097,0.46774193548387094,0.22580645161290322
428,-266.75006956157677,100,0.11742580688607601,0.00025850025088812364,1.6335544633811858,0.09,0.28,0.1,0.53
429,-271.3641656952545,150,0.11684097430348667,0.00025672142418144085,1.634058350455237,0.2,0.26,0.35333333333333333,0.18666666666666668
430,-247.62771215250322,55,0.1162590544464619,0.00025495483817642676,1.6335383643148078,0.4,0.36363636363636365,0.18181818181818182,0.05454545454545454
431,207.66229488262087,450,0.11568003280833696,0.00025320040864071813,1.682122867708964,0.5622222222222222,0.07333333333333333,0.2577777777777778,0.10666666666666667
432,-62.74698182151944,94,0.1151038949546967,0.00025145805192158273,1.708422284422969,0.23404255319148937,0.32978723404255317,0.26595744680851063,0.1702127659574468
433,-321.8508965588694,84,0.11453062652301578,0.00024972768494193085,1.6567188257362675,0.19047619047619047,0.4523809523809524,0.15476190476190477,0.20238095238095238
434,-121.29895161055664,54,0.1139602132223006,0.00024800922519635396,1.6939150155489389,0.14814814814814814,0.42592592592592593,0.1111111111111111,0.3148148148148148
435,-216.96982808805745,72,0.11339264083273302,0.00024630259074719086,1.7107675620921892,0.3333333333333333,0.2777777777777778,0.2361111111111111,0.1527777777777778
436,-283.7262978830426,74,0.11282789520531596,0.0002446077002206208,1.631462502542822,0.20270270270270271,0.4864864864864865,0.02702702702702703,0.28378378378378377
437,-272.14047773151924,96,0.11226596226152054,0.00024292447280278354,1.67049471278042,0.21875,0.23958333333333334,0.375,0.16666666666666666
438,-197.7589317153679,64,0.11170682799293526,0.00024125282823592606,1.648632468966818,0.21875,0.3125,0.265625,0.203125
439,-251.13659485365835,95,0.11115047846091669,0.00023959268681457576,1.6613136419888248,0.2,0.23157894736842105,0.16842105263157894,0.4
440,-349.24400908093725,87,0.11059689979624203,0.00023794396938174006,1.6638734992380462,0.1724137931034483,0.21839080459770116,0.05747126436781609,0.5517241379310345
441,-241.67389878620932,86,0.11004607819876336,0.00023630659732513216,1.6104135784254965,0.3372093023255814,0.1744186046511628,0.06976744186046512,0.4186046511627907
442,-344.6876187644523,83,0.1094979999370636,0.00023468049257342264,1.6574828027440272,0.060240963855421686,0.4819277108433735,0.2289156626506024,0.2289156626506024
443,-159.20044777863183,88,0.10895265134811426,0.00023306557759251707,1.6603692948631754,0.07954545454545454,0.42045454545454547,0.3181818181818182,0.18181818181818182
444,-216.86169746910178,82,0.10841001883693473,0.0002314617753818591,1.6298617277704535,0.2073170731707317,0.3902439024390244,0.24390243902439024,0.15853658536585366
445,-251.01375417550872,104,0.10787008887625348,0.00022986900947075884,1.6494793450269234,0.5288461538461539,0.23076923076923078,0.11538461538461539,0.125
446,-26.008037392576057,235,0.10733284800617075,0.00022828720391474694,1.6414769728034928,0.14893617021276595,0.1276595744680851,0.5531914893617021,0.1702127659574468
447,-37.2728431978835,166,0.10679828283382309,0.00022671628329195328,1.6155157915787073,0.13855421686746988,0.13855421686746988,0.5240963855421686,0.19879518072289157
448,-195.80157712905458,67,0.10626638003304942,0.00022515617269951084,1.650202214271635,0.13432835820895522,0.43283582089552236,0.3582089552238806,0.07462686567164178
449,-251.90785073647578,92,0.10573712634405887,0.00022360679774998437,1.6243783625671222,0.21739130434782608,0.44565217391304346,0.17391304347826086,0.16304347826086957
450,-228.37117582753856,84,0.10521050857310017,0.00022206808456782335,1.6834421193443652,0.23809523809523808,0.34523809523809523,0.19047619047619047,0.2261904761904762
451,-133.29923093584068,107,0.10468651359213282,0.0002205399597858397,1.7043143512881416,0.17757009345794392,0.29906542056074764,0.2897196261682243,0.2336448598130841
452,-336.5781699344791,65,0.10416512833849978,0.0002190223505417095,1.731375159152094,0.13846153846153847,0.5692307692307692,0.13846153846153847,0.15384615384615385
453,-61.61979610826285,202,0.1036463398146018,0.0002175151844744988,1.6703661113801984,0.0594059405940594,0.16336633663366337,0.5198019801980198,0.25742574257425743
454,-228.1980866356621,86,0.1031301350875735,0.00021601838972121353,1.7067237855171893,0.38372093023255816,0.3488372093023256,0.06976744186046512,0.19767441860465115
455,-251.10263669970877,53,0.10261650128896083,0.00021453189491337288,1.712484660894892,0.24528301886792453,0.5283018867924528,0.018867924528301886,0.20754716981132076
456,-198.28062934120626,54,0.10210542561440039,0.00021305562917360642,1.6937487303609176,0.3333333333333333,0.46296296296296297,0.07407407407407407,0.12962962962962962
457,-142.7088507501823,130,0.10159689532330018,0.00021158952211227465,1.7003192945500403,0.16153846153846155,0.12307692307692308,0.4230769230769231,0.2923076923076923
458,-218.29149591610633,90,0.10109089773852199,0.0002101335038241127,1.7104599344353915,0.3111111111111111,0.37777777777777777,0.08888888888888889,0.2222222222222222
459,-139.0933190748516,81,0.10058742024606539,0.00020868750488489723,1.6701199402362865,0.20987654320987653,0.3333333333333333,0.2839506172839506,0.1728395061728395
460,-149.65228764575937,82,0.10008645029475326,0.00020725145634813618,1.6831064753095721,0.36585365853658536,0.3048780487804878,0.18292682926829268,0.14634146341463414
461,-140.50783695199476,137,0.09958797539591889,0.00020582528974178143,1.6629849962331076,0.10218978102189781,0.18248175182481752,0.3722627737226277,0.34306569343065696
462,-45.20541411624909,223,0.0990919831230947,0.00020440893706496387,1.6608280464070786,0.14798206278026907,0.13901345291479822,0.5201793721973094,0.19282511210762332
463,-68.32557270208027,213,0.09859846111170241,0.00020300233078475116,1.6608343263002197,0.14553990610328638,0.15492957746478872,0.49295774647887325,0.20657276995305165
464,-197.7356674647956,85,0.09810739705874481,0.00020160540383292762,1.6509670041565956,0.17647058823529413,0.15294117647058825,0.16470588235294117,0.5058823529411764
465,-235.3993572334779,84,0.0976187787224991,0.00020021808960279643,1.6436513557126826,0.2976190476190476,0.4166666666666667,0.047619047619047616,0.23809523809523808
466,-231.10117919694858,90,0.09713259392221169,0.0001988403219460037,1.6799828798248857,0.1111111111111111,0.43333333333333335,0.2222222222222222,0.23333333333333334
467,-46.9912141120677,65,0.09664883053779448,0.00019747203516938454,1.6306057599866466,0.09230769230769231,0.3384615384615385,0.3384615384615385,0.23076923076923078
468,-204.22592158164514,63,0.09616747650952286,0.0001961131640318307,1.7168254182267642,0.14285714285714285,0.4444444444444444,0.14285714285714285,0.2698412698412698
469,-106.77362419228258,173,0.09568851983773495,0.00019476364374117975,1.7274937706865867,0.20809248554913296,0.12716763005780346,0.43352601156069365,0.23121387283236994
470,-89.38562951850687,164,0.09521194858253253,0.0001934234099511259,1.7106105001438356,0.14634146341463414,0.12195121951219512,0.5,0.23170731707317074
471,-248.38050766447301,68,0.09473775086348335,0.0001920923987581518,1.7153760373138438,0.27941176470588236,0.4264705882352941,0.04411764705882353,0.25
472,-221.44654888622046,105,0.09426591485932499,0.00019077054669848148,1.697376518724036,0.17142857142857143,0.37142857142857144,0.24761904761904763,0.20952380952380953
473,-401.6311634794378,100,0.09379642880767017,0.00018945779074505458,1.6867762508913342,0.2,0.19,0.12,0.49
474,-296.24784153092725,83,0.09332928100471348,0.00018815406830452095,1.6906126185205297,0.10843373493975904,0.3132530120481928,0.024096385542168676,0.5542168674698795
475,-180.70092486525473,92,0.09286445980493968,0.00018685931721425624,1.6785068627552695,0.32608695652173914,0.2826086956521739,0.25,0.14130434782608695
476,-218.93570265764748,93,0.09240195362083334,0.00018557347573939793,1.6766745725148409,0.10752688172043011,0.45161290322580644,0.17204301075268819,0.26881720430107525
477,-187.89280739389568,68,0.09194175092259001,0.0001842964825699017,1.6916320225791186,0.10294117647058823,0.4264705882352941,0.3235294117647059,0.14705882352941177
478,-137.9314039391322,153,0.09148384023782877,0.00018302827681761824,1.7006452031098251,0.1568627450980392,0.11764705882352941,0.43790849673202614,0.2875816993464052
479,-289.0922983846357,62,0.09102821015130624,0.00018176879801338986,1.6888620576395033,0.3709677419354839,0.4032258064516129,0.14516129032258066,0.08064516129032258
480,-181.9533414573994,80,0.09057484930463203,0.00018051798610416744,1.640923908845863,0.3125,0.175,0.0375,0.475
481,-202.07219518924887,77,0.09012374639598555,0.00017927578145014698,1.68311191212736,0.2857142857142857,0.36363636363636365,0.22077922077922077,0.12987012987012986
482,-226.19556659258825,69,0.08967489017983431,0.00017804212482192588,1.6859064039801648,0.043478260869565216,0.36231884057971014,0.37681159420289856,0.21739130434782608
483,-60.611848779168724,173,0.08922826946665352,0.00017681695739767893,1.7000930639361156,0.10404624277456648,0.2023121387283237,0.43352601156069365,0.26011560693641617
484,-235.54723958837832,90,0.08878387312264722,0.00017560022076035353,1.6750318433021387,0.3,0.3333333333333333,0.2111111111111111,0.15555555555555556
485,-76.28330941675874,172,0.0883416900694707,0.00017439185689488443,1.682278415719075,0.14534883720930233,0.1744186046511628,0.4127906976744186,0.26744186046511625
486,-306.2224865206115,74,0.08790170928395427,0.00017319180818542736,1.6739979108954288,0.04054054054054054,0.4189189189189189,0.36486486486486486,0.17567567567567569
487,-301.57759234994603,78,0.08746391979782855,0.000172000017412612,1.6975704633245472,0.48717948717948717,0.07692307692307693,0.0,0.4358974358974359
488,-218.40462751144423,99,0.08702831069745101,0.00017081642775081368,1.7731156091143396,0.24242424242424243,0.23232323232323232,0.3939393939393939,0.13131313131313133
489,-229.78005623021184,79,0.08659487112353387,0.00016964098276544382,1.784681283327615,0.13924050632911392,0.3924050632911392,0.22784810126582278,0.24050632911392406
490,-594.6904731694854,105,0.08616359027087342,0.00016847362641025915,1.74690794428419,0.047619047619047616,0.4095238095238095,0.2857142857142857,0.2571428571428571
491,-295.0800445849249,88,0.08573445738808068,0.00016731430302468933,1.752807023473332,0.1590909090909091,0.36363636363636365,0.3068181818181818,0.17045454545454544
492,-240.16008119370315,100,0.08530746177731334,0.00016616295733118305,1.72165372107996,0.23,0.33,0.24,0.2
493,-262.16686931445713,97,0.0848825927940091,0.0001650195344325723,1.7141288541249071,0.15463917525773196,0.4020618556701031,0.17525773195876287,0.26804123711340205
494,-16.0783784862016,152,0.08445983984662027,0.0001638839798094549,1.735556559324902,0.2236842105263158,0.13815789473684212,0.3815789473684211,0.2565789473684211
495,-156.9588358664819,87,0.0840391923963498,0.00016275623931759483,1.7077526860716945,0.11494252873563218,0.1839080459770115,0.4367816091954023,0.26436781609195403
496,-223.1266602430432,57,0.0836206399568885,0.00016163625918534075,1.7416808299409734,0.21052631578947367,0.42105263157894735,0.2807017543859649,0.08771929824561403
497,-174.9699887534478,61,0.08320417209415364,0.000160523986011062,1.7415234725076911,0.3770491803278688,0.32786885245901637,0.08196721311475409,0.21311475409836064
498,-425.2793526668189,109,0.08278977842602886,0.00015941936676060244,1.7329233139385332,0.06422018348623854,0.27522935779816515,0.21100917431192662,0.44954128440366975
499,-344.78583652800614,99,0.08237744862210536,0.00015832234876475164,1.701806954396815,0.0707070707070707,0.31313131313131315,0.42424242424242425,0.1919191919191919
500,-318.7033377233648,97,0.08196717240342434,0.0001572328797167337,1.7537647688408826,0.14432989690721648,0.31958762886597936,0.35051546391752575,0.18556701030927836
501,-337.39187449784833,109,0.08155893954222078,0.00015615090766971307,1.7466084006643177,0.11926605504587157,0.22018348623853212,0.26605504587155965,0.3944954128440367
502,-346.0075326472699,83,0.08115273986166843,0.00015507638103431782,1.7465601030301041,0.2289156626506024,0.25301204819277107,0.3253012048192771,0.1927710843373494
503,-208.86765816747982,73,0.08074856323562621,0.00015400924857617972,1.706735896986496,0.2465753424657534,0.3424657534246575,0.2328767123287671,0.1780821917808219
504,-230.80360257448555,83,0.08034639958838564,0.00015294945941349137,1.699377250041688,0.1927710843373494,0.37349397590361444,0.25301204819277107,0.18072289156626506
505,-230.48422969893798,77,0.0799462388944198,0.00015189696301458008,1.6814064259354407,0.09090909090909091,0.42857142857142855,0.24675324675324675,0.23376623376623376
506,-139.59603105199528,104,0.07954807117813331,0.00015085170919549855,1.7319618250214848,0.15384615384615385,0.3076923076923077,0.34615384615384615,0.19230769230769232
507,-215.8969708411874,58,0.07915188651361367,0.00014981364811763202,1.7035528384889982,0.05172413793103448,0.43103448275862066,0.3620689655172414,0.15517241379310345
508,-163.92730951420023,81,0.07875767502438383,0.00014878273028532185,1.7135819134269468,0.09876543209876543,0.37037037037037035,0.2222222222222222,0.30864197530864196
509,-263.15464655546145,72,0.078365426883156,0.00014775890654350563,1.7098475825143034,0.3194444444444444,0.2777777777777778,0.2638888888888889,0.1388888888888889
510,-159.1589302946843,60,0.07797513231158659,0.00014674212807537336,1.7815035044899128,0.08333333333333333,0.26666666666666666,0.2,0.45
511,-164.55321031416932,67,0.07758678158003256,0.00014573234640003987,1.7913411992356776,0.11940298507462686,0.19402985074626866,0.3582089552238806,0.3283582089552239
512,-441.3902442673898,97,0.07720036500730874,0.00014472951337023314,1.7601071304699738,0.28865979381443296,0.13402061855670103,0.15463917525773196,0.422680412371134
513,-238.5692961539255,86,0.07681587296044662,0.00014373358116999866,1.77846602407747,0.26744186046511625,0.32558139534883723,0.20930232558139536,0.19767441860465115
514,-268.9418784593384,61,0.07643329585445409,0.0001427445023124195,1.796633573135175,0.09836065573770492,0.4918032786885246,0.22950819672131148,0.18032786885245902
515,-166.93532125739048,78,0.07605262415207657,0.0001417622296373521,1.7753402491835761,0.32051282051282054,0.16666666666666666,0.16666666666666666,0.34615384615384615
516,-363.8065406337278,88,0.07567384836355925,0.00014078671630917759,1.7915297442451743,0.2727272727272727,0.22727272727272727,0.13636363636363635,0.36363636363636365
517,-280.5022370798391,88,0.0752969590464105,0.0001398179158145687,1.7752038328701738,0.375,0.19318181818181818,0.056818181818181816,0.375
518,-283.5967372582203,91,0.07492194680516646,0.00013885578196027188,1.7616558118634096,0.24175824175824176,0.3626373626373626,0.12087912087912088,0.27472527472527475
519,-95.91099731589567,191,0.07454880229115689,0.0001379002688709049,1.7561288914076436,0.06806282722513089,0.17277486910994763,0.5130890052356021,0.24607329842931938
520,-176.38916500685758,64,0.07417751620227203,0.00013695133098676928,1.764381602958435,0.046875,0.375,0.21875,0.359375
521,-198.6801361009683,87,0.07380807928273078,0.00013600892306167813,1.7219054551713355,0.27586206896551724,0.3103448275862069,0.21839080459770116,0.19540229885057472
522,-156.55167456937124,72,0.07344048232284993,0.0001350730001607987,1.7485669333937066,0.05555555555555555,0.4027777777777778,0.3472222222222222,0.19444444444444445
523,-231.46684338916708,60,0.07307471615881456,0.00013414351765850981,1.7864701164676025,0.15,0.31666666666666665,0.26666666666666666,0.26666666666666666
524,-246.24486269580083,98,0.0727107716724496,0.00013322043123627418,1.7549712864566827,0.16326530612244897,0.3877551020408163,0.16326530612244897,0.2857142857142857
525,-476.56301993372864,92,0.07234863979099258,0.00013230369688052517,1.73073564247793,0.30434782608695654,0.14130434782608695,0.10869565217391304,0.44565217391304346
526,-180.75973471244012,79,0.07198831148686739,0.00013139327088056821,1.7771573557714861,0.27848101265822783,0.27848101265822783,0.3924050632911392,0.05063291139240506
527,-265.99297331952323,72,0.07162977777745924,0.00013048910982649668,1.7755731352543829,0.05555555555555555,0.4166666666666667,0.2638888888888889,0.2638888888888889
528,-100.07227893211413,168,0.07127302972489075,0.00012959117060712202,1.760649581548891,0.15476190476190477,0.1130952380952381,0.48214285714285715,0.25
529,-398.6536023869557,93,0.07091805843579913,0.00012869941040791818,1.7504389841529224,0.24731182795698925,0.22580645161290322,0.0967741935483871,0.43010752688172044
530,-204.5872142405659,102,0.07056485506111447,0.00012781378670898022,1.7541668520834595,0.14705882352941177,0.35294117647058826,0.20588235294117646,0.29411764705882354
531,-234.97962460039042,84,0.07021341079583919,0.00012693425728299684,1.7672614629580232,0.2857142857142857,0.3333333333333333,0.21428571428571427,0.16666666666666666
532,-267.08951295566783,57,0.06986371687882846,0.00012606078019323702,1.7753088422892258,0.19298245614035087,0.3333333333333333,0.19298245614035087,0.2807017543859649
533,-176.82020009169673,84,0.06951576459257186,0.00012519331379155045,1.8425567360704653,0.17857142857142858,0.34523809523809523,0.21428571428571427,0.2619047619047619
534,-23.771047062807412,187,0.06916954526297603,0.0001243318167163816,1.8463887771082395,0.11229946524064172,0.23529411764705882,0.3850267379679144,0.26737967914438504
535,-190.71826698983247,91,0.06882505025914844,0.00012347624789079773,1.8123596089849128,0.18681318681318682,0.32967032967032966,0.23076923076923078,0.25274725274725274
536,-215.24260013947426,66,0.06848227099318223,0.00012262656652053014,1.7840348412179117,0.07575757575757576,0.24242424242424243,0.25757575757575757,0.42424242424242425
537,-180.2019977253056,76,0.06814119891994212,0.00012178273209202919,1.8336205668569188,0.15789473684210525,0.3157894736842105,0.32894736842105265,0.19736842105263158
538,-20.557188231109436,86,0.06780182553685142,0.00012094470437053251,1.804119799402634,0.11627906976744186,0.23255813953488372,0.2558139534883721,0.3953488372093023
539,-213.78222706851471,55,0.06746414238368,0.00012011244339814657,1.805044384381559,0.43636363636363634,0.2,0.21818181818181817,0.14545454545454545
540,-285.04428304413335,111,0.06712814104233344,0.00011928590949194152,1.8103155948359337,0.11711711711711711,0.24324324324324326,0.3153153153153153,0.32432432432432434
541,-285.7368113769196,91,0.06679381313664319,0.000118465063242059,1.802449412990052,0.17582417582417584,0.32967032967032966,0.21978021978021978,0.27472527472527475
542,-41.7909734224921,85,0.0664611503321577,0.00011764986550983303,1.8243902012884672,0.10588235294117647,0.3411764705882353,0.3764705882352941,0.17647058823529413
543,-291.412371140632,73,0.06613014433593471,0.00011684027742592396,1.8050147830327659,0.2602739726027397,0.2191780821917808,0.0136986301369863,0.5068493150684932
544,-269.9132127923202,66,0.06580078689633446,0.00011603626038846503,1.80055496391097,0.15151515151515152,0.21212121212121213,0.030303030303030304,0.6060606060606061
545,-214.40762931449098,66,0.06547306980281405,0.00011523777606122184,1.789361310688106,0.12121212121212122,0.30303030303030304,0.3181818181818182,0.25757575757575757
546,-265.58309740925586,71,0.0651469848857227,0.00011444478637176445,1.816480816257637,0.43661971830985913,0.16901408450704225,0.2112676056338028,0.18309859154929578
547,-228.4545463606479,62,0.0648225240160981,0.00011365725350965203,1.805901887696202,0.03225806451612903,0.3709677419354839,0.3064516129032258,0.2903225806451613
548,-140.31759224405,89,0.06449967910546381,0.00011287513992463008,1.7962518095194784,0.12359550561797752,0.34831460674157305,0.3707865168539326,0.15730337078651685
549,-150.33810682241176,73,0.06417844210562758,0.00011209840832483992,1.7495026853739544,0.136986301369863,0.2876712328767123,0.3561643835616438,0.2191780821917808
550,-364.00695902002104,103,0.0638588050084807,0.00011132702167504067,1.790776800858488,0.2524271844660194,0.2912621359223301,0.21359223300970873,0.24271844660194175
551,-175.05702443504464,73,0.06354075984579843,0.00011056094319484329,1.8033478027570382,0.1780821917808219,0.1506849315068493,0.3698630136986301,0.3013698630136986
552,-295.13761042445583,84,0.0632242986890413,0.00010980013635695692,1.7613503384996605,0.4523809523809524,0.10714285714285714,0.05952380952380952,0.38095238095238093
553,-360.0754278920857,205,0.06290941364915748,0.00010904456488544722,1.7817572443131262,0.14146341463414633,0.23902439024390243,0.36097560975609755,0.25853658536585367
554,-225.61670847814037,84,0.06259609687638612,0.00010829419275400668,1.7730289086997102,0.05952380952380952,0.2857142857142857,0.32142857142857145,0.3333333333333333
555,-199.15517707933765,63,0.06228434056006167,0.00010754898418423684,1.868190832775628,0.15873015873015872,0.3492063492063492,0.2698412698412698,0.2222222222222222
556,-165.0310307667001,95,0.061974136928419146,0.00010680890364394243,1.8888179110663876,0.2,0.3368421052631579,0.23157894736842105,0.23157894736842105
557,-317.1346304327326,84,0.06166547824840039,0.00010607391584543704,1.8204024564261243,0.11904761904761904,0.2619047619047619,0.3333333333333333,0.2857142857142857
558,-174.82223620082488,58,0.061358356825461334,0.00010534398574386068,1.8506590986164142,0.22413793103448276,0.22413793103448276,0.27586206896551724,0.27586206896551724
559,-176.70815181790542,74,0.06105276500338012,0.00010461907853550873,1.8544074485037263,0.12162162162162163,0.32432432432432434,0.4189189189189189,0.13513513513513514
560,-220.8000945992367,75,0.06074869516406628,0.00010389915965617252,1.8288433271022242,0.13333333333333333,0.30666666666666664,0.30666666666666664,0.25333333333333335
561,-361.570293944038,97,0.06044613972737082,0.00010318419477949128,1.8578643906672136,0.17525773195876287,0.23711340206185566,0.18556701030927836,0.4020618556701031
562,-190.49250905446456,83,0.060145091150897244,0.00010247414981531538,1.83039297561603,0.25301204819277107,0.2289156626506024,0.30120481927710846,0.21686746987951808
563,-225.54277022661392,94,0.059845541929813534,0.00010176899090808095,1.8386760072134387,0.0851063829787234,0.32978723404255317,0.2765957446808511,0.30851063829787234
564,-27.87155925210645,196,0.05954748459666506,0.00010106868443519556,1.8448711298976863,0.14285714285714285,0.20408163265306123,0.37755102040816324,0.2755102040816326
565,-586.1075501808659,121,0.05925091172118844,0.00010037319700543509,1.8209643726469187,0.1652892561983471,0.4214876033057851,0.2975206611570248,0.11570247933884298
566,-241.02394074469484,82,0.058955815910126275,9.968249545735159e-05,1.8050519334795314,0.17073170731707318,0.2682926829268293,0.08536585365853659,0.47560975609756095
567,-190.42800458985255,104,0.05866218980704289,9.899654685769216e-05,1.8115921094963656,0.04807692307692308,0.25,0.34615384615384615,0.3557692307692308
568,-228.27259343981467,76,0.058370026092140904,9.83153184998286e-05,1.8563015043844977,0.19736842105263158,0.35526315789473684,0.18421052631578946,0.2631578947368421
569,-350.0674376519845,76,0.058079317482078785,9.763877790219797e-05,1.8360623370679143,0.2894736842105263,0.39473684210526316,0.18421052631578946,0.13157894736842105
570,-156.19101620914768,72,0.05779005672978926,9.696689280675384e-05,1.8261756128467894,0.3194444444444444,0.1111111111111111,0.2916666666666667,0.2777777777777778
571,-253.3808818343943,82,0.05750223662429868,9.629963117742819e-05,1.8158025777407143,0.4268292682926829,0.12195121951219512,0.10975609756097561,0.34146341463414637
572,-431.3590477783551,92,0.05721584999054722,9.563696119860388e-05,1.822487383485967,0.2391304347826087,0.22826086956521738,0.21739130434782608,0.31521739130434784
573,-446.77161072785105,109,0.056930889689210055,9.49788512735977e-05,1.8327762031663761,0.29357798165137616,0.1559633027522936,0.13761467889908258,0.41284403669724773
574,-335.5493634631641,83,0.05664734861651935,9.432527002315378e-05,1.8067363296015337,0.25301204819277107,0.1566265060240964,0.10843373493975904,0.4819277108433735
575,-206.67837377030622,68,0.056365219704087186,9.36761862839474e-05,1.8095758736205352,0.14705882352941177,0.2647058823529412,0.29411764705882354,0.29411764705882354
576,-50.775544989718384,91,0.056084495918729355,9.303156910709912e-05,1.8625107689359988,0.14285714285714285,0.14285714285714285,0.32967032967032966,0.38461538461538464
577,-235.3564185493859,72,0.05580517026229002,9.239138775669905e-05,1.880263190171406,0.20833333333333334,0.3194444444444444,0.25,0.2222222222222222
578,-174.54204434857104,82,0.05552723577146726,9.175561170834144e-05,1.9661909663484094,0.036585365853658534,0.3048780487804878,0.2682926829268293,0.3902439024390244
579,-169.38273435625663,96,0.055250685517639495,9.112421064766915e-05,1.877692556181944,0.3020833333333333,0.25,0.25,0.19791666666666666
580,-111.50264344881072,88,0.05497551260669274,9.049715446892829e-05,1.9153764736199064,0.03409090909090909,0.2840909090909091,0.3977272727272727,0.2840909090909091
581,-300.71533216759144,73,0.05470171017884877,8.98744132735327e-05,1.9061593566513109,0.1780821917808219,0.273972602739726,0.0136986301369863,0.5342465753424658
582,-263.30477704242975,69,0.05442927140849408,8.925595736863845e-05,1.925385238716869,0.17391304347826086,0.3188405797101449,0.21739130434782608,0.2898550724637681
583,-232.10466529792387,78,0.05415818950400976,8.864175726572796e-05,1.9212294046280902,0.1282051282051282,0.3333333333333333,0.21794871794871795,0.32051282051282054
584,-214.80559660230938,64,0.053888457707602165,8.803178367920401e-05,1.9161949323088323,0.015625,0.359375,0.34375,0.28125
585,-132.11960546150522,94,0.05362006929513446,8.742600752499338e-05,1.8956694774339187,0.07446808510638298,0.3404255319148936,0.3404255319148936,0.24468085106382978
586,-173.8708136090214,89,0.05335301757595899,8.682439991916009e-05,1.8670617133060656,0.12359550561797752,0.24719101123595505,0.3707865168539326,0.25842696629213485
587,-44.663957066913646,200,0.053087295892750505,8.622693217652819e-05,1.909888884253281,0.195,0.165,0.41,0.23
588,-208.3515902451611,54,0.052822897621340174,8.563357580931399e-05,1.9312009784671074,0.18518518518518517,0.3148148148148148,0.18518518518518517,0.3148148148148148
589,-175.54294068178447,69,0.052559816170550465,8.504430252576783e-05,1.895182398092518,0.17391304347826086,0.2753623188405797,0.2463768115942029,0.30434782608695654
590,-228.51707116730364,61,0.05229804498203084,8.445908422882499e-05,1.8630077570125292,0.19672131147540983,0.2786885245901639,0.22950819672131148,0.29508196721311475
591,-198.28644616835183,59,0.05203757753009425,8.387789301476607e-05,1.9046424129717463,0.01694915254237288,0.3728813559322034,0.2542372881355932,0.3559322033898305
592,-162.87291476721694,58,0.051778407321554455,8.33007011718865e-05,1.8697785758567738,0.3103448275862069,0.22413793103448276,0.15517241379310345,0.3103448275862069
593,-417.809241972643,92,0.05152052789556417,8.272748117917522e-05,1.9085067447143214,0.358695652173913,0.09782608695652174,0.11956521739130435,0.42391304347826086
594,-145.01955625115698,98,0.051263932823453984,8.215820570500247e-05,1.8611534710133015,0.20408163265306123,0.25510204081632654,0.2653061224489796,0.2755102040816326
595,-221.78789752206532,104,0.051008615708572125,8.159284760581654e-05,1.8800859464231938,0.11538461538461539,0.2692307692307692,0.3942307692307692,0.22115384615384615
596,-300.05389217337057,113,0.050754570186124975,8.10313799248496e-05,1.8889316389456805,0.02654867256637168,0.37168141592920356,0.23893805309734514,0.36283185840707965
597,-172.72424182131996,62,0.0505017899230184,8.047377589083238e-05,1.8861422206968432,0.2903225806451613,0.24193548387096775,0.27419354838709675,0.1935483870967742
598,-222.82636161732302,90,0.050250268617699906,7.992000891671763e-05,1.8529786832867663,0.1111111111111111,0.14444444444444443,0.25555555555555554,0.4888888888888889
599,-164.53303389475755,97,0.05000000000000151,7.93700525984125e-05,1.8969543127092232,0.14432989690721648,0.3402061855670103,0.25773195876288657,0.25773195876288657
600,-197.98044254208617,78,0.05,7.882388071351953e-05,1.8654110944202353,0.038461538461538464,0.32051282051282054,0.41025641025641024,0.23076923076923078
601,-149.13522055278784,116,0.05,7.828146722008633e-05,2.04070037897718,0.034482758620689655,0.1810344827586207,0.33620689655172414,0.4482758620689655
602,-165.71756532965367,104,0.05,7.77427862553639e-05,1.9745455984367994,0.019230769230769232,0.19230769230769232,0.34615384615384615,0.4423076923076923
603,-203.2236335091705,66,0.05,7.720781213457351e-05,1.9537441567727312,0.06060606060606061,0.3787878787878788,0.18181818181818182,0.3787878787878788
604,-202.8015173405471,71,0.05,7.667651934968192e-05,1.9414178461154892,0.11267605633802817,0.30985915492957744,0.2535211267605634,0.323943661971831
605,-181.8821344777964,89,0.05,7.614888256818525e-05,2.0109370061247342,0.11235955056179775,0.33707865168539325,0.21348314606741572,0.33707865168539325
606,-38.93254691720841,94,0.05,7.562487663190101e-05,1.9361801484004884,0.1276595744680851,0.26595744680851063,0.4148936170212766,0.19148936170212766
607,-293.0963882061842,86,0.05,7.510447655576865e-05,1.9263442614352628,0.05813953488372093,0.32558139534883723,0.11627906976744186,0.5
608,-32.977247277060044,99,0.05,7.45876575266581e-05,1.978169779270584,0.0,0.26262626262626265,0.2828282828282828,0.45454545454545453
609,-216.45164605458092,90,0.05,7.407439490218681e-05,1.9665821123953657,0.2,0.24444444444444444,0.3,0.25555555555555554
610,-50.68838450286353,100,0.05,7.356466420954464e-05,1.9737067714421326,0.09,0.24,0.4,0.27
611,-323.8756643841516,87,0.05,7.30584411443271e-05,1.955844589688368,0.1839080459770115,0.2988505747126437,0.20689655172413793,0.3103448275862069
612,-295.949248039957,79,0.05,7.255570156937642e-05,1.968769560189106,0.379746835443038,0.1518987341772152,0.05063291139240506,0.4177215189873418
613,16.503158921757674,107,0.05,7.205642151363067e-05,1.9400729019437668,0.09345794392523364,0.19626168224299065,0.27102803738317754,0.4392523364485981
614,-161.21374432239867,137,0.05,7.156057717098084e-05,1.9688283476998225,0.08759124087591241,0.22627737226277372,0.41605839416058393,0.27007299270072993
615,-239.8920223041868,148,0.05,7.10681448991357e-05,1.9524259797704864,0.12837837837837837,0.22297297297297297,0.28378378378378377,0.36486486486486486
616,-274.71304336670477,121,0.05,7.057910121849457e-05,1.9620464881857096,0.2727272727272727,0.1487603305785124,0.2066115702479339,0.371900826446281
617,-213.532507175077,54,0.05,7.009342281102772e-05,1.9527366483147068,0.037037037037037035,0.3888888888888889,0.2222222222222222,0.35185185185185186
618,-235.58136911840043,117,0.05,6.96110865191646e-05,1.9418412653052475,0.017094017094017096,0.3333333333333333,0.3076923076923077,0.3418803418803419
619,-245.3417899585309,112,0.05,6.913206934468965e-05,1.9738321846526934,0.14285714285714285,0.20535714285714285,0.25,0.4017857142857143
620,-306.62283660065196,73,0.05,6.865634844764571e-05,1.9454465017311273,0.0821917808219178,0.3287671232876712,0.2465753424657534,0.3424657534246575
621,-152.87840654708955,120,0.05,6.818390114524503e-05,2.0452549212812112,0.041666666666666664,0.175,0.25,0.5333333333333333
622,-324.0110673376179,100,0.05,6.771470491078771e-05,2.051838806021307,0.08,0.26,0.21,0.45
623,-202.06622628110512,74,0.05,6.724873737258758e-05,2.0180629012328226,0.10810810810810811,0.25675675675675674,0.3783783783783784,0.25675675675675674
624,-236.5931263747404,91,0.05,6.678597631290557e-05,2.0207646629910303,0.07692307692307693,0.32967032967032966,0.31868131868131866,0.27472527472527475
625,-235.9754999150706,208,0.05,6.632639966689026e-05,2.0336819658804473,0.2932692307692308,0.1201923076923077,0.39903846153846156,0.1875
626,-280.89879044357593,95,0.05,6.586998552152588e-05,2.049178517776085,0.12631578947368421,0.2631578947368421,0.24210526315789474,0.3684210526315789
627,-196.03464682196199,91,0.05,6.541671211458746e-05,2.0236769619594126,0.14285714285714285,0.3516483516483517,0.12087912087912088,0.38461538461538464
628,-201.53469260748986,64,0.05,6.496655783360315e-05,2.036119652259102,0.09375,0.3125,0.25,0.34375
629,-203.08233601438667,95,0.05,6.451950121482378e-05,2.0235331739086124,0.05263157894736842,0.4,0.16842105263157894,0.37894736842105264
630,-204.1825580742381,100,0.05,6.40755209421994e-05,1.9981064102222463,0.08,0.27,0.31,0.34
631,-313.86518109432626,92,0.05,6.363459584636293e-05,2.0230838318892803,0.16304347826086957,0.25,0.15217391304347827,0.43478260869565216
632,-181.9073035083631,105,0.05,6.319670490362081e-05,2.020046234570794,0.17142857142857143,0.34285714285714286,0.18095238095238095,0.3047619047619048
633,-218.3090010835864,90,0.05,6.276182723495052e-05,2.0439447818576713,0.13333333333333333,0.25555555555555554,0.34444444444444444,0.26666666666666666
634,-8.775148564207711,104,0.05,6.23299421050051e-05,2.0154235583999007,0.09615384615384616,0.27884615384615385,0.2980769230769231,0.3269230769230769
635,-248.19716007083048,82,0.05,6.190102892112444e-05,2.0273930917759917,0.04878048780487805,0.3048780487804878,0.3170731707317073,0.32926829268292684
636,-242.11507527664907,107,0.05,6.147506723235341e-05,2.0145401297221968,0.1588785046728972,0.35514018691588783,0.19626168224299065,0.2897196261682243
637,-179.58483368209048,66,0.05,6.105203672846676e-05,2.0207749706311833,0.10606060606060606,0.2878787878787879,0.2727272727272727,0.3333333333333333
638,-163.7943385717134,84,0.05,6.0631917239000664e-05,1.9953485100324901,0.07142857142857142,0.34523809523809523,0.32142857142857145,0.2619047619047619
639,-234.35585588054514,112,0.05,6.0214688732291044e-05,2.023594327212017,0.0625,0.375,0.1875,0.375
640,-140.40338872814533,70,0.05,5.980033131451837e-05,2.033162585702359,0.05714285714285714,0.3,0.38571428571428573,0.2571428571428571
641,-169.36294108694466,78,0.05,5.938882522875917e-05,1.9978092349592675,0.358974358974359,0.10256410256410256,0.28205128205128205,0.2564102564102564
642,-320.8941337936985,139,0.05,5.8980150854043945e-05,2.1782045998042214,0.17985611510791366,0.2014388489208633,0.11510791366906475,0.5035971223021583
643,-215.2981460265599,104,0.05,5.857428870442166e-05,2.1442607984086313,0.15384615384615385,0.11538461538461539,0.25961538461538464,0.47115384615384615
644,-176.68115907137616,94,0.05,5.8171219428030646e-05,2.123904724237978,0.0,0.24468085106382978,0.32978723404255317,0.425531914893617
645,-213.30720367439352,89,0.05,5.777092380617584e-05,2.124219799989302,0.2808988764044944,0.15730337078651685,0.29213483146067415,0.2696629213483146
646,-206.7300391557388,67,0.05,5.737338275241247e-05,2.1406767452836912,0.029850746268656716,0.31343283582089554,0.26865671641791045,0.3880597014925373
647,-195.77347632454348,101,0.05,5.697857731163596e-05,2.1160329554765176,0.039603960396039604,0.21782178217821782,0.31683168316831684,0.42574257425742573
648,17.00431727224847,104,0.05,5.6586488659178155e-05,2.091831811077255,0.10576923076923077,0.3173076923076923,0.27884615384615385,0.2980769230769231
649,-298.7604712194727,83,0.05,5.619709809990975e-05,2.084368448464825,0.2289156626506024,0.1566265060240964,0.25301204819277107,0.3614457831325301
650,-163.18779873525395,81,0.05,5.581038706734888e-05,2.105460842889574,0.13580246913580246,0.16049382716049382,0.345679012345679,0.35802469135802467
651,-233.2699356669782,142,0.05,5.542633712277583e-05,2.1119731545667113,0.04225352112676056,0.31690140845070425,0.323943661971831,0.31690140845070425
652,-140.28565262334877,68,0.05,5.5044929954353904e-05,2.10419937139925,0.029411764705882353,0.2647058823529412,0.3382352941176471,0.36764705882352944
653,-218.08996352853023,98,0.05,5.4666147376256274e-05,2.10273338362525,0.05102040816326531,0.336734693877551,0.21428571428571427,0.3979591836734694
654,-123.34119836173946,85,0.05,5.428997132779887e-05,2.1129101349587804,0.08235294117647059,0.29411764705882354,0.3411764705882353,0.2823529411764706
655,-210.5602656341955,130,0.05,5.3916383872579235e-05,2.107919245398888,0.1076923076923077,0.27692307692307694,0.36923076923076925,0.24615384615384617
656,-324.65036829775534,101,0.05,5.35453671976213e-05,2.0957104713429193,0.26732673267326734,0.1782178217821782,0.1188118811881188,0.43564356435643564
657,-246.34408698585077,108,0.05,5.3176903612526025e-05,2.1067765958694853,0.0,0.3425925925925926,0.25925925925925924,0.39814814814814814
658,-131.94261732054088,74,0.05,5.2810975548627954e-05,2.066221237182412,0.0,0.2972972972972973,0.2702702702702703,0.43243243243243246
659,-260.66367557297315,141,0.05,5.244756555815747e-05,2.120104771531172,0.04964539007092199,0.3475177304964539,0.2553191489361702,0.3475177304964539
660,-198.7656871416524,139,0.05,5.208665631340891e-05,2.1064069741355116,0.02158273381294964,0.302158273381295,0.4028776978417266,0.2733812949640288
661,-143.7396224182048,68,0.05,5.172823060591434e-05,2.1132548233446293,0.014705882352941176,0.27941176470588236,0.35294117647058826,0.35294117647058826
662,-214.44884287182123,68,0.05,5.137227134562306e-05,2.2732961620679752,0.08823529411764706,0.3235294117647059,0.14705882352941177,0.4411764705882353
663,-199.93966043356932,115,0.05,5.1018761560086726e-05,2.2424637035056847,0.13043478260869565,0.25217391304347825,0.08695652173913043,0.5304347826086957
664,-293.62733546824745,106,0.05,5.0667684393650084e-05,2.1906445724242016,0.04716981132075472,0.3018867924528302,0.08490566037735849,0.5660377358490566
665,-5.842405284372006,88,0.05,5.031902310664729e-05,2.227355830704957,0.03409090909090909,0.29545454545454547,0.3068181818181818,0.36363636363636365
666,-209.6818659547912,68,0.05,4.9972761074603725e-05,2.270575805149761,0.014705882352941176,0.3235294117647059,0.20588235294117646,0.45588235294117646
667,31.35469405082617,93,0.05,4.962888178744336e-05,2.1899049250936673,0.053763440860215055,0.24731182795698925,0.40860215053763443,0.2903225806451613
668,-291.58284719378366,114,0.05,4.928736884870152e-05,2.189335663935782,0.2631578947368421,0.11403508771929824,0.2807017543859649,0.34210526315789475
669,-86.11214003782173,90,0.05,4.894820597474307e-05,2.1974369250866634,0.08888888888888889,0.35555555555555557,0.14444444444444443,0.4111111111111111
670,-154.67977915708488,67,0.05,4.861137699398604e-05,2.2033600679830223,0.07462686567164178,0.22388059701492538,0.23880597014925373,0.4626865671641791
671,-58.72274151960866,66,0.05,4.827686584613052e-05,2.1887639413010547,0.045454545454545456,0.2727272727272727,0.3181818181818182,0.36363636363636365
672,-243.92984314700357,74,0.05,4.794465658139288e-05,2.1800343562319355,0.527027027027027,0.013513513513513514,0.04054054054054054,0.4189189189189189
673,-199.2930754646311,91,0.05,4.761473335974531e-05,2.1940423297777008,0.01098901098901099,0.21978021978021978,0.2087912087912088,0.5604395604395604
674,-140.97881603488773,97,0.05,4.728708045016051e-05,2.178879382637989,0.12371134020618557,0.27835051546391754,0.24742268041237114,0.35051546391752575
675,-27.80368187256434,87,0.05,4.6961682229861654e-05,2.1928335945732407,0.04597701149425287,0.26436781609195403,0.4367816091954023,0.25287356321839083
676,35.179556839301824,111,0.05,4.663852318357747e-05,2.2021250588082015,0.08108108108108109,0.25225225225225223,0.3333333333333333,0.3333333333333333
677,-222.78719900505837,133,0.05,4.631758790280246e-05,2.2125513742735676,0.09774436090225563,0.24812030075187969,0.09774436090225563,0.556390977443609
678,-248.29564279495878,104,0.05,4.599886108506219e-05,2.180343441471644,0.14423076923076922,0.36538461538461536,0.1346153846153846,0.3557692307692308
679,-204.1962548352642,91,0.05,4.5682327533183695e-05,2.1679927593538877,0.24175824175824176,0.10989010989010989,0.31868131868131866,0.32967032967032966
680,-165.43827093550976,78,0.05,4.536797215457083e-05,2.1917421467138687,0.16666666666666666,0.16666666666666666,0.34615384615384615,0.32051282051282054
681,-252.95742258661264,138,0.05,4.505577996048465e-05,2.155468229627466,0.2608695652173913,0.16666666666666666,0.2608695652173913,0.3115942028985507
682,55.72365579835767,112,0.05,4.4745736065328744e-05,2.173727398088731,0.08928571428571429,0.25,0.3482142857142857,0.3125
683,-202.7569577703939,79,0.05,4.443782568593946e-05,2.3249916629617395,0.08860759493670886,0.189873417721519,0.379746835443038,0.34177215189873417
684,-135.78905961441694,68,0.05,4.4132034140881064e-05,2.3092197706564748,0.0,0.2647058823529412,0.17647058823529413,0.5588235294117647
685,-74.66371060625772,80,0.05,4.382834684974566e-05,2.324128188215035,0.0125,0.2,0.4625,0.325
686,-327.55822406532474,102,0.05,4.3526749332458045e-05,2.2797664829758633,0.3235294117647059,0.14705882352941177,0.12745098039215685,0.4019607843137255
687,-142.99230494580712,92,0.05,4.3227227208585244e-05,2.3156124758982353,0.06521739130434782,0.29347826086956524,0.22826086956521738,0.41304347826086957
688,-180.43460354064652,76,0.05,4.292976619665085e-05,2.299903108621961,0.039473684210526314,0.3157894736842105,0.21052631578947367,0.4342105263157895
689,-612.4778386519092,112,0.05,4.263435211345408e-05,2.286652683164529,0.09821428571428571,0.0625,0.42857142857142855,0.4107142857142857
690,-319.298348621861,126,0.05,4.23409708733935e-05,2.2834463049129163,0.3253968253968254,0.06349206349206349,0.31746031746031744,0.29365079365079366
691,-233.53808550256727,129,0.05,4.2049608487795405e-05,2.2645645964878143,0.12403100775193798,0.20930232558139536,0.26356589147286824,0.40310077519379844
692,-328.89080582200086,118,0.05,4.176025106424684e-05,2.2823250736188405,0.1864406779661017,0.1694915254237288,0.211864406779661,0.4322033898305085
693,-211.33086397082332,79,0.05,4.1472884805933184e-05,2.268805686332539,0.05063291139240506,0.31645569620253167,0.21518987341772153,0.4177215189873418
694,-8.947763503437187,107,0.05,4.1187496010980326e-05,2.2753514254135494,0.102803738317757,0.2803738317757009,0.24299065420560748,0.37383177570093457
695,-189.46473252067392,139,0.05,4.090407107180133e-05,2.2612343895808786,0.15827338129496402,0.26618705035971224,0.302158273381295,0.2733812949640288
696,1.6467143223122207,87,0.05,4.062259647444761e-05,2.266639041522922,0.022988505747126436,0.2988505747126437,0.40229885057471265,0.27586206896551724
697,-185.21700482899297,61,0.05,4.034305879796459e-05,2.2548207343193476,0.0,0.32786885245901637,0.2459016393442623,0.4262295081967213
698,35.03413981908662,107,0.05,4.0065444713751755e-05,2.2718232011647252,0.12149532710280374,0.2803738317757009,0.27102803738317754,0.32710280373831774
699,-242.93392992480145,136,0.05,3.978974098492718e-05,2.268652934519597,0.04411764705882353,0.20588235294117646,0.1323529411764706,0.6176470588235294
700,-210.50203260225243,97,0.05,3.951593446569633e-05,2.2604345568222586,0.08247422680412371,0.17525773195876287,0.3711340206185567,0.3711340206185567
701,-228.3606139632766,132,0.05,3.924401210072528e-05,2.2506386322690988,0.05303030303030303,0.23484848484848486,0.18181818181818182,0.5303030303030303
702,-134.62254909778903,82,0.05,3.897396092451824e-05,2.265230481414582,0.04878048780487805,0.15853658536585366,0.3048780487804878,0.4878048780487805
703,-190.36692996796353,111,0.05,3.8705768060799324e-05,2.4213608976952328,0.22522522522522523,0.16216216216216217,0.2882882882882883,0.32432432432432434
704,16.76765824332172,110,0.05,3.8439420721898606e-05,2.3886291612613992,0.20909090909090908,0.2545454545454545,0.20909090909090908,0.32727272727272727
705,-213.37460370897668,70,0.05,3.8174906208142405e-05,2.354241791414876,0.11428571428571428,0.2571428571428571,0.2,0.42857142857142855
706,-124.02325331955963,82,0.05,3.791221190724773e-05,2.37677779175183,0.04878048780487805,0.2682926829268293,0.24390243902439024,0.43902439024390244
707,-211.9219836302437,83,0.05,3.765132529372094e-05,2.3909903779265527,0.10843373493975904,0.1927710843373494,0.3855421686746988,0.3132530120481928
708,-233.0469170251178,140,0.05,3.7392233928260494e-05,2.35561207791273,0.07142857142857142,0.24285714285714285,0.4,0.2857142857142857
709,-338.6117435462499,87,0.05,3.713492545716386e-05,2.367588998773724,0.04597701149425287,0.25287356321839083,0.11494252873563218,0.5862068965517241
710,-173.97178756438933,100,0.05,3.687938761173845e-05,2.3520757001821466,0.09,0.31,0.19,0.41
711,-82.48071804997664,106,0.05,3.662560820771668e-05,2.36273084358062,0.14150943396226415,0.2641509433962264,0.2641509433962264,0.330188679245283
712,-63.453430453725325,87,0.05,3.637357514467496e-05,2.3100231296858107,0.022988505747126436,0.27586206896551724,0.3333333333333333,0.367816091954023
713,-119.69781913147268,86,0.05,3.612327640545678e-05,2.3739502858018557,0.0,0.29069767441860467,0.3023255813953488,0.4069767441860465
714,70.65252741318278,90,0.05,3.5874700055599694e-05,2.3306866989281505,0.022222222222222223,0.23333333333333334,0.4222222222222222,0.32222222222222224
715,39.53292097114567,97,0.05,3.5627834242766295e-05,2.34449623383842,0.061855670103092786,0.28865979381443296,0.30927835051546393,0.3402061855670103
716,-165.8908125647394,112,0.05,3.5382667196179064e-05,2.33903961022401,0.07142857142857142,0.2767857142857143,0.2857142857142857,0.36607142857142855
717,-185.05729082174693,78,0.05,3.513918722605914e-05,2.3419167624857593,0.038461538461538464,0.2948717948717949,0.1794871794871795,0.48717948717948717
718,-180.2762026608291,67,0.05,3.489738272306896e-05,2.3659221069642418,0.08955223880597014,0.1791044776119403,0.3283582089552239,0.40298507462686567
719,-248.82153677451564,93,0.05,3.4657242157758666e-05,2.34887132917501,0.021505376344086023,0.26881720430107525,0.16129032258064516,0.5483870967741935
720,-220.58913055462767,116,0.05,3.4418754080016435e-05,2.3438037870800326,0.23275862068965517,0.14655172413793102,0.28448275862068967,0.33620689655172414
721,-74.08272786155608,95,0.05,3.4181907118522465e-05,2.3245158777066193,0.12631578947368421,0.24210526315789474,0.3157894736842105,0.3157894736842105
722,-205.50151092630205,76,0.05,3.394668998020683e-05,2.3415843110412737,0.09210526315789473,0.2894736842105263,0.14473684210526316,0.47368421052631576
723,-131.51654112427113,68,0.05,3.3713091449710984e-05,2.298666201719856,0.0,0.23529411764705882,0.3382352941176471,0.4264705882352941
724,-5.240743375359941,92,0.05,3.3481100388853026e-05,2.4474539379792017,0.021739130434782608,0.2608695652173913,0.40217391304347827,0.31521739130434784
725,-225.52851406373327,87,0.05,3.32507057360966e-05,2.4650066460708646,0.022988505747126436,0.22988505747126436,0.05747126436781609,0.6896551724137931
726,-249.1458699304524,87,0.05,3.3021896506023485e-05,2.4565936777584123,0.19540229885057472,0.1724137931034483,0.2988505747126437,0.3333333333333333
727,-237.77166548550235,158,0.05,3.27946617888098e-05,2.441513497986003,0.0949367088607595,0.2721518987341772,0.2721518987341772,0.36075949367088606
728,-146.9491034453394,71,0.05,3.256899074970581e-05,2.46985147883585,0.028169014084507043,0.2676056338028169,0.2535211267605634,0.4507042253521127
729,-70.77709027132506,101,0.05,3.2344872628519324e-05,2.449954300189534,0.09900990099009901,0.2871287128712871,0.25742574257425743,0.3564356435643564
730,-85.98844125502902,89,0.05,3.2122296739102625e-05,2.454003170237067,0.02247191011235955,0.30337078651685395,0.2247191011235955,0.449438202247191
731,-205.8916162272978,125,0.05,3.190125246884296e-05,2.4516852768580524,0.128,0.272,0.256,0.344
732,-7.615058413314017,88,0.05,3.168172927815652e-05,2.429639935882744,0.022727272727272728,0.36363636363636365,0.23863636363636365,0.375
733,-170.40575705621643,72,0.05,3.146371669998587e-05,2.455388207713885,0.027777777777777776,0.2222222222222222,0.2777777777777778,0.4722222222222222
734,-162.53103535491476,76,0.05,3.124720433930093e-05,2.436785771074851,0.0,0.2894736842105263,0.2631578947368421,0.4473684210526316
735,-87.63817659684422,72,0.05,3.10321818726033e-05,2.4560512854079692,0.013888888888888888,0.19444444444444445,0.3888888888888889,0.4027777777777778
736,-205.2310055619764,105,0.05,3.081863904743399e-05,2.4497350596129017,0.06666666666666667,0.21904761904761905,0.1523809523809524,0.5619047619047619
737,-250.00824157258958,106,0.05,3.0606565681884654e-05,2.4432925449186165,0.2169811320754717,0.20754716981132076,0.2641509433962264,0.3113207547169811
738,-92.24242323626612,108,0.05,3.0395951664112036e-05,2.434298730661151,0.1574074074074074,0.26851851851851855,0.2222222222222222,0.35185185185185186
739,-128.11193860230173,100,0.05,3.018678695185587e-05,2.4466404228929184,0.15,0.28,0.2,0.37
740,-175.7508238241889,97,0.05,2.9979061571960033e-05,2.4136245692689258,0.020618556701030927,0.35051546391752575,0.13402061855670103,0.4948453608247423
741,-151.8998748385382,65,0.05,2.9772765619897032e-05,2.411813896911023,0.0,0.26153846153846155,0.16923076923076924,0.5692307692307692
742,-22.09244664180592,98,0.05,2.956788925929574e-05,2.4244934678867724,0.061224489795918366,0.35714285714285715,0.1836734693877551,0.3979591836734694
743,-524.6048040157926,127,0.05,2.9364422721472388e-05,2.413168409299107,0.07086614173228346,0.25984251968503935,0.2755905511811024,0.3937007874015748
744,-239.66807285150998,67,0.05,2.916235630496479e-05,2.4175369667082767,0.16417910447761194,0.19402985074626866,0.417910447761194,0.22388059701492538
745,-169.04250887451047,74,0.05,2.896168037506977e-05,2.531727804182747,0.05405405405405406,0.2972972972972973,0.1891891891891892,0.4594594594594595
746,-88.13601361574463,83,0.05,2.876238536338376e-05,2.6022336544065743,0.03614457831325301,0.2289156626506024,0.40963855421686746,0.3253012048192771
747,50.99109925541478,122,0.05,2.856446176734659e-05,2.5507722302851197,0.06557377049180328,0.23770491803278687,0.23770491803278687,0.45901639344262296
748,-74.84256841866002,83,0.05,2.8367900149788368e-05,2.5499144871541226,0.024096385542168676,0.30120481927710846,0.26506024096385544,0.40963855421686746
749,-106.89227079704354,82,0.05,2.817269113847954e-05,2.511814428021447,0.012195121951219513,0.25609756097560976,0.3170731707317073,0.4146341463414634
750,-53.88997917964781,101,0.05,2.7978825425683996e-05,2.5164949033979718,0.1188118811881188,0.2376237623762376,0.3069306930693069,0.33663366336633666
751,-154.15494278449606,87,0.05,2.778629376771527e-05,2.5284597867624323,0.11494252873563218,0.27586206896551724,0.1724137931034483,0.4367816091954023
752,-58.41239224294788,84,0.05,2.7595086984495794e-05,2.5629030862204507,0.047619047619047616,0.17857142857142858,0.47619047619047616,0.2976190476190476
753,42.91473311159328,110,0.05,2.740519595911919e-05,2.4972265784391405,0.17272727272727273,0.2909090909090909,0.2,0.33636363636363636
754,-152.19830904033913,78,0.05,2.7216611637415555e-05,2.4849815693045443,0.08974358974358974,0.16666666666666666,0.41025641025641024,0.3333333333333333
755,-325.5254762479765,111,0.05,2.7029325027519766e-05,2.5089290516035128,0.22522522522522523,0.16216216216216217,0.24324324324324326,0.36936936936936937
756,-22.091597746615747,88,0.05,2.6843327199442725e-05,2.5060125234060098,0.10227272727272728,0.2727272727272727,0.25,0.375
757,2.7296962673670038,81,0.05,2.6658609284645578e-05,2.508447472913918,0.012345679012345678,0.25925925925925924,0.3950617283950617,0.3333333333333333
758,-9.862306733430756,103,0.05,2.647516247561686e-05,2.494747310019949,0.10679611650485436,0.27184466019417475,0.2912621359223301,0.3300970873786408
759,-195.9653212571019,85,0.05,2.6292978025452534e-05,2.52311953209402,0.09411764705882353,0.2235294117647059,0.36470588235294116,0.3176470588235294
760,-266.1336718979636,121,0.05,2.6112047247438936e-05,2.5103623139077382,0.39669421487603307,0.09917355371900827,0.2231404958677686,0.2809917355371901
761,5.439844516135267,95,0.05,2.5932361514638587e-05,2.5200924919834256,0.07368421052631578,0.29473684210526313,0.2631578947368421,0.3684210526315789
762,-225.39976468421375,90,0.05,2.5753912259478847e-05,2.498424551989243,0.23333333333333334,0.2222222222222222,0.34444444444444444,0.2
763,-64.65579992240745,104,0.05,2.557669097334341e-05,2.501156152628594,0.07692307692307693,0.27884615384615385,0.25,0.3942307692307692
764,-160.14953462641165,64,0.05,2.5400689206166612e-05,2.448117582426219,0.015625,0.265625,0.25,0.46875
765,-81.56952537926,79,0.05,2.522589856603051e-05,2.5080574634677353,0.012658227848101266,0.21518987341772153,0.4430379746835443,0.3291139240506329
766,-480.8780658814976,130,0.05,2.5052310718764757e-05,2.4987226507255427,0.17692307692307693,0.25384615384615383,0.34615384615384615,0.2230769230769231
767,-72.27664815977013,75,0.05,2.4879917387549227e-05,2.6921259671163815,0.08,0.30666666666666664,0.14666666666666667,0.4666666666666667
768,-201.16998607853805,119,0.05,2.4708710352519355e-05,2.6147855080065217,0.12605042016806722,0.226890756302521,0.25210084033613445,0.3949579831932773
769,-283.3887704397096,111,0.05,2.4538681450374215e-05,2.600471251213615,0.2972972972972973,0.15315315315315314,0.18018018018018017,0.36936936936936937
770,-267.5379435716021,82,0.05,2.4369822573987288e-05,2.606290651304494,0.18292682926829268,0.21951219512195122,0.07317073170731707,0.524390243902439
771,-200.49370707696383,95,0.05,2.4202125672019906e-05,2.5870560425085496,0.06315789473684211,0.17894736842105263,0.2631578947368421,0.49473684210526314
772,-116.62632694283909,75,0.05,2.4035582748537352e-05,2.6101120523289683,0.02666666666666667,0.17333333333333334,0.41333333333333333,0.38666666666666666
773,-200.04271679457173,81,0.05,2.3870185862627613e-05,2.6252844583476853,0.09876543209876543,0.20987654320987653,0.30864197530864196,0.38271604938271603
774,-56.978125613691205,84,0.05,2.3705927128022745e-05,2.573476067103263,0.03571428571428571,0.27380952380952384,0.32142857142857145,0.36904761904761907
775,-212.4518489083349,121,0.05,2.354279871272286e-05,2.6124302358691334,0.11570247933884298,0.2975206611570248,0.21487603305785125,0.371900826446281
776,-222.45467359174813,93,0.05,2.338079283862267e-05,2.6060163201973467,0.13978494623655913,0.13978494623655913,0.3333333333333333,0.3870967741935484
777,-192.8086507480628,92,0.05,2.3219901781140642e-05,2.600402382208656,0.2717391304347826,0.05434782608695652,0.358695652173913,0.31521739130434784
778,-76.56157355136489,96,0.05,2.306011786885067e-05,2.5729693717001814,0.09375,0.2604166666666667,0.2916666666666667,0.3541666666666667
779,-146.32359406900866,69,0.05,2.290143348311629e-05,2.5993949244194994,0.028985507246376812,0.21739130434782608,0.2318840579710145,0.5217391304347826
780,-374.6695522541864,187,0.05,2.2743841057727436e-05,2.587977632547275,0.12834224598930483,0.2620320855614973,0.32085561497326204,0.2887700534759358
781,-97.55870248539435,111,0.05,2.2587333078539656e-05,2.5752772493180025,0.1891891891891892,0.21621621621621623,0.27927927927927926,0.3153153153153153
782,-114.16991446460084,100,0.05,2.2431902083115847e-05,2.5774209404135386,0.02,0.33,0.21,0.44
783,-121.82546605208638,85,0.05,2.2277540660370424e-05,2.6009258508173687,0.058823529411764705,0.2823529411764706,0.24705882352941178,0.4117647058823529
784,-170.33836463338594,82,0.05,2.2124241450215965e-05,2.5933564659961528,0.0975609756097561,0.25609756097560976,0.2073170731707317,0.43902439024390244
785,-286.56922214983183,87,0.05,2.1971997143212276e-05,2.597704232695114,0.20689655172413793,0.20689655172413793,0.08045977011494253,0.5057471264367817
786,22.364648235553176,83,0.05,2.1820800480217858e-05,2.562781819426109,0.024096385542168676,0.24096385542168675,0.37349397590361444,0.3614457831325301
787,-90.21440098703273,78,0.05,2.16706442520438e-05,2.6222579306437623,0.038461538461538464,0.24358974358974358,0.3717948717948718,0.34615384615384615
788,-171.9587097606078,92,0.05,2.1521521299110032e-05,2.715298788742229,0.11956521739130435,0.31521739130434784,0.11956521739130435,0.44565217391304346
789,-157.20164268779058,80,0.05,2.1373424511103943e-05,2.687279645114163,0.1375,0.225,0.225,0.4125
790,-182.98366506918396,94,0.05,2.1226346826641367e-05,2.713122780584321,0.20212765957446807,0.13829787234042554,0.3191489361702128,0.3404255319148936
791,-89.99560783442384,99,0.05,2.1080281232929883e-05,2.669133866163636,0.09090909090909091,0.23232323232323232,0.36363636363636365,0.31313131313131315
792,-169.8032033763197,71,0.05,2.0935220765434445e-05,2.6565390264044546,0.056338028169014086,0.2112676056338028,0.323943661971831,0.4084507042253521
793,-143.8910085594451,74,0.05,2.0791158507545297e-05,2.6874332652064723,0.05405405405405406,0.21621621621621623,0.28378378378378377,0.44594594594594594
794,-343.2405981777283,208,0.05,2.0648087590248188e-05,2.6618009901439375,0.09615384615384616,0.25961538461538464,0.33653846153846156,0.3076923076923077
795,-223.50204235591028,132,0.05,2.0506001191796858e-05,2.631239865341973,0.08333333333333333,0.2727272727272727,0.2727272727272727,0.3712121212121212
796,-154.9153165283475,88,0.05,2.036489253738776e-05,2.653493902374848,0.09090909090909091,0.19318181818181818,0.23863636363636365,0.4772727272727273
797,-139.9285290969466,132,0.05,2.0224754898837043e-05,2.652611731072049,0.05303030303030303,0.25757575757575757,0.30303030303030304,0.38636363636363635
798,-135.93780460287405,91,0.05,2.008558159425973e-05,2.6489462342752543,0.10989010989010989,0.24175824175824176,0.25274725274725274,0.3956043956043956
799,-7.905183354685917,82,0.05,1.9947365987751136e-05,2.6282369526285416,0.036585365853658534,0.3170731707317073,0.2926829268292683,0.35365853658536583
800,-29.840351639377573,84,0.05,1.981010148907046e-05,2.6378855949532007,0.10714285714285714,0.15476190476190477,0.34523809523809523,0.39285714285714285
801,-306.0893970230603,89,0.05,1.9673781553326545e-05,2.6477547862507738,0.10112359550561797,0.2696629213483146,0.0,0.6292134831460674
802,-57.547631545236825,91,0.05,1.9538399680665823e-05,2.655132867150807,0.01098901098901099,0.25274725274725274,0.37362637362637363,0.3626373626373626
803,-327.19356438399154,128,0.05,1.9403949415962396e-05,2.6583938341339124,0.2734375,0.1484375,0.2578125,0.3203125
804,6.010247056751126,93,0.05,1.9270424348510242e-05,2.662464027098981,0.06451612903225806,0.2903225806451613,0.24731182795698925,0.3978494623655914
805,-103.80149167739269,89,0.05,1.913781811171755e-05,2.653163552674292,0.11235955056179775,0.30337078651685395,0.14606741573033707,0.43820224719101125
806,-118.01979627133565,81,0.05,1.9006124382803167e-05,2.649395040414334,0.024691358024691357,0.2345679012345679,0.35802469135802467,0.38271604938271603
807,-196.86494835998104,95,0.05,1.8875336882495104e-05,2.674890440720687,0.17894736842105263,0.09473684210526316,0.3684210526315789,0.35789473684210527
808,-284.16229621467534,176,0.05,1.8745449374731143e-05,2.8018760506291382,0.10227272727272728,0.23863636363636365,0.3693181818181818,0.2897727272727273
809,-18.637454666380236,100,0.05,1.86164556663615e-05,2.75245165276286,0.08,0.25,0.35,0.32
810,-175.36836299615575,97,0.05,1.8488349606853527e-05,2.75123084350004,0.12371134020618557,0.12371134020618557,0.29896907216494845,0.4536082474226804
811,-93.53405970224753,79,0.05,1.8361125087998447e-05,2.7509954251709616,0.0,0.189873417721519,0.3670886075949367,0.4430379746835443
812,-204.43606674112112,106,0.05,1.823477604362011e-05,2.74492524403723,0.02830188679245283,0.27358490566037735,0.22641509433962265,0.4716981132075472
813,-115.68516134085436,99,0.05,1.8109296449285756e-05,2.7211759134225058,0.16161616161616163,0.2727272727272727,0.13131313131313133,0.43434343434343436
814,-129.54040151522614,84,0.05,1.7984680322018758e-05,2.739797629563317,0.08333333333333333,0.23809523809523808,0.27380952380952384,0.40476190476190477
815,-83.42549572542859,99,0.05,1.7860921720013358e-05,2.7082101945214165,0.1414141414141414,0.2222222222222222,0.2828282828282828,0.35353535353535354
816,-85.46672435388771,80,0.05,1.773801474235135e-05,2.725597022946689,0.0375,0.175,0.375,0.4125
817,-58.79410118244569,109,0.05,1.7615953528720717e-05,2.727522091995269,0.08256880733944955,0.27522935779816515,0.29357798165137616,0.3486238532110092
818,-91.0021178618467,89,0.05,1.7494732259136213e-05,2.741258252635889,0.011235955056179775,0.23595505617977527,0.30337078651685395,0.449438202247191
819,-72.34351783641998,105,0.05,1.7374345153661857e-05,2.7368779830595584,0.09523809523809523,0.2857142857142857,0.24761904761904763,0.37142857142857144
820,-41.22055194717464,107,0.05,1.725478647213534e-05,2.7327433615109102,0.1308411214953271,0.22429906542056074,0.3177570093457944,0.32710280373831774
821,-28.37449410237018,111,0.05,1.7136050513894327e-05,2.708685236084906,0.0990990990990991,0.24324324324324326,0.3063063063063063,0.35135135135135137
822,-284.0033935050651,108,0.05,1.7018131617504658e-05,2.6901580579768885,0.09259259259259259,0.39814814814814814,0.12037037037037036,0.3888888888888889
823,-191.4036843516232,101,0.05,1.6901024160490384e-05,2.728866689465505,0.06930693069306931,0.19801980198019803,0.2376237623762376,0.49504950495049505
824,-83.53255521117583,92,0.05,1.67847225590657e-05,2.6987227216311584,0.043478260869565216,0.1956521739130435,0.3695652173913043,0.391304347826087
825,-58.031308919200114,82,0.05,1.66692212678687e-05,2.7128771725216954,0.012195121951219513,0.1951219512195122,0.43902439024390244,0.35365853658536583
826,-146.30018995204418,88,0.05,1.6554514779696966e-05,2.7253489820907686,0.125,0.13636363636363635,0.3181818181818182,0.42045454545454547
827,-248.70687636005525,95,0.05,1.6440597625244978e-05,2.7110531017506965,0.3368421052631579,0.15789473684210525,0.11578947368421053,0.3894736842105263
828,-153.64561538482363,80,0.05,1.6327464372843345e-05,2.878078256656347,0.025,0.2625,0.225,0.4875
829,-13.630145632011661,93,0.05,1.6215109628199808e-05,2.8124439563950308,0.021505376344086023,0.1935483870967742,0.43010752688172044,0.3548387096774194
830,-227.30460690384635,151,0.05,1.6103528034142037e-05,2.778653316674931,0.10596026490066225,0.31788079470198677,0.23178807947019867,0.3443708609271523
831,-142.8886441795982,78,0.05,1.5992714270362195e-05,2.84668305268502,0.15384615384615385,0.24358974358974358,0.1794871794871795,0.4230769230769231
832,-61.642259963770584,97,0.05,1.5882663053163262e-05,2.8121292278408982,0.09278350515463918,0.24742268041237114,0.3402061855670103,0.31958762886597936
833,-17.742716433628516,110,0.05,1.577336913520711e-05,2.803848140179021,0.08181818181818182,0.2636363636363636,0.32727272727272727,0.32727272727272727
834,-74.11544154015917,98,0.05,1.56648273052643e-05,2.798909268981246,0.16326530612244897,0.2653061224489796,0.20408163265306123,0.3673469387755102
835,-155.05277125624318,96,0.05,1.5557032387965604e-05,2.789783437019332,0.19791666666666666,0.125,0.2916666666666667,0.3854166666666667
836,-235.90159292304944,108,0.05,1.544997924355524e-05,2.7986818115012135,0.1111111111111111,0.3055555555555556,0.23148148148148148,0.35185185185185186
837,-79.11610086748144,85,0.05,1.53436627676458e-05,2.8307132144228904,0.07058823529411765,0.23529411764705882,0.2823529411764706,0.4117647058823529
838,-116.55746882342567,100,0.05,1.5238077890974887e-05,2.7743654574316734,0.15,0.21,0.33,0.31
839,-48.376096461785366,109,0.05,1.5133219579163384e-05,2.7906059128078633,0.11009174311926606,0.21100917431192662,0.3853211009174312,0.29357798165137616
840,-132.57135296648525,87,0.05,1.5029082832475423e-05,2.799797246044696,0.022988505747126436,0.22988505747126436,0.3563218390804598,0.39080459770114945
841,-175.0674918024928,84,0.05,1.4925662685579993e-05,2.7822977569174525,0.10714285714285714,0.20238095238095238,0.25,0.44047619047619047
842,-93.17215122294813,87,0.05,1.4822954207314186e-05,2.7539197661658443,0.04597701149425287,0.19540229885057472,0.367816091954023,0.39080459770114945
843,-342.5636495774568,145,0.05,1.4720952500448076e-05,2.7812597093113425,0.05517241379310345,0.296551724137931,0.3586206896551724,0.2896551724137931
844,-116.45040989564023,78,0.05,1.4619652701451211e-05,2.772859498363429,0.11538461538461539,0.08974358974358974,0.34615384615384615,0.44871794871794873
845,-99.94576216416647,93,0.05,1.4519049980260725e-05,2.759962179317839,0.12903225806451613,0.25806451612903225,0.21505376344086022,0.3978494623655914
846,-44.32273716088706,108,0.05,1.4419139540051027e-05,2.7774333604604005,0.09259259259259259,0.24074074074074073,0.37037037037037035,0.2962962962962963
847,-309.5888369754049,166,0.05,1.4319916617005086e-05,2.86986271077887,0.16265060240963855,0.25903614457831325,0.29518072289156627,0.28313253012048195
848,-81.14200429813249,80,0.05,1.4221376480087294e-05,2.8824456366700524,0.0375,0.175,0.35,0.4375
849,-270.83883569731876,135,0.05,1.4123514430817878e-05,2.852056968818854,0.1925925925925926,0.21481481481481482,0.3111111111111111,0.2814814814814815
850,-271.6999173379729,156,0.05,1.4026325803048881e-05,2.8500387147259185,0.16025641025641027,0.25,0.27564102564102566,0.3141025641025641
851,-284.3510606608935,80,0.05,1.3929805962741665e-05,2.8506144890768943,0.3,0.175,0.2,0.325
852,-277.30019745490256,151,0.05,1.3833950307745965e-05,2.848777586000785,0.09271523178807947,0.26490066225165565,0.2980132450331126,0.3443708609271523
853,-294.7117926901356,185,0.05,1.3738754267580453e-05,2.8207989834787717,0.2,0.24324324324324326,0.3027027027027027,0.25405405405405407
854,-81.64838785586397,59,0.05,1.364421330321481e-05,2.8557713774833324,0.05084745762711865,0.22033898305084745,0.1694915254237288,0.559322033898305
855,-122.39101796178313,82,0.05,1.3550322906853302e-05,2.8312574139594333,0.036585365853658534,0.2073170731707317,0.2926829268292683,0.4634146341463415
856,-14.324098175861764,79,0.05,1.345707860171985e-05,2.783269241768569,0.0379746835443038,0.21518987341772153,0.34177215189873417,0.4050632911392405
857,-35.6014830462299,83,0.05,1.3364475941844564e-05,2.827920500166161,0.024096385542168676,0.2289156626506024,0.4819277108433735,0.26506024096385544
858,-117.06851601329518,96,0.05,1.3272510511851765e-05,2.8396798427000447,0.11458333333333333,0.25,0.22916666666666666,0.40625
859,-273.8819203012173,150,0.05,1.3181177926749448e-05,2.8214255232090912,0.16,0.26,0.25333333333333335,0.32666666666666666
860,-220.10739580484028,89,0.05,1.3090473831720205e-05,2.8226487876337294,0.06741573033707865,0.10112359550561797,0.2808988764044944,0.550561797752809
861,-204.73975286730558,75,0.05,1.3000393901913585e-05,2.834924010060541,0.05333333333333334,0.26666666666666666,0.26666666666666666,0.41333333333333333
862,-222.5787867358954,86,0.05,1.2910933842239878e-05,2.8064798596301075,0.11627906976744186,0.3953488372093023,0.23255813953488372,0.2558139534883721
863,-76.70623396933875,90,0.05,1.2822089387165325e-05,2.8042589833106013,0.0,0.28888888888888886,0.3,0.4111111111111111
864,-270.48223442071406,143,0.05,1.273385630050873e-05,2.8058882971229737,0.20279720279720279,0.23776223776223776,0.2727272727272727,0.2867132867132867
865,-48.29186711528965,102,0.05,1.2646230375239476e-05,2.812111618531094,0.08823529411764706,0.23529411764705882,0.3627450980392157,0.3137254901960784
866,-61.46594980488099,84,0.05,1.2559207433276937e-05,2.9401491126389905,0.011904761904761904,0.17857142857142858,0.42857142857142855,0.38095238095238093
867,-192.71184278015562,89,0.05,1.2472783325291252e-05,2.908659739211287,0.12359550561797752,0.12359550561797752,0.2696629213483146,0.48314606741573035
868,-330.04751176653156,155,0.05,1.2386953930505488e-05,2.900329563962215,0.14838709677419354,0.23870967741935484,0.3096774193548387,0.3032258064516129
869,-74.89673845749115,91,0.05,1.2301715156499158e-05,2.8861679784159913,0.02197802197802198,0.16483516483516483,0.4175824175824176,0.3956043956043956
870,8.519612320281453,121,0.05,1.2217062939013088e-05,2.8947463224179613,0.14049586776859505,0.2892561983471074,0.2644628099173554,0.30578512396694213
871,-120.02064187251591,98,0.05,1.2132993241755632e-05,2.894385102343154,0.1326530612244898,0.23469387755102042,0.21428571428571427,0.41836734693877553
872,-71.08922587678899,84,0.05,1.2049502056210217e-05,2.877367634289454,0.011904761904761904,0.21428571428571427,0.39285714285714285,0.38095238095238093
873,-149.9634556904765,81,0.05,1.1966585401444214e-05,2.8819126043211285,0.012345679012345678,0.18518518518518517,0.2962962962962963,0.5061728395061729
874,-29.804336585667286,93,0.05,1.1884239323919121e-05,2.8610715731859617,0.021505376344086023,0.24731182795698925,0.3978494623655914,0.3333333333333333
875,-307.1828299669827,141,0.05,1.1802459897302061e-05,2.8649194635132766,0.14893617021276595,0.2695035460992908,0.2907801418439716,0.2907801418439716
876,-65.76476872849238,96,0.05,1.1721243222278564e-05,2.85160576369479,0.07291666666666667,0.28125,0.2708333333333333,0.375
877,-103.56479242694714,80,0.05,1.1640585426366647e-05,2.852011610095485,0.1,0.2125,0.2375,0.45
878,-308.1437564378932,138,0.05,1.1560482663732173e-05,2.841658132244757,0.15942028985507245,0.18840579710144928,0.39855072463768115,0.2536231884057971
879,-5.288736711458881,118,0.05,1.1480931115005475e-05,2.883180552765166,0.11864406779661017,0.2033898305084746,0.3644067796610169,0.3135593220338983
880,-173.36740080649784,84,0.05,1.1401926987099248e-05,2.8425047954410254,0.047619047619047616,0.15476190476190477,0.2976190476190476,0.5
881,-282.4641246980384,134,0.05,1.1323466513027688e-05,2.863974830804146,0.208955223880597,0.1791044776119403,0.35074626865671643,0.26119402985074625
882,-296.16641025593077,139,0.05,1.1245545951726881e-05,2.8512710979416283,0.2014388489208633,0.2158273381294964,0.3237410071942446,0.2589928057553957
883,-62.68570874730308,100,0.05,1.1168161587876426e-05,2.8331461194218854,0.05,0.24,0.38,0.33
884,-17.73549710996862,109,0.05,1.1091309731722286e-05,2.8996695493788973,0.027522935779816515,0.28440366972477066,0.30275229357798167,0.3853211009174312
885,-86.1114892488304,95,0.05,1.1014986718900852e-05,2.9863222005358767,0.021052631578947368,0.29473684210526313,0.2736842105263158,0.4105263157894737
886,-198.58380153258912,80,0.05,1.093918891026423e-05,2.9012686766177715,0.0375,0.1,0.2625,0.6
887,-161.34142161837386,58,0.05,1.0863912691706718e-05,2.9181390979844406,0.39655172413793105,0.05172413793103448,0.20689655172413793,0.3448275862068966
888,-33.699324205297515,75,0.05,1.0789154473992486e-05,2.9318877962329193,0.06666666666666667,0.18666666666666668,0.3466666666666667,0.4
889,-322.0042149132637,143,0.05,1.0714910692584437e-05,2.9066366171674733,0.027972027972027972,0.2517482517482518,0.43356643356643354,0.2867132867132867
890,-311.892442090394,90,0.05,1.0641177807474243e-05,2.9209840003081955,0.03333333333333333,0.3,0.15555555555555556,0.5111111111111111
891,-174.73030015423652,111,0.05,1.0567952303013563e-05,2.90416853402117,0.02702702702702703,0.2072072072072072,0.25225225225225223,0.5135135135135135
892,-171.5149148008036,111,0.05,1.0495230687746404e-05,2.9322562442317404,0.036036036036036036,0.23423423423423423,0.27927927927927926,0.45045045045045046
893,-33.87995821883308,97,0.05,1.042300949424265e-05,2.9036100782076524,0.15463917525773196,0.26804123711340205,0.3711340206185567,0.20618556701030927
894,-63.56219643189054,98,0.05,1.0351285278932735e-05,2.8916648437065247,0.01020408163265306,0.23469387755102042,0.336734693877551,0.41836734693877553
895,-158.621030293923,148,0.05,1.0280054621943443e-05,2.900029540533764,0.16216216216216217,0.18243243243243243,0.28378378378378377,0.3716216216216216
896,-81.64920107860965,99,0.05,1.0209314126934852e-05,2.8775807354325282,0.15151515151515152,0.2222222222222222,0.2727272727272727,0.35353535353535354
897,-234.3179145839032,170,0.05,1.0139060420938391e-05,2.917097139566344,0.22941176470588234,0.15294117647058825,0.28823529411764703,0.32941176470588235
898,-105.46284919613375,88,0.05,1.0069290154196015e-05,2.886967427760276,0.03409090909090909,0.20454545454545456,0.19318181818181818,0.5681818181818182
899,-87.38462752146519,94,0.05,1.0000000000000484e-05,2.9249134464102635,0.010638297872340425,0.23404255319148937,0.3829787234042553,0.3723404255319149
900,-145.10038429344996,94,0.05,1e-05,2.9027751242805544,0.010638297872340425,0.2127659574468085,0.3191489361702128,0.4574468085106383
901,-229.3802163297175,111,0.05,1e-05,2.879556349556209,0.02702702702702703,0.1981981981981982,0.22522522522522523,0.5495495495495496
902,-181.89875610433845,109,0.05,1e-05,2.9080402947406876,0.05504587155963303,0.21100917431192662,0.24770642201834864,0.48623853211009177
903,-188.20199025766746,95,0.05,1e-05,2.8971461266976886,0.10526315789473684,0.4,0.25263157894736843,0.24210526315789474
904,229.1977587922687,383,0.05,1e-05,2.9938094294350988,0.013054830287206266,0.26109660574412535,0.206266318537859,0.5195822454308094
905,-159.08766562126704,81,0.05,1e-05,2.9686925497718533,0.024691358024691357,0.2222222222222222,0.1728395061728395,0.5802469135802469
906,-137.5236515720462,102,0.05,1e-05,2.9662072501041776,0.14705882352941177,0.22549019607843138,0.22549019607843138,0.4019607843137255
907,-197.1997649239139,84,0.05,1e-05,2.959340262006383,0.047619047619047616,0.15476190476190477,0.2261904761904762,0.5714285714285714
908,-186.1461742832669,60,0.05,1e-05,2.926381926448701,0.3333333333333333,0.18333333333333332,0.18333333333333332,0.3
909,-168.26037506804894,111,0.05,1e-05,2.9528807453055057,0.06306306306306306,0.22522522522522523,0.21621621621621623,0.4954954954954955
910,-234.76131614874163,95,0.05,1e-05,2.960398013333679,0.07368421052631578,0.16842105263157894,0.18947368421052632,0.5684210526315789
911,-192.892315623983,54,0.05,1e-05,2.9739593716316564,0.5370370370370371,0.12962962962962962,0.12962962962962962,0.2037037037037037
912,-270.6406996515948,70,0.05,1e-05,2.956333203651435,0.04285714285714286,0.2571428571428571,0.18571428571428572,0.5142857142857142
913,-119.86096977355434,95,0.05,1e-05,2.9432424624342173,0.06315789473684211,0.18947368421052632,0.3368421052631579,0.4105263157894737
914,-177.75441586175415,98,0.05,1e-05,2.9346159722026477,0.01020408163265306,0.23469387755102042,0.2857142857142857,0.46938775510204084
915,-57.170068096945215,108,0.05,1e-05,2.9601475082875424,0.009259259259259259,0.25925925925925924,0.2962962962962963,0.4351851851851852
916,-81.78591106195762,90,0.05,1e-05,2.9243576272144436,0.0,0.2,0.4111111111111111,0.3888888888888889
917,-122.28471040624461,70,0.05,1e-05,2.9477773526442674,0.014285714285714285,0.21428571428571427,0.2857142857142857,0.4857142857142857
918,-177.93456269967817,100,0.05,1e-05,2.9526840897846243,0.13,0.35,0.28,0.24
919,-63.04547752843136,102,0.05,1e-05,2.956476347692618,0.10784313725490197,0.24509803921568626,0.24509803921568626,0.4019607843137255
920,-125.46936722394884,99,0.05,1e-05,2.977438095453306,0.1414141414141414,0.1919191919191919,0.1919191919191919,0.47474747474747475
921,-199.78366136976064,91,0.05,1e-05,2.9710682457410496,0.03296703296703297,0.1978021978021978,0.27472527472527475,0.4945054945054945
922,-87.90048988686404,94,0.05,1e-05,2.9333563194457453,0.14893617021276595,0.2127659574468085,0.22340425531914893,0.4148936170212766
923,-73.85074115505759,99,0.05,1e-05,3.0301192336862206,0.020202020202020204,0.1717171717171717,0.41414141414141414,0.3939393939393939
924,-230.86196920253323,86,0.05,1e-05,3.058619889471104,0.011627906976744186,0.12790697674418605,0.2558139534883721,0.6046511627906976
925,-23.466279150673543,114,0.05,1e-05,3.026808744859749,0.10526315789473684,0.18421052631578946,0.34210526315789475,0.3684210526315789
926,-156.04061143035733,88,0.05,1e-05,2.976362931174938,0.045454545454545456,0.18181818181818182,0.26136363636363635,0.5113636363636364
927,-140.43076887464986,96,0.05,1e-05,2.9863834654056034,0.09375,0.1875,0.2708333333333333,0.4479166666666667
928,-174.17511835977405,108,0.05,1e-05,3.012136945143904,0.05555555555555555,0.23148148148148148,0.21296296296296297,0.5
929,-215.90282102121364,80,0.05,1e-05,2.998739280627081,0.0375,0.225,0.225,0.5125
930,-70.05300998460137,93,0.05,1e-05,2.994291292537854,0.021505376344086023,0.25806451612903225,0.34408602150537637,0.3763440860215054
931,-30.439881635665643,77,0.05,1e-05,3.001467178372262,0.19480519480519481,0.15584415584415584,0.33766233766233766,0.3116883116883117
932,-118.08208827044197,98,0.05,1e-05,2.965243512818809,0.1326530612244898,0.20408163265306123,0.23469387755102042,0.42857142857142855
933,-70.87397812134469,112,0.05,1e-05,3.005675086356912,0.0,0.2857142857142857,0.22321428571428573,0.49107142857142855
934,-107.35551666694906,98,0.05,1e-05,3.002906437480664,0.1326530612244898,0.22448979591836735,0.1836734693877551,0.45918367346938777
935,-217.25803304474294,101,0.05,1e-05,2.98973915296698,0.0297029702970297,0.3465346534653465,0.297029702970297,0.32673267326732675
936,-115.20332492390368,103,0.05,1e-05,2.98512541672249,0.1650485436893204,0.20388349514563106,0.23300970873786409,0.39805825242718446
937,-155.35250691269286,93,0.05,1e-05,2.9849866355134593,0.08602150537634409,0.1935483870967742,0.21505376344086022,0.5053763440860215
938,-140.05280475518254,103,0.05,1e-05,2.9924072044332775,0.04854368932038835,0.22330097087378642,0.17475728155339806,0.5533980582524272
939,-130.07458454829708,106,0.05,1e-05,2.9987764827081347,0.09433962264150944,0.2169811320754717,0.22641509433962265,0.46226415094339623
940,225.0851511250878,220,0.05,1e-05,2.9726071252540587,0.20909090909090908,0.18181818181818182,0.32272727272727275,0.2863636363636364
941,-161.86332019768196,108,0.05,1e-05,2.975566954640357,0.08333333333333333,0.19444444444444445,0.2777777777777778,0.4444444444444444
942,-177.18377840283074,52,0.05,1e-05,2.9951806909978744,0.09615384615384616,0.46153846153846156,0.057692307692307696,0.38461538461538464
943,-158.21723643033133,93,0.05,1e-05,3.081455591187285,0.010752688172043012,0.13978494623655913,0.3763440860215054,0.4731182795698925
944,-409.5025324517058,84,0.05,1e-05,3.070338342309848,0.15476190476190477,0.44047619047619047,0.11904761904761904,0.2857142857142857
945,-178.00065376721818,86,0.05,1e-05,3.066462468678896,0.046511627906976744,0.23255813953488372,0.26744186046511625,0.45348837209302323
946,-51.83715245602075,87,0.05,1e-05,3.021675669069249,0.04597701149425287,0.1839080459770115,0.42528735632183906,0.3448275862068966
947,-105.4231790074191,99,0.05,1e-05,3.0516119169514764,0.020202020202020204,0.21212121212121213,0.30303030303030304,0.46464646464646464
948,-174.2440217767852,63,0.05,1e-05,3.074754153516268,0.14285714285714285,0.06349206349206349,0.2698412698412698,0.5238095238095238
949,-143.11732151251783,89,0.05,1e-05,3.0609199451959586,0.06741573033707865,0.1797752808988764,0.33707865168539325,0.4157303370786517
950,290.15166120889677,346,0.05,1e-05,3.0379519617408515,0.23410404624277456,0.2774566473988439,0.17052023121387283,0.3179190751445087
951,-84.14311474947888,80,0.05,1e-05,3.030649908490421,0.0875,0.2125,0.4125,0.2875
952,-208.86533682165526,107,0.05,1e-05,3.04926452470395,0.07476635514018691,0.2336448598130841,0.35514018691588783,0.3364485981308411
953,-127.5232052302614,105,0.05,1e-05,3.031389127778469,0.06666666666666667,0.20952380952380953,0.3047619047619048,0.41904761904761906
954,-12.601381195221931,1000,0.05,1e-05,3.05439129845338,0.404,0.039,0.246,0.311
955,-156.47003334811004,100,0.05,1e-05,3.089675642360257,0.03,0.23,0.32,0.42
956,-35.553568540728065,118,0.05,1e-05,3.073997501385437,0.1694915254237288,0.16101694915254236,0.3898305084745763,0.2796610169491525
957,-98.81397295635263,106,0.05,1e-05,3.0820658382381816,0.009433962264150943,0.18867924528301888,0.3584905660377358,0.44339622641509435
958,-176.63055221340247,60,0.05,1e-05,3.0962229110269934,0.15,0.13333333333333333,0.2,0.5166666666666667
959,-123.95896975114697,101,0.05,1e-05,3.096345337343649,0.0,0.19801980198019803,0.37623762376237624,0.42574257425742573
960,-42.7540358283475,113,0.05,1e-05,3.077714952002702,0.13274336283185842,0.18584070796460178,0.3274336283185841,0.35398230088495575
961,-66.04438020410932,104,0.05,1e-05,3.061018397637662,0.0,0.25961538461538464,0.33653846153846156,0.40384615384615385
962,-163.20720667995698,103,0.05,1e-05,3.066887219695458,0.04854368932038835,0.20388349514563106,0.27184466019417475,0.47572815533980584
963,-23.422134909959027,96,0.05,1e-05,3.0596730012738624,0.010416666666666666,0.20833333333333334,0.4479166666666667,0.3333333333333333
964,-111.38578956002516,79,0.05,1e-05,3.0665535130073684,0.0379746835443038,0.20253164556962025,0.31645569620253167,0.4430379746835443
965,-206.1560664336585,57,0.05,1e-05,3.0576048122739548,0.2631578947368421,0.22807017543859648,0.19298245614035087,0.3157894736842105
966,-351.09948768360886,80,0.05,1e-05,3.07347479331955,0.25,0.4125,0.0875,0.25
967,-30.897598216324,96,0.05,1e-05,3.051830320723925,0.010416666666666666,0.19791666666666666,0.53125,0.2604166666666667
968,-64.9401966666727,87,0.05,1e-05,3.0314065223083726,0.11494252873563218,0.12643678160919541,0.4942528735632184,0.26436781609195403
969,-15.04324126016104,182,0.05,1e-05,3.057063543218594,0.17582417582417584,0.21428571428571427,0.35714285714285715,0.25274725274725274
970,-22.85891449839231,117,0.05,1e-05,3.062222928445527,0.1111111111111111,0.18803418803418803,0.36752136752136755,0.3333333333333333
971,-203.9730889603077,97,0.05,1e-05,3.0398441763132724,0.030927835051546393,0.30927835051546393,0.23711340206185566,0.422680412371134
972,-213.5299024165238,55,0.05,1e-05,3.060006144970859,0.21818181818181817,0.2727272727272727,0.16363636363636364,0.34545454545454546
973,-197.03704371529085,57,0.05,1e-05,3.1892995299666413,0.10526315789473684,0.3508771929824561,0.19298245614035087,0.3508771929824561
974,-92.70333353191492,108,0.05,1e-05,3.1385440938483415,0.027777777777777776,0.26851851851851855,0.2962962962962963,0.4074074074074074
975,-162.4173387708027,97,0.05,1e-05,3.119198034378069,0.010309278350515464,0.21649484536082475,0.29896907216494845,0.4742268041237113
976,-44.01768222196297,125,0.05,1e-05,3.1244831583318233,0.088,0.208,0.368,0.336
977,-186.5652381265852,96,0.05,1e-05,3.129090746527139,0.052083333333333336,0.25,0.28125,0.4166666666666667
978,-238.10501219971843,126,0.05,1e-05,3.1320736161300244,0.0873015873015873,0.3333333333333333,0.30952380952380953,0.2698412698412698
979,-138.27616271281917,92,0.05,1e-05,3.1052062738400683,0.0,0.17391304347826086,0.43478260869565216,0.391304347826087
980,-166.34498509291893,103,0.05,1e-05,3.121472492966536,0.10679611650485436,0.21359223300970873,0.30097087378640774,0.3786407766990291
981,-45.861742357413995,124,0.05,1e-05,3.1359187174690173,0.13709677419354838,0.1935483870967742,0.3387096774193548,0.33064516129032256
982,-23.156709888132397,125,0.05,1e-05,3.1136652728705103,0.024,0.216,0.376,0.384
983,-151.03358228565193,103,0.05,1e-05,3.111611222154904,0.019417475728155338,0.22330097087378642,0.3883495145631068,0.36893203883495146
984,-125.98258559152,102,0.05,1e-05,3.119123319135877,0.0196078431372549,0.21568627450980393,0.43137254901960786,0.3333333333333333
985,-184.79043378854792,93,0.05,1e-05,3.1017046362305436,0.06451612903225806,0.1827956989247312,0.3333333333333333,0.41935483870967744
986,-18.722184292392697,135,0.05,1e-05,3.098882625349401,0.11851851851851852,0.2,0.37037037037037035,0.3111111111111111
987,-149.33659149931646,92,0.05,1e-05,3.1060555115424773,0.010869565217391304,0.16304347826086957,0.3695652173913043,0.45652173913043476
988,-170.02649348352185,105,0.05,1e-05,3.0744656984919847,0.02857142857142857,0.23809523809523808,0.3619047619047619,0.37142857142857144
989,-253.3827794880805,118,0.05,1e-05,3.120986122090042,0.0423728813559322,0.3728813559322034,0.288135593220339,0.2966101694915254
990,-34.11278499514985,128,0.05,1e-05,3.0987653700854656,0.0859375,0.2109375,0.3359375,0.3671875
991,27.456878733958007,99,0.05,1e-05,3.1501175557096732,0.030303030303030304,0.26262626262626265,0.40404040404040403,0.30303030303030304
992,-49.99854543272147,89,0.05,1e-05,3.1940835351360874,0.02247191011235955,0.25842696629213485,0.5393258426966292,0.1797752808988764
993,-189.92547336276107,124,0.05,1e-05,3.143205219655243,0.008064516129032258,0.33064516129032256,0.3629032258064516,0.29838709677419356
994,-148.27903455933227,65,0.05,1e-05,3.13699285152892,0.23076923076923078,0.2,0.3384615384615385,0.23076923076923078
995,264.1039738903098,975,0.05,1e-05,3.1350947495879877,0.15897435897435896,0.7046153846153846,0.07692307692307693,0.059487179487179485
996,-57.350356071759336,131,0.05,1e-05,3.105893727325086,0.12213740458015267,0.22137404580152673,0.35877862595419846,0.29770992366412213
997,-170.54318570491185,104,0.05,1e-05,3.1416228815820824,0.08653846153846154,0.19230769230769232,0.33653846153846156,0.38461538461538464
998,-44.88894901072432,102,0.05,1e-05,3.1297020098245367,0.10784313725490197,0.21568627450980393,0.45098039215686275,0.22549019607843138
999,-25.89847577088011,104,0.05,1e-05,3.1339848081247585,0.125,0.2403846153846154,0.4230769230769231,0.21153846153846154
