Episode,Total_Reward,Steps,Epsilon,Learning_Rate,Average_Loss,Action_0_Percentage,Action_1_Percentage,Action_2_Percentage,Action_3_Percentage
0,-152.72366603422435,93,0.9950195566196387,0.000994896213044336,0.0,0.2903225806451613,0.26881720430107525,0.21505376344086022,0.22580645161290322
1,-311.4296067591988,117,0.9900639180555424,0.0009898184747299606,0.0,0.1794871794871795,0.28205128205128205,0.2905982905982906,0.24786324786324787
2,-114.77188715005947,73,0.9851329607687281,0.0009847666521101584,0.0,0.273972602739726,0.2465753424657534,0.2602739726027397,0.2191780821917808
3,-320.193368419048,118,0.9802265618354918,0.0009797406129167456,0.0,0.288135593220339,0.22033898305084745,0.22033898305084745,0.2711864406779661
4,-106.63919381412441,85,0.975344598944344,0.0009747402255566067,0.0,0.2823529411764706,0.21176470588235294,0.24705882352941178,0.25882352941176473
5,-300.205303410651,110,0.9704869503929605,0.0009697653591082497,0.0,0.24545454545454545,0.2,0.2727272727272727,0.2818181818181818
6,-255.10822763845263,96,0.9656534950851489,0.000964815883318378,0.0,0.21875,0.28125,0.2604166666666667,0.23958333333333334
7,-247.89933254941886,84,0.9608441125278293,0.0009598916685984801,0.0,0.2976190476190476,0.20238095238095238,0.25,0.25
8,-401.45186728101964,76,0.956058682828031,0.0009549925860214364,0.0,0.21052631578947367,0.13157894736842105,0.34210526315789475,0.3157894736842105
9,-229.89457861560157,92,0.9512970866899032,0.0009501185073181442,0.0,0.1956521739130435,0.13043478260869565,0.2717391304347826,0.40217391304347827
10,-182.34143224446476,91,0.9465592054117414,0.0009452693048741588,0.0,0.27472527472527475,0.27472527472527475,0.18681318681318682,0.26373626373626374
11,-411.7021531633047,76,0.9418449208830285,0.0009404448517263523,0.0,0.2894736842105263,0.13157894736842105,0.19736842105263158,0.3815789473684211
12,-97.50724912440486,105,0.9371541155814898,0.0009356450215595899,0.0,0.2571428571428571,0.2571428571428571,0.20952380952380953,0.2761904761904762
13,-307.8200781654854,98,0.9324866725701636,0.000930869688703422,0.0,0.23469387755102042,0.32653061224489793,0.1836734693877551,0.25510204081632654
14,-272.04782816564875,105,0.9278424754944864,0.0009261187281287943,0.0,0.3047619047619048,0.2,0.2571428571428571,0.23809523809523808
15,21.2654291292602,70,0.9232214085793918,0.0009213920154447743,0.0,0.3,0.22857142857142856,0.22857142857142856,0.24285714285714285
16,-84.00745914810518,62,0.9186233566264248,0.0009166894268952941,0.0,0.3548387096774194,0.1935483870967742,0.1935483870967742,0.25806451612903225
17,-309.0620373088573,104,0.9140482050108695,0.0009120108393559106,0.0,0.23076923076923078,0.25961538461538464,0.21153846153846154,0.2980769230769231
18,-229.6436505635288,84,0.9094958396788919,0.0009073561303305816,0.0,0.21428571428571427,0.27380952380952384,0.19047619047619047,0.32142857142857145
19,-137.0524057798586,79,0.904966147144697,0.0009027251779484585,0.0,0.20253164556962025,0.2911392405063291,0.25316455696202533,0.25316455696202533
20,-204.56537441199976,135,0.9004590144876992,0.0008981178609606956,0.0,0.15555555555555556,0.34074074074074073,0.26666666666666666,0.23703703703703705
21,-105.0717041467027,55,0.8959743293497072,0.0008935340587372753,0.0,0.16363636363636364,0.23636363636363636,0.10909090909090909,0.4909090909090909
22,-236.16671932164354,104,0.8915119799321238,0.0008889736512638504,0.0,0.23076923076923078,0.34615384615384615,0.19230769230769232,0.23076923076923078
23,-364.95634726474606,108,0.8870718549931581,0.0008844365191386009,0.0,0.26851851851851855,0.14814814814814814,0.2222222222222222,0.3611111111111111
24,-254.0272020754921,86,0.8826538438450526,0.0008799225435691082,0.0,0.22093023255813954,0.2558139534883721,0.19767441860465115,0.32558139534883723
25,-242.19013478491433,101,0.878257836351324,0.0008754316063692454,0.0,0.21782178217821782,0.21782178217821782,0.2079207920792079,0.3564356435643564
26,-384.01077009528706,98,0.8738837229240176,0.0008709635899560819,0.0,0.23469387755102042,0.1836734693877551,0.20408163265306123,0.37755102040816324
27,-101.22757705238429,56,0.8695313945209752,0.0008665183773468056,0.0,0.2857142857142857,0.26785714285714285,0.125,0.32142857142857145
28,-137.62812413768614,141,0.8652007426431169,0.0008620958521556597,0.0,0.15602836879432624,0.24113475177304963,0.3120567375886525,0.2907801418439716
29,-117.68916490068797,82,0.8608916593317363,0.0008576958985908955,0.0,0.2073170731707317,0.23170731707317074,0.2804878048780488,0.2804878048780488
30,-231.91864911725298,87,0.8566040371658092,0.0008533184014517406,0.0,0.1839080459770115,0.25287356321839083,0.22988505747126436,0.3333333333333333
31,-142.16725801466453,80,0.852337769259316,0.000848963246125383,0.0,0.1875,0.3,0.225,0.2875
32,-190.69474066552584,90,0.8480927492585766,0.0008446303185839699,0.0,0.25555555555555554,0.16666666666666666,0.23333333333333334,0.34444444444444444
33,-107.40219994059603,84,0.8438688713395993,0.0008403195053816226,0.0,0.30952380952380953,0.2261904761904762,0.20238095238095238,0.2619047619047619
34,-30.39942639266772,82,0.8396660302054431,0.0008360306936514657,0.0,0.23170731707317074,0.2073170731707317,0.18292682926829268,0.3780487804878049
35,-168.44935774547312,56,0.8354841210835922,0.0008317637711026725,0.0,0.21428571428571427,0.17857142857142858,0.19642857142857142,0.4107142857142857
36,-142.43627688572184,122,0.8313230397233444,0.0008275186260175247,0.0,0.27049180327868855,0.22131147540983606,0.2540983606557377,0.2540983606557377
37,-239.37334643116648,72,0.8271826823932125,0.0008232951472484873,0.0,0.3194444444444444,0.19444444444444445,0.16666666666666666,0.3194444444444444
38,-82.14728990368249,58,0.8230629458783377,0.0008190932242152989,0.0,0.2413793103448276,0.27586206896551724,0.15517241379310345,0.3275862068965517
39,-442.6894544077012,106,0.8189637274779172,0.000814912746902076,0.0,0.2358490566037736,0.20754716981132076,0.16981132075471697,0.3867924528301887
40,-22.073237527792458,85,0.8148849250026439,0.0008107536058544327,0.0,0.15294117647058825,0.24705882352941178,0.17647058823529413,0.4235294117647059
41,-404.9434313733028,113,0.8108264367721583,0.0008066156921766152,0.0,0.23893805309734514,0.19469026548672566,0.168141592920354,0.39823008849557523
42,21.061786128175527,109,0.8067881616125144,0.0008024988975286502,0.0,0.2018348623853211,0.28440366972477066,0.1834862385321101,0.3302752293577982
43,-0.1092602152355937,132,0.8027699988536575,0.0007984031141235085,0.0,0.2878787878787879,0.18181818181818182,0.26515151515151514,0.26515151515151514
44,-118.15172429834176,75,0.7987718483269142,0.0007943282347242834,0.0,0.25333333333333335,0.17333333333333334,0.2,0.37333333333333335
45,-246.3511519400684,81,0.7947936103624954,0.0007902741526413818,0.0,0.20987654320987653,0.1728395061728395,0.24691358024691357,0.37037037037037035
46,-265.4763830931124,109,0.7908351857870121,0.0007862407617297322,0.0,0.26605504587155965,0.24770642201834864,0.2018348623853211,0.28440366972477066
47,-277.7441973925006,92,0.7868964759210023,0.0007822279563860046,0.0,0.2608695652173913,0.11956521739130435,0.25,0.3695652173913043
48,-191.58591816988368,101,0.7829773825764719,0.0007782356315458458,0.0,0.1782178217821782,0.24752475247524752,0.24752475247524752,0.32673267326732675
49,-503.75740007982245,94,0.7790778080544463,0.000774263682681129,0.0,0.13829787234042554,0.19148936170212766,0.19148936170212766,0.4787234042553192
50,-353.6705362257926,100,0.7751976551425351,0.0007703120057972166,0.0,0.25,0.17,0.2,0.38
51,-388.40964909050507,83,0.771336827112509,0.0007663804974302373,0.0,0.21686746987951808,0.12048192771084337,0.21686746987951808,0.4457831325301205
52,-520.6765829236945,90,0.7674952277178876,0.0007624690546443775,0.0,0.16666666666666666,0.17777777777777778,0.18888888888888888,0.4666666666666667
53,-104.92033071052711,103,0.7636727611915411,0.0007585775750291859,0.0,0.14563106796116504,0.36893203883495146,0.13592233009708737,0.34951456310679613
54,-311.7619130227,145,0.7598693322433026,0.0007547059566968927,1.685823469421464,0.20689655172413793,0.19310344827586207,0.36551724137931035,0.23448275862068965
55,-258.8381329721826,98,0.7560848460575919,0.000750854098279741,1.3298256547802763,0.16326530612244897,0.22448979591836735,0.3673469387755102,0.24489795918367346
56,-159.87634935802782,113,0.7523192082910528,0.0007470218989273339,1.1257982812123113,0.22123893805309736,0.1592920353982301,0.3805309734513274,0.23893805309734514
57,-126.67851752551641,144,0.748572325070201,0.0007432092583039931,1.0548106668868271,0.2361111111111111,0.2013888888888889,0.3680555555555556,0.19444444444444445
58,-103.40207050571519,82,0.7448441029890834,0.0007394160765861323,0.9866299308536292,0.13414634146341464,0.1951219512195122,0.4268292682926829,0.24390243902439024
59,-36.87469773210021,155,0.7411344491069503,0.0007356422544596437,0.935412122968524,0.2645161290322581,0.17419354838709677,0.3935483870967742,0.16774193548387098
60,-121.42143758182524,83,0.7374432709459379,0.0007318876931172971,0.9035198543358679,0.21686746987951808,0.2289156626506024,0.37349397590361444,0.18072289156626506
61,-101.16793805902839,119,0.7337704764887631,0.000728152294256154,0.8194832051834896,0.23529411764705882,0.18487394957983194,0.35294117647058826,0.226890756302521
62,-196.6490901272416,125,0.7301159741764301,0.0007244359600749925,0.8126796184820823,0.136,0.232,0.408,0.224
63,-191.40486488372994,82,0.7264796729059471,0.0007207385932717478,0.7491842084279909,0.15853658536585366,0.3048780487804878,0.3048780487804878,0.23170731707317074
64,-204.83827342014052,99,0.7228614820280556,0.0007170600970409636,0.7751348717205868,0.2222222222222222,0.20202020202020202,0.3333333333333333,0.24242424242424243
65,-21.883291986195232,95,0.7192613113449707,0.0007134003750712587,0.7777552061247787,0.22105263157894736,0.2,0.4105263157894737,0.16842105263157894
66,-102.1490077840766,135,0.7156790711081327,0.0007097593315428041,0.7377640393870948,0.21481481481481482,0.17037037037037037,0.4222222222222222,0.1925925925925926
67,-93.976775093341,122,0.712114672015969,0.000706136871124815,0.7178975231186985,0.18032786885245902,0.18032786885245902,0.39344262295081966,0.2459016393442623
68,-153.00643735498048,104,0.708568025211669,0.0007025328989730546,0.6815446166049927,0.14423076923076922,0.20192307692307693,0.41346153846153844,0.2403846153846154
69,-219.8304404642804,181,0.7050390422809678,0.000698947320727351,0.6480339578731155,0.14917127071823205,0.27624309392265195,0.3370165745856354,0.23756906077348067
70,-6.222463410260758,132,0.7015276352499433,0.0006953800425091263,0.665567399557943,0.18181818181818182,0.19696969696969696,0.4090909090909091,0.21212121212121213
71,-164.62879696344686,139,0.6980337165828222,0.000691830970918939,0.6357459170117301,0.17266187050359713,0.17266187050359713,0.4460431654676259,0.20863309352517986
72,-131.65886651075363,112,0.6945571991797983,0.0006883000130340385,0.6390508862817776,0.17857142857142858,0.24107142857142858,0.39285714285714285,0.1875
73,-120.97696198206349,150,0.691097996374861,0.0006847870764059319,0.622220063495225,0.21333333333333335,0.20666666666666667,0.4066666666666667,0.17333333333333334
74,-209.09860846131215,125,0.6876560219336348,0.0006812920690579639,0.7710018240728527,0.208,0.24,0.304,0.248
75,-166.97048785289383,73,0.6842311900512299,0.0006778148994829084,1.0863222283199268,0.1506849315068493,0.273972602739726,0.3013698630136986,0.273972602739726
76,-192.12958269655712,128,0.6808234153501025,0.0006743554766405727,1.0056937677307878,0.1171875,0.3046875,0.421875,0.15625
77,-145.20578621224635,153,0.6774326128779271,0.0006709137099554139,0.8657841609508059,0.1895424836601307,0.20915032679738563,0.39869281045751637,0.20261437908496732
78,-45.87750718788676,151,0.6740586981054784,0.0006674895093141672,0.8014441714566788,0.17880794701986755,0.16556291390728478,0.45695364238410596,0.1986754966887417
79,-121.21718798858329,190,0.670701586924524,0.0006640827850634869,0.754254299738909,0.1736842105263158,0.18421052631578946,0.4263157894736842,0.21578947368421053
80,-60.613385079535206,142,0.6673611956457279,0.0006606934480075987,0.7230402526682697,0.22535211267605634,0.2112676056338028,0.3732394366197183,0.19014084507042253
81,56.70272571191521,1000,0.6640374409965641,0.0006573214094059647,0.7360368878575624,0.315,0.222,0.29,0.173
82,-108.59948797872937,88,0.6607302401192408,0.0006539665809709598,0.7785836096009585,0.17045454545454544,0.19318181818181818,0.4772727272727273,0.1590909090909091
83,-61.906179830939806,134,0.6574395105686344,0.0006506288748655599,0.768965914805899,0.11194029850746269,0.26865671641791045,0.3358208955223881,0.2835820895522388
84,-264.05198581551133,256,0.6541651703102348,0.0006473082037010426,0.7758664295744528,0.13671875,0.20703125,0.4375,0.21875
85,60.43082696086603,90,0.6509071377181003,0.0006440044805346987,0.7393768409605233,0.28888888888888886,0.15555555555555556,0.36666666666666664,0.18888888888888888
86,-118.98219650886863,129,0.6476653315728222,0.0006407176188675564,1.098841338130149,0.16279069767441862,0.26356589147286824,0.27906976744186046,0.29457364341085274
87,-54.911545771522896,119,0.6444396710595008,0.000637447532642116,1.2650814446944127,0.19327731092436976,0.17647058823529413,0.4789915966386555,0.15126050420168066
88,-28.801820541510594,136,0.6412300757657303,0.0006341941362400969,1.1347715607035658,0.11764705882352941,0.2426470588235294,0.34558823529411764,0.29411764705882354
89,-209.79557044342124,130,0.6380364656795943,0.000630957344480196,1.07187305927762,0.14615384615384616,0.24615384615384617,0.3153846153846154,0.2923076923076923
90,15.943999197695376,185,0.6348587611876713,0.0006277370726158575,0.9985853919469522,0.15135135135135136,0.1891891891891892,0.4972972972972973,0.16216216216216217
91,-70.72025849470106,142,0.6316968830730497,0.0006245332363330539,0.9646492643193219,0.14084507042253522,0.24647887323943662,0.4084507042253521,0.20422535211267606
92,-82.6432103120852,187,0.6285507525133537,0.0006213457517480785,0.9677458569065868,0.18181818181818182,0.18181818181818182,0.44919786096256686,0.18716577540106952
93,10.581655700980363,120,0.6254202910787774,0.0006181745354053494,0.8925345325881859,0.15833333333333333,0.2,0.4583333333333333,0.18333333333333332
94,-167.91527304541052,164,0.6223054207301305,0.0006150195042752238,0.9101341916031372,0.17682926829268292,0.1951219512195122,0.38414634146341464,0.24390243902439024
95,-76.06223565922642,156,0.6192060638168921,0.0006118805757518249,0.8585044949638325,0.1346153846153846,0.23076923076923078,0.48717948717948717,0.14743589743589744
96,-80.07727532771676,126,0.6161221430752757,0.0006087576676508784,0.8502664185366886,0.16666666666666666,0.1746031746031746,0.48412698412698413,0.1746031746031746
97,-59.57259055491284,95,0.6130535816263024,0.0006056506982075613,0.8791526510301585,0.18947368421052632,0.18947368421052632,0.4105263157894737,0.21052631578947367
98,-253.35643303543756,163,0.6100003029738849,0.0006025595860743607,0.8732037021453922,0.1656441717791411,0.24539877300613497,0.39263803680981596,0.19631901840490798
99,-96.92141555052689,81,0.6069622310029202,0.000599484250318944,0.7992099097416706,0.12345679012345678,0.18518518518518517,0.38271604938271603,0.30864197530864196
100,-199.10890143396108,129,0.6039392899773924,0.0005964246104220401,0.8024847333543753,0.15503875968992248,0.14728682170542637,0.5271317829457365,0.17054263565891473
101,-29.87632765785939,107,0.6009314045384845,0.000593380586275331,0.7750959470665437,0.14953271028037382,0.22429906542056074,0.5046728971962616,0.12149532710280374
102,-128.47630447784292,146,0.5979384997026995,0.0005903520981793547,0.8167619646539271,0.17123287671232876,0.21232876712328766,0.4178082191780822,0.19863013698630136
103,-160.57840464266872,152,0.5949605008599921,0.0005873390668414179,0.8250500900291371,0.19736842105263158,0.17105263157894737,0.4342105263157895,0.19736842105263158
104,-44.64875626059968,241,0.5919973337719074,0.0005843414133735207,1.2110798919833827,0.14522821576763487,0.17427385892116182,0.5269709543568465,0.15352697095435686
105,-42.06089056200021,134,0.5890489245697316,0.0005813590592902906,1.2826860628514778,0.1791044776119403,0.15671641791044777,0.5074626865671642,0.15671641791044777
106,-106.24531135689405,157,0.5861151997526493,0.0005783919265069276,1.2968295319239134,0.14012738853503184,0.21656050955414013,0.445859872611465,0.19745222929936307
107,-77.65683138626885,119,0.583196086185912,0.0005754399373371601,1.2603528495061502,0.21008403361344538,0.23529411764705882,0.3865546218487395,0.16806722689075632
108,-99.40055818047865,164,0.5802915110990148,0.0005725030144912106,1.0577681998893782,0.1524390243902439,0.1951219512195122,0.4817073170731707,0.17073170731707318
109,-98.69433212322028,101,0.5774014020838818,0.0005695810810737719,0.9633271498392747,0.09900990099009901,0.15841584158415842,0.48514851485148514,0.25742574257425743
110,-61.028442583473634,139,0.5745256870930618,0.0005666740605819945,1.0323375833439103,0.19424460431654678,0.22302158273381295,0.3597122302158273,0.22302158273381295
111,-206.71509067322754,137,0.5716642944379317,0.0005637818769034828,1.0112419883448316,0.17518248175182483,0.21897810218978103,0.46715328467153283,0.1386861313868613
112,-156.15644094332288,193,0.5688171527869094,0.000560904454314303,0.9726505369405954,0.13989637305699482,0.22797927461139897,0.45595854922279794,0.17616580310880828
113,-201.04117540449602,105,0.5659841911636758,0.0005580417174769997,0.841545233364598,0.09523809523809523,0.3904761904761905,0.21904761904761905,0.29523809523809524
114,9.822162443795207,152,0.5631653389454055,0.0005551935914386241,0.9113267536500426,0.09210526315789473,0.25,0.48026315789473684,0.17763157894736842
115,-203.0083921886522,133,0.5603605258610059,0.0005523600016287713,0.9055078190487358,0.09774436090225563,0.22556390977443608,0.46616541353383456,0.21052631578947367
116,-75.10889718396031,118,0.5575696819893657,0.0005495408738576278,0.9708270839793732,0.09322033898305085,0.19491525423728814,0.4830508474576271,0.2288135593220339
117,-134.11553062906796,214,0.5547927377576116,0.000546736134314029,0.9072179456318212,0.09813084112149532,0.20093457943925233,0.42990654205607476,0.27102803738317754
118,-52.28780883681672,200,0.5520296239393742,0.0005439457095635269,0.898950580006742,0.095,0.185,0.51,0.21
119,-110.48210127364045,243,0.5492802716530619,0.000541169526546467,0.8716385916800465,0.12345679012345678,0.1728395061728395,0.522633744855967,0.18106995884773663
120,-42.005565701862565,182,0.5465446123601444,0.0005384075125760762,1.3498035842355514,0.19230769230769232,0.2032967032967033,0.4230769230769231,0.1813186813186813
121,-38.136333392903225,253,0.5438225778634432,0.0005356595953365588,1.347279110965539,0.18181818181818182,0.15810276679841898,0.49407114624505927,0.16600790513833993
122,-49.83356929719558,163,0.5411141003054323,0.0005329257028812037,1.2343923460206323,0.1411042944785276,0.17177914110429449,0.5153374233128835,0.17177914110429449
123,-78.38329331440933,208,0.5384191121665459,0.0005302057636305005,1.1784525234722618,0.1346153846153846,0.13942307692307693,0.5913461538461539,0.1346153846153846
124,-58.912139056053064,248,0.535737546263496,0.0005274997063702652,1.0892327343140709,0.11693548387096774,0.2217741935483871,0.4959677419354839,0.16532258064516128
125,-13.801044295847746,274,0.533069335747597,0.000524807460249776,1.0995597482401172,0.17153284671532848,0.17153284671532848,0.4744525547445255,0.18248175182481752
126,-123.1224998990838,174,0.5304144141030992,0.000522128954779918,1.0220421400982216,0.13793103448275862,0.27011494252873564,0.3735632183908046,0.21839080459770116
127,-93.52797911761662,170,0.5277727151455311,0.0005194641198313376,0.9599094251150585,0.11764705882352941,0.21764705882352942,0.4294117647058823,0.23529411764705882
128,-65.7468670624792,276,0.5251441730200492,0.0005168128856326069,0.9547413307351256,0.16666666666666666,0.19202898550724637,0.4855072463768116,0.15579710144927536
129,-93.22133281000382,123,0.5225287221997962,0.0005141751827683961,0.9262964540522417,0.14634146341463414,0.23577235772357724,0.3902439024390244,0.22764227642276422
130,92.7734825361045,1000,0.5199262974842676,0.0005115509421776565,1.1551964361487244,0.357,0.164,0.272,0.207
131,-107.23521888502955,182,0.5173368339976863,0.0005089400951518125,1.104714613490897,0.13186813186813187,0.2692307692307692,0.4065934065934066,0.19230769230769232
132,-72.43471926770373,143,0.5147602671873854,0.0005063425733329622,1.1360978467035052,0.11188811188811189,0.1888111888111888,0.46153846153846156,0.23776223776223776
133,-20.054084371268203,108,0.512196532822199,0.000503758308712088,1.1253408855235105,0.19444444444444445,0.1388888888888889,0.5185185185185185,0.14814814814814814
134,-32.15541755694588,106,0.5096455669908607,0.0005011872336272758,1.2508521388839315,0.09433962264150944,0.1792452830188679,0.5377358490566038,0.18867924528301888
135,-29.380382589247105,131,0.5071073061004107,0.0004986292807619435,1.0644081646348815,0.11450381679389313,0.2366412213740458,0.46564885496183206,0.183206106870229
136,-4.212062847210603,134,0.50458168687461,0.0004960843831430785,1.007871654229814,0.1044776119402985,0.22388059701492538,0.44029850746268656,0.23134328358208955
137,-162.36772692811005,239,0.5020686463523638,0.0004935524741394842,1.059569647677303,0.19665271966527198,0.20920502092050208,0.38493723849372385,0.20920502092050208
138,7.423302530503989,214,0.49956812188615124,0.0004910334874600353,0.9929473233539858,0.14485981308411214,0.20093457943925233,0.5046728971962616,0.14953271028037382
139,-53.679581714873876,205,0.49708005114046383,0.0004885273571519426,1.006457349291751,0.14634146341463414,0.16097560975609757,0.48292682926829267,0.2097560975609756
140,-89.49096206649345,261,0.49460437209025165,0.0004860340175990254,1.0579405008708846,0.16091954022988506,0.1532567049808429,0.4942528735632184,0.19157088122605365
141,-139.32497920605596,97,0.492141023019377,0.00048355340351999445,1.0318229598493802,0.14432989690721648,0.10309278350515463,0.5567010309278351,0.1958762886597938
142,-92.45787398470227,118,0.48968994251907594,0.0004810854499667421,0.9594216566034929,0.0847457627118644,0.3389830508474576,0.2796610169491525,0.2966101694915254
143,-28.169228633922216,187,0.4872510694864273,0.000478630092322642,1.3448400026701106,0.11229946524064172,0.1443850267379679,0.5401069518716578,0.20320855614973263
144,81.60035190382162,1000,0.4848243431228297,0.0004761872663008574,1.264893004526197,0.214,0.291,0.197,0.298
145,47.30931058775411,168,0.4824097029324856,0.00047375690794265767,1.1506500048415786,0.1130952380952381,0.18452380952380953,0.5416666666666666,0.16071428571428573
146,-52.94798598959555,207,0.4800070887208934,0.00047133895361574417,1.106254138853126,0.11594202898550725,0.21256038647342995,0.47342995169082125,0.19806763285024154
147,-95.41836917492026,181,0.47761644059334696,0.0004689333400125837,1.1391860121508275,0.11602209944751381,0.2265193370165746,0.47513812154696133,0.18232044198895028
148,-64.8196031389906,287,0.4752376989534421,0.0004665400041487515,1.148770554259604,0.156794425087108,0.1672473867595819,0.5226480836236934,0.15331010452961671
149,63.11996992364588,1000,0.4728708045015913,0.0004641588833612816,1.232055603047058,0.311,0.286,0.251,0.152
150,-82.00543536249012,150,0.4705156982335452,0.0004617899153070266,1.321745602555257,0.1,0.23333333333333334,0.47333333333333333,0.19333333333333333
151,-51.34892556651248,138,0.4681723214389219,0.00045943303796102536,1.3059417005990737,0.12318840579710146,0.18115942028985507,0.5362318840579711,0.15942028985507245
152,-106.56449690609932,116,0.46584061569974305,0.00045708818961487873,1.2987389864050387,0.13793103448275862,0.25862068965517243,0.31896551724137934,0.28448275862068967
153,8.965444769149983,139,0.4635205228889778,0.0004547553088751342,1.2332967688182295,0.1366906474820144,0.18705035971223022,0.5179856115107914,0.15827338129496402
154,-26.926861657241588,409,0.4612119851690938,0.00045243433466167824,1.1690380198851156,0.15647921760391198,0.16625916870415647,0.5183374083129584,0.15892420537897312
155,-123.80174793723202,312,0.4589149449906151,0.00045012520620613735,1.1726934901246069,0.11217948717948718,0.20833333333333334,0.5064102564102564,0.17307692307692307
156,-9.57713906453742,515,0.4566293450906877,0.0004478278630502868,1.131883880871832,0.12815533980582525,0.15145631067961166,0.5572815533980583,0.16310679611650486
157,-16.140612533375602,194,0.45435512849165205,0.0004455422450444678,1.1426591828277477,0.15463917525773196,0.17525773195876287,0.5515463917525774,0.11855670103092783
158,0.39156787071669896,125,0.4520922384996226,0.0004432682923460125,1.4137408760125478,0.152,0.176,0.488,0.184
159,-61.3451246382607,477,0.44984061870307446,0.00044100594541767737,1.4064560653496405,0.1090146750524109,0.18658280922431866,0.5471698113207547,0.15723270440251572
160,-59.596291729516736,230,0.4476002129714371,0.0004387551450260843,1.3797415118749525,0.1391304347826087,0.2217391304347826,0.46956521739130436,0.16956521739130434
161,-54.48133222642686,266,0.4453709654536952,0.00043651583224016963,1.26526170452724,0.14661654135338345,0.17293233082706766,0.49624060150375937,0.18421052631578946
162,-32.472721336294754,281,0.44315282057699623,0.00043428794842964135,1.2432435865162526,0.15658362989323843,0.1708185053380783,0.498220640569395,0.17437722419928825
163,-89.72031932634886,115,0.4409457230452651,0.000432071435263444,1.266877676434065,0.10434782608695652,0.2608695652173913,0.3826086956521739,0.25217391304347825
164,-65.08841947735048,215,0.4387496178378257,0.00042986623470823136,1.253116993188404,0.13023255813953488,0.20465116279069767,0.4930232558139535,0.17209302325581396
165,58.905826581977664,1000,0.43656445020802925,0.00042767228902684703,1.2538350961512097,0.217,0.153,0.251,0.379
166,-248.60581169381973,366,0.4343901656818896,0.0004254895407768128,1.4636465662789166,0.12295081967213115,0.19398907103825136,0.4890710382513661,0.19398907103825136
167,13.148128664040797,268,0.4322267100567252,0.0004233179328088246,1.4738112904251484,0.13805970149253732,0.15298507462686567,0.5522388059701493,0.15671641791044777
168,41.230340810971185,1000,0.4300740293998078,0.0004211574082652562,1.35275409174855,0.218,0.195,0.381,0.206
169,38.045070004134175,131,0.4279320700470182,0.0004190079105786707,1.1856619619325577,0.09923664122137404,0.10687022900763359,0.5954198473282443,0.1984732824427481
170,11.999954607227354,1000,0.4258007786015082,0.00041686938347033914,1.3558653108913656,0.221,0.191,0.412,0.176
171,-83.0909004271196,94,0.42368010193236966,0.00041474177094876744,1.52625251556738,0.10638297872340426,0.23404255319148937,0.5106382978723404,0.14893617021276595
172,47.45404369612061,1000,0.4215699871733098,0.00041262501730823006,1.40048583464343,0.377,0.213,0.27,0.14
173,33.109472864380486,1000,0.4194703817213335,0.0004105190671273116,1.319063172388037,0.189,0.233,0.411,0.167
174,-64.37143436947886,235,0.41738123323543186,0.0004084238652674558,1.4908273889290662,0.13191489361702127,0.16170212765957448,0.5191489361702127,0.18723404255319148
175,-68.43745771922882,343,0.41530248963527744,0.00040633935687152184,1.41585882901024,0.13119533527696792,0.1661807580174927,0.5568513119533528,0.1457725947521866
176,-1.9532757512994152,188,0.41323409909992587,0.000404265487362348,1.3763083021369458,0.1595744680851064,0.10638297872340426,0.5797872340425532,0.15425531914893617
177,-119.3027839569317,148,0.4111760100665241,0.00040220220244132287,1.3805684459571532,0.08108108108108109,0.17567567567567569,0.5472972972972973,0.19594594594594594
178,30.089159334020337,153,0.4091281712290249,0.00040014944808696346,1.327970351895963,0.0915032679738562,0.16993464052287582,0.5555555555555556,0.1830065359477124
179,0.21692432895250136,281,0.407090531536908,0.000398107170553501,1.2923853278840147,0.11743772241992882,0.17437722419928825,0.5693950177935944,0.1387900355871886
180,65.90784042232754,1000,0.40506304019390726,0.00039607531636947366,1.2935264510262219,0.234,0.266,0.236,0.264
181,177.62734280383867,1000,0.40304564665674447,0.0003940538323363266,1.4349377262696106,0.337,0.276,0.187,0.2
182,93.86637655475488,1000,0.40103830063386947,0.00039204266552701896,1.3231602692115352,0.318,0.135,0.199,0.348
183,-6.778069799716818,356,0.39904095208420615,0.00039004176328463834,1.271058263157372,0.15730337078651685,0.1544943820224719,0.5365168539325843,0.15168539325842698
184,73.05027482699131,1000,0.3970535512159053,0.00038805107322102195,1.3399049073910507,0.347,0.157,0.286,0.21
185,-133.64769221056167,306,0.3950760484851031,0.000386070543215385,1.30978992112012,0.12091503267973856,0.12745098039215685,0.43790849673202614,0.3137254901960784
186,-23.390356256417263,436,0.39310839459468616,0.00038410012141295614,1.2696156890942722,0.14678899082568808,0.1444954128440367,0.5298165137614679,0.17889908256880735
187,21.304302853824673,1000,0.3911505404930626,0.0003821397562236197,1.2447531968434469,0.163,0.473,0.259,0.105
188,-156.111908141831,186,0.38920243737293914,0.00038018939632056487,1.484116238577627,0.12903225806451613,0.1774193548387097,0.5161290322580645,0.1774193548387097
189,-43.55542191571635,152,0.3872640366701046,0.00037824899063894216,1.4497810541019456,0.11842105263157894,0.18421052631578946,0.5197368421052632,0.17763157894736842
190,-35.689002140029075,165,0.385335290062219,0.000376318488374526,1.4098326675332447,0.18181818181818182,0.20606060606060606,0.4484848484848485,0.16363636363636364
191,25.285012439670435,1000,0.38341614946760905,0.0003743978389823848,1.3561509250071972,0.19,0.22,0.335,0.255
192,-16.362299906013945,159,0.3815065670440695,0.0003724869921755577,1.391171398102687,0.12578616352201258,0.15723270440251572,0.5157232704402516,0.20125786163522014
193,33.66466851166356,1000,0.3796064951876705,0.0003705858979237375,1.2669766127022835,0.153,0.107,0.231,0.509
194,7.595751448182327,136,0.3777158865315709,0.00036869450645196124,1.3004011303527203,0.08823529411764706,0.18382352941176472,0.5588235294117647,0.16911764705882354
195,2.629694249965553,228,0.37583469394483743,0.0003668127682393067,1.320094278858601,0.10087719298245613,0.19298245614035087,0.5263157894736842,0.17982456140350878
196,-104.58053931736447,161,0.37396287053126975,0.00036494063401759587,1.2878766836278068,0.19254658385093168,0.09937888198757763,0.5279503105590062,0.18012422360248448
197,-60.41502620803516,297,0.3721003696282314,0.00036307805477010503,1.2869091984604286,0.12794612794612795,0.18855218855218855,0.5084175084175084,0.1750841750841751
198,-98.92634939580633,525,0.3702471448054865,0.00036122498173028143,1.2559948052611907,0.12,0.13714285714285715,0.26285714285714284,0.48
199,97.41040414688318,1000,0.3684031498640423,0.0003593813663804664,1.1827283646828628,0.225,0.107,0.194,0.474
200,-57.976138180240895,433,0.3665683388349977,0.000357547160450625,1.3184131813004036,0.12009237875288684,0.15242494226327943,0.5866050808314087,0.14087759815242495
201,5.731656031644618,1000,0.3647426659783969,0.00035572231591708236,1.292776647135026,0.224,0.148,0.47,0.158
202,33.27134385293465,1000,0.36292608578208946,0.0003539067850012661,1.228214639559157,0.276,0.149,0.4,0.175
203,133.4840655261364,1000,0.36111855296059564,0.0003521005201684556,1.2895613383128184,0.417,0.15,0.155,0.278
204,-31.68048920943327,1000,0.3593200224539774,0.0003503034741265373,1.2249509482363745,0.132,0.203,0.326,0.339
205,-58.51035072543931,381,0.3575304494267152,0.00034851559982476644,1.253290181778497,0.12598425196850394,0.17060367454068243,0.5433070866141733,0.16010498687664043
206,67.31513648032715,1000,0.3557497892665903,0.0003467368504525353,1.2827354134397924,0.172,0.116,0.213,0.499
207,-69.07522666030424,1000,0.35397799758357257,0.0003449671794381476,1.2798846903287622,0.132,0.147,0.579,0.142
208,-54.232129346434746,1000,0.3522150302087139,0.0003432065404475989,1.2468979590643985,0.144,0.207,0.513,0.136
209,-87.23047066886687,298,0.35046084319304716,0.0003414548873833638,1.284809099416313,0.1040268456375839,0.17114093959731544,0.5503355704697986,0.174496644295302
210,29.21807432191818,1000,0.3487153928064905,0.0003397121743831888,1.2478229117659758,0.182,0.128,0.294,0.396
211,-87.31803872726336,197,0.34697863553675734,0.0003379783558188916,1.2507372122598377,0.1065989847715736,0.16751269035532995,0.5634517766497462,0.16243654822335024
212,-21.54750765887391,1000,0.3452505280882715,0.0003362533862951663,1.2119902465587535,0.126,0.135,0.404,0.335
213,30.95968431448962,1000,0.34353102738108804,0.00033453722064839516,1.1726946938730143,0.361,0.188,0.323,0.128
214,-57.772286988239784,1000,0.34182009054981916,0.00033282981394546575,1.1510344118250653,0.12,0.17,0.553,0.157
215,-147.80036374065045,720,0.3401176749425658,0.00033113112148259473,1.204435702069023,0.14305555555555555,0.15138888888888888,0.5597222222222222,0.14583333333333334
216,-71.71096867509559,549,0.3384237381198542,0.00032944109878415743,1.2361695381572149,0.16029143897996356,0.12568306010928962,0.5774134790528234,0.1366120218579235
217,-36.05303148619015,174,0.33673823785357804,0.0003277597016015232,1.1706661166414076,0.09770114942528736,0.1896551724137931,0.5402298850574713,0.1724137931034483
218,16.086006607358286,1000,0.3350611321259457,0.00032608688591189696,1.1922260267412124,0.343,0.134,0.368,0.155
219,-14.83905072263886,193,0.33339237912843267,0.0003244226079171667,1.1692362420499733,0.13989637305699482,0.15544041450777202,0.5284974093264249,0.17616580310880828
220,54.96893123761322,120,0.3317319372607396,0.0003227668240427565,1.2124414501296177,0.075,0.15,0.6083333333333333,0.16666666666666666
221,-35.034773854212176,1000,0.3300797651297549,0.00032111949093648594,1.2261845701502099,0.203,0.144,0.511,0.142
222,-16.786584938101008,1000,0.3284358215485232,0.0003194805654674348,1.1943910175561305,0.157,0.123,0.463,0.257
223,1.4964828057424953,1000,0.32680006553521834,0.00031785000472481386,1.224239034387495,0.106,0.13,0.377,0.387
224,88.0054495700764,1000,0.3251724563121218,0.00031622776601684157,1.1968409766508834,0.358,0.098,0.173,0.371
225,-51.24446579329155,237,0.3235529533046063,0.000314613806869626,1.2279272025466577,0.11814345991561181,0.15611814345991562,0.5611814345991561,0.16455696202531644
226,32.86977896607131,1000,0.32194151614012406,0.00031300808502605297,1.2132106991883997,0.185,0.234,0.432,0.149
227,-26.298663167578596,156,0.32033810464720053,0.0003114105584446796,1.3001793538637092,0.08333333333333333,0.21153846153846154,0.4807692307692308,0.22435897435897437
228,93.20535445729296,1000,0.3187426788544329,0.00030982118529863353,1.232312437066494,0.214,0.135,0.281,0.37
229,-47.85968813815704,370,0.31715519898949374,0.00030823992397451796,1.223631940905139,0.12432432432432433,0.17567567567567569,0.527027027027027,0.17297297297297298
230,105.207221003364,1000,0.31557562547813933,0.0003066667330713219,1.231476206547913,0.517,0.117,0.219,0.147
231,-50.48625393268609,101,0.3140039189432234,0.0003051015713993363,1.3330648402682306,0.10891089108910891,0.2079207920792079,0.39603960396039606,0.2871287128712871
232,-61.28381288984283,105,0.3124400402037151,0.00030354439797907574,1.2247133381894943,0.14285714285714285,0.2,0.44761904761904764,0.20952380952380953
233,38.13822885172689,1000,0.3108839502737227,0.0003019951720402052,1.2306132603397664,0.29,0.22,0.253,0.237
234,-79.68387827583864,213,0.30933561036152135,0.00030045385302047284,1.2086329234555597,0.15492957746478872,0.1784037558685446,0.4788732394366197,0.18779342723004694
235,-39.24418113548698,225,0.3077949818685863,0.0002989204005646479,1.1483213615732266,0.08444444444444445,0.2088888888888889,0.5111111111111111,0.19555555555555557
236,-79.24558968314813,227,0.3062620263886305,0.00029739477452346417,1.1961537347092266,0.12334801762114538,0.15418502202643172,0.5550660792951542,0.16740088105726872
237,-12.170119939113448,154,0.3047367057066472,0.00029587693495256864,1.180887096709807,0.15584415584415584,0.13636363636363635,0.5454545454545454,0.16233766233766234
238,-37.51449883673047,1000,0.3032189817979574,0.00029436684211147583,1.212753432175152,0.088,0.211,0.533,0.168
239,-39.3128150379151,87,0.3017088168272619,0.0002928644564625272,1.1877713024190635,0.20689655172413793,0.21839080459770116,0.367816091954023,0.20689655172413793
240,-69.45620050892163,177,0.30020617314769793,0.0002913697386698561,1.2152759410991427,0.11864406779661017,0.14124293785310735,0.5480225988700564,0.192090395480226
241,-94.71092948607337,342,0.2987110132999009,0.0002898826495983576,1.1899873957210791,0.11403508771929824,0.1783625730994152,0.5233918128654971,0.18421052631578946
242,108.08586274874682,1000,0.2972233000110704,0.0002884031503126642,1.153670279513771,0.196,0.544,0.16,0.1
243,90.93394158639707,1000,0.2957429961940411,0.00028693120207612594,1.1878805439683342,0.461,0.117,0.231,0.191
244,85.75108022380778,1000,0.29427006494635827,0.0002854667663497968,1.137290609408436,0.135,0.538,0.225,0.102
245,94.13353965882484,1000,0.2928044695493577,0.00028400980479142507,1.1584471522348996,0.501,0.099,0.225,0.175
246,57.81953141564348,1000,0.2913461734672504,0.00028256027925444986,1.1300070013448544,0.491,0.095,0.17,0.244
247,87.36781567037075,1000,0.28989514034621183,0.0002811181517870022,1.1425138147291722,0.443,0.115,0.281,0.161
248,93.74873801988137,1000,0.2884513340134756,0.0002796833846309113,1.1058234515819154,0.439,0.189,0.256,0.116
249,200.4903025327459,978,0.2870147184764318,0.00027825594022071605,1.083606011204262,0.47955010224948874,0.13803680981595093,0.2280163599182004,0.15439672801635992
250,165.65374596156272,834,0.28558525792172956,0.0002768357811826815,1.076840215320529,0.2673860911270983,0.2805755395683453,0.2038369304556355,0.24820143884892087
251,71.88877620331205,1000,0.2841629167143845,0.0002754228703338202,1.0610323871543061,0.179,0.094,0.261,0.466
252,-86.48472385158746,1000,0.28274765939689017,0.0002740171706809189,1.047345977681775,0.103,0.172,0.566,0.159
253,81.67090379395037,1000,0.28133945068833427,0.0002726186454195696,1.0695517203265235,0.316,0.163,0.349,0.172
254,150.40674621410284,1000,0.2799382554835191,0.00027122725793320634,1.0666440964794388,0.479,0.145,0.252,0.124
255,-114.0293437333479,1000,0.2785440388520863,0.0002698429717921463,1.0404367488468884,0.074,0.178,0.577,0.171
256,34.44761672837086,104,0.27715676603764633,0.00026846575075263585,1.0278388020260156,0.1346153846153846,0.15384615384615385,0.5673076923076923,0.14423076923076922
257,90.12345628174987,1000,0.27577640245691176,0.00026709555875590197,1.037147668103192,0.083,0.679,0.134,0.104
258,101.9097152937315,1000,0.2744029136988354,0.00026573235992720774,1.016767733976657,0.483,0.113,0.293,0.111
259,-179.1298394631896,741,0.2730362655237522,0.00026437611857491343,1.0773780902093257,0.13090418353576247,0.13360323886639677,0.5856950067476383,0.14979757085020243
260,210.98473666271528,368,0.2716764238625259,0.00026302679918954166,1.0128304303372893,0.1956521739130435,0.16847826086956522,0.44565217391304346,0.19021739130434784
261,127.82231023665705,1000,0.2703233548156995,0.000261684366442848,1.0170330781844847,0.534,0.119,0.238,0.109
262,129.422324219184,1000,0.2689770246526506,0.00026034878518689574,1.0253126277083848,0.557,0.124,0.213,0.106
263,121.38560554580648,1000,0.26763739981075,0.00025902002045313587,1.0291126521315332,0.498,0.156,0.224,0.122
264,-84.41587122707415,133,0.2663044468945255,0.0002576980374514913,1.0191535989388465,0.13533834586466165,0.22556390977443608,0.41353383458646614,0.22556390977443608
265,94.21426455327003,1000,0.2649781326748289,0.0002563828015694461,0.9953929172928762,0.584,0.093,0.207,0.116
266,296.77174683552806,769,0.26365842408800805,0.00025507427837113934,0.997294271166783,0.48764629388816644,0.10793237971391417,0.1508452535760728,0.2535760728218466
267,-76.73510372037299,71,0.26234528823508246,0.00025377243359646324,1.0819297001835377,0.4507042253521127,0.07042253521126761,0.38028169014084506,0.09859154929577464
268,9.665128686659543,77,0.2610386923809231,0.00025247723316016644,1.050868653831361,0.1038961038961039,0.14285714285714285,0.5584415584415584,0.19480519480519481
269,123.07932419094897,1000,0.25973860395343634,0.0002511886431509614,0.9745249408046872,0.592,0.066,0.221,0.121
270,224.09325764822546,488,0.25844499054275216,0.0002499066298306366,0.9676788502925077,0.36065573770491804,0.13114754098360656,0.3729508196721312,0.13524590163934427
271,104.94052261437174,1000,0.257157819900416,0.00024863115963317297,0.9639747199872496,0.287,0.397,0.156,0.16
272,131.98040157091302,1000,0.2558770599385848,0.0002473621991638655,0.9530996999265164,0.536,0.126,0.199,0.139
273,115.71985050039162,1000,0.25460267872922737,0.0002460997151984486,0.9495699604396892,0.56,0.098,0.224,0.118
274,118.1506780709252,1000,0.25333464450332815,0.00024484367468222606,0.9540580587316405,0.193,0.062,0.185,0.56
275,106.94055211817619,1000,0.25207292565009537,0.00024359404472920604,0.9333510856393764,0.297,0.082,0.181,0.44
276,5.558254274995974,102,0.25081749071617304,0.00024235079262123965,0.9495921505661571,0.08823529411764706,0.18627450980392157,0.5490196078431373,0.17647058823529413
277,76.51455415002131,1000,0.24956830840485686,0.00024111388580716448,0.9453642837547243,0.41,0.079,0.134,0.377
278,110.63750495319871,1000,0.2483253475753139,0.00023988329190195238,0.942313763995315,0.216,0.082,0.174,0.528
279,-106.38307587918078,153,0.24708857724180652,0.00023865897868586143,0.9665427074433068,0.19607843137254902,0.13725490196078433,0.43790849673202614,0.22875816993464052
280,116.0528422908624,1000,0.24585796657291967,0.0002374409141035924,0.9508820549326112,0.627,0.105,0.165,0.103
281,272.20107496945684,369,0.24463348489079248,0.00023622906626344953,0.9221161059128186,0.3902439024390244,0.13821138211382114,0.35772357723577236,0.11382113821138211
282,96.8940093058989,1000,0.2434151016703534,0.0002350234034365054,0.9195082340425839,0.541,0.087,0.174,0.198
283,33.40103631105845,166,0.2422027865385593,0.00023382389405577036,0.9290604240440355,0.14457831325301204,0.1927710843373494,0.4819277108433735,0.18072289156626506
284,-5.012771369972256,153,0.24099650927363828,0.00023263050671536593,0.8841246829395046,0.05228758169934641,0.24836601307189543,0.46405228758169936,0.23529411764705882
285,167.53042186201475,753,0.2397962398043362,0.0002314432101697025,0.9253658356054852,0.10889774236387782,0.14873837981407703,0.2815405046480744,0.46082337317397076
286,175.920034731488,730,0.23860194820916716,0.00023026197333266135,0.9051023374003203,0.10547945205479452,0.10684931506849316,0.31232876712328766,0.47534246575342465
287,-19.55323227676064,115,0.2374136047156675,0.00022908676527678062,0.9127555067038494,0.17391304347826086,0.23478260869565218,0.3739130434782609,0.21739130434782608
288,143.0301864387531,1000,0.23623117969965363,0.0002279175552324457,0.9194749111616874,0.586,0.195,0.122,0.097
289,8.257749047239628,90,0.23505464368448353,0.00022675431258708346,0.8900420701107977,0.12222222222222222,0.2111111111111111,0.5111111111111111,0.15555555555555556
290,109.18416160142638,1000,0.23388396734032196,0.0002255970068843609,0.9111196724675137,0.458,0.305,0.132,0.105
291,237.88405588000708,810,0.23271912148340923,0.00022444560782338763,0.9015166261065827,0.5567901234567901,0.08148148148148149,0.21358024691358024,0.14814814814814814
292,32.81537096549823,139,0.2315600770753337,0.00022330008525792253,0.8701362467471914,0.02877697841726619,0.2446043165467626,0.49640287769784175,0.2302158273381295
293,115.40490205700095,1000,0.2304068052223079,0.00022216040919558445,0.88692395475135,0.614,0.088,0.196,0.102
294,138.57856832048645,1000,0.22925927717444824,0.000221026549797067,0.8702565339107953,0.517,0.136,0.209,0.138
295,228.91977918281577,843,0.22811746432505836,0.0002198984773753573,0.8539834374316779,0.5444839857651246,0.10676156583629894,0.2040332147093713,0.14472123368920523
296,33.206237554593486,79,0.2269813382099158,0.00021877616239495854,0.9045149633775644,0.1518987341772152,0.12658227848101267,0.5822784810126582,0.13924050632911392
297,-30.28885541078504,1000,0.2258508705065627,0.0002176595754711169,0.8706177381895602,0.086,0.29,0.467,0.157
298,110.63551135924246,1000,0.22472603303359945,0.000216548687369052,0.8547213891092489,0.44,0.196,0.221,0.143
299,148.13212272442158,1000,0.2236067977499824,0.00021544346900319165,0.8619813206854601,0.664,0.084,0.124,0.128
300,256.82092735843264,273,0.22249313675432472,0.00021434389143641013,0.8414985160528625,0.23076923076923078,0.15018315018315018,0.46153846153846156,0.1575091575091575
301,-2.3302312798193157,1000,0.22138502228420082,0.00021324992587927068,0.8431457740378787,0.083,0.078,0.21,0.629
302,6.760547638275071,109,0.22028242671545434,0.0002121615436892717,0.7912295967848286,0.2018348623853211,0.1651376146788991,0.5045871559633027,0.12844036697247707
303,158.20987186442784,1000,0.21918532256150944,0.00021107871637009683,0.8477240880794263,0.608,0.075,0.114,0.203
304,270.5594654703091,687,0.21809368247268562,0.00021000141557086878,0.860099625593362,0.6768558951965066,0.08296943231441048,0.15574963609898107,0.08442503639010189
305,327.70461825275595,337,0.21700747923551592,0.00020892961308540718,0.827287045973825,0.3293768545994065,0.1394658753709199,0.23738872403560832,0.29376854599406527
306,12.652375794877429,107,0.2159266857720685,0.00020786328085148993,0.8633332883193668,0.308411214953271,0.12149532710280374,0.45794392523364486,0.11214953271028037
307,232.15858344912905,745,0.21485127513927166,0.00020680239095011854,0.8241484203701702,0.5543624161073826,0.11006711409395974,0.23087248322147652,0.10469798657718121
308,232.90624848578952,411,0.21378122052824208,0.00020574691560478717,0.8109389932148688,0.4793187347931874,0.13381995133819952,0.2846715328467153,0.10218978102189781
309,17.461433381271757,1000,0.21271649526361663,0.00020469682718075532,0.8272983692886202,0.196,0.099,0.342,0.363
310,287.33695615422187,431,0.21165707280288729,0.00020365209818432435,0.8327244145988455,0.6496519721577726,0.09280742459396751,0.18097447795823665,0.0765661252900232
311,-158.1824997708142,316,0.2106029267357395,0.00020261270126211757,0.8462401465405486,0.06962025316455696,0.4050632911392405,0.37658227848101267,0.14873417721518986
312,34.77543301370042,95,0.20955403078339377,0.0002015786092003641,0.8195024826722287,0.10526315789473684,0.17894736842105263,0.5263157894736842,0.18947368421052632
313,245.32689743545777,607,0.2085103587979506,0.00020054979492418635,0.8376452272009731,0.5584843492586491,0.11367380560131796,0.22075782537067545,0.1070840197693575
314,246.92858370340176,558,0.20747188476173858,0.00019952623149689116,0.873633137733644,0.5698924731182796,0.0931899641577061,0.2025089605734767,0.13440860215053763
315,67.6750840721313,1000,0.2064385827866659,0.0001985078921192645,0.8415494444930829,0.096,0.085,0.228,0.591
316,216.07140344700733,673,0.20541042711357488,0.00019749475012886982,0.8421440852280239,0.12332838038632987,0.06835066864784546,0.19316493313521546,0.6151560178306092
317,276.41935887281244,727,0.2043873921115999,0.00019648677899934995,0.8491215659269131,0.38376891334250346,0.09903713892709766,0.13892709766162312,0.3782668500687758
318,185.24647446711862,633,0.20336945227752837,0.00019548395233973259,0.8609710359498818,0.1263823064770932,0.07424960505529225,0.1406003159557662,0.6587677725118484
319,235.7444351469147,963,0.20235658223516506,0.0001944862438937394,0.8429792425663065,0.6531671858774662,0.1111111111111111,0.13499480789200416,0.10072689511941849
320,120.97382290422271,1000,0.2013487567346994,0.0001934936275390984,0.8377381366080102,0.557,0.084,0.152,0.207
321,110.59276432867036,1000,0.20034595065207608,0.0001925060772868602,0.8157387449704427,0.244,0.495,0.158,0.103
322,156.3025124681998,1000,0.19934813898836876,0.00019152356728071747,0.8179904377206877,0.577,0.168,0.113,0.142
323,264.47135150061604,571,0.1983552968691568,0.00019054607179632788,0.8286369765510465,0.6077057793345009,0.14535901926444833,0.14010507880910683,0.10683012259194395
324,40.70835131934635,90,0.1973673995439052,0.00018957356524064073,0.7693648625151018,0.12222222222222222,0.15555555555555556,0.5666666666666667,0.15555555555555556
325,271.7569498333166,804,0.19638442238534762,0.0001886060221512268,0.8088656843988578,0.6343283582089553,0.14925373134328357,0.12686567164179105,0.08955223880597014
326,223.5176101630493,815,0.19540634088887243,0.00018764341719561167,0.8045487250121512,0.10429447852760736,0.08588957055214724,0.1521472392638037,0.6576687116564417
327,124.06934413665029,1000,0.1944331306719118,0.00018668572517061246,0.8233381454724586,0.691,0.088,0.122,0.099
328,266.34477902082403,379,0.19346476747333397,0.00018573292100167797,0.8413253738560725,0.5356200527704486,0.06596306068601583,0.18469656992084432,0.21372031662269128
329,105.03780975738304,1000,0.19250122715283827,0.0001847849797422322,0.8044087998742844,0.393,0.086,0.162,0.359
330,48.305102744150275,83,0.19154248569035348,0.00018384187657302114,0.7907692599935419,0.1566265060240964,0.10843373493975904,0.5903614457831325,0.14457831325301204
331,239.9599213357182,831,0.190588519185439,0.00018290358680146294,0.8192414429843575,0.681107099879663,0.07821901323706378,0.13477737665463296,0.10589651022864019
332,53.51681815413869,102,0.18963930385668903,0.00018197008586100144,0.8590903059691158,0.14705882352941177,0.13725490196078433,0.5686274509803921,0.14705882352941177
333,21.540182465363884,111,0.18869481604113966,0.00018104134931046296,0.7939322105931191,0.11711711711711711,0.22522522522522523,0.38738738738738737,0.2702702702702703
334,136.50291862540456,1000,0.1877550321936791,0.00018011735283341638,0.7854330274691403,0.211,0.051,0.121,0.617
335,266.7382428501177,272,0.18681992888646057,0.00017919807223753644,0.7790543640878729,0.3272058823529412,0.15073529411764705,0.3602941176470588,0.16176470588235295
336,48.25302683728691,82,0.18588948280831843,0.00017828348345397035,0.7823773430731628,0.0975609756097561,0.08536585365853659,0.6341463414634146,0.18292682926829268
337,32.67743311651316,98,0.18496367076418696,0.0001773735625367076,0.8128328486448374,0.10204081632653061,0.17346938775510204,0.5612244897959183,0.16326530612244897
338,256.7589567739754,290,0.18404246967452215,0.00017646828566195307,0.7941580222408644,0.5241379310344828,0.09310344827586207,0.29310344827586204,0.0896551724137931
339,-1.9754614929984342,139,0.18312585657472633,0.00017556762912750317,0.7934244565054734,0.07194244604316546,0.2302158273381295,0.43884892086330934,0.2589928057553957
340,244.25849348051224,465,0.18221380861457573,0.00017467156935212534,0.7942402603324725,0.6258064516129033,0.09462365591397849,0.1827956989247312,0.0967741935483871
341,33.07695783585629,83,0.18130630305765083,0.00017378008287494056,0.708767396220213,0.10843373493975904,0.10843373493975904,0.6144578313253012,0.1686746987951807
342,176.65712469483788,931,0.18040331728076958,0.0001728931463548092,0.7690125485345269,0.17400644468313642,0.4908700322234157,0.22878625134264233,0.10633727175080558
343,114.41109176676085,1000,0.17950482877342336,0.0001720107365697198,0.7685195737310563,0.145,0.68,0.121,0.054
344,302.4527155405276,455,0.17861081513721588,0.00017113283041618108,0.7646689590743918,0.43956043956043955,0.21978021978021978,0.2175824175824176,0.12307692307692308
345,-8.697778769907032,118,0.17772125408530481,0.00017025940490861708,0.7758765747132023,0.0847457627118644,0.2288135593220339,0.4915254237288136,0.19491525423728814
346,258.5546895109617,190,0.17683612344184615,0.00016939043717876533,0.8003957434951381,0.22631578947368422,0.1736842105263158,0.41578947368421054,0.18421052631578946
347,127.80396677182803,1000,0.17595540114144145,0.0001685259044750781,0.7626427020492673,0.049,0.07,0.127,0.754
348,231.2788992997034,722,0.17507906522858774,0.0001676657841621267,0.7667996556666647,0.08310249307479224,0.05817174515235457,0.14958448753462603,0.7091412742382271
349,274.53367518760626,314,0.17420709385713018,0.00016681005372000884,0.7729296647267765,0.5796178343949044,0.08598726114649681,0.25477707006369427,0.07961783439490445
350,282.7394157728545,641,0.17333946528971744,0.00016595869074375902,0.7647460133849971,0.43837753510140404,0.09516380655226209,0.17160686427457097,0.2948517940717629
351,245.25472890394568,705,0.1724761578972599,0.00016511167294276194,0.7570653950574805,0.6836879432624113,0.09929078014184398,0.1375886524822695,0.07943262411347518
352,247.1161606083695,550,0.17161715015839032,0.0001642689781401688,0.7520917280617534,0.6163636363636363,0.08181818181818182,0.19272727272727272,0.10909090909090909
353,28.754928463334693,81,0.1707624206589275,0.00016343058427231672,0.7762696501480801,0.16049382716049382,0.08641975308641975,0.5802469135802469,0.1728395061728395
354,34.31815919494467,1000,0.16991194809134227,0.0001625964693881511,0.7615532833348317,0.169,0.082,0.341,0.408
355,66.95680698974058,117,0.16906571125422645,0.00016176661164865082,0.7546772529551614,0.017094017094017096,0.1794871794871795,0.6324786324786325,0.17094017094017094
356,254.98663933719874,301,0.16822368905176427,0.00016094098932625646,0.763117141934324,0.47840531561461797,0.09634551495016612,0.33222591362126247,0.09302325581395349
357,117.3103030781093,1000,0.16738586049320645,0.00016011958080430143,0.7617520425247191,0.16,0.071,0.121,0.648
358,265.97358925035854,313,0.16655220469234697,0.00015930236457644602,0.7694749462752101,0.536741214057508,0.10543130990415335,0.23961661341853036,0.1182108626198083
359,275.43891294092225,409,0.1657227008670024,0.0001584893192461143,0.7735473502476276,0.49144254278728605,0.26405867970660146,0.16381418092909536,0.08068459657701711
360,237.20473886495722,597,0.16489732833849374,0.00015768042352593388,0.7585566843968976,0.5979899497487438,0.11557788944723618,0.1474036850921273,0.1390284757118928
361,39.76429172455457,109,0.16407606653113102,0.00015687565623717862,0.7759594805660914,0.11926605504587157,0.1743119266055046,0.5504587155963303,0.1559633027522936
362,223.33145399039591,551,0.16325889497170032,0.00015607499630921405,0.7696571993761756,0.13430127041742287,0.5934664246823956,0.19419237749546278,0.0780399274047187
363,193.340922594799,519,0.16244579328895342,0.00015527842277894576,0.7573723211864654,0.1329479768786127,0.5298651252408478,0.2697495183044316,0.0674373795761079
364,295.6551531492388,929,0.16163674121309993,0.00015448591479027047,0.7689414775775247,0.6307857911733046,0.1603875134553283,0.12378902045209902,0.08503767491926803
365,285.89870490729436,242,0.16083171857530196,0.00015369745159353004,0.7323082144548567,0.3305785123966942,0.22727272727272727,0.2727272727272727,0.16942148760330578
366,240.65247274735844,586,0.16003070530717145,0.00015291301254496815,0.746323551106167,0.6092150170648464,0.12116040955631399,0.15358361774744028,0.11604095563139932
367,222.02596053944194,334,0.1592336814402698,0.00015213257710618982,0.740915660756554,0.45808383233532934,0.1377245508982036,0.23053892215568864,0.17365269461077845
368,138.45036960889752,1000,0.15844062710561005,0.00015135612484362367,0.7691281310979167,0.692,0.072,0.129,0.107
369,266.92446463464046,228,0.15765152253316161,0.0001505836354279869,0.7284634577578482,0.4824561403508772,0.11842105263157894,0.2807017543859649,0.11842105263157894
370,127.10222024757371,1000,0.15686634805135746,0.00014981508863375306,0.7649358927792234,0.347,0.064,0.132,0.457
371,145.2675993320943,1000,0.15608508408660363,0.00014905046433862245,0.7404564310899189,0.289,0.06,0.098,0.553
372,110.7139781278408,1000,0.15530771116279135,0.0001482897425229953,0.7593024108550311,0.37,0.069,0.126,0.435
373,228.91798027829418,455,0.15453420990081157,0.00014753290326944765,0.7556072240367537,0.589010989010989,0.14285714285714285,0.16483516483516483,0.10329670329670329
374,199.41829850853452,536,0.1537645610180717,0.0001467799267622098,0.7521422280524664,0.07462686567164178,0.5541044776119403,0.2966417910447761,0.07462686567164178
375,291.36168479218946,213,0.15299874532801508,0.00014603079328664748,0.7586529294156332,0.4694835680751174,0.09859154929577464,0.3145539906103286,0.11737089201877934
376,226.61964001492987,861,0.15223674373964258,0.0001452854832287458,0.7725498366174849,0.4065040650406504,0.04994192799070848,0.12311265969802555,0.42044134727061555
377,240.85198399394224,326,0.15147853725703672,0.00014454397707459556,0.7431454386290134,0.43558282208588955,0.23006134969325154,0.24846625766871167,0.08588957055214724
378,224.9102065465488,230,0.1507241069788881,0.0001438062554098824,0.7458828514301209,0.10869565217391304,0.4260869565217391,0.3652173913043478,0.1
379,242.28892138815752,200,0.14997343409802424,0.00014307229891937854,0.7688591153231462,0.395,0.135,0.365,0.105
380,280.3372535957882,393,0.1492264999009407,0.00014234208838643692,0.7292674958000583,0.5979643765903307,0.11959287531806616,0.19592875318066158,0.08651399491094147
381,268.27672235497937,674,0.14848328576733458,0.00014161560469248824,0.7431688382523898,0.6706231454005934,0.09643916913946587,0.15578635014836795,0.0771513353115727
382,258.7982483863536,294,0.14774377316964035,0.00014089282881654024,0.7378485903499985,0.4965986394557823,0.11224489795918367,0.29591836734693877,0.09523809523809523
383,277.33391846688386,259,0.147007943672568,0.00014017374183467976,0.7341167725501462,0.5328185328185329,0.11969111969111969,0.27413127413127414,0.07335907335907337
384,234.9790402396211,619,0.14627577893264343,0.0001394583249195773,0.7587838111900244,0.6284329563812601,0.15024232633279483,0.14378029079159935,0.07754442649434572
385,274.3745442069517,195,0.14554726069775115,0.00013874655933999398,0.7304560178024442,0.39487179487179486,0.13333333333333333,0.35384615384615387,0.11794871794871795
386,112.78237105292156,1000,0.1448223708066793,0.00013803842646029123,0.723271673459195,0.304,0.069,0.152,0.475
387,261.38779804884285,516,0.14410109118866696,0.0001373339077399428,0.7315947411742042,0.5542635658914729,0.07945736434108527,0.27906976744186046,0.0872093023255814
388,289.92513518750025,202,0.14338340386295353,0.00013663298473304928,0.7210358221369637,0.43564356435643564,0.10891089108910891,0.3910891089108911,0.06435643564356436
389,305.71336117171325,339,0.1426692909383306,0.0001359356390878553,0.7312967493656118,0.2536873156342183,0.12389380530973451,0.26843657817109146,0.35398230088495575
390,221.97211305789472,788,0.14195873461269595,0.00013524185254626883,0.7167337120992152,0.6624365482233503,0.116751269035533,0.1446700507614213,0.07614213197969544
391,273.21046544186913,233,0.14125171717260968,0.00013455160694338334,0.7127411023314714,0.2145922746781116,0.24034334763948498,0.41630901287553645,0.12875536480686695
392,276.7319740926064,322,0.1405482209928527,0.00013386488420700205,0.7027754363121422,0.45652173913043476,0.16770186335403728,0.2515527950310559,0.12422360248447205
393,32.5551964275748,100,0.13984822853598727,0.00013318166635716485,0.7335751064278617,0.02,0.18,0.59,0.21
394,263.79101923721475,554,0.13915172235191997,0.00013250193550567755,0.7356204602194557,0.5469314079422383,0.13176895306859207,0.21299638989169675,0.10830324909747292
395,250.56642353572568,283,0.13845868507746648,0.00013182567385564342,0.7444450910663469,0.3462897526501767,0.1413427561837456,0.3674911660777385,0.14487632508833923
396,240.69247905437476,439,0.1377690994359189,0.00013115286370099735,0.7229593575803258,0.6514806378132119,0.09111617312072894,0.16856492027334852,0.0888382687927107
397,258.90363070668695,399,0.13708294823661493,0.00013048348742604221,0.7348365625710079,0.38345864661654133,0.09022556390977443,0.3383458646616541,0.18796992481203006
398,244.5856864401156,416,0.13640021437450947,0.00012981752750498761,0.7069307202547805,0.46875,0.19230769230769232,0.25961538461538464,0.07932692307692307
399,179.09731975175026,544,0.1357208808297481,0.0001291549665014911,0.7133862777742601,0.125,0.5422794117647058,0.25,0.08272058823529412
400,250.13348884227548,669,0.13504493066724277,0.00012849578706820153,0.7341287854230087,0.6591928251121076,0.12855007473841554,0.15097159940209268,0.061285500747384154
401,242.68535959826,648,0.13437234703624976,0.00012783997194630505,0.7032162923276857,0.6604938271604939,0.09567901234567901,0.16820987654320987,0.07561728395061729
402,104.66634423227448,1000,0.13370311316994946,0.00012718750396507303,0.7054817530936578,0.411,0.368,0.139,0.082
403,216.3977861827683,291,0.1330372123850285,0.0001265383660414126,0.7266625514718265,0.14432989690721648,0.09278350515463918,0.45017182130584193,0.3127147766323024
404,264.6745481327589,243,0.13237462808126377,0.0001258925411794194,0.7333777465284403,0.2962962962962963,0.11522633744855967,0.43621399176954734,0.1522633744855967
405,-157.7059490511155,238,0.13171534374110866,0.00012525001246993246,0.7141971658302666,0.10504201680672269,0.19747899159663865,0.4579831932773109,0.23949579831932774
406,194.39626821128974,906,0.13105934292928123,0.00012461076309009165,0.708914277047887,0.1445916114790287,0.24392935982339956,0.25275938189845476,0.358719646799117
407,228.1318930309483,520,0.1304066092923546,0.00012397477630289708,0.691095818821957,0.12115384615384615,0.09423076923076923,0.18653846153846154,0.5980769230769231
408,271.07452526713644,624,0.12975712655834912,0.00012334203545677095,0.7142735135511581,0.6330128205128205,0.10737179487179487,0.1778846153846154,0.08173076923076923
409,218.76387556672861,267,0.12911087853632688,0.00012271252398512162,0.7022512816381107,0.16853932584269662,0.26591760299625467,0.3707865168539326,0.1947565543071161
410,279.43085048938747,285,0.128467849115988,0.00012208622540590974,0.7229838338291786,0.47719298245614034,0.15789473684210525,0.26666666666666666,0.09824561403508772
411,256.5014235451307,258,0.12782802226726903,0.00012146312332121679,0.6898655911635828,0.45348837209302323,0.15503875968992248,0.28294573643410853,0.10852713178294573
412,250.52114923991738,573,0.12719138203994332,0.00012084320141681574,0.7269225174513302,0.7015706806282722,0.1012216404886562,0.13787085514834205,0.059336823734729496
413,163.4244907648789,548,0.1265579125632235,0.0001202264434617439,0.6968256211403271,0.0948905109489051,0.4470802919708029,0.3448905109489051,0.11313868613138686
414,257.6892647175731,512,0.12592759804536563,0.00011961283330787796,0.7217264810867356,0.5078125,0.083984375,0.25390625,0.154296875
415,141.81600935034186,1000,0.1253004227732758,0.00011900235488951118,0.723256958961587,0.364,0.392,0.124,0.12
416,238.868489195327,587,0.12467637111211817,0.00011839499222293278,0.7064221758060008,0.6149914821124361,0.08006814310051108,0.20272572402044292,0.10221465076660988
417,221.18334851152977,348,0.12405542750492535,0.00011779072940600942,0.7069105361870013,0.5114942528735632,0.08045977011494253,0.3132183908045977,0.09482758620689655
418,5.338179703180586,115,0.12343757647221056,0.00011718955061776886,0.7048468097465391,0.06086956521739131,0.22608695652173913,0.5130434782608696,0.2
419,265.0029435723146,678,0.1228228026115817,0.00011659144011798575,0.7149229059258287,0.5191740412979351,0.10619469026548672,0.22418879056047197,0.1504424778761062
420,209.91164086320143,375,0.12221109059735742,0.00011599638224676948,0.7323325962724839,0.3333333333333333,0.20266666666666666,0.32266666666666666,0.14133333333333334
421,212.22255598722927,865,0.12160242518018508,0.00011540436142415419,0.7101406156621445,0.4959537572254335,0.056647398843930635,0.15838150289017341,0.28901734104046245
422,256.267421928107,251,0.12099679118666054,0.00011481536214969084,0.691447439210523,0.3346613545816733,0.09561752988047809,0.44621513944223107,0.12350597609561753
423,260.709199287329,545,0.12039417351894997,0.0001142293690020414,0.7041683937926249,0.4055045871559633,0.10458715596330276,0.3192660550458716,0.1706422018348624
424,231.0270605641857,384,0.11979455715441345,0.00011364636663857504,0.7248697253164486,0.3619791666666667,0.13541666666666666,0.3151041666666667,0.1875
425,115.2687532661345,1000,0.11919792714523043,0.00011306633979496645,0.705297323897065,0.196,0.068,0.157,0.579
426,252.57607333955684,520,0.11860426861802718,0.0001124892732847962,0.687743901100756,0.475,0.10192307692307692,0.2519230769230769,0.17115384615384616
427,259.5246825617587,491,0.11801356677350594,0.00011191515199915312,0.6775602480485489,0.6456211812627292,0.11405295315682282,0.15682281059063136,0.0835030549898167
428,115.01097899398891,1000,0.11742580688607601,0.00011134396090623867,0.6970292320665985,0.49,0.269,0.123,0.118
429,125.13442100383233,1000,0.11684097430348667,0.00011077568505097344,0.6957852961358609,0.169,0.045,0.133,0.653
430,217.75905386641153,605,0.1162590544464619,0.00011021030955460552,0.6861475473563301,0.1884297520661157,0.0628099173553719,0.15206611570247933,0.596694214876033
431,272.9306670473172,366,0.11568003280833696,0.00010964781961432101,0.6982148942359397,0.34972677595628415,0.1721311475409836,0.24863387978142076,0.22950819672131148
432,272.20727230399655,229,0.1151038949546967,0.00010908820050285642,0.6734340818612248,0.17467248908296942,0.13973799126637554,0.5065502183406113,0.17903930131004367
433,220.8635333545982,383,0.11453062652301578,0.00010853143756811307,0.6870063646212023,0.5221932114882507,0.09921671018276762,0.2819843342036554,0.09660574412532637
434,249.03503103388348,280,0.1139602132223006,0.00010797751623277346,0.707822026016888,0.48928571428571427,0.10357142857142858,0.25357142857142856,0.15357142857142858
435,261.3732991365315,302,0.11339264083273302,0.00010742642199391962,0.6760008212823254,0.3841059602649007,0.10264900662251655,0.3708609271523179,0.1423841059602649
436,244.2159048401423,465,0.11282789520531596,0.00010687814042265338,0.676592915713745,0.6881720430107527,0.060215053763440864,0.13978494623655913,0.11182795698924732
437,200.39589537930016,419,0.11226596226152054,0.0001063326571637186,0.6706956617588029,0.06443914081145585,0.5369928400954654,0.27684964200477324,0.12171837708830549
438,234.04388232035416,512,0.11170682799293526,0.00010578995793512529,0.6585384167300767,0.515625,0.1171875,0.28125,0.0859375
439,231.9910238226558,378,0.11115047846091669,0.00010525002852777575,0.6683167903808223,0.48412698412698413,0.09259259259259259,0.32275132275132273,0.10052910052910052
440,270.32688829108486,236,0.11059689979624203,0.0001047128548050924,0.6555129578072644,0.4745762711864407,0.15254237288135594,0.2754237288135593,0.09745762711864407
441,250.43852819095972,905,0.11004607819876336,0.00010417842270264782,0.6576509452869329,0.2276243093922652,0.507182320441989,0.13922651933701657,0.12596685082872927
442,260.1382270456808,266,0.1094979999370636,0.00010364671822779637,0.6610983289882801,0.34962406015037595,0.12030075187969924,0.3684210526315789,0.16165413533834586
443,259.06446718389293,355,0.10895265134811426,0.00010311772745930794,0.6646834260431729,0.4112676056338028,0.11267605633802817,0.36056338028169016,0.11549295774647887
444,250.89779296814626,342,0.10841001883693473,0.0001025914365470034,0.6772688472291252,0.5029239766081871,0.12280701754385964,0.26900584795321636,0.10526315789473684
445,284.43396887582315,544,0.10787008887625348,0.00010206783171139196,0.6752402593881409,0.4797794117647059,0.09558823529411764,0.3235294117647059,0.10110294117647059
446,179.1512590875704,389,0.10733284800617075,0.00010154689924331044,0.6764794675569477,0.06940874035989718,0.46272493573264784,0.35732647814910024,0.11053984575835475
447,218.44668066181012,183,0.10679828283382309,0.00010102862550356429,0.6393641262661709,0.30601092896174864,0.07650273224043716,0.3770491803278688,0.24043715846994534
448,223.48057168260328,890,0.10626638003304942,0.00010051299692257053,0.6653594109204899,0.6157303370786517,0.14719101123595504,0.15617977528089888,0.08089887640449438
449,232.8933320149735,605,0.10573712634405887,0.0001000000000000024,0.6741321915846689,0.6132231404958678,0.08760330578512397,0.22644628099173553,0.07272727272727272
450,272.06381479249876,460,0.10521050857310017,9.948962130443598e-05,0.6733061609394895,0.5152173913043478,0.12173913043478261,0.24347826086956523,0.11956521739130435
451,179.36027841642567,717,0.10468651359213282,9.898184747299844e-05,0.6664377706370456,0.48535564853556484,0.18410041841004185,0.23709902370990238,0.09344490934449093
452,246.5856446947079,472,0.10416512833849978,9.847666521101821e-05,0.6555308098561432,0.3665254237288136,0.09533898305084745,0.4279661016949153,0.11016949152542373
453,223.57760852635226,254,0.1036463398146018,9.797406129167691e-05,0.6726474905254964,0.421259842519685,0.10236220472440945,0.35826771653543305,0.11811023622047244
454,205.8902408204067,395,0.1031301350875735,9.747402255566301e-05,0.6532103952462048,0.379746835443038,0.1291139240506329,0.38734177215189874,0.10379746835443038
455,208.42919147942953,366,0.10261650128896083,9.69765359108273e-05,0.6827639207671728,0.3770491803278688,0.11748633879781421,0.3797814207650273,0.12568306010928962
456,240.58651029241895,465,0.10210542561440039,9.648158833184013e-05,0.66254230751538,0.46881720430107526,0.07956989247311828,0.35268817204301073,0.0989247311827957
457,252.8262760105232,323,0.10159689532330018,9.598916685985032e-05,0.6728539690718615,0.24148606811145512,0.16718266253869968,0.4582043343653251,0.13312693498452013
458,242.6676269440446,317,0.10109089773852199,9.549925860214595e-05,0.664533957826738,0.19873817034700317,0.13249211356466878,0.5110410094637224,0.15772870662460567
459,241.96166303132256,326,0.10058742024606539,9.501185073181671e-05,0.6554920654160239,0.3895705521472393,0.0950920245398773,0.36503067484662577,0.15030674846625766
460,197.1089802741034,356,0.10008645029475326,9.452693048741816e-05,0.6629088338568588,0.34831460674157305,0.19101123595505617,0.3707865168539326,0.0898876404494382
461,211.64742003405325,306,0.09958797539591889,9.404448517263751e-05,0.6645915706472374,0.17973856209150327,0.13398692810457516,0.3888888888888889,0.2973856209150327
462,249.2271148721631,203,0.0990919831230947,9.356450215596125e-05,0.6601622045694621,0.2660098522167488,0.22660098522167488,0.3645320197044335,0.14285714285714285
463,191.35943177300345,350,0.09859846111170241,9.308696887034445e-05,0.6650247554979707,0.4514285714285714,0.11428571428571428,0.30857142857142855,0.12571428571428572
464,300.8584264858432,278,0.09810739705874481,9.261187281288167e-05,0.6843475114044016,0.3345323741007194,0.12589928057553956,0.4172661870503597,0.1223021582733813
465,210.46119921845036,376,0.0976187787224991,9.213920154447967e-05,0.6616508889175625,0.39361702127659576,0.11436170212765957,0.38563829787234044,0.10638297872340426
466,182.78212024572434,527,0.09713259392221169,9.166894268953164e-05,0.6632839362588981,0.07210626185958255,0.3225806451612903,0.476280834914611,0.12903225806451613
467,204.97911425015047,311,0.09664883053779448,9.120108393559328e-05,0.6568786019510806,0.3408360128617363,0.1157556270096463,0.43729903536977494,0.10610932475884244
468,3.3092023402937656,182,0.09616747650952286,9.073561303306037e-05,0.6894676717752413,0.09340659340659341,0.14835164835164835,0.5714285714285714,0.18681318681318682
469,273.58905474521634,185,0.09568851983773495,9.027251779484805e-05,0.6679983475897057,0.2972972972972973,0.14054054054054055,0.4756756756756757,0.08648648648648649
470,65.97341603088668,1000,0.09521194858253253,8.981178609607174e-05,0.658744880814331,0.259,0.389,0.202,0.15
471,248.05398574345506,213,0.09473775086348335,8.935340587372971e-05,0.6849105381639236,0.3004694835680751,0.09859154929577464,0.49295774647887325,0.107981220657277
472,297.12412843913614,299,0.09426591485932499,8.88973651263872e-05,0.6583906423576456,0.33444816053511706,0.10033444816053512,0.44481605351170567,0.12040133779264214
473,286.24680774985137,249,0.09379642880767017,8.844365191386223e-05,0.6501095231852628,0.30120481927710846,0.21686746987951808,0.37349397590361444,0.10843373493975904
474,258.81842704996893,302,0.09332928100471348,8.799225435691295e-05,0.6332502922670288,0.5231788079470199,0.09271523178807947,0.30132450331125826,0.08278145695364239
475,265.6408497906414,186,0.09286445980493968,8.754316063692666e-05,0.6416643324671258,0.2903225806451613,0.16129032258064516,0.4032258064516129,0.14516129032258066
476,207.20978201867928,625,0.09240195362083334,8.70963589956103e-05,0.6569824541937284,0.3856,0.04,0.2352,0.3392
477,255.69990225005162,227,0.09194175092259001,8.665183773468267e-05,0.6382403969497022,0.19823788546255505,0.18061674008810572,0.4845814977973568,0.13656387665198239
478,272.2159745546286,291,0.09148384023782877,8.620958521556806e-05,0.6529760821419697,0.32989690721649484,0.140893470790378,0.38831615120274915,0.140893470790378
479,252.39508828197617,449,0.09102821015130624,8.576958985909162e-05,0.6498987741706987,0.4053452115812918,0.11804008908685969,0.3207126948775056,0.155902004454343
480,79.67677367206832,1000,0.09057484930463203,8.533184014517613e-05,0.659325140389733,0.415,0.241,0.199,0.145
481,258.8926562289714,252,0.09012374639598555,8.489632461254036e-05,0.6583984016147142,0.28174603174603174,0.10317460317460317,0.5119047619047619,0.10317460317460317
482,280.8932326508567,302,0.08967489017983431,8.446303185839905e-05,0.6572473142628719,0.31456953642384106,0.10927152317880795,0.4602649006622517,0.11589403973509933
483,296.21038666775416,217,0.08922826946665352,8.40319505381643e-05,0.64581439043702,0.18433179723502305,0.15668202764976957,0.45161290322580644,0.2073732718894009
484,249.6460436716751,870,0.08878387312264722,8.36030693651486e-05,0.6365331093256389,0.5942528735632184,0.05632183908045977,0.1206896551724138,0.22873563218390805
485,295.463134466223,228,0.0883416900694707,8.317637711026927e-05,0.6558160466938966,0.25,0.16228070175438597,0.4298245614035088,0.15789473684210525
486,226.76325628399036,331,0.08790170928395427,8.275186260175448e-05,0.6340782867150783,0.4622356495468278,0.09969788519637462,0.3564954682779456,0.08157099697885196
487,75.29222147636033,1000,0.08746391979782855,8.232951472485073e-05,0.6510745532229455,0.233,0.452,0.245,0.07
488,254.82955335516996,252,0.08702831069745101,8.190932242153187e-05,0.6523868941535772,0.3888888888888889,0.1111111111111111,0.36904761904761907,0.13095238095238096
489,266.5380143741983,255,0.08659487112353387,8.149127469020957e-05,0.6416036157919868,0.2823529411764706,0.15294117647058825,0.4196078431372549,0.1450980392156863
490,208.50781071282432,203,0.08616359027087342,8.107536058544523e-05,0.656253118190337,0.4236453201970443,0.12807881773399016,0.33497536945812806,0.11330049261083744
491,281.7571162415138,367,0.08573445738808068,8.066156921766346e-05,0.6530250934132135,0.47411444141689374,0.07084468664850137,0.35967302452316074,0.09536784741144415
492,278.8646382022426,425,0.08530746177731334,8.024988975286695e-05,0.6462128452134464,0.32941176470588235,0.25882352941176473,0.2847058823529412,0.12705882352941175
493,280.0566183194589,149,0.0848825927940091,7.984031141235278e-05,0.6545167859125978,0.24161073825503357,0.12080536912751678,0.5167785234899329,0.12080536912751678
494,237.06749078834588,303,0.08445983984662027,7.943282347243025e-05,0.6433824585743145,0.44224422442244227,0.10561056105610561,0.34983498349834985,0.10231023102310231
495,163.2557833234663,745,0.0840391923963498,7.902741526414009e-05,0.6479574228820391,0.2697986577181208,0.2295302013422819,0.3261744966442953,0.174496644295302
496,260.9337599824803,176,0.0836206399568885,7.862407617297512e-05,0.6399920750570552,0.2159090909090909,0.13636363636363635,0.4943181818181818,0.1534090909090909
497,282.8685386614462,215,0.08320417209415364,7.822279563860235e-05,0.6325984116941191,0.22790697674418606,0.13953488372093023,0.4744186046511628,0.15813953488372093
498,251.59328595559137,421,0.08278977842602886,7.782356315458647e-05,0.6270705842778408,0.37054631828978624,0.13064133016627077,0.35629453681710216,0.14251781472684086
499,263.57169316008935,204,0.08237744862210536,7.742636826811479e-05,0.6439152207958516,0.3431372549019608,0.12745098039215685,0.4068627450980392,0.12254901960784313
500,152.18924832098764,565,0.08196717240342434,7.703120057972354e-05,0.6339947801505138,0.07079646017699115,0.6106194690265486,0.2336283185840708,0.08495575221238938
501,219.95795225686,257,0.08155893954222078,7.66380497430256e-05,0.6280518592341482,0.23735408560311283,0.14007782101167315,0.4708171206225681,0.1517509727626459
502,251.70323790777323,168,0.08115273986166843,7.624690546443961e-05,0.638992319004368,0.40476190476190477,0.10119047619047619,0.3869047619047619,0.10714285714285714
503,257.3765850118644,376,0.08074856323562621,7.585775750292045e-05,0.6171779945215514,0.19414893617021275,0.3670212765957447,0.2526595744680851,0.18617021276595744
504,304.59574415137945,272,0.08034639958838564,7.547059566969111e-05,0.6241389917033318,0.27205882352941174,0.1213235294117647,0.49264705882352944,0.11397058823529412
505,224.32948259270097,225,0.0799462388944198,7.508540982797593e-05,0.6369488560357486,0.25333333333333335,0.12444444444444444,0.49333333333333335,0.1288888888888889
506,293.1344018138036,299,0.07954807117813331,7.470218989273521e-05,0.6395483886688927,0.3377926421404682,0.13712374581939799,0.4214046822742475,0.10367892976588629
507,280.1246734475885,255,0.07915188651361367,7.432092583040112e-05,0.6382009008785234,0.1568627450980392,0.1803921568627451,0.4745098039215686,0.18823529411764706
508,75.29994373482513,1000,0.07875767502438383,7.394160765861504e-05,0.6335501948759652,0.376,0.14,0.141,0.343
509,218.14073877197404,290,0.078365426883156,7.356422544596616e-05,0.6417039725806523,0.13793103448275862,0.09310344827586207,0.4206896551724138,0.3482758620689655
510,199.89453614696728,238,0.07797513231158659,7.318876931173151e-05,0.6337148158685946,0.35294117647058826,0.10084033613445378,0.4495798319327731,0.09663865546218488
511,163.48584297260794,425,0.07758678158003256,7.281522942561718e-05,0.6300875138653687,0.09647058823529411,0.40941176470588236,0.40941176470588236,0.08470588235294117
512,286.26300692376924,324,0.07720036500730874,7.244359600750101e-05,0.6452263115744304,0.45987654320987653,0.08333333333333333,0.32098765432098764,0.13580246913580246
513,242.96591624264437,245,0.07681587296044662,7.207385932717653e-05,0.6348141940954789,0.1836734693877551,0.19183673469387755,0.5306122448979592,0.09387755102040816
514,260.3013258970416,168,0.07643329585445409,7.170600970409811e-05,0.6387654461090166,0.3333333333333333,0.125,0.4166666666666667,0.125
515,261.95321343466355,648,0.07605262415207657,7.134003750712762e-05,0.6225851932377682,0.5694444444444444,0.06790123456790123,0.21604938271604937,0.14660493827160495
516,242.8009527022885,531,0.07567384836355925,7.097593315428215e-05,0.6261856135801646,0.3634651600753296,0.1431261770244821,0.3408662900188324,0.15254237288135594
517,202.84577894057637,299,0.0752969590464105,7.061368711248323e-05,0.5951250951428457,0.31438127090301005,0.12040133779264214,0.43478260869565216,0.13043478260869565
518,206.08860997562616,678,0.07492194680516646,7.025328989730719e-05,0.6101500196477545,0.26548672566371684,0.17994100294985252,0.39085545722713866,0.16371681415929204
519,266.7662030395983,294,0.07454880229115689,6.989473207273681e-05,0.6239759566849591,0.22448979591836735,0.1564625850340136,0.41836734693877553,0.20068027210884354
520,257.039161000367,444,0.07417751620227203,6.953800425091434e-05,0.6244352217054778,0.18468468468468469,0.20945945945945946,0.30405405405405406,0.30180180180180183
521,279.9020096180156,306,0.07380807928273078,6.91830970918956e-05,0.6397669058144854,0.3137254901960784,0.13725490196078433,0.4084967320261438,0.14052287581699346
522,177.6124873686108,467,0.07344048232284993,6.883000130340553e-05,0.6176190661590593,0.16916488222698073,0.16488222698072805,0.5289079229122056,0.13704496788008566
523,241.64336815472765,294,0.07307471615881456,6.847870764059486e-05,0.6310118482578085,0.20408163265306123,0.15306122448979592,0.5034013605442177,0.13945578231292516
524,275.9528174790115,187,0.0727107716724496,6.812920690579805e-05,0.6198382211001986,0.3850267379679144,0.058823529411764705,0.45454545454545453,0.10160427807486631
525,281.8962775318212,331,0.07234863979099258,6.778148994829249e-05,0.6206056695411302,0.28700906344410876,0.24169184290030213,0.2598187311178248,0.21148036253776434
526,160.7198925090712,981,0.07198831148686739,6.743554766405891e-05,0.6168463304350189,0.3924566768603466,0.3241590214067278,0.2130479102956167,0.07033639143730887
527,272.1380246006231,225,0.07162977777745924,6.709137099554301e-05,0.627074756751563,0.24888888888888888,0.13333333333333333,0.5155555555555555,0.10222222222222223
528,232.65303380093275,363,0.07127302972489075,6.674895093141833e-05,0.6284576220456892,0.3691460055096419,0.11019283746556474,0.38016528925619836,0.14049586776859505
529,242.8655766560059,161,0.07091805843579913,6.64082785063503e-05,0.6402624275247483,0.43478260869565216,0.08074534161490683,0.39751552795031053,0.08695652173913043
530,227.2691786820596,427,0.07056485506111447,6.606934480076148e-05,0.6266089999338327,0.3957845433255269,0.09836065573770492,0.2810304449648712,0.22482435597189696
531,304.22924838053314,308,0.07021341079583919,6.573214094059807e-05,0.6319299530505812,0.41883116883116883,0.13636363636363635,0.34415584415584416,0.10064935064935066
532,157.63422790110928,853,0.06986371687882846,6.539665809709758e-05,0.6143054435685579,0.05861664712778429,0.6635404454865181,0.23446658851113716,0.04337631887456037
533,230.8628224819293,450,0.06951576459257186,6.506288748655759e-05,0.6284195160335277,0.3,0.07777777777777778,0.36,0.26222222222222225
534,277.52170006993055,323,0.06916954526297603,6.473082037010584e-05,0.6308158484268324,0.6656346749226006,0.04024767801857585,0.21362229102167182,0.0804953560371517
535,231.13625504269572,316,0.06882505025914844,6.440044805347146e-05,0.6262988035458015,0.2120253164556962,0.2310126582278481,0.39556962025316456,0.16139240506329114
536,279.23532276992154,410,0.06848227099318223,6.407176188675723e-05,0.6163762303792082,0.3463414634146341,0.1073170731707317,0.44146341463414634,0.1048780487804878
537,110.80350887506707,1000,0.06814119891994212,6.374475326421318e-05,0.6212574563474919,0.521,0.164,0.258,0.057
538,200.73881551045443,328,0.06780182553685142,6.341941362401126e-05,0.62841089563526,0.07317073170731707,0.31097560975609756,0.46646341463414637,0.14939024390243902
539,219.18690086572153,397,0.06746414238368,6.309573444802116e-05,0.6277227607916653,0.3954659949622166,0.12594458438287154,0.3904282115869018,0.08816120906801007
540,245.1555978967789,218,0.06712814104233344,6.27737072615873e-05,0.6321762942783049,0.3532110091743119,0.13302752293577982,0.3761467889908257,0.13761467889908258
541,261.69675695629473,194,0.06679381313664319,6.245332363330693e-05,0.6301466066182804,0.4845360824742268,0.06701030927835051,0.35051546391752575,0.0979381443298969
542,280.6621286439153,217,0.0664611503321577,6.213457517480939e-05,0.6287434012058892,0.4377880184331797,0.09216589861751152,0.37327188940092165,0.0967741935483871
543,257.4353804345499,822,0.06613014433593471,6.181745354053646e-05,0.6287019314257432,0.3199513381995134,0.29683698296836986,0.23722627737226276,0.145985401459854
544,241.79555775002,276,0.06580078689633446,6.150195042752389e-05,0.6355928021761715,0.4673913043478261,0.10144927536231885,0.34782608695652173,0.08333333333333333
545,256.85968958904596,328,0.06547306980281405,6.1188057575184e-05,0.6227974633291146,0.31402439024390244,0.12195121951219512,0.4115853658536585,0.1524390243902439
546,81.15098123448801,1000,0.0651469848857227,6.0875766765089345e-05,0.6059295495563058,0.159,0.531,0.239,0.071
547,253.41151376813784,483,0.0648225240160981,6.056506982075763e-05,0.6088639034469767,0.2360248447204969,0.18840579710144928,0.3747412008281574,0.20082815734989648
548,269.279925457953,318,0.06449967910546381,6.0255958607437554e-05,0.5999275521515767,0.29874213836477986,0.18553459119496854,0.4119496855345912,0.10377358490566038
549,192.99801349453966,324,0.06417844210562758,5.994842503189588e-05,0.6167482796193535,0.3888888888888889,0.08333333333333333,0.3611111111111111,0.16666666666666666
550,183.72847827206357,900,0.0638588050084807,5.964246104220548e-05,0.6175883214819745,0.15,0.5611111111111111,0.23,0.058888888888888886
551,271.2400893317609,249,0.06354075984579843,5.933805862753456e-05,0.6300732450065896,0.4939759036144578,0.06827309236947791,0.3654618473895582,0.07228915662650602
552,243.93635189735855,635,0.0632242986890413,5.9035209817936916e-05,0.6041710092987487,0.2,0.18110236220472442,0.18425196850393702,0.4346456692913386
553,244.1809437358557,408,0.06290941364915748,5.873390668414323e-05,0.6237841551316307,0.23284313725490197,0.1568627450980392,0.49019607843137253,0.12009803921568628
554,204.80918307226344,335,0.06259609687638612,5.8434141337353506e-05,0.6024982035851286,0.11940298507462686,0.41492537313432837,0.37910447761194027,0.08656716417910448
555,255.82022645610715,361,0.06228434056006167,5.813590592903049e-05,0.59363243914231,0.41274238227146814,0.08310249307479224,0.40166204986149584,0.10249307479224377
556,285.26888253846965,236,0.061974136928419146,5.7839192650694185e-05,0.6159181121524258,0.5338983050847458,0.0635593220338983,0.3389830508474576,0.0635593220338983
557,63.71931476861733,1000,0.06166547824840039,5.7543993733717426e-05,0.6014286194366942,0.085,0.661,0.193,0.061
558,234.4440199681179,302,0.061358356825461334,5.725030144912246e-05,0.6077607605225872,0.24172185430463577,0.1291390728476821,0.46688741721854304,0.16225165562913907
559,204.5871459777962,283,0.06105276500338012,5.695810810737859e-05,0.6134754524647736,0.1519434628975265,0.10247349823321555,0.4381625441696113,0.30742049469964666
560,229.0210240306115,343,0.06074869516406628,5.666740605820084e-05,0.6098777181661862,0.1836734693877551,0.052478134110787174,0.3673469387755102,0.3965014577259475
561,115.09966017966006,1000,0.06044613972737082,5.637818769034967e-05,0.6024280593618039,0.503,0.046,0.144,0.307
562,20.911112856543436,1000,0.060145091150897244,5.609044543143168e-05,0.5910184971948839,0.146,0.264,0.269,0.321
563,193.68268304804369,659,0.059845541929813534,5.580417174770135e-05,0.5907406908032787,0.2959028831562974,0.3277693474962064,0.3110773899848255,0.06525037936267071
564,181.13241470250074,568,0.05954748459666506,5.551935914386379e-05,0.5903820048114704,0.1637323943661972,0.3257042253521127,0.40669014084507044,0.10387323943661972
565,291.61404689564165,249,0.05925091172118844,5.5236000162878504e-05,0.6028048893762152,0.17670682730923695,0.24096385542168675,0.2971887550200803,0.285140562248996
566,154.1996140220213,1000,0.058955815910126275,5.495408738576414e-05,0.6004345756808313,0.381,0.458,0.121,0.04
567,267.3069347339631,191,0.05866218980704289,5.467361343140425e-05,0.5853164965199302,0.3193717277486911,0.07853403141361257,0.4816753926701571,0.12041884816753927
568,249.89519774237763,201,0.058370026092140904,5.439457095635402e-05,0.5820081661502867,0.36318407960199006,0.07462686567164178,0.47761194029850745,0.0845771144278607
569,274.90147456305994,162,0.058079317482078785,5.4116952654648034e-05,0.5792644226425528,0.3333333333333333,0.10493827160493827,0.48148148148148145,0.08024691358024691
570,266.7095368599919,230,0.05779005672978926,5.3840751257608944e-05,0.5920634173218068,0.1826086956521739,0.17391304347826086,0.4434782608695652,0.2
571,246.5530687126749,255,0.05750223662429868,5.35659595336572e-05,0.5926487721166128,0.5254901960784314,0.09411764705882353,0.29411764705882354,0.08627450980392157
572,270.7205204937691,328,0.05721584999054722,5.329257028812169e-05,0.5940042031296324,0.29878048780487804,0.17073170731707318,0.27439024390243905,0.25609756097560976
573,256.3952007430488,363,0.056930889689210055,5.302057636305136e-05,0.5882029953542062,0.3691460055096419,0.09090909090909091,0.4462809917355372,0.09366391184573003
574,288.537170409497,190,0.05664734861651935,5.2749970637027824e-05,0.5815922060843526,0.4,0.11578947368421053,0.38421052631578945,0.1
575,75.16727254840912,1000,0.056365219704087186,5.248074602497889e-05,0.5812756303919061,0.074,0.268,0.167,0.491
576,248.0115555951835,297,0.056084495918729355,5.221289547799308e-05,0.5902675988801839,0.3569023569023569,0.2828282828282828,0.21212121212121213,0.14814814814814814
577,11.363898332290075,1000,0.05580517026229002,5.1946411983135046e-05,0.6004846297515483,0.173,0.103,0.429,0.295
578,262.1794084608973,211,0.05552723577146726,5.1681288563261965e-05,0.5823904994983057,0.45023696682464454,0.0995260663507109,0.33175355450236965,0.11848341232227488
579,272.9607791666938,278,0.055250685517639495,5.141751827684087e-05,0.5968517508979994,0.25539568345323743,0.10071942446043165,0.2733812949640288,0.37050359712230213
580,259.6064052389927,283,0.05497551260669274,5.11550942177669e-05,0.5953053948205751,0.2332155477031802,0.13427561837455831,0.4911660777385159,0.1413427561837456
581,236.08576500213235,242,0.05470171017884877,5.08940095151825e-05,0.5698392365727846,0.512396694214876,0.06611570247933884,0.3347107438016529,0.08677685950413223
582,292.43981437173335,464,0.05442927140849408,5.063425733329746e-05,0.5916937992891436,0.10560344827586207,0.3599137931034483,0.3081896551724138,0.22629310344827586
583,267.4361576294149,192,0.05415818950400976,5.0375830871210034e-05,0.5984530963701618,0.2552083333333333,0.22395833333333334,0.3697916666666667,0.15104166666666666
584,260.48913402392475,334,0.053888457707602165,5.011872336272881e-05,0.5833757342899528,0.2245508982035928,0.11377245508982035,0.5359281437125748,0.12574850299401197
585,261.28138668890614,210,0.05362006929513446,4.986292807619558e-05,0.5913557453475877,0.3380952380952381,0.10476190476190476,0.4142857142857143,0.14285714285714285
586,133.30585877112964,947,0.05335301757595899,4.960843831430907e-05,0.5825741040701942,0.08553326293558607,0.18796198521647306,0.5364308342133052,0.1900739176346357
587,257.01634970383463,339,0.053087295892750505,4.935524741394963e-05,0.5682005987248895,0.3480825958702065,0.2536873156342183,0.22713864306784662,0.1710914454277286
588,282.525602840001,311,0.052822897621340174,4.910334874600474e-05,0.5705637915092435,0.29260450160771706,0.14790996784565916,0.4180064308681672,0.1414790996784566
589,254.7677710451872,213,0.052559816170550465,4.885273571519545e-05,0.5945062318174378,0.13145539906103287,0.07042253521126761,0.4835680751173709,0.3145539906103286
590,127.93984861620511,1000,0.05229804498203084,4.860340175990373e-05,0.5815393013084242,0.435,0.413,0.115,0.037
591,275.861472996703,160,0.05203757753009425,4.8355340352000625e-05,0.5799294786731947,0.35625,0.1,0.45,0.09375
592,237.7660826816715,923,0.051778407321554455,4.810854499667538e-05,0.5771261590353622,0.4734561213434453,0.28060671722643554,0.18743228602383533,0.05850487540628386
593,257.60466259074315,238,0.05152052789556417,4.786300923226537e-05,0.5526883380942771,0.21428571428571427,0.2184873949579832,0.37815126050420167,0.18907563025210083
594,245.18964917833688,173,0.051263932823453984,4.76187266300869e-05,0.5773196534052277,0.3699421965317919,0.11560693641618497,0.3930635838150289,0.12138728323699421
595,261.8481449289793,320,0.051008615708572125,4.737569079426693e-05,0.5737808303988089,0.1375,0.103125,0.428125,0.33125
596,234.0883773782001,451,0.050754570186124975,4.713389536157557e-05,0.5736077308747219,0.23503325942350334,0.14855875831485588,0.4700665188470067,0.14634146341463414
597,208.40112213299787,696,0.0505017899230184,4.689333400125952e-05,0.5591105433998926,0.15229885057471265,0.16810344827586207,0.5172413793103449,0.16235632183908047
598,266.77530285551205,148,0.050250268617699906,4.665400041487629e-05,0.5517558507775943,0.32432432432432434,0.11486486486486487,0.44594594594594594,0.11486486486486487
599,287.07193214677716,309,0.05000000000000151,4.6415888336129295e-05,0.5514599944583184,0.20064724919093851,0.1423948220064725,0.49838187702265374,0.15857605177993528
600,203.56746026831325,691,0.05,4.617899153070379e-05,0.5633204875483985,0.1678726483357453,0.16931982633863965,0.4963820549927641,0.16642547033285093
601,245.8507791216122,176,0.05,4.594330379610366e-05,0.5533778221892656,0.3693181818181818,0.125,0.32954545454545453,0.17613636363636365
602,268.21913386647384,305,0.05,4.5708818961488994e-05,0.5623515737961184,0.23278688524590163,0.2819672131147541,0.25245901639344265,0.23278688524590163
603,279.09793056696674,244,0.05,4.547553088751453e-05,0.5414695342538721,0.18442622950819673,0.14754098360655737,0.5532786885245902,0.11475409836065574
604,249.17657216096836,176,0.05,4.524343346616893e-05,0.557030524829893,0.4034090909090909,0.09090909090909091,0.3977272727272727,0.10795454545454546
605,256.12594521932414,169,0.05,4.501252062061484e-05,0.551922840229104,0.21301775147928995,0.15976331360946747,0.38461538461538464,0.24260355029585798
606,257.8198904563392,216,0.05,4.478278630502978e-05,0.5599105356438318,0.4166666666666667,0.07407407407407407,0.4351851851851852,0.07407407407407407
607,261.9696708168132,256,0.05,4.4554224504447877e-05,0.536807406437007,0.53125,0.09375,0.296875,0.078125
608,244.47295846401502,333,0.05,4.4326829234602346e-05,0.5478022849487593,0.2012012012012012,0.27927927927927926,0.40540540540540543,0.11411411411411411
609,282.3743149377329,343,0.05,4.410059454176883e-05,0.5546644052443093,0.35276967930029157,0.08454810495626822,0.35276967930029157,0.2099125364431487
610,251.6409828117861,238,0.05,4.387551450260952e-05,0.5466408007542294,0.35294117647058826,0.09663865546218488,0.46218487394957986,0.08823529411764706
611,256.5889893874287,327,0.05,4.3651583224018043e-05,0.5629189242758689,0.20795107033639143,0.1620795107033639,0.4434250764525994,0.18654434250764526
612,252.67930561075428,162,0.05,4.3428794842965214e-05,0.5422844788198843,0.3148148148148148,0.10493827160493827,0.4506172839506173,0.12962962962962962
613,294.28062651589823,161,0.05,4.320714352634547e-05,0.558142017861225,0.32298136645962733,0.11180124223602485,0.4658385093167702,0.09937888198757763
614,271.2830954134779,266,0.05,4.29866234708242e-05,0.5450349153628864,0.34962406015037595,0.18045112781954886,0.2744360902255639,0.19548872180451127
615,301.77082960291307,381,0.05,4.276722890268576e-05,0.548056373913086,0.3989501312335958,0.2388451443569554,0.24934383202099739,0.11286089238845144
616,265.7813959767775,224,0.05,4.254895407768233e-05,0.5353628557818501,0.08928571428571429,0.11160714285714286,0.46875,0.33035714285714285
617,161.8547808274507,1000,0.05,4.23317932808835e-05,0.5432505067992507,0.462,0.309,0.172,0.057
618,241.7173005448856,242,0.05,4.2115740826526656e-05,0.5358007898428349,0.09917355371900827,0.09504132231404959,0.359504132231405,0.4462809917355372
619,243.51046628807833,165,0.05,4.19007910578681e-05,0.5393476123126747,0.38181818181818183,0.06666666666666667,0.45454545454545453,0.09696969696969697
620,287.23374775116326,167,0.05,4.168693834703494e-05,0.5264316384006491,0.3772455089820359,0.1317365269461078,0.38323353293413176,0.10778443113772455
621,252.4097337175843,226,0.05,4.147417709487777e-05,0.5413644013939238,0.2743362831858407,0.13274336283185842,0.4557522123893805,0.13716814159292035
622,272.13711744936734,171,0.05,4.126250173082403e-05,0.5376394366861421,0.3742690058479532,0.10526315789473684,0.39766081871345027,0.12280701754385964
623,243.99871820327368,226,0.05,4.1051906712732176e-05,0.5228207446048069,0.11504424778761062,0.09734513274336283,0.37168141592920356,0.415929203539823
624,275.83560085592916,304,0.05,4.084238652674659e-05,0.5337367752914814,0.06578947368421052,0.11513157894736842,0.3223684210526316,0.4967105263157895
625,262.4982191428992,334,0.05,4.063393568715319e-05,0.5312735866832885,0.2694610778443114,0.12874251497005987,0.47005988023952094,0.1317365269461078
626,227.98567624974484,714,0.05,4.04265487362358e-05,0.5361858566452137,0.40336134453781514,0.07142857142857142,0.23249299719887956,0.2927170868347339
627,261.0237580323742,605,0.05,4.022022024413328e-05,0.5283105902905357,0.27603305785123966,0.16198347107438016,0.4380165289256198,0.12396694214876033
628,135.70238991569,1000,0.05,4.001494480869733e-05,0.5174338051288883,0.499,0.337,0.135,0.029
629,276.752363800214,250,0.05,3.981071705535108e-05,0.5120592825459532,0.512,0.096,0.316,0.076
630,288.76369890379937,452,0.05,3.960753163694834e-05,0.5182681594678279,0.2920353982300885,0.3274336283185841,0.19690265486725664,0.1836283185840708
631,271.66441284426475,185,0.05,3.940538323363363e-05,0.5155982265113606,0.4702702702702703,0.08648648648648649,0.35135135135135137,0.0918918918918919
632,249.12317474941963,181,0.05,3.920426655270286e-05,0.5097157404417205,0.4419889502762431,0.08839779005524862,0.35911602209944754,0.11049723756906077
633,281.52396776952776,231,0.05,3.90041763284648e-05,0.5250852343370561,0.27705627705627706,0.1645021645021645,0.39826839826839827,0.16017316017316016
634,238.5130659451825,210,0.05,3.8805107322103155e-05,0.4926549205155552,0.09047619047619047,0.08571428571428572,0.38095238095238093,0.44285714285714284
635,260.5282140273,441,0.05,3.860705432153946e-05,0.5062137596658751,0.5555555555555556,0.1111111111111111,0.1655328798185941,0.16780045351473924
636,285.7551968795774,165,0.05,3.841001214129657e-05,0.519831127577024,0.4303030303030303,0.07878787878787878,0.4121212121212121,0.07878787878787878
637,252.45907201082736,179,0.05,3.8213975622362915e-05,0.4954470114214635,0.35195530726256985,0.11173184357541899,0.31843575418994413,0.21787709497206703
638,277.1350898882506,194,0.05,3.801893963205743e-05,0.5172012328380089,0.3917525773195876,0.12886597938144329,0.3711340206185567,0.10824742268041238
639,283.3639627440478,208,0.05,3.782489906389515e-05,0.5097855001416745,0.3125,0.11057692307692307,0.3557692307692308,0.22115384615384615
640,229.55699028432224,420,0.05,3.763184883745353e-05,0.5024763871171292,0.20238095238095238,0.09523809523809523,0.5214285714285715,0.18095238095238095
641,268.22102968790466,244,0.05,3.743978389823941e-05,0.5124300496786087,0.4180327868852459,0.09836065573770492,0.3360655737704918,0.14754098360655737
642,257.1227938734353,190,0.05,3.724869921755669e-05,0.5070791802938253,0.26842105263157895,0.1368421052631579,0.45263157894736844,0.14210526315789473
643,273.3781651882328,203,0.05,3.7058589792374664e-05,0.49955353078621695,0.32019704433497537,0.10344827586206896,0.4433497536945813,0.1330049261083744
644,261.1995168431316,238,0.05,3.686945064519703e-05,0.4808185743245068,0.41596638655462187,0.07563025210084033,0.41596638655462187,0.09243697478991597
645,284.5304120644144,170,0.05,3.668127682393157e-05,0.5062801642604338,0.5058823529411764,0.07058823529411765,0.38235294117647056,0.041176470588235294
646,140.67197392744617,1000,0.05,3.6494063401760485e-05,0.5066731392909233,0.434,0.382,0.134,0.05
647,160.04913273238742,1000,0.05,3.63078054770114e-05,0.4997828030048239,0.545,0.3,0.116,0.039
648,298.43207478155875,306,0.05,3.612249817302904e-05,0.5008386694052521,0.26143790849673204,0.23529411764705882,0.28431372549019607,0.21895424836601307
649,275.32542330921166,233,0.05,3.593813663804753e-05,0.48520937967125505,0.3218884120171674,0.14163090128755365,0.4034334763948498,0.13304721030042918
650,285.2993052829025,257,0.05,3.575471604506339e-05,0.4996808463617468,0.33852140077821014,0.13618677042801555,0.377431906614786,0.14785992217898833
651,56.73976935029984,133,0.05,3.557223159170912e-05,0.5245000957847746,0.20300751879699247,0.18045112781954886,0.42105263157894735,0.19548872180451127
652,241.9846663388231,335,0.05,3.5390678500127486e-05,0.48490868315847546,0.3761194029850746,0.10149253731343283,0.3940298507462687,0.12835820895522387
653,231.93120332309732,352,0.05,3.5210052016846434e-05,0.4870448570823507,0.17045454545454544,0.08238636363636363,0.3835227272727273,0.36363636363636365
654,252.02089952599334,161,0.05,3.5030347412654595e-05,0.4899640616484693,0.33540372670807456,0.12422360248447205,0.40372670807453415,0.13664596273291926
655,220.60413482904636,394,0.05,3.4851559982477505e-05,0.48573006267532925,0.09390862944162437,0.07106598984771574,0.3756345177664975,0.4593908629441624
656,274.07387206378706,191,0.05,3.467368504525439e-05,0.49386561364176024,0.43455497382198954,0.11518324607329843,0.33507853403141363,0.11518324607329843
657,281.0404707348483,210,0.05,3.4496717943815614e-05,0.48674971880793894,0.41904761904761906,0.13333333333333333,0.3380952380952381,0.10952380952380952
658,279.8229742159152,189,0.05,3.4320654044760744e-05,0.5022054483319967,0.38095238095238093,0.14814814814814814,0.35978835978835977,0.1111111111111111
659,288.39906834828423,288,0.05,3.414548873833723e-05,0.5069818517036838,0.3611111111111111,0.2152777777777778,0.28125,0.1423611111111111
660,280.4532860709939,224,0.05,3.397121743831973e-05,0.4882253529387888,0.3125,0.17857142857142858,0.3705357142857143,0.13839285714285715
661,255.04257995374434,933,0.05,3.379783558189e-05,0.49395415817372895,0.31511254019292606,0.45016077170418006,0.16613076098606644,0.06859592711682744
662,237.17961533699898,205,0.05,3.3625338629517463e-05,0.5044011617960483,0.5317073170731708,0.05853658536585366,0.34146341463414637,0.06829268292682927
663,245.19714722408338,357,0.05,3.345372206484034e-05,0.4914675648890188,0.2969187675070028,0.10084033613445378,0.19607843137254902,0.4061624649859944
664,261.0001363775599,192,0.05,3.328298139454739e-05,0.4866164325721653,0.24479166666666666,0.13020833333333334,0.3697916666666667,0.2552083333333333
665,243.9628988620538,234,0.05,3.311311214826029e-05,0.4874456376238251,0.5555555555555556,0.07692307692307693,0.2948717948717949,0.07264957264957266
666,262.1949483646843,159,0.05,3.2944109878416555e-05,0.5028065635887922,0.27044025157232704,0.10062893081761007,0.44025157232704404,0.18867924528301888
667,279.8340351509996,217,0.05,3.2775970160153124e-05,0.49040961650989623,0.3317972350230415,0.11981566820276497,0.3456221198156682,0.20276497695852536
668,249.2620910448987,224,0.05,3.26086885911905e-05,0.4768118173894222,0.5267857142857143,0.09821428571428571,0.30357142857142855,0.07142857142857142
669,157.81416991345523,1000,0.05,3.2442260791717464e-05,0.4879667556469775,0.425,0.045,0.091,0.439
670,257.7619468521308,171,0.05,3.227668240427644e-05,0.4802977225174579,0.4444444444444444,0.11695906432748537,0.3508771929824561,0.08771929824561403
671,255.55892182344945,147,0.05,3.211194909364938e-05,0.48926884610042376,0.30612244897959184,0.1292517006802721,0.42857142857142855,0.1360544217687075
672,288.40761984022754,155,0.05,3.194805654674426e-05,0.4715286258191323,0.3935483870967742,0.06451612903225806,0.4129032258064516,0.12903225806451613
673,281.740971828141,233,0.05,3.178500047248217e-05,0.48409538474845754,0.41630901287553645,0.08583690987124463,0.4034334763948498,0.0944206008583691
674,257.4180597490415,229,0.05,3.1622776601684934e-05,0.4971605475301397,0.3318777292576419,0.11790393013100436,0.43231441048034935,0.11790393013100436
675,233.5620694971835,187,0.05,3.1461380686963373e-05,0.4853819765676468,0.33689839572192515,0.16042780748663102,0.32085561497326204,0.18181818181818182
676,249.6210913376682,182,0.05,3.1300808502606066e-05,0.47194839087925605,0.35714285714285715,0.15384615384615385,0.36813186813186816,0.12087912087912088
677,270.46424285945227,234,0.05,3.1141055844468724e-05,0.49017934457512263,0.2863247863247863,0.10683760683760683,0.49145299145299143,0.11538461538461539
678,261.5054924786452,218,0.05,3.0982118529864115e-05,0.4748476653643729,0.5229357798165137,0.09174311926605505,0.3165137614678899,0.06880733944954129
679,284.5902823405386,181,0.05,3.082399239745255e-05,0.47024714839492937,0.36464088397790057,0.10497237569060773,0.4088397790055249,0.12154696132596685
680,276.87155227252543,222,0.05,3.066667330713294e-05,0.47566494499613826,0.27927927927927926,0.11711711711711711,0.46396396396396394,0.13963963963963963
681,221.00472369865196,604,0.05,3.0510157139934383e-05,0.4850136647322603,0.2152317880794702,0.4718543046357616,0.24668874172185432,0.06622516556291391
682,253.22292086906515,211,0.05,3.035443979790832e-05,0.4797954959931338,0.3886255924170616,0.10900473933649289,0.2985781990521327,0.2037914691943128
683,91.0912370068826,1000,0.05,3.0199517204021263e-05,0.46882707291136944,0.211,0.073,0.313,0.403
684,230.1306725736939,670,0.05,3.0045385302048023e-05,0.47769665047640353,0.29402985074626864,0.05223880597014925,0.16567164179104477,0.4880597014925373
685,273.6796153692325,259,0.05,2.9892040056465527e-05,0.4593565366081762,0.16602316602316602,0.20077220077220076,0.4749034749034749,0.1583011583011583
686,166.3689669788275,1000,0.05,2.9739477452347147e-05,0.46350403680194807,0.637,0.202,0.121,0.04
687,269.79454847893965,181,0.05,2.9587693495257588e-05,0.46890692627730396,0.44751381215469616,0.09944751381215469,0.3370165745856354,0.11602209944751381
688,172.5828340715484,475,0.05,2.9436684211148304e-05,0.4694841986030816,0.0968421052631579,0.14105263157894737,0.5031578947368421,0.25894736842105265
689,262.4172429999114,234,0.05,2.928644564625344e-05,0.4745668388367493,0.43162393162393164,0.12393162393162394,0.3418803418803419,0.10256410256410256
690,216.4501525067497,947,0.05,2.9136973866986325e-05,0.4576697288332675,0.3600844772967265,0.057022175290390706,0.20696937697993664,0.3759239704329461
691,267.3745479515957,198,0.05,2.898826495983647e-05,0.47965295013825615,0.3282828282828283,0.13636363636363635,0.29292929292929293,0.24242424242424243
692,258.6082678947277,188,0.05,2.8840315031267124e-05,0.45459146915752124,0.4308510638297872,0.13829787234042554,0.3191489361702128,0.11170212765957446
693,239.78054970578935,578,0.05,2.8693120207613298e-05,0.4636420632526311,0.16262975778546712,0.03460207612456748,0.13494809688581316,0.6678200692041523
694,280.2035984484912,187,0.05,2.8546676634980377e-05,0.480662619378853,0.49732620320855614,0.08021390374331551,0.3422459893048128,0.08021390374331551
695,281.8780569902948,207,0.05,2.84009804791432e-05,0.46540350690175014,0.28502415458937197,0.24154589371980675,0.3333333333333333,0.14009661835748793
696,272.81005106591977,244,0.05,2.8256027925445676e-05,0.46878145597473236,0.30327868852459017,0.1680327868852459,0.36885245901639346,0.1598360655737705
697,174.96975820134503,350,0.05,2.8111815178700904e-05,0.45859956071962726,0.045714285714285714,0.13714285714285715,0.44571428571428573,0.37142857142857144
698,269.4071320823032,225,0.05,2.796833846309181e-05,0.45676602379984793,0.3022222222222222,0.21333333333333335,0.29777777777777775,0.18666666666666668
699,283.459841683877,146,0.05,2.7825594022072283e-05,0.4546274562287509,0.3424657534246575,0.0821917808219178,0.4520547945205479,0.1232876712328767
700,284.98847549374005,305,0.05,2.7683578118268825e-05,0.4488624697861065,0.3737704918032787,0.20327868852459016,0.3081967213114754,0.11475409836065574
701,259.30462593638043,372,0.05,2.7542287033382697e-05,0.46963453552637136,0.5295698924731183,0.1478494623655914,0.2553763440860215,0.06720430107526881
702,263.6823828028028,264,0.05,2.740171706809256e-05,0.4544142597236533,0.3143939393939394,0.125,0.4393939393939394,0.12121212121212122
703,258.2736696312149,214,0.05,2.726186454195763e-05,0.46237733427505445,0.5327102803738317,0.10747663551401869,0.2897196261682243,0.07009345794392523
704,252.3230281238497,240,0.05,2.7122725793321306e-05,0.4597368879766989,0.30833333333333335,0.12083333333333333,0.44583333333333336,0.125
705,249.15782185914455,231,0.05,2.6984297179215296e-05,0.45809473926971744,0.5194805194805194,0.1038961038961039,0.26406926406926406,0.11255411255411256
706,276.1913844340117,245,0.05,2.684657507526425e-05,0.43936338734489555,0.14285714285714285,0.30612244897959184,0.3551020408163265,0.19591836734693877
707,281.8942370370452,272,0.05,2.670955587559086e-05,0.44088515482470675,0.39705882352941174,0.11029411764705882,0.40808823529411764,0.08455882352941177
708,248.72665888757922,164,0.05,2.6573235992721436e-05,0.45311734269719267,0.45121951219512196,0.08536585365853659,0.3902439024390244,0.07317073170731707
709,247.90954149492975,301,0.05,2.6437611857491997e-05,0.4535793561806599,0.05647840531561462,0.3388704318936877,0.5016611295681063,0.10299003322259136
710,279.1737744590981,251,0.05,2.6302679918954817e-05,0.4580042226088436,0.23107569721115537,0.17131474103585656,0.44621513944223107,0.15139442231075698
711,132.47734040744947,1000,0.05,2.6168436644285447e-05,0.46870877051444054,0.544,0.313,0.108,0.035
712,289.24862401831047,144,0.05,2.603487851869022e-05,0.4529435789925218,0.3611111111111111,0.0625,0.4930555555555556,0.08333333333333333
713,263.59064062036657,192,0.05,2.590200204531423e-05,0.4582424402439938,0.359375,0.11458333333333333,0.4166666666666667,0.109375
714,261.52078499877695,397,0.05,2.5769803745149768e-05,0.453635739621221,0.14357682619647355,0.3853904282115869,0.36272040302267,0.10831234256926953
715,292.2951065571608,182,0.05,2.5638280156945248e-05,0.4407099037026927,0.3131868131868132,0.10989010989010989,0.3791208791208791,0.1978021978021978
716,258.6067886915762,243,0.05,2.5507427837114567e-05,0.43490672652038037,0.21810699588477367,0.1111111111111111,0.3374485596707819,0.3333333333333333
717,257.6598739208109,219,0.05,2.5377243359646956e-05,0.46288185483487587,0.4794520547945205,0.1278538812785388,0.2876712328767123,0.1050228310502283
718,274.9730161691641,332,0.05,2.5247723316017274e-05,0.45009076013391297,0.3463855421686747,0.13855421686746988,0.3704819277108434,0.14457831325301204
719,250.65064813922845,278,0.05,2.5118864315096767e-05,0.4541637850813425,0.14028776978417265,0.10071942446043165,0.34532374100719426,0.4136690647482014
720,151.99085394327574,1000,0.05,2.4990662983064277e-05,0.44387877789592484,0.458,0.319,0.174,0.049
721,251.495986001072,392,0.05,2.4863115963317916e-05,0.4500787447234752,0.15051020408163265,0.1989795918367347,0.4923469387755102,0.15816326530612246
722,282.38056943349676,249,0.05,2.473621991638717e-05,0.45218449665386196,0.39357429718875503,0.14457831325301204,0.25301204819277107,0.20883534136546184
723,268.85570072386633,340,0.05,2.4609971519845472e-05,0.455516035699444,0.3323529411764706,0.06764705882352941,0.23823529411764705,0.36176470588235293
724,287.03189421332,221,0.05,2.448436746822322e-05,0.44478881882338894,0.35294117647058826,0.12669683257918551,0.2986425339366516,0.22171945701357465
725,141.51415962984169,1000,0.05,2.4359404472921215e-05,0.4470844055457832,0.59,0.291,0.092,0.027
726,287.22113931868546,144,0.05,2.4235079262124575e-05,0.44205498168704815,0.3819444444444444,0.08333333333333333,0.4444444444444444,0.09027777777777778
727,245.83554837248255,259,0.05,2.4111388580717055e-05,0.43353930413777514,0.305019305019305,0.11196911196911197,0.44787644787644787,0.13513513513513514
728,272.0469365146287,183,0.05,2.3988329190195842e-05,0.4553355186881326,0.44808743169398907,0.09289617486338798,0.37158469945355194,0.08743169398907104
729,277.0705964878662,302,0.05,2.3865897868586744e-05,0.4343108900828806,0.1986754966887417,0.16556291390728478,0.45364238410596025,0.18211920529801323
730,291.44300769474813,301,0.05,2.3744091410359837e-05,0.4347500422302851,0.31561461794019935,0.16279069767441862,0.42857142857142855,0.09302325581395349
731,250.45553779712736,205,0.05,2.3622906626345543e-05,0.4439145572526021,0.3902439024390244,0.11219512195121951,0.3073170731707317,0.1902439024390244
732,256.28952475808387,321,0.05,2.350234034365113e-05,0.43569638037270636,0.6012461059190031,0.08099688473520249,0.19003115264797507,0.1277258566978193
733,277.1255257992768,306,0.05,2.3382389405577622e-05,0.43085035305607733,0.2549019607843137,0.13398692810457516,0.45098039215686275,0.16013071895424835
734,299.46651793628314,247,0.05,2.3263050671537174e-05,0.4429210087723857,0.27530364372469635,0.19838056680161945,0.38461538461538464,0.1417004048582996
735,242.94077575036826,337,0.05,2.314432101697083e-05,0.43927776089473647,0.2551928783382789,0.10682492581602374,0.5222551928783383,0.11572700296735905
736,284.1452752088138,203,0.05,2.302619733326671e-05,0.44726142062015767,0.30049261083743845,0.1330049261083744,0.458128078817734,0.10837438423645321
737,239.77777956852452,232,0.05,2.2908676527678637e-05,0.43385138954030905,0.17672413793103448,0.15948275862068967,0.4956896551724138,0.16810344827586207
738,260.6996343217004,310,0.05,2.279175552324514e-05,0.4315255196275315,0.04516129032258064,0.5225806451612903,0.3387096774193548,0.0935483870967742
739,245.05823817810557,160,0.05,2.2675431258708915e-05,0.42078105152755363,0.35,0.1125,0.4375,0.1
740,268.9391470925549,186,0.05,2.2559700688436657e-05,0.43807798520280705,0.4946236559139785,0.08064516129032258,0.34408602150537637,0.08064516129032258
741,245.63609551313198,264,0.05,2.2444560782339324e-05,0.4400178839903315,0.4015151515151515,0.23863636363636365,0.23106060606060605,0.12878787878787878
742,242.02105678182,382,0.05,2.233000852579281e-05,0.4281116135408482,0.49214659685863876,0.07853403141361257,0.27486910994764396,0.1544502617801047
743,276.8808696712944,246,0.05,2.2216040919558996e-05,0.43546397194161796,0.18699186991869918,0.1910569105691057,0.32113821138211385,0.3008130081300813
744,257.81823451899703,874,0.05,2.210265497970725e-05,0.4369315121948432,0.41533180778032036,0.39359267734553777,0.13615560640732266,0.05491990846681922
745,286.2248293887382,342,0.05,2.1989847737536276e-05,0.4265160118582722,0.21929824561403508,0.3742690058479532,0.22807017543859648,0.1783625730994152
746,145.03550527688762,1000,0.05,2.1877616239496397e-05,0.42730512871016013,0.293,0.561,0.1,0.046
747,185.28679805150176,574,0.05,2.176595754711223e-05,0.43434274700760206,0.18641114982578397,0.12195121951219512,0.5139372822299652,0.17770034843205576
748,263.9087497130271,159,0.05,2.1654868736905736e-05,0.4224478442584394,0.34591194968553457,0.09433962264150944,0.4591194968553459,0.10062893081761007
749,248.1733634585044,183,0.05,2.1544346900319697e-05,0.4279961288014529,0.3333333333333333,0.17486338797814208,0.37158469945355194,0.12021857923497267
750,234.84385302068452,655,0.05,2.143438914364154e-05,0.4284515236513372,0.35419847328244275,0.40916030534351144,0.18931297709923664,0.04732824427480916
751,293.5830249823774,218,0.05,2.1324992587927593e-05,0.4295295461791184,0.29357798165137616,0.1834862385321101,0.3394495412844037,0.1834862385321101
752,286.37694255863926,275,0.05,2.1216154368927693e-05,0.43524956612254195,0.22181818181818183,0.14909090909090908,0.5018181818181818,0.12727272727272726
753,280.52052098967835,312,0.05,2.1107871637010202e-05,0.42317022244686286,0.3685897435897436,0.13141025641025642,0.40384615384615385,0.09615384615384616
754,266.3604737625159,450,0.05,2.1000141557087397e-05,0.4371270517614231,0.5511111111111111,0.07111111111111111,0.2644444444444444,0.11333333333333333
755,240.10132116295208,330,0.05,2.0892961308541232e-05,0.4300552606429125,0.24242424242424243,0.1303030303030303,0.4212121212121212,0.20606060606060606
756,253.56830492855167,183,0.05,2.0786328085149503e-05,0.4153216627235877,0.40437158469945356,0.10382513661202186,0.3224043715846995,0.16939890710382513
757,281.5861159835548,179,0.05,2.0680239095012362e-05,0.4268247264508458,0.3240223463687151,0.11731843575418995,0.4245810055865922,0.1340782122905028
758,274.0862260934813,308,0.05,2.057469156047922e-05,0.42845215966936,0.37337662337662336,0.1331168831168831,0.3246753246753247,0.16883116883116883
759,250.2884139579142,287,0.05,2.0469682718076032e-05,0.41761683593609017,0.10452961672473868,0.1289198606271777,0.4738675958188153,0.2926829268292683
760,288.21933211283067,316,0.05,2.036520981843293e-05,0.4192380219337414,0.2626582278481013,0.08860759493670886,0.33860759493670883,0.310126582278481
761,275.3824627642147,284,0.05,2.026127012621225e-05,0.4167935770377359,0.323943661971831,0.22535211267605634,0.323943661971831,0.1267605633802817
762,264.3017967410445,188,0.05,2.01578609200369e-05,0.4251157283071825,0.44148936170212766,0.13829787234042554,0.34574468085106386,0.07446808510638298
763,263.7864228012309,234,0.05,2.0054979492419124e-05,0.4297029645240123,0.4188034188034188,0.1111111111111111,0.33760683760683763,0.13247863247863248
764,256.142015984846,197,0.05,1.9952623149689603e-05,0.4410209952541425,0.38578680203045684,0.1319796954314721,0.3248730964467005,0.15736040609137056
765,264.7247149298727,179,0.05,1.9850789211926935e-05,0.4258707507070023,0.45251396648044695,0.10614525139664804,0.3463687150837989,0.09497206703910614
766,239.49161578193048,154,0.05,1.9749475012887463e-05,0.4214894928240947,0.4025974025974026,0.11038961038961038,0.3961038961038961,0.09090909090909091
767,254.91686413905666,275,0.05,1.964867789993547e-05,0.43104060870723754,0.1890909090909091,0.14909090909090908,0.5054545454545455,0.15636363636363637
768,251.4969799346684,603,0.05,1.9548395233973733e-05,0.42579971656819293,0.2703150912106136,0.41956882255389716,0.24212271973466004,0.06799336650082918
769,13.926153374236904,106,0.05,1.944862438937441e-05,0.40499736033847716,0.18867924528301888,0.1792452830188679,0.4811320754716981,0.1509433962264151
770,251.3704087151475,382,0.05,1.934936275391031e-05,0.42762144289609516,0.2513089005235602,0.07068062827225131,0.2696335078534031,0.4083769633507853
771,264.5819098030713,177,0.05,1.9250607728686487e-05,0.4333125126841742,0.2655367231638418,0.062146892655367235,0.384180790960452,0.288135593220339
772,284.978313023026,234,0.05,1.915235672807221e-05,0.4261621509481446,0.23076923076923078,0.15384615384615385,0.49572649572649574,0.11965811965811966
773,257.16240854061283,208,0.05,1.905460717963325e-05,0.4309740572827785,0.4951923076923077,0.10096153846153846,0.2980769230769231,0.10576923076923077
774,258.85212839873276,258,0.05,1.895735652406453e-05,0.41733090586167576,0.5542635658914729,0.10077519379844961,0.24031007751937986,0.10465116279069768
775,272.36759756008394,172,0.05,1.8860602215123135e-05,0.4282834426134505,0.3953488372093023,0.09883720930232558,0.4011627906976744,0.10465116279069768
776,278.2178184936216,167,0.05,1.876434171956162e-05,0.40755363030104685,0.25748502994011974,0.1437125748502994,0.46107784431137727,0.1377245508982036
777,263.8411056278245,204,0.05,1.8668572517061694e-05,0.44088342818389686,0.46568627450980393,0.09803921568627451,0.3431372549019608,0.09313725490196079
778,257.55257986040476,618,0.05,1.8573292100168245e-05,0.427668500005873,0.5275080906148867,0.02912621359223301,0.11812297734627832,0.32524271844660196
779,276.0988044492326,286,0.05,1.8478497974223667e-05,0.4206773425788515,0.4370629370629371,0.1048951048951049,0.38461538461538464,0.07342657342657342
780,270.2098582191621,191,0.05,1.8384187657302558e-05,0.43140459043283713,0.2879581151832461,0.14136125654450263,0.4293193717277487,0.14136125654450263
781,254.0016008409077,275,0.05,1.8290358680146737e-05,0.4049861313720391,0.18181818181818182,0.28363636363636363,0.4254545454545455,0.10909090909090909
782,245.20236936268083,173,0.05,1.8197008586100586e-05,0.40438159849193556,0.36416184971098264,0.1329479768786127,0.3815028901734104,0.12138728323699421
783,276.35452438379514,255,0.05,1.8104134931046738e-05,0.41399055360565673,0.26666666666666666,0.19607843137254902,0.3803921568627451,0.1568627450980392
784,253.4989408525628,279,0.05,1.8011735283342077e-05,0.4188232988938667,0.2114695340501792,0.14695340501792115,0.4982078853046595,0.14336917562724014
785,35.45269564623817,151,0.05,1.791980722375408e-05,0.4287294028096507,0.0728476821192053,0.19205298013245034,0.5099337748344371,0.2251655629139073
786,279.3458038472595,167,0.05,1.782834834539747e-05,0.43153935019315454,0.41916167664670656,0.0658682634730539,0.39520958083832336,0.11976047904191617
787,279.0378246378074,148,0.05,1.7737356253671193e-05,0.4317802597674386,0.38513513513513514,0.0945945945945946,0.4391891891891892,0.08108108108108109
788,316.45685029228366,313,0.05,1.7646828566195736e-05,0.41518314176707494,0.21405750798722045,0.28434504792332266,0.33226837060702874,0.16932907348242812
789,269.1222175605624,161,0.05,1.7556762912750744e-05,0.4217706726834048,0.453416149068323,0.10559006211180125,0.36645962732919257,0.07453416149068323
790,245.87510487815334,187,0.05,1.7467156935212957e-05,0.41679949785600456,0.42245989304812837,0.13368983957219252,0.3422459893048128,0.10160427807486631
791,252.68580677795717,157,0.05,1.737800828749448e-05,0.41171765634341356,0.4140127388535032,0.08280254777070063,0.4012738853503185,0.10191082802547771
792,260.4983238887445,311,0.05,1.728931463548134e-05,0.4279274737334694,0.3665594855305466,0.12540192926045016,0.3954983922829582,0.11254019292604502
793,258.91774272639964,261,0.05,1.7201073656972398e-05,0.4290100406188247,0.18773946360153257,0.16475095785440613,0.4789272030651341,0.1685823754789272
794,279.4565972832793,216,0.05,1.7113283041618525e-05,0.4089875532608192,0.4351851851851852,0.11574074074074074,0.37962962962962965,0.06944444444444445
795,251.53580419856468,303,0.05,1.7025940490862124e-05,0.41956426822859827,0.0462046204620462,0.31683168316831684,0.49504950495049505,0.1419141914191419
796,252.99666611698072,327,0.05,1.6939043717876946e-05,0.41348547293744914,0.1620795107033639,0.16819571865443425,0.5259938837920489,0.1437308868501529
797,239.90485260120408,305,0.05,1.6852590447508222e-05,0.4107778489129745,0.419672131147541,0.09836065573770492,0.380327868852459,0.10163934426229508
798,285.67532734295884,211,0.05,1.676657841621308e-05,0.42874828535153864,0.4075829383886256,0.09004739336492891,0.3459715639810427,0.15639810426540285
799,35.37147898404669,117,0.05,1.668100537200129e-05,0.42763119031890967,0.1623931623931624,0.19658119658119658,0.48717948717948717,0.15384615384615385
800,237.63349724484647,212,0.05,1.6595869074376306e-05,0.42284749109119213,0.14150943396226415,0.1179245283018868,0.4386792452830189,0.3018867924528302
801,264.31139897356525,167,0.05,1.6511167294276595e-05,0.4182239004630215,0.40119760479041916,0.09580838323353294,0.38323353293413176,0.11976047904191617
802,263.4243583552849,214,0.05,1.642689781401728e-05,0.4182108244717858,0.2570093457943925,0.14953271028037382,0.3364485981308411,0.2570093457943925
803,269.4618516240803,236,0.05,1.634305842723207e-05,0.42145105450282183,0.4957627118644068,0.0847457627118644,0.3389830508474576,0.08050847457627118
804,251.18189235674362,257,0.05,1.6259646938815505e-05,0.41226829831855777,0.0933852140077821,0.12062256809338522,0.47470817120622566,0.311284046692607
805,280.0003810602683,347,0.05,1.6176661164865473e-05,0.42058172059099225,0.4899135446685879,0.09510086455331412,0.3227665706051873,0.09221902017291066
806,160.49321137030287,1000,0.05,1.6094098932626033e-05,0.41642178983945327,0.729,0.093,0.134,0.044
807,272.4300219391307,188,0.05,1.601195808043053e-05,0.4252584410910106,0.5531914893617021,0.03723404255319149,0.35638297872340424,0.05319148936170213
808,265.77190756435834,355,0.05,1.5930236457644987e-05,0.4098460415710743,0.30985915492957744,0.11267605633802817,0.447887323943662,0.1295774647887324
809,271.09818440549554,309,0.05,1.5848931924611812e-05,0.4322969888180815,0.23300970873786409,0.1553398058252427,0.4692556634304207,0.1423948220064725
810,245.41407782172678,233,0.05,1.576804235259377e-05,0.4235513082028036,0.27896995708154504,0.1759656652360515,0.37339055793991416,0.17167381974248927
811,258.3989876304519,195,0.05,1.568756562371824e-05,0.41621718813783787,0.4307692307692308,0.14358974358974358,0.29743589743589743,0.1282051282051282
812,285.14792578756004,192,0.05,1.560749963092178e-05,0.4152551784584125,0.2760416666666667,0.140625,0.4427083333333333,0.140625
813,276.7924982506623,184,0.05,1.5527842277894948e-05,0.4128460648593123,0.2391304347826087,0.11956521739130435,0.5,0.14130434782608695
814,255.09513844723006,252,0.05,1.5448591479027417e-05,0.41480350509038844,0.5158730158730159,0.09126984126984126,0.27380952380952384,0.11904761904761904
815,292.0011907290409,238,0.05,1.536974515935337e-05,0.40606679597407946,0.3235294117647059,0.15546218487394958,0.36134453781512604,0.15966386554621848
816,270.3061437072713,292,0.05,1.529130125449718e-05,0.40469891842470057,0.5342465753424658,0.1232876712328767,0.2465753424657534,0.0958904109589041
817,256.06344268897107,223,0.05,1.5213257710619348e-05,0.41072264044921,0.452914798206278,0.1210762331838565,0.3183856502242152,0.10762331838565023
818,263.2356403500295,227,0.05,1.5135612484362732e-05,0.4017954978814043,0.31718061674008813,0.14096916299559473,0.4052863436123348,0.13656387665198239
819,280.2130369028616,277,0.05,1.5058363542799053e-05,0.40586644614072775,0.19133574007220217,0.19133574007220217,0.47653429602888087,0.1407942238267148
820,264.82427509267654,176,0.05,1.4981508863375668e-05,0.4137726892984126,0.2556818181818182,0.16477272727272727,0.4147727272727273,0.16477272727272727
821,261.4436905046441,294,0.05,1.4905046433862605e-05,0.42014994817499396,0.25510204081632654,0.14285714285714285,0.48299319727891155,0.11904761904761904
822,275.85864271693197,301,0.05,1.4828974252299889e-05,0.4067891328957906,0.42524916943521596,0.12624584717607973,0.34219269102990035,0.10631229235880399
823,282.9212515162475,182,0.05,1.4753290326945122e-05,0.4098637073006111,0.2857142857142857,0.14285714285714285,0.46703296703296704,0.1043956043956044
824,287.7569913378735,292,0.05,1.4677992676221332e-05,0.4157532301067749,0.2363013698630137,0.15753424657534246,0.4623287671232877,0.14383561643835616
825,253.9855568304185,719,0.05,1.4603079328665099e-05,0.4050258525478711,0.33240611961057026,0.4575799721835883,0.14881780250347706,0.061196105702364396
826,303.60834845354566,317,0.05,1.4528548322874929e-05,0.40144765167356633,0.29652996845425866,0.14195583596214512,0.4637223974763407,0.09779179810725552
827,260.747300831305,167,0.05,1.4454397707459904e-05,0.4277245619929132,0.3652694610778443,0.12574850299401197,0.39520958083832336,0.11377245508982035
828,274.32298464721146,185,0.05,1.4380625540988587e-05,0.41640953096686784,0.4486486486486487,0.07027027027027027,0.3783783783783784,0.10270270270270271
829,262.36001363005494,360,0.05,1.43072298919382e-05,0.41124139917917324,0.18888888888888888,0.17777777777777778,0.4777777777777778,0.15555555555555556
830,9.357242952075921,103,0.05,1.4234208838644037e-05,0.4202468257034227,0.18446601941747573,0.1553398058252427,0.5631067961165048,0.0970873786407767
831,264.34738318285827,190,0.05,1.4161560469249165e-05,0.412909240052473,0.3263157894736842,0.16842105263157894,0.38421052631578945,0.12105263157894737
832,264.99533349623744,242,0.05,1.4089282881654362e-05,0.41284488457832197,0.4256198347107438,0.08677685950413223,0.3925619834710744,0.09504132231404959
833,250.46137604416901,217,0.05,1.4017374183468312e-05,0.4031939758592878,0.3640552995391705,0.11981566820276497,0.3870967741935484,0.12903225806451613
834,8.592844934922681,114,0.05,1.3945832491958063e-05,0.4109462265324287,0.23684210526315788,0.14912280701754385,0.4824561403508772,0.13157894736842105
835,300.5830459829363,337,0.05,1.3874655933999729e-05,0.417231871995065,0.18100890207715134,0.19881305637982197,0.44510385756676557,0.17507418397626112
836,275.4125529620245,221,0.05,1.3803842646029452e-05,0.40971946639479273,0.42081447963800905,0.09049773755656108,0.3755656108597285,0.11312217194570136
837,245.15990022101556,446,0.05,1.3733390773994606e-05,0.40571114013411275,0.2600896860986547,0.24663677130044842,0.1681614349775785,0.3251121076233184
838,252.3093445760951,181,0.05,1.3663298473305255e-05,0.4131807754950138,0.22099447513812154,0.2430939226519337,0.3812154696132597,0.15469613259668508
839,283.53672185740913,204,0.05,1.3593563908785854e-05,0.40351090206761736,0.23529411764705882,0.14215686274509803,0.5196078431372549,0.10294117647058823
840,246.96159171248942,259,0.05,1.3524185254627205e-05,0.40604043028044545,0.5752895752895753,0.07335907335907337,0.28185328185328185,0.0694980694980695
841,277.88160602679807,216,0.05,1.3455160694338653e-05,0.4189342779207014,0.32407407407407407,0.13425925925925927,0.3888888888888889,0.1527777777777778
842,273.49837477311524,243,0.05,1.3386488420700523e-05,0.4078492821260885,0.1440329218106996,0.2222222222222222,0.411522633744856,0.2222222222222222
843,265.99811451315634,191,0.05,1.3318166635716802e-05,0.4038116290496486,0.32460732984293195,0.18324607329842932,0.3769633507853403,0.11518324607329843
844,273.9024627433265,188,0.05,1.3250193550568068e-05,0.408908518166698,0.42021276595744683,0.06914893617021277,0.31382978723404253,0.19680851063829788
845,248.77313964020559,296,0.05,1.3182567385564654e-05,0.41062204315400186,0.3581081081081081,0.08445945945945946,0.22635135135135134,0.3310810810810811
846,249.26044761296373,196,0.05,1.3115286370100045e-05,0.4031550607738072,0.10714285714285714,0.09693877551020408,0.5204081632653061,0.2755102040816326
847,279.3865286530857,346,0.05,1.3048348742604528e-05,0.41513490527857105,0.1676300578034682,0.1531791907514451,0.5375722543352601,0.1416184971098266
848,246.6176524665754,229,0.05,1.2981752750499066e-05,0.4098102695692173,0.1091703056768559,0.07860262008733625,0.462882096069869,0.34934497816593885
849,241.85854652714696,683,0.05,1.2915496650149411e-05,0.41347963110444874,0.3689604685212299,0.0527086383601757,0.14202049780380674,0.4363103953147877
850,245.76210705239913,174,0.05,1.2849578706820454e-05,0.40189030247651675,0.3160919540229885,0.1724137931034483,0.3793103448275862,0.13218390804597702
851,283.7503562404881,267,0.05,1.2783997194630804e-05,0.4057732196207243,0.4756554307116105,0.11610486891385768,0.27715355805243447,0.13108614232209737
852,272.2101083339496,189,0.05,1.2718750396507599e-05,0.40660883478974463,0.41798941798941797,0.08465608465608465,0.3492063492063492,0.14814814814814814
853,268.3551120540628,173,0.05,1.2653836604141555e-05,0.4142068589734725,0.45664739884393063,0.06936416184971098,0.4161849710982659,0.057803468208092484
854,263.96346883959325,267,0.05,1.2589254117942232e-05,0.4058677485604134,0.2247191011235955,0.15730337078651685,0.49812734082397003,0.1198501872659176
855,104.2704532994879,1000,0.05,1.2525001246993537e-05,0.3998949553818078,0.108,0.743,0.113,0.036
856,252.00647636336817,324,0.05,1.2461076309009455e-05,0.3960819925166974,0.13271604938271606,0.3734567901234568,0.39814814814814814,0.09567901234567901
857,289.6690419557714,306,0.05,1.2397477630289996e-05,0.39642527033241143,0.4411764705882353,0.10130718954248366,0.31699346405228757,0.14052287581699346
858,247.31138543303086,249,0.05,1.2334203545677384e-05,0.4140712905675978,0.21285140562248997,0.1646586345381526,0.4779116465863454,0.14457831325301204
859,294.6049513375267,262,0.05,1.227125239851245e-05,0.4011936649999204,0.16793893129770993,0.183206106870229,0.4961832061068702,0.15267175572519084
860,255.2045682732369,176,0.05,1.2208622540591259e-05,0.3926370776294866,0.38636363636363635,0.14204545454545456,0.3352272727272727,0.13636363636363635
861,264.1158334432457,210,0.05,1.2146312332121961e-05,0.3997477156938471,0.45714285714285713,0.10476190476190476,0.3523809523809524,0.08571428571428572
862,245.10271362623052,258,0.05,1.2084320141681855e-05,0.4002085444666879,0.5697674418604651,0.09302325581395349,0.25193798449612403,0.08527131782945736
863,66.59770036380758,152,0.05,1.2022644346174669e-05,0.3982772890205,0.09210526315789473,0.19078947368421054,0.5921052631578947,0.125
864,19.012027672973687,130,0.05,1.1961283330788072e-05,0.40286153769307065,0.35384615384615387,0.1076923076923077,0.43846153846153846,0.1
865,259.0059882090567,261,0.05,1.1900235488951392e-05,0.39847444070197113,0.4674329501915709,0.13409961685823754,0.2835249042145594,0.11494252873563218
866,262.70992273820343,219,0.05,1.1839499222293551e-05,0.4041228918151121,0.3470319634703196,0.0867579908675799,0.4520547945205479,0.1141552511415525
867,278.0762505224092,182,0.05,1.1779072940601213e-05,0.4035163219686983,0.45604395604395603,0.12637362637362637,0.3516483516483517,0.06593406593406594
868,144.4328613428385,1000,0.05,1.1718955061777156e-05,0.39884233526162677,0.327,0.046,0.15,0.477
869,182.51441181354105,638,0.05,1.1659144011798844e-05,0.39228856757903663,0.18808777429467086,0.6332288401253918,0.14733542319749215,0.03134796238244514
870,272.6504524460846,275,0.05,1.1599638224677214e-05,0.3946394817465427,0.3236363636363636,0.12363636363636364,0.4109090909090909,0.14181818181818182
871,282.066090545979,161,0.05,1.1540436142415684e-05,0.40644310027668323,0.35403726708074534,0.10559006211180125,0.4472049689440994,0.09316770186335403
872,253.04560345647505,170,0.05,1.1481536214969347e-05,0.4141170749293518,0.15294117647058825,0.1,0.45294117647058824,0.29411764705882354
873,282.89152484148417,289,0.05,1.1422936900204401e-05,0.39078012935320294,0.2664359861591695,0.16262975778546712,0.40484429065743943,0.16608996539792387
874,265.58109718922776,276,0.05,1.1364636663857762e-05,0.3922677745553888,0.19927536231884058,0.2971014492753623,0.36231884057971014,0.14130434782608695
875,27.18540215217719,163,0.05,1.1306633979496903e-05,0.4069763297257839,0.17177914110429449,0.17177914110429449,0.5153374233128835,0.1411042944785276
876,285.1198464791934,243,0.05,1.1248927328479877e-05,0.3731602997829741,0.551440329218107,0.07818930041152264,0.26337448559670784,0.10699588477366255
877,259.2480536064736,182,0.05,1.1191515199915568e-05,0.4016649545600545,0.45054945054945056,0.09340659340659341,0.3516483516483517,0.1043956043956044
878,265.9676867849365,231,0.05,1.1134396090624121e-05,0.3876229113746171,0.5238095238095238,0.08658008658008658,0.31601731601731603,0.0735930735930736
879,256.3657607691527,365,0.05,1.1077568505097596e-05,0.4027813566639044,0.273972602739726,0.22465753424657534,0.36712328767123287,0.13424657534246576
880,191.3769879833756,397,0.05,1.1021030955460803e-05,0.39912109410191593,0.10075566750629723,0.14105793450881612,0.47103274559193953,0.2871536523929471
881,278.03860840668244,192,0.05,1.0964781961432352e-05,0.4017550867539619,0.4791666666666667,0.078125,0.4010416666666667,0.041666666666666664
882,262.2438723847181,207,0.05,1.090882005028589e-05,0.40294157918494683,0.4782608695652174,0.1111111111111111,0.3188405797101449,0.09178743961352658
883,248.53567435317888,236,0.05,1.0853143756811554e-05,0.3877997599754583,0.08050847457627118,0.1228813559322034,0.4703389830508475,0.326271186440678
884,44.01438288295287,166,0.05,1.0797751623277591e-05,0.41237046288940465,0.10240963855421686,0.20481927710843373,0.5301204819277109,0.16265060240963855
885,272.64183168018667,299,0.05,1.0742642199392206e-05,0.4017530101348076,0.22073578595317725,0.3177257525083612,0.32441471571906355,0.13712374581939799
886,250.1364479435635,213,0.05,1.068781404226558e-05,0.41075740702014074,0.13145539906103287,0.10328638497652583,0.4413145539906103,0.323943661971831
887,247.39567190187503,363,0.05,1.06332657163721e-05,0.3980264468644428,0.14600550964187328,0.3884297520661157,0.36363636363636365,0.10192837465564739
888,285.26206058101417,262,0.05,1.057899579351277e-05,0.41052183632883443,0.4580152671755725,0.10305343511450382,0.2633587786259542,0.17557251908396945
889,249.24669244522886,222,0.05,1.0525002852777813e-05,0.4038635383135262,0.25225225225225223,0.17117117117117117,0.38288288288288286,0.19369369369369369
890,259.6169592306326,301,0.05,1.0471285480509478e-05,0.3992735468318826,0.5514950166112956,0.15946843853820597,0.22591362126245848,0.06312292358803986
891,44.07308813824227,115,0.05,1.0417842270265019e-05,0.3907533452105145,0.14782608695652175,0.2,0.5217391304347826,0.13043478260869565
892,259.76304510146684,197,0.05,1.0364671822779873e-05,0.4114381959211635,0.4517766497461929,0.09644670050761421,0.3553299492385787,0.09644670050761421
893,254.46947487673262,314,0.05,1.0311772745931029e-05,0.4013294874709325,0.14012738853503184,0.34394904458598724,0.3980891719745223,0.1178343949044586
894,53.06996973742841,104,0.05,1.0259143654700573e-05,0.4081451218915213,0.125,0.125,0.6153846153846154,0.1346153846153846
895,272.64741051517024,171,0.05,1.0206783171139428e-05,0.41331793635825986,0.4444444444444444,0.07017543859649122,0.4093567251461988,0.07602339181286549
896,281.5679389987608,192,0.05,1.0154689924331274e-05,0.40335902357562387,0.4166666666666667,0.08854166666666667,0.4166666666666667,0.078125
897,271.7010459504254,202,0.05,1.0102862550356658e-05,0.4041783613842367,0.3564356435643564,0.1188118811881188,0.43564356435643564,0.0891089108910891
898,275.0924631473679,248,0.05,1.005129969225728e-05,0.4074703328745568,0.1774193548387097,0.24596774193548387,0.31048387096774194,0.2661290322580645
899,246.3434933763311,202,0.05,1.0000000000000467e-05,0.39847423849204705,0.400990099009901,0.10891089108910891,0.400990099009901,0.0891089108910891
900,289.82556892021114,213,0.05,1e-05,0.39831126715966003,0.5446009389671361,0.08450704225352113,0.3051643192488263,0.06572769953051644
901,274.1850518471075,226,0.05,1e-05,0.4047448579897074,0.4026548672566372,0.10176991150442478,0.3230088495575221,0.17256637168141592
902,250.7625097386197,189,0.05,1e-05,0.4037148209252949,0.35978835978835977,0.13756613756613756,0.3862433862433862,0.1164021164021164
903,253.3470059677584,227,0.05,1e-05,0.39717482979837326,0.2687224669603524,0.19823788546255505,0.3788546255506608,0.15418502202643172
904,249.56831332286967,260,0.05,1e-05,0.40491931118686214,0.4230769230769231,0.16923076923076924,0.33076923076923076,0.07692307692307693
905,255.7920925250773,188,0.05,1e-05,0.39268786638039205,0.4946808510638298,0.05851063829787234,0.34574468085106386,0.10106382978723404
906,265.2916266374318,168,0.05,1e-05,0.3988506714216043,0.38095238095238093,0.08333333333333333,0.44642857142857145,0.08928571428571429
907,250.8639939195262,232,0.05,1e-05,0.39575987132700446,0.21551724137931033,0.1810344827586207,0.3922413793103448,0.21120689655172414
908,275.38940648335586,262,0.05,1e-05,0.39342411239341823,0.4961832061068702,0.10687022900763359,0.3282442748091603,0.06870229007633588
909,285.73243154924774,181,0.05,1e-05,0.3974814261775733,0.292817679558011,0.09944751381215469,0.4861878453038674,0.12154696132596685
910,269.165106819828,285,0.05,1e-05,0.4058764324261266,0.28421052631578947,0.26666666666666666,0.3333333333333333,0.11578947368421053
911,298.3522192113119,371,0.05,1e-05,0.3935821417444005,0.3018867924528302,0.18328840970350405,0.2722371967654987,0.24258760107816713
912,253.45298038597616,242,0.05,1e-05,0.39776495500119435,0.2644628099173554,0.11570247933884298,0.49586776859504134,0.12396694214876033
913,25.008525037179126,103,0.05,1e-05,0.3753795814940064,0.24271844660194175,0.10679611650485436,0.5436893203883495,0.10679611650485436
914,248.43637703945194,206,0.05,1e-05,0.39670973606831045,0.34951456310679613,0.12135922330097088,0.4368932038834951,0.09223300970873786
915,136.3565376164935,1000,0.05,1e-05,0.3991506393347712,0.422,0.434,0.115,0.029
916,269.31902344077093,225,0.05,1e-05,0.4115492054817782,0.37333333333333335,0.10666666666666667,0.4311111111111111,0.08888888888888889
917,275.56221369409843,174,0.05,1e-05,0.39325468536483754,0.27586206896551724,0.14942528735632185,0.46551724137931033,0.10919540229885058
918,267.0143574089942,286,0.05,1e-05,0.38940331738285033,0.32867132867132864,0.13286713286713286,0.4195804195804196,0.11888111888111888
919,258.8570739661947,273,0.05,1e-05,0.3985369536047861,0.1794871794871795,0.17582417582417584,0.4981684981684982,0.14652014652014653
920,286.10557734157925,300,0.05,1e-05,0.39343084290511354,0.32,0.16,0.39,0.13
921,274.79573640275555,205,0.05,1e-05,0.39423712707342945,0.43902439024390244,0.07317073170731707,0.3902439024390244,0.0975609756097561
922,120.62740391851742,1000,0.05,1e-05,0.3987153522171455,0.675,0.219,0.08,0.026
923,281.1316157376638,326,0.05,1e-05,0.39400291391500486,0.2883435582822086,0.13496932515337423,0.450920245398773,0.12576687116564417
924,284.2363824660998,261,0.05,1e-05,0.3914716243885447,0.42528735632183906,0.04980842911877394,0.32567049808429116,0.19923371647509577
925,248.84910759061955,345,0.05,1e-05,0.3890375302247969,0.3217391304347826,0.11304347826086956,0.4405797101449275,0.1246376811594203
926,275.08923012542687,163,0.05,1e-05,0.40093078371977353,0.38650306748466257,0.11042944785276074,0.4049079754601227,0.09815950920245399
927,268.81456765438634,259,0.05,1e-05,0.3965299346974754,0.28185328185328185,0.08494208494208494,0.525096525096525,0.10810810810810811
928,276.7884804852645,241,0.05,1e-05,0.3927111610110098,0.24066390041493776,0.21161825726141079,0.36929460580912865,0.17842323651452283
929,51.74111055751237,109,0.05,1e-05,0.41832000403471875,0.1743119266055046,0.1559633027522936,0.5321100917431193,0.13761467889908258
930,263.061571561847,223,0.05,1e-05,0.3994588741074309,0.547085201793722,0.11210762331838565,0.2645739910313901,0.07623318385650224
931,135.1824236361445,1000,0.05,1e-05,0.39833598837222384,0.714,0.173,0.079,0.034
932,247.72300704990232,222,0.05,1e-05,0.40149534516096463,0.32432432432432434,0.15315315315315314,0.42342342342342343,0.0990990990990991
933,279.6978537898784,366,0.05,1e-05,0.3872582925294953,0.16393442622950818,0.16393442622950818,0.5245901639344263,0.14754098360655737
934,253.67719984349185,229,0.05,1e-05,0.3964255537882449,0.314410480349345,0.12663755458515283,0.4279475982532751,0.13100436681222707
935,241.23105421800915,409,0.05,1e-05,0.3832461016303792,0.3643031784841076,0.07334963325183375,0.23471882640586797,0.3276283618581907
936,277.49452404718664,226,0.05,1e-05,0.3824374693217026,0.3584070796460177,0.07964601769911504,0.4646017699115044,0.09734513274336283
937,275.2616540269156,204,0.05,1e-05,0.40298091314299284,0.3872549019607843,0.1323529411764706,0.37254901960784315,0.10784313725490197
938,267.1387781658591,311,0.05,1e-05,0.3927310095018409,0.27009646302250806,0.12861736334405144,0.45980707395498394,0.1414790996784566
939,263.8477890058017,306,0.05,1e-05,0.3961395059188828,0.3202614379084967,0.19607843137254902,0.4019607843137255,0.08169934640522876
940,284.47981981801763,152,0.05,1e-05,0.4063039490899477,0.4276315789473684,0.046052631578947366,0.40131578947368424,0.125
941,280.9883472176606,184,0.05,1e-05,0.4164583715086175,0.3858695652173913,0.11956521739130435,0.45108695652173914,0.043478260869565216
942,248.332293716449,210,0.05,1e-05,0.40148687849856934,0.37142857142857144,0.09523809523809523,0.43333333333333335,0.1
943,270.9525824019677,223,0.05,1e-05,0.3898860563390758,0.2600896860986547,0.1210762331838565,0.5022421524663677,0.11659192825112108
944,267.8137915896623,202,0.05,1e-05,0.39789797247589864,0.38613861386138615,0.09900990099009901,0.400990099009901,0.11386138613861387
945,264.459205842181,260,0.05,1e-05,0.396390606285519,0.17692307692307693,0.21923076923076923,0.47307692307692306,0.13076923076923078
946,244.6981170987634,171,0.05,1e-05,0.394468994475878,0.23976608187134502,0.2573099415204678,0.4093567251461988,0.0935672514619883
947,133.5823066959573,1000,0.05,1e-05,0.3944158407563243,0.638,0.244,0.09,0.028
948,261.7032860907651,181,0.05,1e-05,0.3976353487545983,0.4143646408839779,0.06077348066298342,0.46408839779005523,0.06077348066298342
949,265.7493026145642,209,0.05,1e-05,0.4016716745964354,0.45454545454545453,0.07655502392344497,0.4019138755980861,0.06698564593301436
950,245.30257032960185,167,0.05,1e-05,0.3961687688795813,0.38922155688622756,0.0718562874251497,0.46706586826347307,0.0718562874251497
951,239.55494728328534,255,0.05,1e-05,0.38803886954812883,0.41568627450980394,0.09411764705882353,0.30980392156862746,0.1803921568627451
952,295.1589126565098,255,0.05,1e-05,0.3875958937383981,0.25882352941176473,0.19215686274509805,0.40784313725490196,0.1411764705882353
953,293.5989666821174,253,0.05,1e-05,0.39652188440990566,0.233201581027668,0.16600790513833993,0.45849802371541504,0.1422924901185771
954,281.4452565636075,282,0.05,1e-05,0.393149125145379,0.38652482269503546,0.16666666666666666,0.3404255319148936,0.10638297872340426
955,10.372195490270315,108,0.05,1e-05,0.4002579076793823,0.21296296296296297,0.12037037037037036,0.5555555555555556,0.1111111111111111
956,247.15841154925616,175,0.05,1e-05,0.38870833090089757,0.35428571428571426,0.13714285714285715,0.4228571428571429,0.08571428571428572
957,254.77753509237925,174,0.05,1e-05,0.3924702480014824,0.3218390804597701,0.11494252873563218,0.4482758620689655,0.11494252873563218
958,270.11359731492655,234,0.05,1e-05,0.39542987671263763,0.41025641025641024,0.10683760683760683,0.405982905982906,0.07692307692307693
959,239.361387326712,222,0.05,1e-05,0.3927288613197165,0.31981981981981983,0.17117117117117117,0.38288288288288286,0.12612612612612611
960,267.20183874824033,344,0.05,1e-05,0.3892461896804802,0.2703488372093023,0.14825581395348839,0.436046511627907,0.14534883720930233
961,265.8467069777332,304,0.05,1e-05,0.3815712118857839,0.22697368421052633,0.17434210526315788,0.3190789473684211,0.27960526315789475
962,253.48252522183034,244,0.05,1e-05,0.3888708600637523,0.29508196721311475,0.12704918032786885,0.45901639344262296,0.11885245901639344
963,17.873675498746934,162,0.05,1e-05,0.38137585337920493,0.21604938271604937,0.19753086419753085,0.47530864197530864,0.1111111111111111
964,29.342328333314583,155,0.05,1e-05,0.3777704252062506,0.24516129032258063,0.12258064516129032,0.5096774193548387,0.12258064516129032
965,255.25397371635103,183,0.05,1e-05,0.39516912728384307,0.28415300546448086,0.13114754098360656,0.5081967213114754,0.07650273224043716
966,247.86386390799487,326,0.05,1e-05,0.39864488083928706,0.12269938650306748,0.1901840490797546,0.5122699386503068,0.17484662576687116
967,5.494682884986531,131,0.05,1e-05,0.40040573228806675,0.3282442748091603,0.13740458015267176,0.4198473282442748,0.11450381679389313
968,256.04401961450986,200,0.05,1e-05,0.38439979055817347,0.275,0.13,0.5,0.095
969,255.39746040466272,294,0.05,1e-05,0.38444241336923785,0.23469387755102042,0.1598639455782313,0.47619047619047616,0.1292517006802721
970,261.93764321639344,186,0.05,1e-05,0.384003754632658,0.42473118279569894,0.06989247311827956,0.42473118279569894,0.08064516129032258
971,254.9159127082615,188,0.05,1e-05,0.40399669510071845,0.35106382978723405,0.10106382978723404,0.4627659574468085,0.0851063829787234
972,280.8820616156794,169,0.05,1e-05,0.38584011327090634,0.20118343195266272,0.11834319526627218,0.5562130177514792,0.1242603550295858
973,245.84369574617145,216,0.05,1e-05,0.3888128058263098,0.4675925925925926,0.10185185185185185,0.3611111111111111,0.06944444444444445
974,279.03720047287425,242,0.05,1e-05,0.37787437604715957,0.30165289256198347,0.09917355371900827,0.4049586776859504,0.19421487603305784
975,275.52169355277084,347,0.05,1e-05,0.39946805403337543,0.20461095100864554,0.17579250720461095,0.42363112391930835,0.19596541786743515
976,271.40319722706624,286,0.05,1e-05,0.3902446106457766,0.12237762237762238,0.2727272727272727,0.40559440559440557,0.1993006993006993
977,250.13910601449396,163,0.05,1e-05,0.39575046984378387,0.4233128834355828,0.0736196319018405,0.4294478527607362,0.0736196319018405
978,272.54127775870035,244,0.05,1e-05,0.39607579496368645,0.2336065573770492,0.18442622950819673,0.4057377049180328,0.1762295081967213
979,282.20318684492435,217,0.05,1e-05,0.39455590605841234,0.28110599078341014,0.15207373271889402,0.423963133640553,0.14285714285714285
980,298.78591375860015,508,0.05,1e-05,0.3900872864480281,0.17716535433070865,0.18503937007874016,0.2874015748031496,0.35039370078740156
981,281.00238453957985,268,0.05,1e-05,0.3792767203320129,0.30970149253731344,0.10820895522388059,0.4701492537313433,0.11194029850746269
982,247.0819714177869,172,0.05,1e-05,0.3878531947851936,0.4011627906976744,0.0755813953488372,0.45930232558139533,0.06395348837209303
983,274.8850222646997,260,0.05,1e-05,0.3916274088421378,0.3769230769230769,0.10384615384615385,0.4576923076923077,0.06153846153846154
984,279.1855728256723,240,0.05,1e-05,0.38887703723957706,0.23333333333333334,0.24166666666666667,0.37083333333333335,0.15416666666666667
985,226.41083969368322,211,0.05,1e-05,0.3891145182339455,0.20853080568720378,0.2796208530805687,0.41232227488151657,0.0995260663507109
986,271.02806315364626,375,0.05,1e-05,0.3919974017504925,0.192,0.17066666666666666,0.21066666666666667,0.4266666666666667
987,249.36904306742264,178,0.05,1e-05,0.4003223357902234,0.3202247191011236,0.21910112359550563,0.37640449438202245,0.08426966292134831
988,274.0638133360833,213,0.05,1e-05,0.3884057046515158,0.4507042253521127,0.0892018779342723,0.38967136150234744,0.07042253521126761
989,240.79675818336312,223,0.05,1e-05,0.38440509616813784,0.5112107623318386,0.11659192825112108,0.31390134529147984,0.05829596412556054
990,263.6137483869624,204,0.05,1e-05,0.39008448520933847,0.31862745098039214,0.14215686274509803,0.39705882352941174,0.14215686274509803
991,247.33425963455753,214,0.05,1e-05,0.388081839570695,0.35514018691588783,0.10747663551401869,0.4252336448598131,0.11214953271028037
992,42.09624580271773,117,0.05,1e-05,0.39651300511585597,0.1452991452991453,0.20512820512820512,0.5042735042735043,0.1452991452991453
993,248.3217539951603,231,0.05,1e-05,0.396213296905435,0.38095238095238093,0.09956709956709957,0.4199134199134199,0.09956709956709957
994,22.37717237192136,104,0.05,1e-05,0.3811758019960957,0.0673076923076923,0.19230769230769232,0.5961538461538461,0.14423076923076922
995,259.20040469699836,247,0.05,1e-05,0.3933263433075702,0.3076923076923077,0.12955465587044535,0.43724696356275305,0.12550607287449392
996,245.99792760383306,194,0.05,1e-05,0.38613712046211374,0.0979381443298969,0.38144329896907214,0.44329896907216493,0.07731958762886598
997,210.41960337695812,688,0.05,1e-05,0.3865066837651387,0.06686046511627906,0.752906976744186,0.13662790697674418,0.0436046511627907
998,314.4921580722505,259,0.05,1e-05,0.38408944063586864,0.23552123552123552,0.18146718146718147,0.3359073359073359,0.2471042471042471
999,256.0992331743147,243,0.05,1e-05,0.38320656282107995,0.35390946502057613,0.09876543209876543,0.4609053497942387,0.08641975308641975
