Episode,Total_Reward,Steps,Epsilon,Learning_Rate,Average_Loss,Action_0_Percentage,Action_1_Percentage,Action_2_Percentage,Action_3_Percentage
0,-194.38784943504635,69,0.9950195566196387,0.000994896213044336,0.0,0.2318840579710145,0.2463768115942029,0.2318840579710145,0.2898550724637681
1,-201.94172547904776,75,0.9900639180555424,0.0009898184747299606,0.0,0.22666666666666666,0.24,0.21333333333333335,0.32
2,-133.319313392912,63,0.9851329607687281,0.0009847666521101584,0.0,0.3333333333333333,0.25396825396825395,0.19047619047619047,0.2222222222222222
3,31.93280862732132,78,0.9802265618354918,0.0009797406129167456,0.0,0.28205128205128205,0.20512820512820512,0.2564102564102564,0.2564102564102564
4,-79.0704208434674,91,0.975344598944344,0.0009747402255566067,0.0,0.2087912087912088,0.1978021978021978,0.34065934065934067,0.25274725274725274
5,-66.9243872522527,122,0.9704869503929605,0.0009697653591082497,0.0,0.27049180327868855,0.22131147540983606,0.29508196721311475,0.21311475409836064
6,-172.64348722071796,86,0.9656534950851489,0.000964815883318378,0.0,0.27906976744186046,0.23255813953488372,0.1744186046511628,0.313953488372093
7,95.40765313887587,1000,0.9608441125278293,0.0009598916685984801,0.0,0.28,0.229,0.255,0.236
8,-360.0893542517444,73,0.956058682828031,0.0009549925860214364,0.0,0.2328767123287671,0.1780821917808219,0.2054794520547945,0.3835616438356164
9,-5.580305102290907,82,0.9512970866899032,0.0009501185073181442,0.0,0.23170731707317074,0.24390243902439024,0.25609756097560976,0.2682926829268293
10,-417.80137504415507,97,0.9465592054117414,0.0009452693048741588,0.0,0.28865979381443296,0.28865979381443296,0.24742268041237114,0.17525773195876287
11,-170.39524067331246,113,0.9418449208830285,0.0009404448517263523,0.0,0.3185840707964602,0.21238938053097345,0.20353982300884957,0.26548672566371684
12,-67.23938113304325,64,0.9371541155814898,0.0009356450215595899,0.0,0.34375,0.171875,0.265625,0.21875
13,-111.3567393132165,64,0.9324866725701636,0.000930869688703422,0.0,0.25,0.171875,0.25,0.328125
14,-92.85873513046239,119,0.9278424754944864,0.0009261187281287943,0.0,0.25210084033613445,0.2773109243697479,0.226890756302521,0.24369747899159663
15,-88.53517212409656,64,0.9232214085793918,0.0009213920154447743,0.0,0.359375,0.1875,0.21875,0.234375
16,-426.49680525502674,113,0.9186233566264248,0.0009166894268952941,0.0,0.20353982300884957,0.35398230088495575,0.24778761061946902,0.19469026548672566
17,-146.95697031893008,123,0.9140482050108695,0.0009120108393559106,0.0,0.2682926829268293,0.2764227642276423,0.2601626016260163,0.1951219512195122
18,-257.7176175444162,98,0.9094958396788919,0.0009073561303305816,0.0,0.32653061224489793,0.17346938775510204,0.29591836734693877,0.20408163265306123
19,-257.84837710292595,115,0.904966147144697,0.0009027251779484585,0.0,0.2956521739130435,0.30434782608695654,0.25217391304347825,0.14782608695652175
20,-101.07670506189913,72,0.9004590144876992,0.0008981178609606956,0.0,0.2916666666666667,0.2916666666666667,0.16666666666666666,0.25
21,-135.8661527375053,73,0.8959743293497072,0.0008935340587372753,0.0,0.2876712328767123,0.2602739726027397,0.1780821917808219,0.273972602739726
22,-193.2246180133066,56,0.8915119799321238,0.0008889736512638504,0.0,0.16071428571428573,0.26785714285714285,0.23214285714285715,0.3392857142857143
23,-89.5936953342533,63,0.8870718549931581,0.0008844365191386009,0.0,0.2857142857142857,0.23809523809523808,0.20634920634920634,0.2698412698412698
24,-141.0962136360253,70,0.8826538438450526,0.0008799225435691082,0.0,0.32857142857142857,0.21428571428571427,0.2,0.2571428571428571
25,-342.6051383787199,114,0.878257836351324,0.0008754316063692454,0.0,0.2894736842105263,0.24561403508771928,0.24561403508771928,0.21929824561403508
26,-355.6916788560792,84,0.8738837229240176,0.0008709635899560819,0.0,0.30952380952380953,0.32142857142857145,0.14285714285714285,0.2261904761904762
27,-71.86604700843118,95,0.8695313945209752,0.0008665183773468056,0.0,0.25263157894736843,0.16842105263157894,0.3263157894736842,0.25263157894736843
28,-134.85306147296802,103,0.8652007426431169,0.0008620958521556597,0.0,0.32038834951456313,0.2524271844660194,0.18446601941747573,0.24271844660194175
29,-276.4657072153973,86,0.8608916593317363,0.0008576958985908955,0.0,0.18604651162790697,0.23255813953488372,0.22093023255813954,0.36046511627906974
30,-137.09252409007178,109,0.8566040371658092,0.0008533184014517406,0.0,0.3394495412844037,0.1834862385321101,0.1926605504587156,0.28440366972477066
31,-132.33308036068723,74,0.852337769259316,0.000848963246125383,0.0,0.3783783783783784,0.14864864864864866,0.1891891891891892,0.28378378378378377
32,-72.02350454820169,63,0.8480927492585766,0.0008446303185839699,0.0,0.30158730158730157,0.25396825396825395,0.19047619047619047,0.25396825396825395
33,-148.41810219278153,75,0.8438688713395993,0.0008403195053816226,0.0,0.36,0.18666666666666668,0.26666666666666666,0.18666666666666668
34,-30.786688392475753,74,0.8396660302054431,0.0008360306936514657,0.0,0.2702702702702703,0.3783783783783784,0.10810810810810811,0.24324324324324326
35,-513.6157892892342,85,0.8354841210835922,0.0008317637711026725,0.0,0.29411764705882354,0.35294117647058826,0.23529411764705882,0.11764705882352941
36,-372.33019839159,88,0.8313230397233444,0.0008275186260175247,0.0,0.3409090909090909,0.2727272727272727,0.20454545454545456,0.18181818181818182
37,-330.7259765835683,78,0.8271826823932125,0.0008232951472484873,0.0,0.3717948717948718,0.28205128205128205,0.16666666666666666,0.1794871794871795
38,-219.233871412109,104,0.8230629458783377,0.0008190932242152989,0.0,0.375,0.2980769230769231,0.16346153846153846,0.16346153846153846
39,-261.5621848068125,59,0.8189637274779172,0.000814912746902076,0.0,0.288135593220339,0.11864406779661017,0.3050847457627119,0.288135593220339
40,-299.99433756744907,79,0.8148849250026439,0.0008107536058544327,0.0,0.3037974683544304,0.31645569620253167,0.20253164556962025,0.17721518987341772
41,-357.92268453787494,105,0.8108264367721583,0.0008066156921766152,0.0,0.38095238095238093,0.20952380952380953,0.2,0.20952380952380953
42,-431.8715770604105,93,0.8067881616125144,0.0008024988975286502,0.0,0.1827956989247312,0.1935483870967742,0.25806451612903225,0.3655913978494624
43,-140.90502092919485,59,0.8027699988536575,0.0007984031141235085,0.0,0.4406779661016949,0.2542372881355932,0.11864406779661017,0.1864406779661017
44,-100.96998745211691,65,0.7987718483269142,0.0007943282347242834,0.0,0.2923076923076923,0.23076923076923078,0.16923076923076924,0.3076923076923077
45,-118.36999079492068,61,0.7947936103624954,0.0007902741526413818,0.0,0.39344262295081966,0.21311475409836064,0.18032786885245902,0.21311475409836064
46,-152.20867743976058,99,0.7908351857870121,0.0007862407617297322,0.0,0.37373737373737376,0.23232323232323232,0.20202020202020202,0.1919191919191919
47,-94.46659868904796,61,0.7868964759210023,0.0007822279563860046,0.0,0.29508196721311475,0.2786885245901639,0.18032786885245902,0.2459016393442623
48,-242.2650296143304,93,0.7829773825764719,0.0007782356315458458,2.0020237915583587,0.24731182795698925,0.34408602150537637,0.24731182795698925,0.16129032258064516
49,-103.6389299463617,124,0.7790778080544463,0.000774263682681129,1.6324875296039993,0.3064516129032258,0.1693548387096774,0.28225806451612906,0.24193548387096775
50,-256.2457986228418,122,0.7751976551425351,0.0007703120057972166,1.3566214214219876,0.22131147540983606,0.29508196721311475,0.2459016393442623,0.23770491803278687
51,-147.6304219584988,100,0.771336827112509,0.0007663804974302373,1.1889270101252114,0.15,0.19,0.37,0.29
52,-106.33551885111027,120,0.7674952277178876,0.0007624690546443775,1.1448888005818563,0.20833333333333334,0.2,0.35,0.24166666666666667
53,-227.22197844727955,102,0.7636727611915411,0.0007585775750291859,1.100112603281018,0.23529411764705882,0.24509803921568626,0.2549019607843137,0.2647058823529412
54,-70.64937115905799,127,0.7598693322433026,0.0007547059566968927,1.0379041612319604,0.2283464566929134,0.2204724409448819,0.3228346456692913,0.2283464566929134
55,-238.25205935580564,124,0.7560848460575919,0.000750854098279741,1.009405999826362,0.1532258064516129,0.29838709677419356,0.29838709677419356,0.25
56,-258.374656783831,123,0.7523192082910528,0.0007470218989273339,0.9765701071590425,0.17886178861788618,0.3333333333333333,0.21951219512195122,0.2682926829268293
57,-117.81409333583976,141,0.748572325070201,0.0007432092583039931,0.9594475824822931,0.2127659574468085,0.20567375886524822,0.36879432624113473,0.2127659574468085
58,-161.30618195223775,126,0.7448441029890834,0.0007394160765861323,0.9232304421937002,0.14285714285714285,0.19047619047619047,0.42063492063492064,0.24603174603174602
59,-240.6746672275062,129,0.7411344491069503,0.0007356422544596437,0.9064827903974996,0.17054263565891473,0.26356589147286824,0.34108527131782945,0.2248062015503876
60,-83.60749680360027,117,0.7374432709459379,0.0007318876931172971,0.9201197271683078,0.1794871794871795,0.19658119658119658,0.4358974358974359,0.18803418803418803
61,-229.72541364699043,119,0.7337704764887631,0.000728152294256154,0.8587721384352961,0.21008403361344538,0.23529411764705882,0.31092436974789917,0.24369747899159663
62,-176.41236232049982,193,0.7301159741764301,0.0007244359600749925,0.8672722629640367,0.15025906735751296,0.23834196891191708,0.40414507772020725,0.20725388601036268
63,-96.03259448453662,97,0.7264796729059471,0.0007207385932717478,0.870925406268898,0.1958762886597938,0.16494845360824742,0.4329896907216495,0.20618556701030927
64,-158.84710415994056,78,0.7228614820280556,0.0007170600970409636,0.8443480427797662,0.19230769230769232,0.2692307692307692,0.2692307692307692,0.2692307692307692
65,-224.81815593491478,108,0.7192613113449707,0.0007134003750712587,0.8423082368092186,0.18518518518518517,0.24074074074074073,0.2777777777777778,0.2962962962962963
66,-83.19309846736556,189,0.7156790711081327,0.0007097593315428041,0.839516750546246,0.13756613756613756,0.20105820105820105,0.4603174603174603,0.20105820105820105
67,-151.72537917566223,137,0.712114672015969,0.000706136871124815,0.8420115601265284,0.24817518248175183,0.2116788321167883,0.38686131386861317,0.15328467153284672
68,-100.40929422401359,169,0.708568025211669,0.0007025328989730546,1.138851087328612,0.15976331360946747,0.21893491124260356,0.3905325443786982,0.23076923076923078
69,-129.2665567608385,94,0.7050390422809678,0.000698947320727351,1.198210030467642,0.1702127659574468,0.18085106382978725,0.44680851063829785,0.20212765957446807
70,-90.79026340583096,104,0.7015276352499433,0.0006953800425091263,1.054793062064908,0.125,0.28846153846153844,0.3269230769230769,0.25961538461538464
71,-229.80385222492762,122,0.6980337165828222,0.000691830970918939,1.0582122701495589,0.1557377049180328,0.2459016393442623,0.3114754098360656,0.28688524590163933
72,-248.2189508988147,168,0.6945571991797983,0.0006883000130340385,0.9573904386217067,0.17857142857142858,0.2261904761904762,0.39285714285714285,0.20238095238095238
73,-218.25851444184661,102,0.691097996374861,0.0006847870764059319,0.9367309730958382,0.16666666666666666,0.23529411764705882,0.3235294117647059,0.27450980392156865
74,-92.87601443908714,139,0.6876560219336348,0.0006812920690579639,0.9451578821241355,0.2158273381294964,0.2302158273381295,0.34532374100719426,0.20863309352517986
75,-158.318980294585,89,0.6842311900512299,0.0006778148994829084,0.8958992343479508,0.16853932584269662,0.24719101123595505,0.3595505617977528,0.2247191011235955
76,44.182864018326114,86,0.6808234153501025,0.0006743554766405727,0.8780423104425832,0.2441860465116279,0.18604651162790697,0.27906976744186046,0.29069767441860467
77,-113.31864535749172,143,0.6774326128779271,0.0006709137099554139,0.8807574515828911,0.13986013986013987,0.24475524475524477,0.35664335664335667,0.25874125874125875
78,18.423505847822014,134,0.6740586981054784,0.0006674895093141672,0.8737789942177934,0.1417910447761194,0.26865671641791045,0.291044776119403,0.29850746268656714
79,-164.42479409452775,122,0.670701586924524,0.0006640827850634869,0.8544978018556683,0.14754098360655737,0.2459016393442623,0.36885245901639346,0.23770491803278687
80,-67.97389155140698,246,0.6673611956457279,0.0006606934480075987,0.8857117564320858,0.17073170731707318,0.17073170731707318,0.4634146341463415,0.1951219512195122
81,-129.07218759402284,94,0.6640374409965641,0.0006573214094059647,0.846434708342406,0.13829787234042554,0.24468085106382978,0.43617021276595747,0.18085106382978725
82,-72.07717780588536,173,0.6607302401192408,0.0006539665809709598,0.8451934927476308,0.15028901734104047,0.20809248554913296,0.43352601156069365,0.20809248554913296
83,-94.1600925152229,162,0.6574395105686344,0.0006506288748655599,0.8417276824947992,0.14814814814814814,0.21604938271604937,0.41975308641975306,0.21604938271604937
84,-94.21969727229344,112,0.6541651703102348,0.0006473082037010426,0.8200609054477385,0.14285714285714285,0.17857142857142858,0.48214285714285715,0.19642857142857142
85,-177.79136068169558,220,0.6509071377181003,0.0006440044805346987,0.8213578587401879,0.12727272727272726,0.19545454545454546,0.42727272727272725,0.25
86,-75.52766309181125,140,0.6476653315728222,0.0006407176188675564,1.1114054890209373,0.12142857142857143,0.22142857142857142,0.44285714285714284,0.21428571428571427
87,13.24800271472354,140,0.6444396710595008,0.000637447532642116,1.4461776777486566,0.12142857142857143,0.3,0.37142857142857144,0.20714285714285716
88,-85.59324957655868,116,0.6412300757657303,0.0006341941362400969,1.3144411226143269,0.15517241379310345,0.25,0.39655172413793105,0.19827586206896552
89,-106.22934804841509,145,0.6380364656795943,0.000630957344480196,1.169312533287104,0.15862068965517243,0.27586206896551724,0.3448275862068966,0.2206896551724138
90,-180.44557127582397,130,0.6348587611876713,0.0006277370726158575,1.1584740605674955,0.14615384615384616,0.25384615384615383,0.4230769230769231,0.17692307692307693
91,-81.54323586912281,133,0.6316968830730497,0.0006245332363330539,1.0703113259096597,0.15789473684210525,0.18045112781954886,0.48872180451127817,0.17293233082706766
92,-185.8478173106744,103,0.6285507525133537,0.0006213457517480785,1.0625206052640688,0.20388349514563106,0.21359223300970873,0.3592233009708738,0.22330097087378642
93,-120.49789495454871,137,0.6254202910787774,0.0006181745354053494,0.9411710486064699,0.17518248175182483,0.145985401459854,0.48905109489051096,0.1897810218978102
94,-51.14584267975425,274,0.6223054207301305,0.0006150195042752238,0.9865107778509984,0.19343065693430658,0.1678832116788321,0.48905109489051096,0.14963503649635038
95,-261.87482218737983,178,0.6192060638168921,0.0006118805757518249,0.9957845988682873,0.16853932584269662,0.20224719101123595,0.4157303370786517,0.21348314606741572
96,99.62800353610466,1000,0.6161221430752757,0.0006087576676508784,0.9369688050210434,0.3,0.222,0.288,0.19
97,-121.53418483743118,183,0.6130535816263024,0.0006056506982075613,1.2887344275576706,0.16939890710382513,0.16939890710382513,0.5027322404371585,0.15846994535519127
98,-102.59783230934907,154,0.6100003029738849,0.0006025595860743607,1.3580963060783249,0.17532467532467533,0.19480519480519481,0.4675324675324675,0.16233766233766234
99,-51.37309816548905,97,0.6069622310029202,0.000599484250318944,1.2491533286031946,0.18556701030927836,0.13402061855670103,0.4639175257731959,0.21649484536082475
100,-131.07862888301733,151,0.6039392899773924,0.0005964246104220401,1.1784939191877735,0.13245033112582782,0.17880794701986755,0.5562913907284768,0.13245033112582782
101,-68.75691478064172,107,0.6009314045384845,0.000593380586275331,1.2332724700594797,0.08411214953271028,0.2523364485981308,0.4672897196261682,0.19626168224299065
102,-99.42142034872433,270,0.5979384997026995,0.0005903520981793547,1.1417209175964456,0.13703703703703704,0.18518518518518517,0.48518518518518516,0.1925925925925926
103,-232.68658737107643,197,0.5949605008599921,0.0005873390668414179,1.0632511219000838,0.15736040609137056,0.20812182741116753,0.467005076142132,0.16751269035532995
104,-82.02287116218567,133,0.5919973337719074,0.0005843414133735207,1.0157005410517521,0.20300751879699247,0.17293233082706766,0.39849624060150374,0.22556390977443608
105,18.204148355368865,1000,0.5890489245697316,0.0005813590592902906,0.9964869029680642,0.255,0.293,0.256,0.196
106,-163.83179902311394,135,0.5861151997526493,0.0005783919265069276,0.9629067399428217,0.14814814814814814,0.18518518518518517,0.5111111111111111,0.15555555555555556
107,106.65402505411357,1000,0.583196086185912,0.0005754399373371601,1.2093249960218255,0.261,0.344,0.233,0.162
108,-49.72004151581861,124,0.5802915110990148,0.0005725030144912106,1.210586486156312,0.11290322580645161,0.18548387096774194,0.532258064516129,0.1693548387096774
109,1.4753588187125501,120,0.5774014020838818,0.0005695810810737719,1.0677853583493013,0.15833333333333333,0.2,0.5166666666666667,0.125
110,-71.33263023921957,136,0.5745256870930618,0.0005666740605819945,1.053364793212383,0.19117647058823528,0.16176470588235295,0.45588235294117646,0.19117647058823528
111,-131.28629982903072,149,0.5716642944379317,0.0005637818769034828,1.0084198439867684,0.16778523489932887,0.2550335570469799,0.3288590604026846,0.2483221476510067
112,21.4146474447368,115,0.5688171527869094,0.000560904454314303,1.0449134584240967,0.20869565217391303,0.12173913043478261,0.5130434782608696,0.1565217391304348
113,-11.211491982997643,210,0.5659841911636758,0.0005580417174769997,1.0113779010175612,0.15714285714285714,0.2,0.4666666666666667,0.1761904761904762
114,-32.581583431631074,245,0.5631653389454055,0.0005551935914386241,0.9885094714064305,0.11836734693877551,0.14285714285714285,0.5673469387755102,0.17142857142857143
115,-93.4535499211204,235,0.5603605258610059,0.0005523600016287713,1.0344254059001214,0.1574468085106383,0.18723404255319148,0.49361702127659574,0.16170212765957448
116,-35.15127178437507,164,0.5575696819893657,0.0005495408738576278,1.0103078399690608,0.13414634146341464,0.18902439024390244,0.4878048780487805,0.18902439024390244
117,-104.55323531663569,123,0.5547927377576116,0.000546736134314029,0.9828225158405589,0.15447154471544716,0.1951219512195122,0.4146341463414634,0.23577235772357724
118,-151.44806530109895,132,0.5520296239393742,0.0005439457095635269,1.2592472884549033,0.10606060606060606,0.3333333333333333,0.25,0.3106060606060606
119,-21.058074567175282,234,0.5492802716530619,0.000541169526546467,1.270353771828323,0.14957264957264957,0.1623931623931624,0.47863247863247865,0.2094017094017094
120,-111.77244979517636,209,0.5465446123601444,0.0005384075125760762,1.147889706898453,0.16267942583732056,0.1674641148325359,0.49282296650717705,0.17703349282296652
121,-106.85512038001873,193,0.5438225778634432,0.0005356595953365588,1.1222007079328986,0.07772020725388601,0.24352331606217617,0.46632124352331605,0.21243523316062177
122,-28.244934135700873,149,0.5411141003054323,0.0005329257028812037,1.1280815171910998,0.2080536912751678,0.22818791946308725,0.3288590604026846,0.2348993288590604
123,-198.88084596125674,267,0.5384191121665459,0.0005302057636305005,1.1060031591801605,0.10486891385767791,0.19101123595505617,0.49812734082397003,0.20599250936329588
124,-93.384156694513,152,0.535737546263496,0.0005274997063702652,1.0746917107512086,0.13157894736842105,0.19078947368421054,0.4342105263157895,0.24342105263157895
125,-54.632526508287455,195,0.533069335747597,0.000524807460249776,1.0669750915670384,0.14871794871794872,0.1794871794871795,0.48205128205128206,0.18974358974358974
126,-62.019789796184945,162,0.5304144141030992,0.000522128954779918,1.0265951319443851,0.16049382716049382,0.22839506172839505,0.41358024691358025,0.19753086419753085
127,-74.38511332199866,283,0.5277727151455311,0.0005194641198313376,1.0791535871243205,0.14487632508833923,0.17314487632508835,0.49469964664310956,0.1872791519434629
128,-90.19223130449008,186,0.5251441730200492,0.0005168128856326069,0.9795114401797598,0.15591397849462366,0.1989247311827957,0.45161290322580644,0.1935483870967742
129,-82.66312356843613,211,0.5225287221997962,0.0005141751827683961,0.9971529054894368,0.17061611374407584,0.1943127962085308,0.46919431279620855,0.16587677725118483
130,-7.9036922912261645,141,0.5199262974842676,0.0005115509421776565,0.9795882750295423,0.1773049645390071,0.1276595744680851,0.5177304964539007,0.1773049645390071
131,-142.5492903146308,157,0.5173368339976863,0.0005089400951518125,1.2759391227017747,0.16560509554140126,0.1592356687898089,0.45222929936305734,0.2229299363057325
132,-46.217537853686466,140,0.5147602671873854,0.0005063425733329622,1.2819214237610672,0.12142857142857143,0.16428571428571428,0.4785714285714286,0.2357142857142857
133,-50.43908500247457,127,0.512196532822199,0.000503758308712088,1.1914433433020308,0.14173228346456693,0.1732283464566929,0.5118110236220472,0.1732283464566929
134,-5.2841519092769005,143,0.5096455669908607,0.0005011872336272758,1.2908887677745646,0.0979020979020979,0.1258741258741259,0.6013986013986014,0.17482517482517482
135,-27.793915906573773,282,0.5071073061004107,0.0004986292807619435,1.1284507334222158,0.11702127659574468,0.1595744680851064,0.549645390070922,0.17375886524822695
136,-15.140945588096884,190,0.50458168687461,0.0004960843831430785,1.158345756522768,0.24736842105263157,0.12105263157894737,0.4421052631578947,0.18947368421052632
137,-76.66172741587157,288,0.5020686463523638,0.0004935524741394842,1.1575255348852547,0.1111111111111111,0.2013888888888889,0.4826388888888889,0.2048611111111111
138,-41.19800081632144,245,0.49956812188615124,0.0004910334874600353,1.0931845875403476,0.08979591836734693,0.17551020408163265,0.5469387755102041,0.18775510204081633
139,-224.5800339627272,258,0.49708005114046383,0.0004885273571519426,1.0610508742536424,0.17054263565891473,0.16279069767441862,0.5271317829457365,0.13953488372093023
140,46.27350654267096,135,0.49460437209025165,0.0004860340175990254,1.0446107357334722,0.1259259259259259,0.14074074074074075,0.5555555555555556,0.17777777777777778
141,-182.5514601173909,215,0.492141023019377,0.00048355340351999445,1.0515382474497275,0.12558139534883722,0.1813953488372093,0.5069767441860465,0.18604651162790697
142,75.79091260538615,1000,0.48968994251907594,0.0004810854499667421,1.151912582703078,0.244,0.19,0.236,0.33
143,-67.27321951907581,255,0.4872510694864273,0.000478630092322642,1.152656536223832,0.12549019607843137,0.1803921568627451,0.48627450980392156,0.20784313725490197
144,21.22924887222395,259,0.4848243431228297,0.0004761872663008574,1.1276977319686594,0.138996138996139,0.20463320463320464,0.5057915057915058,0.15057915057915058
145,92.47969543665768,1000,0.4824097029324856,0.00047375690794265767,1.0993781170904757,0.283,0.213,0.281,0.223
146,-177.3585520442851,216,0.4800070887208934,0.00047133895361574417,1.1025049896781975,0.125,0.23148148148148148,0.4074074074074074,0.2361111111111111
147,11.31629470510039,259,0.47761644059334696,0.0004689333400125837,1.2102043250803676,0.10810810810810811,0.22007722007722008,0.5057915057915058,0.16602316602316602
148,-56.108787524907086,231,0.4752376989534421,0.0004665400041487515,1.325240176768881,0.12554112554112554,0.16017316017316016,0.5324675324675324,0.18181818181818182
149,65.13276492156038,1000,0.4728708045015913,0.0004641588833612816,1.233689684512089,0.271,0.156,0.288,0.285
150,-63.1500493104268,317,0.4705156982335452,0.0004617899153070266,1.129879276670013,0.15457413249211358,0.1608832807570978,0.5047318611987381,0.17981072555205047
151,-51.97097050288572,177,0.4681723214389219,0.00045943303796102536,1.1393792706768417,0.15819209039548024,0.1864406779661017,0.5141242937853108,0.14124293785310735
152,-58.84227760689391,81,0.46584061569974305,0.00045708818961487873,1.2102705623130747,0.13580246913580246,0.16049382716049382,0.5061728395061729,0.19753086419753085
153,-11.102016288731122,147,0.4635205228889778,0.0004547553088751342,0.9814296968837355,0.16326530612244897,0.1564625850340136,0.5170068027210885,0.16326530612244897
154,32.9983014945478,224,0.4612119851690938,0.00045243433466167824,1.0533327511553476,0.13392857142857142,0.18303571428571427,0.5089285714285714,0.17410714285714285
155,85.00069727422722,1000,0.4589149449906151,0.00045012520620613735,1.261313167479172,0.282,0.259,0.309,0.15
156,-56.77777267269795,356,0.4566293450906877,0.0004478278630502868,1.216177718892671,0.1404494382022472,0.13764044943820225,0.5674157303370787,0.1544943820224719
157,-99.07240811422339,259,0.45435512849165205,0.0004455422450444678,1.1919712851731057,0.14285714285714285,0.15057915057915058,0.5637065637065637,0.14285714285714285
158,3.1718773436715253,397,0.4520922384996226,0.0004432682923460125,1.1566976207498307,0.12342569269521411,0.19899244332493704,0.5113350125944585,0.16624685138539042
159,-8.981564058464016,249,0.44984061870307446,0.00044100594541767737,1.1416839773545389,0.07630522088353414,0.20080321285140562,0.5582329317269076,0.1646586345381526
160,-73.93495085115046,122,0.4476002129714371,0.0004387551450260843,1.1403450751795607,0.1557377049180328,0.14754098360655737,0.4672131147540984,0.22950819672131148
161,26.17274729189826,205,0.4453709654536952,0.00043651583224016963,1.113215337654269,0.1073170731707317,0.15121951219512195,0.5853658536585366,0.15609756097560976
162,-2.5434818004773376,337,0.44315282057699623,0.00043428794842964135,1.3087271884808909,0.10979228486646884,0.16023738872403562,0.56973293768546,0.16023738872403562
163,-75.05194821809017,111,0.4409457230452651,0.000432071435263444,1.3795966174155954,0.12612612612612611,0.22522522522522523,0.40540540540540543,0.24324324324324326
164,93.99630235527503,1000,0.4387496178378257,0.00042986623470823136,1.2385500509725935,0.401,0.15,0.189,0.26
165,-77.18790130937488,393,0.43656445020802925,0.00042767228902684703,1.2150467906189875,0.11959287531806616,0.1628498727735369,0.55470737913486,0.1628498727735369
166,9.885541784846524,148,0.4343901656818896,0.0004254895407768128,1.1723879090667058,0.10135135135135136,0.14189189189189189,0.5878378378378378,0.16891891891891891
167,-2.446755639872464,340,0.4322267100567252,0.0004233179328088246,1.1371486879846118,0.08235294117647059,0.15294117647058825,0.5676470588235294,0.19705882352941176
168,-23.560261405560283,255,0.4300740293998078,0.0004211574082652562,1.1707656871001684,0.10980392156862745,0.1411764705882353,0.5803921568627451,0.16862745098039217
169,-16.581519726624265,345,0.4279320700470182,0.0004190079105786707,1.3149321845070936,0.1072463768115942,0.16521739130434782,0.5246376811594203,0.2028985507246377
170,-140.4172554070372,369,0.4258007786015082,0.00041686938347033914,1.271949239771733,0.1111111111111111,0.15989159891598917,0.5230352303523035,0.20596205962059622
171,-43.38973232713869,266,0.42368010193236966,0.00041474177094876744,1.2667651518066843,0.13533834586466165,0.16541353383458646,0.5300751879699248,0.16917293233082706
172,59.1593361185308,1000,0.4215699871733098,0.00041262501730823006,1.2085033989124614,0.391,0.192,0.262,0.155
173,10.613183650325766,241,0.4194703817213335,0.0004105190671273116,1.1743183104394601,0.0912863070539419,0.14522821576763487,0.6058091286307054,0.15767634854771784
174,-32.232620898043294,90,0.41738123323543186,0.0004084238652674558,1.3086957794866327,0.1,0.2111111111111111,0.4888888888888889,0.2
175,-23.41102786706611,94,0.41530248963527744,0.00040633935687152184,1.1354921902538884,0.10638297872340426,0.2127659574468085,0.5319148936170213,0.14893617021276595
176,-14.889785214890352,219,0.41323409909992587,0.000404265487362348,1.2777868000556831,0.1461187214611872,0.2054794520547945,0.4977168949771689,0.1506849315068493
177,57.79393682198271,1000,0.4111760100665241,0.00040220220244132287,1.3435762946280965,0.113,0.499,0.238,0.15
178,-74.86397503961946,217,0.4091281712290249,0.00040014944808696346,1.2045169850292892,0.12442396313364056,0.16129032258064516,0.5483870967741935,0.16589861751152074
179,1.1660658210231816,149,0.407090531536908,0.000398107170553501,1.1938840894342888,0.11409395973154363,0.19463087248322147,0.5167785234899329,0.174496644295302
180,12.592385603228479,144,0.40506304019390726,0.00039607531636947366,1.215505511648594,0.11805555555555555,0.18055555555555555,0.5972222222222222,0.10416666666666667
181,-14.034101544290792,262,0.40304564665674447,0.0003940538323363266,1.1703601315678598,0.10305343511450382,0.17938931297709923,0.5458015267175572,0.1717557251908397
182,-51.270320003516,95,0.40103830063386947,0.00039204266552701896,1.2333058893692959,0.12631578947368421,0.21052631578947367,0.49473684210526314,0.16842105263157894
183,53.911449718446505,1000,0.39904095208420615,0.00039004176328463834,1.2746475799611778,0.121,0.439,0.304,0.136
184,37.13839388500166,1000,0.3970535512159053,0.00038805107322102195,1.2601291831156196,0.143,0.122,0.289,0.446
185,43.32575049560066,1000,0.3950760484851031,0.000386070543215385,1.2428505744233425,0.268,0.165,0.29,0.277
186,94.61308798332959,1000,0.39310839459468616,0.00038410012141295614,1.3480392265981769,0.291,0.155,0.283,0.271
187,-65.28101496297963,353,0.3911505404930626,0.0003821397562236197,1.3304895542062138,0.13314447592067988,0.1671388101983003,0.5269121813031161,0.17280453257790368
188,62.78148294195739,1000,0.38920243737293914,0.00038018939632056487,1.2522854270890316,0.347,0.161,0.336,0.156
189,47.06533476051831,1000,0.3872640366701046,0.00037824899063894216,1.3266625520846396,0.104,0.257,0.19,0.449
190,107.87336151083225,1000,0.385335290062219,0.000376318488374526,1.2953041674294268,0.444,0.144,0.246,0.166
191,-156.59558319889607,589,0.38341614946760905,0.0003743978389823848,1.237575666472933,0.12393887945670629,0.15619694397283532,0.5636672325976231,0.15619694397283532
192,7.235797490839839,1000,0.3815065670440695,0.0003724869921755577,1.2925498923563004,0.116,0.173,0.452,0.259
193,70.27834182731408,1000,0.3796064951876705,0.0003705858979237375,1.2269211215467923,0.222,0.371,0.242,0.165
194,86.29319281743052,1000,0.3777158865315709,0.00036869450645196124,1.2540765728790175,0.222,0.135,0.206,0.437
195,94.66324304813874,1000,0.37583469394483743,0.0003668127682393067,1.2672190435084554,0.436,0.145,0.204,0.215
196,-74.76839493295554,145,0.37396287053126975,0.00036494063401759587,1.1728392749335987,0.2827586206896552,0.15172413793103448,0.3931034482758621,0.1724137931034483
197,11.753838523954698,190,0.3721003696282314,0.00036307805477010503,1.2048542889490697,0.12631578947368421,0.18421052631578946,0.5157894736842106,0.1736842105263158
198,88.34146847406956,1000,0.3702471448054865,0.00036122498173028143,1.1959317551658912,0.437,0.146,0.236,0.181
199,-7.743576962987831,450,0.3684031498640423,0.0003593813663804664,1.250605345650557,0.13333333333333333,0.15555555555555556,0.5733333333333334,0.13777777777777778
200,141.12675038614992,1000,0.3665683388349977,0.000357547160450625,1.1905964610696906,0.234,0.106,0.185,0.475
201,59.353948951850924,1000,0.3647426659783969,0.00035572231591708236,1.1847456391190951,0.245,0.163,0.24,0.352
202,-54.21597862170404,424,0.36292608578208946,0.0003539067850012661,1.2186999954715574,0.13679245283018868,0.15330188679245282,0.5259433962264151,0.18396226415094338
203,5.3932670968620755,134,0.36111855296059564,0.0003521005201684556,1.1775283395213163,0.14925373134328357,0.12686567164179105,0.5447761194029851,0.1791044776119403
204,79.4296665071865,1000,0.3593200224539774,0.0003503034741265373,1.1556614612022955,0.512,0.12,0.218,0.15
205,-159.95344731174893,665,0.3575304494267152,0.00034851559982476644,1.1445409144536325,0.10075187969924812,0.15338345864661654,0.5849624060150376,0.16090225563909774
206,100.76177991197761,1000,0.3557497892665903,0.0003467368504525353,1.2443662707556586,0.424,0.116,0.226,0.234
207,53.13243100240413,1000,0.35397799758357257,0.0003449671794381476,1.1895564918827837,0.248,0.268,0.291,0.193
208,-101.73871285154877,140,0.3522150302087139,0.0003432065404475989,1.2174895135834995,0.24285714285714285,0.1,0.5142857142857142,0.14285714285714285
209,81.88453204999863,1000,0.35046084319304716,0.0003414548873833638,1.1459905478255419,0.431,0.149,0.246,0.174
210,-2.445765405116262,113,0.3487153928064905,0.0003397121743831888,1.1167055106206534,0.11504424778761062,0.1415929203539823,0.5398230088495575,0.20353982300884957
211,54.590640013121686,1000,0.34697863553675734,0.0003379783558188916,1.11989191711579,0.369,0.12,0.237,0.274
212,22.687425824424015,1000,0.3452505280882715,0.0003362533862951663,1.1135706023445036,0.244,0.241,0.34,0.175
213,1.187366348939122,186,0.34353102738108804,0.00033453722064839516,1.1809313663962466,0.15053763440860216,0.1881720430107527,0.5,0.16129032258064516
214,21.705678185584777,1000,0.34182009054981916,0.00033282981394546575,1.1298041713872566,0.234,0.171,0.422,0.173
215,153.189537085405,713,0.3401176749425658,0.00033113112148259473,1.110583153590265,0.3211781206171108,0.18934081346423562,0.30014025245441794,0.18934081346423562
216,-13.822155374087288,283,0.3384237381198542,0.00032944109878415743,1.105565709922121,0.127208480565371,0.17314487632508835,0.5159010600706714,0.18374558303886926
217,-43.147599396140535,260,0.33673823785357804,0.0003277597016015232,1.096385899133689,0.12692307692307692,0.1346153846153846,0.5653846153846154,0.17307692307692307
218,25.041587437298105,1000,0.3350611321259457,0.00032608688591189696,1.1174509246105133,0.184,0.265,0.339,0.212
219,-117.76941038266276,125,0.33339237912843267,0.0003244226079171667,1.07912548592663,0.152,0.12,0.6,0.128
220,59.124981209646556,1000,0.3317319372607396,0.0003227668240427565,1.0908849595429186,0.3,0.23,0.308,0.162
221,4.096495702895834,1000,0.3300797651297549,0.00032111949093648594,1.1089177986833865,0.162,0.24,0.438,0.16
222,-0.9310213605963185,133,0.3284358215485232,0.0003194805654674348,1.157500229543209,0.12781954887218044,0.20300751879699247,0.47368421052631576,0.19548872180451127
223,136.55298484616725,1000,0.32680006553521834,0.00031785000472481386,1.0952145411701726,0.521,0.16,0.185,0.134
224,91.38882891825556,1000,0.3251724563121218,0.00031622776601684157,1.0882851394072133,0.448,0.119,0.299,0.134
225,153.06250627118143,1000,0.3235529533046063,0.000314613806869626,1.082666989014503,0.324,0.336,0.167,0.173
226,120.56658607972601,1000,0.32194151614012406,0.00031300808502605297,1.0731001396595912,0.474,0.129,0.192,0.205
227,42.731166976942205,1000,0.32033810464720053,0.0003114105584446796,1.0699510461013089,0.383,0.146,0.312,0.159
228,80.60192129637414,1000,0.3187426788544329,0.00030982118529863353,1.0454102932166744,0.429,0.157,0.268,0.146
229,-174.06537195224183,371,0.31715519898949374,0.00030823992397451796,1.0679261464460041,0.09164420485175202,0.15363881401617252,0.4797843665768194,0.2749326145552561
230,-49.28610100394322,118,0.31557562547813933,0.0003066667330713219,1.0377500822075285,0.19491525423728814,0.16101694915254236,0.4661016949152542,0.17796610169491525
231,73.48967507252698,1000,0.3140039189432234,0.0003051015713993363,1.0788914116617594,0.298,0.149,0.321,0.232
232,-15.674271377144379,100,0.3124400402037151,0.00030354439797907574,1.0098568901981837,0.09,0.14,0.55,0.22
233,18.1774524670733,1000,0.3108839502737227,0.0003019951720402052,1.0504516208029957,0.168,0.127,0.423,0.282
234,-5.189710210003227,121,0.30933561036152135,0.00030045385302047284,1.0242373876320814,0.10743801652892562,0.1487603305785124,0.5537190082644629,0.19008264462809918
235,-0.8240254268085891,211,0.3077949818685863,0.0002989204005646479,1.0100807542743713,0.17061611374407584,0.12796208530805686,0.5924170616113744,0.10900473933649289
236,61.71499638744708,1000,0.3062620263886305,0.00029739477452346417,1.0172601015417084,0.301,0.122,0.225,0.352
237,80.04053929160722,1000,0.3047367057066472,0.00029587693495256864,1.0007028793106454,0.336,0.18,0.311,0.173
238,-78.53480683976275,189,0.3032189817979574,0.00029436684211147583,0.9874467415726036,0.1111111111111111,0.13227513227513227,0.6190476190476191,0.13756613756613756
239,86.2645172336486,1000,0.3017088168272619,0.0002928644564625272,0.997592798629145,0.46,0.178,0.17,0.192
240,123.75581937884756,1000,0.30020617314769793,0.0002913697386698561,0.9978492983616799,0.439,0.225,0.213,0.123
241,46.53758419485301,1000,0.2987110132999009,0.0002898826495983576,0.9856645222637412,0.495,0.143,0.236,0.126
242,12.810596446222698,1000,0.2972233000110704,0.0002884031503126642,0.9727943496041669,0.297,0.254,0.279,0.17
243,102.13879363420116,1000,0.2957429961940411,0.00028693120207612594,0.9645668894442971,0.26,0.125,0.19,0.425
244,225.99836284014583,717,0.29427006494635827,0.0002854667663497968,0.9571255819785416,0.47280334728033474,0.1394700139470014,0.2496513249651325,0.13807531380753138
245,76.99538413504857,1000,0.2928044695493577,0.00028400980479142507,0.9965399854198754,0.354,0.095,0.166,0.385
246,113.20333969025621,1000,0.2913461734672504,0.00028256027925444986,0.9484503211574524,0.495,0.138,0.199,0.168
247,79.18752112136339,1000,0.28989514034621183,0.0002811181517870022,0.9422281676704786,0.341,0.101,0.204,0.354
248,-5.297300161934669,1000,0.2884513340134756,0.0002796833846309113,0.9553032327679898,0.111,0.337,0.206,0.346
249,57.28855488442259,1000,0.2870147184764318,0.00027825594022071605,0.9112947099949552,0.194,0.12,0.399,0.287
250,103.30486222926748,1000,0.28558525792172956,0.0002768357811826815,0.9417030722903738,0.483,0.166,0.202,0.149
251,116.60679968182521,1000,0.2841629167143845,0.0002754228703338202,0.9429385639193935,0.484,0.122,0.145,0.249
252,82.31256875915057,1000,0.28274765939689017,0.0002740171706809189,0.9104358937576021,0.481,0.134,0.233,0.152
253,52.25821369725858,1000,0.28133945068833427,0.0002726186454195696,0.8869696689870368,0.245,0.387,0.166,0.202
254,-88.94661418920293,900,0.2799382554835191,0.00027122725793320634,0.8895976753674028,0.19666666666666666,0.4577777777777778,0.19111111111111112,0.15444444444444444
255,127.95486189291374,1000,0.2785440388520863,0.0002698429717921463,0.8915807264842579,0.547,0.138,0.171,0.144
256,44.844077164840506,1000,0.27715676603764633,0.00026846575075263585,0.8810253121616808,0.206,0.097,0.322,0.375
257,43.40208529840353,1000,0.27577640245691176,0.00026709555875590197,0.876791050334031,0.216,0.434,0.23,0.12
258,-45.23328592328288,88,0.2744029136988354,0.00026573235992720774,0.85560037669249,0.2159090909090909,0.19318181818181818,0.4431818181818182,0.14772727272727273
259,11.151517697627582,139,0.2730362655237522,0.00026437611857491343,0.8848923215766472,0.18705035971223022,0.19424460431654678,0.4460431654676259,0.17266187050359713
260,125.24699481147599,1000,0.2716764238625259,0.00026302679918954166,0.863593143410674,0.408,0.105,0.156,0.331
261,124.90073656793462,1000,0.2703233548156995,0.000261684366442848,0.8670393561098116,0.306,0.092,0.178,0.424
262,91.49218479474371,1000,0.2689770246526506,0.00026034878518689574,0.8633837986560784,0.462,0.135,0.212,0.191
263,88.57393740513135,1000,0.26763739981075,0.00025902002045313587,0.8354570274155001,0.464,0.126,0.239,0.171
264,75.13140512416854,1000,0.2663044468945255,0.0002576980374514913,0.8568410961825416,0.464,0.152,0.219,0.165
265,71.6826725882551,1000,0.2649781326748289,0.0002563828015694461,0.8153537470229164,0.264,0.128,0.37,0.238
266,122.43807648180197,1000,0.26365842408800805,0.00025507427837113934,0.8178029275814347,0.47,0.152,0.179,0.199
267,-10.638988599719184,85,0.26234528823508246,0.00025377243359646324,0.8068748899170147,0.2235294117647059,0.09411764705882353,0.5647058823529412,0.11764705882352941
268,115.26743887671579,1000,0.2610386923809231,0.00025247723316016644,0.8230640636259511,0.52,0.147,0.173,0.16
269,99.44570608594363,1000,0.25973860395343634,0.0002511886431509614,0.7836096171087702,0.236,0.11,0.236,0.418
270,-0.15560173591984494,102,0.25844499054275216,0.0002499066298306366,0.8288797289352035,0.14705882352941177,0.22549019607843138,0.3627450980392157,0.2647058823529412
271,170.48189846515868,1000,0.257157819900416,0.00024863115963317297,0.8248517735159105,0.431,0.179,0.158,0.232
272,28.638843321320252,128,0.2558770599385848,0.0002473621991638655,0.8271031949305353,0.140625,0.2109375,0.4453125,0.203125
273,5.6691224105356355,85,0.25460267872922737,0.0002460997151984486,0.8398649667419138,0.07058823529411765,0.21176470588235294,0.5294117647058824,0.18823529411764706
274,22.714038108292286,101,0.25333464450332815,0.00024484367468222606,0.7943553607993696,0.1188118811881188,0.12871287128712872,0.5544554455445545,0.19801980198019803
275,125.23733395180739,1000,0.25207292565009537,0.00024359404472920604,0.796006918049342,0.323,0.085,0.179,0.413
276,-26.71574540352991,118,0.25081749071617304,0.00024235079262123965,0.7693262355901287,0.19491525423728814,0.22033898305084745,0.4152542372881356,0.1694915254237288
277,-27.405507961260696,87,0.24956830840485686,0.00024111388580716448,0.8256300921032832,0.1724137931034483,0.2413793103448276,0.42528735632183906,0.16091954022988506
278,156.5465590402603,1000,0.2483253475753139,0.00023988329190195238,0.8080944916011762,0.58,0.127,0.17,0.123
279,304.53371842437514,273,0.24708857724180652,0.00023865897868586143,0.8202996033265046,0.34798534798534797,0.1391941391941392,0.3443223443223443,0.1684981684981685
280,104.46262834458685,1000,0.24585796657291967,0.0002374409141035924,0.7831463836824148,0.581,0.166,0.127,0.126
281,-30.598417268377716,310,0.24463348489079248,0.00023622906626344953,0.7511111605748686,0.2064516129032258,0.14193548387096774,0.5129032258064516,0.13870967741935483
282,121.45069627438711,1000,0.2434151016703534,0.0002350234034365054,0.7782377643121081,0.169,0.567,0.16,0.104
283,96.05377691001983,1000,0.2422027865385593,0.00023382389405577036,0.7904617670606747,0.561,0.135,0.174,0.13
284,31.254321295058617,112,0.24099650927363828,0.00023263050671536593,0.7477116468733154,0.125,0.20535714285714285,0.45535714285714285,0.21428571428571427
285,3.806403304911811,80,0.2397962398043362,0.0002314432101697025,0.7917676093149019,0.2625,0.1875,0.475,0.075
286,135.62647221246684,1000,0.23860194820916716,0.00023026197333266135,0.7755564292172533,0.567,0.151,0.159,0.123
287,127.06109087294,1000,0.2374136047156675,0.00022908676527678062,0.7871351370856651,0.507,0.222,0.143,0.128
288,-47.60265869854959,86,0.23623117969965363,0.0002279175552324457,0.7739319452786109,0.18604651162790697,0.1744186046511628,0.4069767441860465,0.23255813953488372
289,58.091887963099,125,0.23505464368448353,0.00022675431258708346,0.7427860345298133,0.272,0.152,0.432,0.144
290,245.15633035635523,868,0.23388396734032196,0.0002255970068843609,0.7817438193403536,0.6232718894009217,0.12903225806451613,0.16013824884792627,0.08755760368663594
291,-96.19865946675516,860,0.23271912148340923,0.00022444560782338763,0.7898510745598419,0.27209302325581397,0.09186046511627907,0.2441860465116279,0.3918604651162791
292,56.33684686277067,89,0.2315600770753337,0.00022330008525792253,0.7603429382054693,0.10112359550561797,0.12359550561797752,0.6067415730337079,0.16853932584269662
293,-27.96125427426459,94,0.2304068052223079,0.00022216040919558445,0.7947642199458312,0.2872340425531915,0.1702127659574468,0.39361702127659576,0.14893617021276595
294,7.747073273690944,132,0.22925927717444824,0.000221026549797067,0.7938710121424055,0.13636363636363635,0.19696969696969696,0.4772727272727273,0.1893939393939394
295,114.95566511073567,1000,0.22811746432505836,0.0002198984773753573,0.7904823665178581,0.329,0.12,0.242,0.309
296,44.388367009254466,85,0.2269813382099158,0.00021877616239495854,0.7289128927501708,0.09411764705882353,0.18823529411764706,0.5294117647058824,0.18823529411764706
297,2.227880681464754,113,0.2258508705065627,0.0002176595754711169,0.844188532860504,0.22123893805309736,0.22123893805309736,0.40707964601769914,0.1504424778761062
298,146.092205660585,1000,0.22472603303359945,0.000216548687369052,0.7776902960293606,0.436,0.125,0.134,0.305
299,9.588314371499564,83,0.2236067977499824,0.00021544346900319165,0.8143351337673357,0.07228915662650602,0.1927710843373494,0.5301204819277109,0.20481927710843373
300,-3.087384133302109,97,0.22249313675432472,0.00021434389143641013,0.8705885786076958,0.23711340206185566,0.13402061855670103,0.4639175257731959,0.16494845360824742
301,135.65759151737865,1000,0.22138502228420082,0.00021324992587927068,0.7724134964425102,0.415,0.082,0.106,0.397
302,-3.985557778607486,105,0.22028242671545434,0.0002121615436892717,0.7596824483102259,0.06666666666666667,0.2857142857142857,0.4095238095238095,0.23809523809523808
303,252.25926538335642,395,0.21918532256150944,0.00021107871637009683,0.7854459677806854,0.4860759493670886,0.12658227848101267,0.2607594936708861,0.12658227848101267
304,58.14217613949182,88,0.21809368247268562,0.00021000141557086878,0.8115475519892018,0.09090909090909091,0.17045454545454544,0.5909090909090909,0.14772727272727273
305,45.41839354508991,736,0.21700747923551592,0.00020892961308540718,0.7780421235892581,0.49592391304347827,0.27853260869565216,0.15353260869565216,0.07201086956521739
306,96.29871579997857,1000,0.2159266857720685,0.00020786328085148993,0.7794116911674152,0.225,0.579,0.127,0.069
307,62.657106713120044,99,0.21485127513927166,0.00020680239095011854,0.7224862801638654,0.1717171717171717,0.09090909090909091,0.5757575757575758,0.16161616161616163
308,111.6346780968259,1000,0.21378122052824208,0.00020574691560478717,0.7679362308646279,0.364,0.087,0.164,0.385
309,-194.67244851406255,390,0.21271649526361663,0.00020469682718075532,0.7555682823303115,0.10256410256410256,0.28974358974358977,0.4666666666666667,0.14102564102564102
310,-7.8404917716088205,1000,0.21165707280288729,0.00020365209818432435,0.7445320630183666,0.176,0.385,0.33,0.109
311,106.3423365730718,1000,0.2106029267357395,0.00020261270126211757,0.7647280829438782,0.271,0.094,0.142,0.493
312,232.2773861202341,968,0.20955403078339377,0.0002015786092003641,0.7438597398044196,0.5216942148760331,0.1797520661157025,0.10537190082644628,0.19318181818181818
313,105.57677525201233,1000,0.2085103587979506,0.00020054979492418635,0.7477590244479565,0.249,0.101,0.147,0.503
314,125.31219664842295,1000,0.20747188476173858,0.00019952623149689116,0.7571584167468937,0.546,0.077,0.107,0.27
315,250.55386145376502,626,0.2064385827866659,0.0001985078921192645,0.729749058260279,0.5191693290734825,0.1485623003194888,0.20926517571884984,0.12300319488817892
316,14.44971881962508,1000,0.20541042711357488,0.00019749475012886982,0.7474549456410827,0.153,0.325,0.404,0.118
317,36.82241856103866,151,0.2043873921115999,0.00019648677899934995,0.7590805677665926,0.23178807947019867,0.13245033112582782,0.4503311258278146,0.18543046357615894
318,-1.2140513546124225,98,0.20336945227752837,0.00019548395233973259,0.7789049418332099,0.336734693877551,0.10204081632653061,0.41836734693877553,0.14285714285714285
319,246.9929883917717,520,0.20235658223516506,0.0001944862438937394,0.7671625781564224,0.5423076923076923,0.11538461538461539,0.1673076923076923,0.175
320,118.58045350986535,1000,0.2013487567346994,0.0001934936275390984,0.7371345253931413,0.652,0.162,0.103,0.083
321,-2.12582589076942,103,0.20034595065207608,0.0001925060772868602,0.6919769131187302,0.17475728155339806,0.21359223300970873,0.42718446601941745,0.18446601941747573
322,96.02637155496208,1000,0.19934813898836876,0.00019152356728071747,0.739502350456464,0.34,0.416,0.158,0.086
323,150.22031386308765,1000,0.1983552968691568,0.00019054607179632788,0.7500404892229601,0.617,0.132,0.154,0.097
324,168.17496336406043,1000,0.1973673995439052,0.00018957356524064073,0.7237931115021636,0.53,0.098,0.145,0.227
325,0.1260906351841271,1000,0.19638442238534762,0.0001886060221512268,0.7233495962035941,0.123,0.445,0.196,0.236
326,252.5322116361906,277,0.19540634088887243,0.00018764341719561167,0.7237364942979179,0.4729241877256318,0.11191335740072202,0.26714801444043323,0.148014440433213
327,261.7299168185335,634,0.1944331306719118,0.00018668572517061246,0.6921364841439863,0.5977917981072555,0.09305993690851735,0.19873817034700317,0.11041009463722397
328,236.64768179977492,781,0.19346476747333397,0.00018573292100167797,0.7316593872850715,0.499359795134443,0.16517285531370038,0.22791293213828426,0.10755441741357234
329,247.1948405950362,552,0.19250122715283827,0.0001847849797422322,0.7121559407715846,0.5561594202898551,0.11594202898550725,0.1721014492753623,0.15579710144927536
330,49.224512582746584,1000,0.19154248569035348,0.00018384187657302114,0.720935035213153,0.087,0.616,0.197,0.1
331,262.2442771354831,454,0.190588519185439,0.00018290358680146294,0.7147397091319296,0.4251101321585903,0.14977973568281938,0.2643171806167401,0.16079295154185022
332,-69.20832656915817,93,0.18963930385668903,0.00018197008586100144,0.7224287764739938,0.17204301075268819,0.24731182795698925,0.34408602150537637,0.23655913978494625
333,261.80124468743327,626,0.18869481604113966,0.00018104134931046296,0.7502079911636966,0.4217252396166134,0.2268370607028754,0.16932907348242812,0.18210862619808307
334,82.32148181660676,1000,0.1877550321936791,0.00018011735283341638,0.7263724585813652,0.224,0.477,0.154,0.145
335,114.70853262539266,1000,0.18681992888646057,0.00017919807223753644,0.7311148004459054,0.567,0.099,0.126,0.208
336,-52.802891927776415,127,0.18588948280831843,0.00017828348345397035,0.7546700891538256,0.12598425196850394,0.23622047244094488,0.4251968503937008,0.2125984251968504
337,-38.49859034479335,1000,0.18496367076418696,0.0001773735625367076,0.7192621263240342,0.088,0.283,0.473,0.156
338,110.84730110436942,1000,0.18404246967452215,0.00017646828566195307,0.7279746670067603,0.631,0.112,0.147,0.11
339,161.53520141038064,720,0.18312585657472633,0.00017556762912750317,0.7523262407424289,0.12916666666666668,0.2152777777777778,0.2722222222222222,0.38333333333333336
340,137.664779939546,1000,0.18221380861457573,0.00017467156935212534,0.7453921851708877,0.585,0.209,0.101,0.105
341,141.29906400620513,1000,0.18130630305765083,0.00017378008287494056,0.7307458215351855,0.604,0.158,0.115,0.123
342,275.0032013192401,298,0.18040331728076958,0.0001728931463548092,0.719665165789945,0.3288590604026846,0.11073825503355705,0.3825503355704698,0.17785234899328858
343,109.82900301644804,1000,0.17950482877342336,0.0001720107365697198,0.723835606646843,0.245,0.156,0.161,0.438
344,127.21706492185585,1000,0.17861081513721588,0.00017113283041618108,0.7140783125810619,0.634,0.14,0.108,0.118
345,123.28250241276278,1000,0.17772125408530481,0.00017025940490861708,0.6952017931709782,0.451,0.187,0.163,0.199
346,232.86861442230716,641,0.17683612344184615,0.00016939043717876533,0.6856715302896521,0.47581903276131043,0.17628705148205928,0.2121684867394696,0.1357254290171607
347,-81.61676327592102,1000,0.17595540114144145,0.0001685259044750781,0.6904759449779999,0.124,0.139,0.572,0.165
348,224.093223795203,310,0.17507906522858774,0.0001676657841621267,0.7049845274776348,0.29354838709677417,0.13548387096774195,0.3709677419354839,0.2
349,33.88675279525745,1000,0.17420709385713018,0.00016681005372000884,0.6986221490876513,0.222,0.206,0.428,0.144
350,86.87248365730349,1000,0.17333946528971744,0.00016595869074375902,0.6935004758029916,0.168,0.585,0.145,0.102
351,133.21389108853955,1000,0.1724761578972599,0.00016511167294276194,0.7147454011678243,0.37,0.35,0.193,0.087
352,-187.9959898749052,445,0.17161715015839032,0.0001642689781401688,0.7154542433835454,0.09662921348314607,0.09438202247191012,0.5393258426966292,0.2696629213483146
353,208.9825969481011,179,0.1707624206589275,0.00016343058427231672,0.7109079330914274,0.1452513966480447,0.3854748603351955,0.3128491620111732,0.1564245810055866
354,24.159640449217903,84,0.16991194809134227,0.0001625964693881511,0.7685063398123604,0.13095238095238096,0.13095238095238096,0.5952380952380952,0.14285714285714285
355,149.98768702640146,1000,0.16906571125422645,0.00016176661164865082,0.7029810112194218,0.524,0.215,0.174,0.087
356,-16.63977122782073,89,0.16822368905176427,0.00016094098932625646,0.7237366085792197,0.10112359550561797,0.2247191011235955,0.5280898876404494,0.14606741573033707
357,242.37598219194368,230,0.16738586049320645,0.00016011958080430143,0.7075322624242084,0.27391304347826084,0.13478260869565217,0.4782608695652174,0.11304347826086956
358,258.2818449847665,432,0.16655220469234697,0.00015930236457644602,0.7026066050962064,0.4375,0.14351851851851852,0.30787037037037035,0.1111111111111111
359,263.4329703784435,834,0.1657227008670024,0.0001584893192461143,0.6909285452034563,0.6079136690647482,0.10671462829736211,0.13189448441247004,0.15347721822541965
360,41.53304770745194,156,0.16489732833849374,0.00015768042352593388,0.691076088121496,0.23076923076923078,0.15384615384615385,0.46153846153846156,0.15384615384615385
361,169.37937552508834,586,0.16407606653113102,0.00015687565623717862,0.6899339943861298,0.36177474402730375,0.3361774744027304,0.20477815699658702,0.09726962457337884
362,95.39798190491567,1000,0.16325889497170032,0.00015607499630921405,0.6955226354831013,0.454,0.273,0.18,0.093
363,191.7496474620824,424,0.16244579328895342,0.00015527842277894576,0.7093584739121934,0.5919811320754716,0.16745283018867924,0.1580188679245283,0.08254716981132075
364,126.0257917031312,1000,0.16163674121309993,0.00015448591479027047,0.690799194488268,0.391,0.258,0.195,0.156
365,276.61964143832967,571,0.16083171857530196,0.00015369745159353004,0.6932832947466261,0.5288966725043783,0.16112084063047286,0.20665499124343256,0.10332749562171628
366,234.77236105615856,291,0.16003070530717145,0.00015291301254496815,0.704109214778172,0.37800687285223367,0.15120274914089346,0.3848797250859107,0.0859106529209622
367,62.01377681772661,1000,0.1592336814402698,0.00015213257710618982,0.6917812824210832,0.408,0.092,0.206,0.294
368,101.70598552988248,1000,0.15844062710561005,0.00015135612484362367,0.6841744860888064,0.475,0.089,0.106,0.33
369,254.46690253170016,344,0.15765152253316161,0.0001505836354279869,0.6879182646524131,0.438953488372093,0.16569767441860464,0.21511627906976744,0.18023255813953487
370,-139.19162176414468,798,0.15686634805135746,0.00014981508863375306,0.6876019103685074,0.24812030075187969,0.13408521303258145,0.38095238095238093,0.23684210526315788
371,244.44605663928775,614,0.15608508408660363,0.00014905046433862245,0.6806067816680376,0.21335504885993486,0.3973941368078176,0.2785016286644951,0.11074918566775244
372,254.47287889136666,210,0.15530771116279135,0.0001482897425229953,0.7040264652975575,0.09523809523809523,0.3333333333333333,0.45714285714285713,0.11428571428571428
373,163.76323937057774,1000,0.15453420990081157,0.00014753290326944765,0.685833185802009,0.51,0.174,0.116,0.2
374,263.19304340814637,270,0.1537645610180717,0.0001467799267622098,0.7006314890522661,0.3074074074074074,0.17037037037037037,0.32222222222222224,0.2
375,105.22857834155359,1000,0.15299874532801508,0.00014603079328664748,0.6874174996843097,0.107,0.686,0.142,0.065
376,85.7169281737646,1000,0.15223674373964258,0.0001452854832287458,0.6841542700592108,0.069,0.679,0.172,0.08
377,-222.7076093436528,686,0.15147853725703672,0.00014454397707459556,0.6803517446180171,0.09620991253644315,0.10058309037900874,0.40524781341107874,0.3979591836734694
378,307.8997023654322,298,0.1507241069788881,0.0001438062554098824,0.686955870934718,0.33221476510067116,0.12416107382550336,0.32550335570469796,0.2181208053691275
379,230.69842773831297,372,0.14997343409802424,0.00014307229891937854,0.6927766877346954,0.4838709677419355,0.07526881720430108,0.3279569892473118,0.11290322580645161
380,-154.34845031489675,1000,0.1492264999009407,0.00014234208838643692,0.6700382091741894,0.185,0.174,0.404,0.237
381,287.09898683254147,524,0.14848328576733458,0.00014161560469248824,0.6900075151695778,0.6087786259541985,0.08778625954198473,0.15267175572519084,0.15076335877862596
382,267.0333981399695,456,0.14774377316964035,0.00014089282881654024,0.6754492727895797,0.44956140350877194,0.09429824561403509,0.3223684210526316,0.1337719298245614
383,205.06603003616576,246,0.147007943672568,0.00014017374183467976,0.6936165372427339,0.11382113821138211,0.10569105691056911,0.3333333333333333,0.44715447154471544
384,65.48951863946158,1000,0.14627577893264343,0.0001394583249195773,0.6677049148082163,0.16,0.066,0.18,0.594
385,263.05335068956686,413,0.14554726069775115,0.00013874655933999398,0.6935409945034852,0.43341404358353514,0.09927360774818401,0.36319612590799033,0.10411622276029056
386,116.63186963611483,1000,0.1448223708066793,0.00013803842646029123,0.6782667355113166,0.452,0.282,0.181,0.085
387,-4.115028477725247,130,0.14410109118866696,0.0001373339077399428,0.6919664760930552,0.15384615384615385,0.17692307692307693,0.46153846153846156,0.2076923076923077
388,-75.3962603477811,264,0.14338340386295353,0.00013663298473304928,0.7151078801471796,0.06439393939393939,0.12121212121212122,0.4431818181818182,0.3712121212121212
389,-22.02004765697106,112,0.1426692909383306,0.0001359356390878553,0.6913372903348523,0.19642857142857142,0.14285714285714285,0.4642857142857143,0.19642857142857142
390,80.99622344343717,1000,0.14195873461269595,0.00013524185254626883,0.6801255319204018,0.118,0.076,0.226,0.58
391,-83.08537961003265,1000,0.14125171717260968,0.00013455160694338334,0.6861177492436694,0.199,0.113,0.574,0.114
392,250.599550055117,417,0.1405482209928527,0.00013386488420700205,0.674763923017439,0.5083932853717026,0.08633093525179857,0.2973621103117506,0.1079136690647482
393,-5.409025418714535,125,0.13984822853598727,0.00013318166635716485,0.6828475615853097,0.224,0.12,0.464,0.192
394,67.22997246495352,1000,0.13915172235191997,0.00013250193550567755,0.6797039459141122,0.352,0.096,0.226,0.326
395,276.36744628424253,684,0.13845868507746648,0.00013182567385564342,0.6821281013936173,0.3830409356725146,0.17251461988304093,0.26169590643274854,0.1827485380116959
396,301.4943565121838,239,0.1377690994359189,0.00013115286370099735,0.6754590433708201,0.3598326359832636,0.10460251046025104,0.39748953974895396,0.13807531380753138
397,205.99150159019223,750,0.13708294823661493,0.00013048348742604221,0.6666445985074545,0.5013333333333333,0.204,0.204,0.09066666666666667
398,103.65692338194928,1000,0.13640021437450947,0.00012981752750498761,0.6784530078659436,0.443,0.048,0.122,0.387
399,275.1636190943558,261,0.1357208808297481,0.0001291549665014911,0.6641822714339818,0.3218390804597701,0.08812260536398467,0.4789272030651341,0.1111111111111111
400,277.9950611248999,536,0.13504493066724277,0.00012849578706820153,0.6638678558915427,0.5317164179104478,0.14925373134328357,0.1828358208955224,0.13619402985074627
401,60.58234565864048,1000,0.13437234703624976,0.00012783997194630505,0.6666092839915879,0.222,0.078,0.267,0.433
402,199.54581803391008,655,0.13370311316994946,0.00012718750396507303,0.6745886940752405,0.28549618320610687,0.1282442748091603,0.15419847328244274,0.43206106870229005
403,246.84726082687976,413,0.1330372123850285,0.0001265383660414126,0.6568160741535636,0.5157384987893463,0.11380145278450363,0.22033898305084745,0.15012106537530268
404,282.48910375896065,283,0.13237462808126377,0.0001258925411794194,0.6475351975799208,0.22614840989399293,0.4134275618374558,0.21554770318021202,0.14487632508833923
405,267.4911588672302,763,0.13171534374110866,0.00012525001246993246,0.6537342382420601,0.5517693315858454,0.145478374836173,0.1598951507208388,0.14285714285714285
406,167.72988833266857,1000,0.13105934292928123,0.00012461076309009165,0.6566685289139157,0.599,0.107,0.098,0.196
407,86.49019473327334,1000,0.1304066092923546,0.00012397477630289708,0.6518187665200024,0.494,0.047,0.099,0.36
408,-126.08489382366433,204,0.12975712655834912,0.00012334203545677095,0.6392970531078763,0.10294117647058823,0.09803921568627451,0.4264705882352941,0.37254901960784315
409,246.0951280022988,739,0.12911087853632688,0.00012271252398512162,0.6553746396118914,0.6481732070365359,0.12855209742895804,0.13396481732070364,0.08930987821380243
410,-38.5585257104611,99,0.128467849115988,0.00012208622540590974,0.6598347448997549,0.2222222222222222,0.1111111111111111,0.5252525252525253,0.1414141414141414
411,49.64339060096873,145,0.12782802226726903,0.00012146312332121679,0.6528375115510132,0.12413793103448276,0.1793103448275862,0.46206896551724136,0.23448275862068965
412,6.466583316394221,180,0.12719138203994332,0.00012084320141681574,0.647814246050965,0.2,0.06111111111111111,0.6388888888888888,0.1
413,-23.537506749837874,110,0.1265579125632235,0.0001202264434617439,0.6597896986885502,0.06363636363636363,0.14545454545454545,0.5818181818181818,0.20909090909090908
414,-20.78129620735865,87,0.12592759804536563,0.00011961283330787796,0.6580524270191088,0.2988505747126437,0.10344827586206896,0.5632183908045977,0.034482758620689655
415,261.7722108691016,244,0.1253004227732758,0.00011900235488951118,0.659452293483883,0.4672131147540984,0.16393442622950818,0.29918032786885246,0.06967213114754098
416,193.47179209513018,862,0.12467637111211817,0.00011839499222293278,0.6460189150521286,0.3990719257540603,0.345707656612529,0.1148491879350348,0.14037122969837587
417,256.4733849175841,853,0.12405542750492535,0.00011779072940600942,0.6465500587375462,0.33177022274325907,0.45838218053927315,0.1488862837045721,0.06096131301289566
418,157.93509158343633,1000,0.12343757647221056,0.00011718955061776886,0.6450752406363583,0.569,0.281,0.085,0.065
419,-69.82519338414362,204,0.1228228026115817,0.00011659144011798575,0.6371216512869998,0.08333333333333333,0.16176470588235295,0.46568627450980393,0.28921568627450983
420,263.0566726513082,307,0.12221109059735742,0.00011599638224676948,0.6303783784794345,0.2703583061889251,0.11726384364820847,0.4755700325732899,0.13680781758957655
421,213.4556671558566,532,0.12160242518018508,0.00011540436142415419,0.6372281120925956,0.5357142857142857,0.20488721804511278,0.19360902255639098,0.06578947368421052
422,312.5610548017785,330,0.12099679118666054,0.00011481536214969084,0.6204473843668753,0.36363636363636365,0.15454545454545454,0.2545454545454545,0.22727272727272727
423,-81.02219603086806,408,0.12039417351894997,0.0001142293690020414,0.62557425865051,0.13970588235294118,0.09068627450980392,0.4019607843137255,0.36764705882352944
424,218.43779952367848,529,0.11979455715441345,0.00011364636663857504,0.6436126801455488,0.30245746691871456,0.2514177693761815,0.3591682419659735,0.08695652173913043
425,115.29656561457236,1000,0.11919792714523043,0.00011306633979496645,0.6368048799425801,0.461,0.381,0.111,0.047
426,42.38746746020976,149,0.11860426861802718,0.0001124892732847962,0.6119406108513141,0.20134228187919462,0.14093959731543623,0.5503355704697986,0.10738255033557047
427,240.2641523453931,295,0.11801356677350594,0.00011191515199915312,0.6390494467293262,0.1152542372881356,0.488135593220339,0.3220338983050847,0.07457627118644068
428,-10.583390126697239,137,0.11742580688607601,0.00011134396090623867,0.6239230995587179,0.12408759124087591,0.1678832116788321,0.5109489051094891,0.19708029197080293
429,232.20227945432794,372,0.11684097430348667,0.00011077568505097344,0.6280545520736249,0.19623655913978494,0.23655913978494625,0.44623655913978494,0.12096774193548387
430,240.99632278463136,228,0.1162590544464619,0.00011021030955460552,0.641987579599804,0.06140350877192982,0.5921052631578947,0.2543859649122807,0.09210526315789473
431,246.72037931555326,264,0.11568003280833696,0.00010964781961432101,0.649876812692537,0.36363636363636365,0.09090909090909091,0.3181818181818182,0.22727272727272727
432,254.68495246045953,249,0.1151038949546967,0.00010908820050285642,0.6446123132005296,0.2570281124497992,0.1285140562248996,0.39357429718875503,0.22088353413654618
433,210.76663238293244,418,0.11453062652301578,0.00010853143756811307,0.6376823829861336,0.5263157894736842,0.12440191387559808,0.16028708133971292,0.18899521531100477
434,234.3390575070706,823,0.1139602132223006,0.00010797751623277346,0.63107577154045,0.6415552855407047,0.1701093560145808,0.11300121506682867,0.07533414337788578
435,77.02545013526482,1000,0.11339264083273302,0.00010742642199391962,0.6400183026800097,0.343,0.059,0.135,0.463
436,205.72845681395714,577,0.11282789520531596,0.00010687814042265338,0.629631000284468,0.3310225303292894,0.10398613518197573,0.17850953206239167,0.38648180242634317
437,-49.584786721567994,111,0.11226596226152054,0.0001063326571637186,0.6170417928998577,0.06306306306306306,0.15315315315315314,0.5585585585585585,0.22522522522522523
438,84.98447257889023,1000,0.11170682799293526,0.00010578995793512529,0.626396652465218,0.423,0.265,0.217,0.095
439,263.48601367126633,386,0.11115047846091669,0.00010525002852777575,0.6386137334204104,0.4326424870466321,0.12694300518134716,0.3238341968911917,0.11658031088082901
440,244.42618510697153,316,0.11059689979624203,0.0001047128548050924,0.6218594839709675,0.4208860759493671,0.13291139240506328,0.31962025316455694,0.12658227848101267
441,271.24985469992913,360,0.11004607819876336,0.00010417842270264782,0.628892580237439,0.325,0.10555555555555556,0.44722222222222224,0.12222222222222222
442,234.7299653729368,192,0.1094979999370636,0.00010364671822779637,0.634255647852748,0.3072916666666667,0.171875,0.3541666666666667,0.16666666666666666
443,-127.14059041993148,327,0.10895265134811426,0.00010311772745930794,0.6349968997188303,0.0581039755351682,0.0764525993883792,0.22935779816513763,0.636085626911315
444,37.378965589559385,138,0.10841001883693473,0.0001025914365470034,0.6537295731219199,0.10144927536231885,0.21739130434782608,0.47101449275362317,0.21014492753623187
445,251.5387689795562,883,0.10787008887625348,0.00010206783171139196,0.6183446037938566,0.5979614949037373,0.17327293318233294,0.14949037372593432,0.07927519818799547
446,219.13304765703393,984,0.10733284800617075,0.00010154689924331044,0.6316410941777729,0.5060975609756098,0.18089430894308944,0.10365853658536585,0.20934959349593496
447,248.34988680665836,243,0.10679828283382309,0.00010102862550356429,0.6024654905574376,0.35390946502057613,0.11934156378600823,0.345679012345679,0.18106995884773663
448,236.82018837486962,683,0.10626638003304942,0.00010051299692257053,0.6056875579016096,0.6222547584187409,0.07906295754026355,0.2240117130307467,0.0746705710102489
449,233.14376599318527,269,0.10573712634405887,0.0001000000000000024,0.6144017616336015,0.2342007434944238,0.16728624535315986,0.4758364312267658,0.12267657992565056
450,218.12367800415632,260,0.10521050857310017,9.948962130443598e-05,0.6092609561234626,0.18076923076923077,0.18461538461538463,0.3423076923076923,0.2923076923076923
451,244.12474195767024,414,0.10468651359213282,9.898184747299844e-05,0.6335823586688026,0.5241545893719807,0.0966183574879227,0.24396135265700483,0.13526570048309178
452,226.20472183295743,847,0.10416512833849978,9.847666521101821e-05,0.6158482762594081,0.58913813459268,0.08382526564344746,0.17001180637544275,0.15702479338842976
453,183.72283213332523,1000,0.1036463398146018,9.797406129167691e-05,0.6137354846215137,0.552,0.08,0.147,0.221
454,287.83264963395186,511,0.1031301350875735,9.747402255566301e-05,0.604327634084729,0.3816046966731898,0.11937377690802348,0.30724070450097846,0.1917808219178082
455,268.1262897961557,389,0.10261650128896083,9.69765359108273e-05,0.6196279801738013,0.4601542416452442,0.15424164524421594,0.3161953727506427,0.06940874035989718
456,161.51779051337354,866,0.10210542561440039,9.648158833184013e-05,0.6057315487708066,0.24249422632794457,0.5496535796766744,0.1235565819861432,0.08429561200923788
457,202.50784190521117,692,0.10159689532330018,9.598916685985032e-05,0.6129753456989412,0.4263005780346821,0.10115606936416185,0.33959537572254334,0.1329479768786127
458,-1.247925100389196,100,0.10109089773852199,9.549925860214595e-05,0.5906731289408552,0.1,0.13,0.54,0.23
459,275.69984850852006,448,0.10058742024606539,9.501185073181671e-05,0.6066250489685798,0.3638392857142857,0.20535714285714285,0.23214285714285715,0.19866071428571427
460,266.59547285614957,382,0.10008645029475326,9.452693048741816e-05,0.6061547924057108,0.3193717277486911,0.19895287958115182,0.34554973821989526,0.13612565445026178
461,261.5369930872505,714,0.09958797539591889,9.404448517263751e-05,0.5930864612147785,0.3011204481792717,0.10784313725490197,0.20028011204481794,0.3907563025210084
462,-0.6492780661292556,146,0.0990919831230947,9.356450215596125e-05,0.5815240353096653,0.1232876712328767,0.18493150684931506,0.5205479452054794,0.17123287671232876
463,28.687979203142334,76,0.09859846111170241,9.308696887034445e-05,0.6081845910901423,0.2236842105263158,0.06578947368421052,0.5657894736842105,0.14473684210526316
464,181.92403148188242,555,0.09810739705874481,9.261187281288167e-05,0.5967602330450837,0.35855855855855856,0.07207207207207207,0.15135135135135136,0.418018018018018
465,246.7865248079251,387,0.0976187787224991,9.213920154447967e-05,0.6077579299589418,0.2997416020671835,0.25839793281653745,0.32041343669250644,0.12144702842377261
466,249.6723408702442,303,0.09713259392221169,9.166894268953164e-05,0.5961570760704326,0.18811881188118812,0.19141914191419143,0.33993399339933994,0.28052805280528054
467,240.48983184995785,460,0.09664883053779448,9.120108393559328e-05,0.6033939084903921,0.07391304347826087,0.6065217391304348,0.2217391304347826,0.09782608695652174
468,266.39403959914046,271,0.09616747650952286,9.073561303306037e-05,0.6127953637249595,0.31365313653136534,0.12177121771217712,0.45018450184501846,0.11439114391143912
469,101.84083512253135,1000,0.09568851983773495,9.027251779484805e-05,0.6013739909498054,0.407,0.09,0.145,0.358
470,131.26926101094324,1000,0.09521194858253253,8.981178609607174e-05,0.5967625806723104,0.313,0.381,0.198,0.108
471,226.7812364477698,373,0.09473775086348335,8.935340587372971e-05,0.5930298897137434,0.3512064343163539,0.11528150134048257,0.38337801608579086,0.15013404825737264
472,156.34786333940588,392,0.09426591485932499,8.88973651263872e-05,0.5929990096363014,0.11224489795918367,0.09183673469387756,0.39285714285714285,0.4030612244897959
473,131.7972787555078,1000,0.09379642880767017,8.844365191386223e-05,0.5835243922834491,0.606,0.059,0.11,0.225
474,121.84606966678315,1000,0.09332928100471348,8.799225435691295e-05,0.6016690187489862,0.356,0.481,0.106,0.057
475,246.29202230187548,453,0.09286445980493968,8.754316063692666e-05,0.5903797164145799,0.5011037527593819,0.11920529801324503,0.16997792494481237,0.2097130242825607
476,265.63799955207185,839,0.09240195362083334,8.70963589956103e-05,0.5897776090865098,0.6317044100119189,0.10250297973778308,0.18116805721096543,0.08462455303933254
477,265.394287140816,322,0.09194175092259001,8.665183773468267e-05,0.5858829579820793,0.3198757763975155,0.21739130434782608,0.3447204968944099,0.11801242236024845
478,264.20639018064946,352,0.09148384023782877,8.620958521556806e-05,0.5824061423346659,0.35511363636363635,0.19318181818181818,0.32386363636363635,0.1278409090909091
479,50.6001731759645,174,0.09102821015130624,8.576958985909162e-05,0.5886186899750709,0.08045977011494253,0.19540229885057472,0.5862068965517241,0.13793103448275862
480,251.99669609836627,221,0.09057484930463203,8.533184014517613e-05,0.5893229574668959,0.38009049773755654,0.167420814479638,0.3212669683257919,0.13122171945701358
481,236.2128565609379,232,0.09012374639598555,8.489632461254036e-05,0.613034285710462,0.3448275862068966,0.25,0.3275862068965517,0.07758620689655173
482,259.3750825520204,308,0.08967489017983431,8.446303185839905e-05,0.574508605573326,0.38961038961038963,0.11688311688311688,0.39285714285714285,0.10064935064935066
483,261.32186185374076,263,0.08922826946665352,8.40319505381643e-05,0.5870645780042746,0.28517110266159695,0.1596958174904943,0.4524714828897338,0.10266159695817491
484,279.11887365683344,330,0.08878387312264722,8.36030693651486e-05,0.595241788380203,0.44545454545454544,0.17575757575757575,0.2727272727272727,0.10606060606060606
485,248.31250385715379,396,0.0883416900694707,8.317637711026927e-05,0.5912725910285948,0.5681818181818182,0.15151515151515152,0.22474747474747475,0.05555555555555555
486,265.71759849269154,390,0.08790170928395427,8.275186260175448e-05,0.5894867770417866,0.2,0.13333333333333333,0.5384615384615384,0.1282051282051282
487,246.84637456189273,307,0.08746391979782855,8.232951472485073e-05,0.5954984617610718,0.32247557003257327,0.12052117263843648,0.42996742671009774,0.1270358306188925
488,-49.592423470970644,104,0.08702831069745101,8.190932242153187e-05,0.5816313525946689,0.11538461538461539,0.19230769230769232,0.4326923076923077,0.25961538461538464
489,249.7181783589562,269,0.08659487112353387,8.149127469020957e-05,0.5984685490505811,0.3382899628252788,0.11152416356877323,0.44981412639405205,0.10037174721189591
490,266.1129433294786,225,0.08616359027087342,8.107536058544523e-05,0.5943840076248061,0.17333333333333334,0.20444444444444446,0.49333333333333335,0.1288888888888889
491,43.47279717113966,139,0.08573445738808068,8.066156921766346e-05,0.5978188029412955,0.07194244604316546,0.18705035971223022,0.5971223021582733,0.14388489208633093
492,225.37330631413596,445,0.08530746177731334,8.024988975286695e-05,0.579268931675523,0.41123595505617977,0.08314606741573034,0.43820224719101125,0.06741573033707865
493,244.85029331954468,229,0.0848825927940091,7.984031141235278e-05,0.59354177818429,0.27074235807860264,0.1615720524017467,0.4497816593886463,0.11790393013100436
494,83.37129165823075,152,0.08445983984662027,7.943282347243025e-05,0.604099298877754,0.17763157894736842,0.19078947368421054,0.4934210526315789,0.13815789473684212
495,278.43851795939185,271,0.0840391923963498,7.902741526414009e-05,0.5665616613391542,0.3210332103321033,0.16605166051660517,0.3948339483394834,0.11808118081180811
496,168.6589314649539,494,0.0836206399568885,7.862407617297512e-05,0.5810350288248872,0.048582995951417005,0.5748987854251012,0.2975708502024291,0.07894736842105263
497,255.2987741841182,277,0.08320417209415364,7.822279563860235e-05,0.5799081725261324,0.35018050541516244,0.17689530685920576,0.37545126353790614,0.09747292418772563
498,250.79844691204661,353,0.08278977842602886,7.782356315458647e-05,0.5849459239619317,0.29178470254957506,0.141643059490085,0.42776203966005666,0.1388101983002833
499,116.7399257891648,1000,0.08237744862210536,7.742636826811479e-05,0.5740470054950682,0.39,0.053,0.164,0.393
500,278.04226337914946,274,0.08196717240342434,7.703120057972354e-05,0.5877983269724286,0.38686131386861317,0.23722627737226276,0.2956204379562044,0.08029197080291971
501,275.3408875451336,353,0.08155893954222078,7.66380497430256e-05,0.5809449878657753,0.5184135977337111,0.10198300283286119,0.3002832861189802,0.07932011331444759
502,262.71830971712257,380,0.08115273986166843,7.624690546443961e-05,0.5946831078929415,0.4,0.19210526315789472,0.28421052631578947,0.12368421052631579
503,251.2667536826193,293,0.08074856323562621,7.585775750292045e-05,0.586039143311501,0.25597269624573377,0.15017064846416384,0.45051194539249145,0.14334470989761092
504,280.2397878608069,382,0.08034639958838564,7.547059566969111e-05,0.571188382892376,0.43717277486910994,0.1518324607329843,0.25654450261780104,0.1544502617801047
505,194.49986745736922,488,0.0799462388944198,7.508540982797593e-05,0.5750787965512674,0.11065573770491803,0.06967213114754098,0.1762295081967213,0.6434426229508197
506,173.39053304259227,1000,0.07954807117813331,7.470218989273521e-05,0.5703856118931001,0.2,0.106,0.091,0.603
507,279.90186477414437,251,0.07915188651361367,7.432092583040112e-05,0.5859046646910082,0.5657370517928287,0.06374501992031872,0.26693227091633465,0.10358565737051793
508,259.93617010445064,302,0.07875767502438383,7.394160765861504e-05,0.5830943789845386,0.17549668874172186,0.19536423841059603,0.48344370860927155,0.1456953642384106
509,290.1787981337782,304,0.078365426883156,7.356422544596616e-05,0.5717608348589139,0.41776315789473684,0.07894736842105263,0.40460526315789475,0.09868421052631579
510,264.02396604108355,294,0.07797513231158659,7.318876931173151e-05,0.5772185907026891,0.3333333333333333,0.14285714285714285,0.3877551020408163,0.1360544217687075
511,260.91402609491365,208,0.07758678158003256,7.281522942561718e-05,0.5916404677388859,0.2548076923076923,0.16826923076923078,0.46153846153846156,0.11538461538461539
512,271.9059541782288,343,0.07720036500730874,7.244359600750101e-05,0.5554295771434352,0.4314868804664723,0.17201166180758018,0.2857142857142857,0.11078717201166181
513,49.27336656528581,141,0.07681587296044662,7.207385932717653e-05,0.5726527916177423,0.0425531914893617,0.1773049645390071,0.6312056737588653,0.14893617021276595
514,225.72445081056324,298,0.07643329585445409,7.170600970409811e-05,0.5672836108008625,0.30201342281879195,0.19463087248322147,0.3523489932885906,0.15100671140939598
515,288.16344444482763,213,0.07605262415207657,7.134003750712762e-05,0.5751013867798536,0.19718309859154928,0.2863849765258216,0.38497652582159625,0.13145539906103287
516,224.9677351359281,373,0.07567384836355925,7.097593315428215e-05,0.5700603368760421,0.15281501340482573,0.08579088471849866,0.2386058981233244,0.5227882037533512
517,237.3365425726403,442,0.0752969590464105,7.061368711248323e-05,0.5759891180874807,0.5294117647058824,0.11538461538461539,0.25339366515837103,0.10180995475113122
518,283.6345019947676,336,0.07492194680516646,7.025328989730719e-05,0.5790467551481131,0.4017857142857143,0.12797619047619047,0.35119047619047616,0.11904761904761904
519,251.05579721616627,469,0.07454880229115689,6.989473207273681e-05,0.5792002289383114,0.4157782515991471,0.08955223880597014,0.4072494669509595,0.08742004264392324
520,287.2669102740407,324,0.07417751620227203,6.953800425091434e-05,0.5759443718350881,0.44135802469135804,0.13580246913580246,0.345679012345679,0.07716049382716049
521,131.22636134287626,1000,0.07380807928273078,6.91830970918956e-05,0.5736857649039627,0.359,0.275,0.153,0.213
522,249.26688918291717,532,0.07344048232284993,6.883000130340553e-05,0.5658675125052295,0.33458646616541354,0.11466165413533834,0.41541353383458646,0.13533834586466165
523,234.82255211304548,383,0.07307471615881456,6.847870764059486e-05,0.5529618925758896,0.2898172323759791,0.16971279373368145,0.31070496083550914,0.2297650130548303
524,300.19735459740986,279,0.0727107716724496,6.812920690579805e-05,0.5702809779295711,0.3655913978494624,0.15412186379928317,0.3906810035842294,0.08960573476702509
525,252.46526174794903,279,0.07234863979099258,6.778148994829249e-05,0.5641844203460927,0.35842293906810035,0.08960573476702509,0.48028673835125446,0.07168458781362007
526,267.63693242841236,330,0.07198831148686739,6.743554766405891e-05,0.5749101124897623,0.3,0.12424242424242424,0.44545454545454544,0.1303030303030303
527,268.39013549875074,182,0.07162977777745924,6.709137099554301e-05,0.5751099268030042,0.3956043956043956,0.0989010989010989,0.34615384615384615,0.15934065934065933
528,291.4363344432223,289,0.07127302972489075,6.674895093141833e-05,0.5583826666138444,0.4359861591695502,0.15570934256055363,0.2837370242214533,0.1245674740484429
529,289.16094162967516,210,0.07091805843579913,6.64082785063503e-05,0.5652807049789272,0.3,0.2,0.41904761904761906,0.08095238095238096
530,299.04716636612505,210,0.07056485506111447,6.606934480076148e-05,0.56275228353209,0.24285714285714285,0.20952380952380953,0.4,0.14761904761904762
531,265.25458335478726,258,0.07021341079583919,6.573214094059807e-05,0.5594712166318379,0.21705426356589147,0.2054263565891473,0.4418604651162791,0.13565891472868216
532,242.03344508445133,226,0.06986371687882846,6.539665809709758e-05,0.5739936728724673,0.23008849557522124,0.17699115044247787,0.42920353982300885,0.16371681415929204
533,253.03212553855644,197,0.06951576459257186,6.506288748655759e-05,0.5519739623959087,0.3553299492385787,0.14720812182741116,0.4010152284263959,0.09644670050761421
534,224.69489163594275,959,0.06916954526297603,6.473082037010584e-05,0.5523794416139238,0.32742440041710114,0.1261730969760167,0.13034410844629823,0.41605839416058393
535,266.9055885654616,296,0.06882505025914844,6.440044805347146e-05,0.5575986391227057,0.22972972972972974,0.1554054054054054,0.47297297297297297,0.14189189189189189
536,257.31888815104094,369,0.06848227099318223,6.407176188675723e-05,0.5602149649893171,0.24661246612466126,0.14905149051490515,0.4932249322493225,0.1111111111111111
537,48.615567415473464,156,0.06814119891994212,6.374475326421318e-05,0.5544181830119249,0.07051282051282051,0.2564102564102564,0.47435897435897434,0.1987179487179487
538,311.8235992544281,296,0.06780182553685142,6.341941362401126e-05,0.5682802978542201,0.3108108108108108,0.21283783783783783,0.28040540540540543,0.19594594594594594
539,241.40045657644495,218,0.06746414238368,6.309573444802116e-05,0.5679604997525383,0.22935779816513763,0.19724770642201836,0.44036697247706424,0.13302752293577982
540,247.22086199567298,229,0.06712814104233344,6.27737072615873e-05,0.556608220138565,0.2576419213973799,0.13537117903930132,0.4497816593886463,0.1572052401746725
541,137.96058825107298,1000,0.06679381313664319,6.245332363330693e-05,0.5571818044914432,0.55,0.33,0.087,0.033
542,271.93610874358694,412,0.0664611503321577,6.213457517480939e-05,0.5398458819068229,0.3470873786407767,0.1553398058252427,0.3640776699029126,0.13349514563106796
543,276.7780317210926,308,0.06613014433593471,6.181745354053646e-05,0.5602246218027124,0.4448051948051948,0.09740259740259741,0.3538961038961039,0.1038961038961039
544,245.37196203369612,196,0.06580078689633446,6.150195042752389e-05,0.5622086415255105,0.3520408163265306,0.11734693877551021,0.4336734693877551,0.09693877551020408
545,277.2302909209156,241,0.06547306980281405,6.1188057575184e-05,0.5477012597825238,0.23236514522821577,0.16597510373443983,0.5020746887966805,0.0995850622406639
546,134.09852340572263,1000,0.0651469848857227,6.0875766765089345e-05,0.5468100578047824,0.421,0.04,0.127,0.412
547,284.1437384695507,348,0.0648225240160981,6.056506982075763e-05,0.5359930591547655,0.48563218390804597,0.13793103448275862,0.27873563218390807,0.09770114942528736
548,260.6698644985554,271,0.06449967910546381,6.0255958607437554e-05,0.538445166909269,0.39114391143911437,0.12177121771217712,0.36531365313653136,0.12177121771217712
549,280.1334723732369,262,0.06417844210562758,5.994842503189588e-05,0.5519991651096621,0.27099236641221375,0.16412213740458015,0.3282442748091603,0.2366412213740458
550,302.5895044404757,427,0.0638588050084807,5.964246104220548e-05,0.5607482246540718,0.39344262295081966,0.2505854800936768,0.2154566744730679,0.1405152224824356
551,269.374462644015,453,0.06354075984579843,5.933805862753456e-05,0.5462295748514306,0.2958057395143488,0.10816777041942605,0.48344370860927155,0.11258278145695365
552,269.621908143274,378,0.0632242986890413,5.9035209817936916e-05,0.5484320057408272,0.5370370370370371,0.08994708994708994,0.2962962962962963,0.07671957671957672
553,222.19080425719545,442,0.06290941364915748,5.873390668414323e-05,0.5493484628617055,0.3665158371040724,0.10633484162895927,0.3914027149321267,0.13574660633484162
554,279.0781044504551,204,0.06259609687638612,5.8434141337353506e-05,0.534294186342018,0.22058823529411764,0.17647058823529413,0.4950980392156863,0.10784313725490197
555,299.05113707488175,334,0.06228434056006167,5.813590592903049e-05,0.5553735597078409,0.2904191616766467,0.1377245508982036,0.39221556886227543,0.17964071856287425
556,118.2931068428532,998,0.061974136928419146,5.7839192650694185e-05,0.5472455984388327,0.13827655310621242,0.4709418837675351,0.3016032064128257,0.08917835671342686
557,265.75715532685103,177,0.06166547824840039,5.7543993733717426e-05,0.5646712336597356,0.4067796610169492,0.0903954802259887,0.423728813559322,0.07909604519774012
558,299.07048310885375,316,0.061358356825461334,5.725030144912246e-05,0.5489418267419881,0.31962025316455694,0.10759493670886076,0.4873417721518987,0.08544303797468354
559,69.30482915118111,149,0.06105276500338012,5.695810810737859e-05,0.5555138522706929,0.03355704697986577,0.2550335570469799,0.4966442953020134,0.21476510067114093
560,240.62247929211358,301,0.06074869516406628,5.666740605820084e-05,0.5385383987097946,0.3222591362126246,0.11295681063122924,0.4318936877076412,0.132890365448505
561,272.7956035216361,204,0.06044613972737082,5.637818769034967e-05,0.5418779029077375,0.39705882352941174,0.05392156862745098,0.46568627450980393,0.08333333333333333
562,290.0725341916386,190,0.060145091150897244,5.609044543143168e-05,0.5442990886087133,0.17894736842105263,0.17894736842105263,0.5157894736842106,0.12631578947368421
563,236.62741045008983,222,0.059845541929813534,5.580417174770135e-05,0.5285095966749591,0.26576576576576577,0.13513513513513514,0.45495495495495497,0.14414414414414414
564,246.4819656730882,158,0.05954748459666506,5.551935914386379e-05,0.5323558787645072,0.24050632911392406,0.17088607594936708,0.45569620253164556,0.13291139240506328
565,278.52402758364576,337,0.05925091172118844,5.5236000162878504e-05,0.5388170487271776,0.34718100890207715,0.13649851632047477,0.3827893175074184,0.13353115727002968
566,272.97323713894264,235,0.058955815910126275,5.495408738576414e-05,0.5465532402740751,0.3617021276595745,0.12340425531914893,0.39148936170212767,0.12340425531914893
567,286.127845162167,184,0.05866218980704289,5.467361343140425e-05,0.5330709337345995,0.20108695652173914,0.21739130434782608,0.3967391304347826,0.18478260869565216
568,250.26700466396363,170,0.058370026092140904,5.439457095635402e-05,0.5406707644955077,0.3176470588235294,0.1411764705882353,0.34705882352941175,0.19411764705882353
569,298.06330740957344,209,0.058079317482078785,5.4116952654648034e-05,0.5479638631938442,0.22488038277511962,0.18660287081339713,0.36363636363636365,0.22488038277511962
570,260.68727466964583,241,0.05779005672978926,5.3840751257608944e-05,0.5220909375710224,0.38589211618257263,0.11618257261410789,0.36099585062240663,0.13692946058091288
571,256.88365457762075,223,0.05750223662429868,5.35659595336572e-05,0.5276534073122993,0.34977578475336324,0.15246636771300448,0.40358744394618834,0.09417040358744394
572,270.2379072126749,248,0.05721584999054722,5.329257028812169e-05,0.5168043607769199,0.24193548387096775,0.14919354838709678,0.45564516129032256,0.1532258064516129
573,269.45723974805594,223,0.056930889689210055,5.302057636305136e-05,0.5147132110348411,0.45739910313901344,0.08968609865470852,0.3901345291479821,0.06278026905829596
574,302.8277660922189,218,0.05664734861651935,5.2749970637027824e-05,0.5267374539592266,0.1834862385321101,0.1834862385321101,0.46788990825688076,0.1651376146788991
575,252.33071909101753,179,0.056365219704087186,5.248074602497889e-05,0.5216637850846775,0.2737430167597765,0.16201117318435754,0.4134078212290503,0.15083798882681565
576,244.81573765457085,342,0.056084495918729355,5.221289547799308e-05,0.5487821877756187,0.23976608187134502,0.14035087719298245,0.5029239766081871,0.11695906432748537
577,293.1708467016623,242,0.05580517026229002,5.1946411983135046e-05,0.5167984413064195,0.2644628099173554,0.17768595041322313,0.4090909090909091,0.1487603305785124
578,121.11195992628058,1000,0.05552723577146726,5.1681288563261965e-05,0.519705143307071,0.431,0.062,0.139,0.368
579,237.66569853361028,166,0.055250685517639495,5.141751827684087e-05,0.5184076951060832,0.3072289156626506,0.16265060240963855,0.4457831325301205,0.08433734939759036
580,306.89557251869246,264,0.05497551260669274,5.11550942177669e-05,0.5099491426614472,0.20075757575757575,0.19696969696969696,0.45454545454545453,0.14772727272727273
581,262.65967408012943,328,0.05470171017884877,5.08940095151825e-05,0.5165615604216405,0.20121951219512196,0.1402439024390244,0.5152439024390244,0.14329268292682926
582,282.56163889850785,209,0.05442927140849408,5.063425733329746e-05,0.5186437070121,0.2822966507177033,0.12440191387559808,0.507177033492823,0.0861244019138756
583,234.96219383616295,353,0.05415818950400976,5.0375830871210034e-05,0.5110303458611852,0.26912181303116145,0.20679886685552407,0.40226628895184136,0.12181303116147309
584,308.16371899203045,192,0.053888457707602165,5.011872336272881e-05,0.5120831886610588,0.16666666666666666,0.20833333333333334,0.515625,0.109375
585,259.3762465893215,266,0.05362006929513446,4.986292807619558e-05,0.5097836501705711,0.3007518796992481,0.12406015037593984,0.47368421052631576,0.10150375939849623
586,258.1138552570769,355,0.05335301757595899,4.960843831430907e-05,0.5094865755977056,0.28732394366197184,0.11549295774647887,0.4732394366197183,0.12394366197183099
587,274.7167190332139,222,0.053087295892750505,4.935524741394963e-05,0.5091256955217192,0.34684684684684686,0.11261261261261261,0.42792792792792794,0.11261261261261261
588,257.9480229524954,289,0.052822897621340174,4.910334874600474e-05,0.5123632393169106,0.18339100346020762,0.17647058823529413,0.4809688581314879,0.15916955017301038
589,267.46784501623125,238,0.052559816170550465,4.885273571519545e-05,0.49345135843916355,0.23109243697478993,0.18907563025210083,0.42436974789915966,0.15546218487394958
590,235.59056953021053,193,0.05229804498203084,4.860340175990373e-05,0.49437896447874174,0.25906735751295334,0.10362694300518134,0.47668393782383417,0.16062176165803108
591,249.44116326662657,521,0.05203757753009425,4.8355340352000625e-05,0.513386451314781,0.4049904030710173,0.05758157389635317,0.18426103646833014,0.3531669865642994
592,302.11346167324393,255,0.051778407321554455,4.810854499667538e-05,0.49794808870888774,0.23529411764705882,0.19215686274509805,0.4627450980392157,0.10980392156862745
593,214.12923168422134,775,0.05152052789556417,4.786300923226537e-05,0.5123459801403925,0.3251612903225806,0.42838709677419357,0.19225806451612903,0.05419354838709677
594,300.94211060748125,251,0.051263932823453984,4.76187266300869e-05,0.5099828480260422,0.3426294820717131,0.08764940239043825,0.47410358565737054,0.09561752988047809
595,261.6209126142076,291,0.051008615708572125,4.737569079426693e-05,0.513320830824134,0.5154639175257731,0.08247422680412371,0.30927835051546393,0.09278350515463918
596,269.76982931428034,200,0.050754570186124975,4.713389536157557e-05,0.502832285062744,0.415,0.085,0.435,0.065
597,303.1265596468253,215,0.0505017899230184,4.689333400125952e-05,0.49368361359039137,0.15813953488372093,0.14883720930232558,0.5116279069767442,0.1813953488372093
598,271.8222186869517,295,0.050250268617699906,4.665400041487629e-05,0.5079030835361775,0.3864406779661017,0.10508474576271186,0.3728813559322034,0.13559322033898305
599,275.7358619716544,211,0.05000000000000151,4.6415888336129295e-05,0.5005584329260685,0.22748815165876776,0.13270142180094788,0.5260663507109005,0.11374407582938388
600,270.7938555594819,220,0.05,4.617899153070379e-05,0.5053773078929831,0.4,0.07272727272727272,0.44545454545454544,0.08181818181818182
601,260.58817092506297,231,0.05,4.594330379610366e-05,0.48622936361355223,0.05627705627705628,0.15151515151515152,0.4935064935064935,0.2987012987012987
602,265.6978118755495,291,0.05,4.5708818961488994e-05,0.4795624922886078,0.4054982817869416,0.10652920962199312,0.3745704467353952,0.1134020618556701
603,255.4488882867236,594,0.05,4.547553088751453e-05,0.4889674495107065,0.4511784511784512,0.04882154882154882,0.15824915824915825,0.34175084175084175
604,268.74114736263186,205,0.05,4.524343346616893e-05,0.48854382783335465,0.2682926829268293,0.14146341463414633,0.4146341463414634,0.17560975609756097
605,271.51764275960466,178,0.05,4.501252062061484e-05,0.47797110677926286,0.25280898876404495,0.10674157303370786,0.5112359550561798,0.12921348314606743
606,286.495741288231,237,0.05,4.478278630502978e-05,0.48298119820774593,0.26582278481012656,0.1350210970464135,0.4767932489451477,0.12236286919831224
607,238.39376131949368,242,0.05,4.4554224504447877e-05,0.47103757374928606,0.29338842975206614,0.11983471074380166,0.45454545454545453,0.1322314049586777
608,283.91678764343317,162,0.05,4.4326829234602346e-05,0.49045316196920546,0.29012345679012347,0.11728395061728394,0.5185185185185185,0.07407407407407407
609,263.46168576135057,398,0.05,4.410059454176883e-05,0.4845121093306142,0.2964824120603015,0.1507537688442211,0.4321608040201005,0.12060301507537688
610,283.91278710332836,276,0.05,4.387551450260952e-05,0.48028817727033446,0.213768115942029,0.17028985507246377,0.4528985507246377,0.16304347826086957
611,91.74425242765552,1000,0.05,4.3651583224018043e-05,0.4835792521045422,0.486,0.232,0.177,0.105
612,259.53054624536446,179,0.05,4.3428794842965214e-05,0.48642339802965917,0.27932960893854747,0.12290502793296089,0.37988826815642457,0.21787709497206703
613,262.1490546923227,172,0.05,4.320714352634547e-05,0.4826186239651994,0.313953488372093,0.11627906976744186,0.47093023255813954,0.09883720930232558
614,269.87243549465086,308,0.05,4.29866234708242e-05,0.4864895701311535,0.32792207792207795,0.1331168831168831,0.4090909090909091,0.12987012987012986
615,234.3657787526702,203,0.05,4.276722890268576e-05,0.47894951396611724,0.2512315270935961,0.1477832512315271,0.4433497536945813,0.15763546798029557
616,170.33145202021635,1000,0.05,4.254895407768233e-05,0.4757476411262278,0.734,0.041,0.113,0.112
617,271.2716872895454,177,0.05,4.23317932808835e-05,0.47920924251428465,0.3220338983050847,0.07909604519774012,0.4632768361581921,0.13559322033898305
618,274.7589510502604,176,0.05,4.2115740826526656e-05,0.462971004760432,0.36363636363636365,0.09659090909090909,0.4318181818181818,0.10795454545454546
619,246.16005779891884,294,0.05,4.19007910578681e-05,0.4741461969656165,0.32653061224489793,0.1292517006802721,0.41156462585034015,0.1326530612244898
620,274.34074520649665,275,0.05,4.168693834703494e-05,0.47898310798947624,0.24363636363636362,0.18545454545454546,0.4690909090909091,0.10181818181818182
621,267.0610985405567,193,0.05,4.147417709487777e-05,0.4765003954756914,0.3626943005181347,0.11398963730569948,0.44041450777202074,0.08290155440414508
622,263.3090046029045,273,0.05,4.126250173082403e-05,0.4819188320253924,0.2087912087912088,0.20512820512820512,0.4945054945054945,0.09157509157509157
623,274.28179048387886,362,0.05,4.1051906712732176e-05,0.47106350810303727,0.5303867403314917,0.04696132596685083,0.27900552486187846,0.143646408839779
624,111.14621625769888,1000,0.05,4.084238652674659e-05,0.4673091337657247,0.659,0.166,0.126,0.049
625,268.89155854359916,260,0.05,4.063393568715319e-05,0.4650980676248884,0.4076923076923077,0.08076923076923077,0.3923076923076923,0.11923076923076924
626,262.9369855862912,255,0.05,4.04265487362358e-05,0.45222804671954464,0.44313725490196076,0.10196078431372549,0.34509803921568627,0.10980392156862745
627,146.15429689919404,1000,0.05,4.022022024413328e-05,0.45927049031371114,0.445,0.366,0.14,0.049
628,233.81766847360404,238,0.05,4.001494480869733e-05,0.46609146729844697,0.25210084033613445,0.13445378151260504,0.4579831932773109,0.15546218487394958
629,244.32192609026967,240,0.05,3.981071705535108e-05,0.4600689148672434,0.3625,0.1125,0.42083333333333334,0.10416666666666667
630,280.90636306721785,267,0.05,3.960753163694834e-05,0.4743701325271669,0.27340823970037453,0.12359550561797752,0.4606741573033708,0.14232209737827714
631,268.8720826442973,202,0.05,3.940538323363363e-05,0.4565468947239625,0.4306930693069307,0.08415841584158416,0.42574257425742573,0.0594059405940594
632,262.50940177610164,201,0.05,3.920426655270286e-05,0.4465427792457203,0.3034825870646766,0.13930348258706468,0.43781094527363185,0.11940298507462686
633,283.1303978863251,288,0.05,3.90041763284648e-05,0.4469342966111884,0.21180555555555555,0.15625,0.4756944444444444,0.15625
634,256.403279249666,268,0.05,3.8805107322103155e-05,0.46861102095233637,0.27611940298507465,0.1044776119402985,0.44776119402985076,0.17164179104477612
635,254.8044741154999,202,0.05,3.860705432153946e-05,0.45460119077194105,0.3910891089108911,0.07920792079207921,0.47029702970297027,0.0594059405940594
636,292.31415179893645,251,0.05,3.841001214129657e-05,0.4727240244862943,0.2788844621513944,0.1593625498007968,0.4342629482071713,0.12749003984063745
637,258.2931428313454,301,0.05,3.8213975622362915e-05,0.4641818108435459,0.3588039867109635,0.10631229235880399,0.4485049833887043,0.08637873754152824
638,260.5558912573241,227,0.05,3.801893963205743e-05,0.47334074789595426,0.44493392070484583,0.09691629955947137,0.36123348017621143,0.09691629955947137
639,277.40642906667756,207,0.05,3.782489906389515e-05,0.4669338648818562,0.3188405797101449,0.12077294685990338,0.45410628019323673,0.10628019323671498
640,268.26059353755056,224,0.05,3.763184883745353e-05,0.4622976459588864,0.26785714285714285,0.12053571428571429,0.4955357142857143,0.11607142857142858
641,258.0853750096944,161,0.05,3.743978389823941e-05,0.44128788979598804,0.33540372670807456,0.09316770186335403,0.4906832298136646,0.08074534161490683
642,275.8705783757737,338,0.05,3.724869921755669e-05,0.46013813330758496,0.46449704142011833,0.10355029585798817,0.34615384615384615,0.08579881656804733
643,276.532638726842,250,0.05,3.7058589792374664e-05,0.4436093447996472,0.204,0.152,0.512,0.132
644,265.31643384250356,221,0.05,3.686945064519703e-05,0.44800018523501994,0.25339366515837103,0.13122171945701358,0.4841628959276018,0.13122171945701358
645,193.4076187713905,411,0.05,3.668127682393157e-05,0.45630437998925605,0.10218978102189781,0.36496350364963503,0.4282238442822384,0.10462287104622871
646,267.5254652189327,261,0.05,3.6494063401760485e-05,0.46482846774122627,0.4061302681992337,0.08812260536398467,0.36398467432950193,0.1417624521072797
647,254.48648485851012,351,0.05,3.63078054770114e-05,0.4578114294029173,0.2336182336182336,0.3646723646723647,0.3333333333333333,0.06837606837606838
648,234.95802546503253,240,0.05,3.612249817302904e-05,0.451776745879045,0.25416666666666665,0.13333333333333333,0.4625,0.15
649,232.72392230458735,242,0.05,3.593813663804753e-05,0.44220847613625636,0.1487603305785124,0.2809917355371901,0.48760330578512395,0.08264462809917356
650,310.4250105917146,292,0.05,3.575471604506339e-05,0.45836157273718653,0.3698630136986301,0.13013698630136986,0.3698630136986301,0.13013698630136986
651,272.231806353778,280,0.05,3.557223159170912e-05,0.44254836395518937,0.30357142857142855,0.1357142857142857,0.45,0.11071428571428571
652,279.50833184902,360,0.05,3.5390678500127486e-05,0.4561054820277774,0.3472222222222222,0.11944444444444445,0.425,0.10833333333333334
653,255.41814937281927,218,0.05,3.5210052016846434e-05,0.4625339737888507,0.38073394495412843,0.10550458715596331,0.3944954128440367,0.11926605504587157
654,270.4684019290805,228,0.05,3.5030347412654595e-05,0.466887577579078,0.2894736842105263,0.14912280701754385,0.41228070175438597,0.14912280701754385
655,265.11186235867757,245,0.05,3.4851559982477505e-05,0.4550087411015242,0.40816326530612246,0.11428571428571428,0.37551020408163266,0.10204081632653061
656,274.398723111134,370,0.05,3.467368504525439e-05,0.4583364256387871,0.3,0.11891891891891893,0.4837837837837838,0.0972972972972973
657,127.29071820937574,1000,0.05,3.4496717943815614e-05,0.44790800809234643,0.6,0.241,0.116,0.043
658,285.07471865954074,199,0.05,3.4320654044760744e-05,0.4411979853292225,0.35175879396984927,0.10552763819095477,0.4623115577889447,0.08040201005025126
659,288.63745608536385,278,0.05,3.414548873833723e-05,0.43535537408016717,0.20503597122302158,0.1618705035971223,0.49640287769784175,0.1366906474820144
660,278.2093590146266,249,0.05,3.397121743831973e-05,0.44476824186804453,0.24096385542168675,0.1646586345381526,0.44176706827309237,0.15261044176706828
661,233.83771208676703,272,0.05,3.379783558189e-05,0.4475761627894673,0.18382352941176472,0.15441176470588236,0.3014705882352941,0.3602941176470588
662,234.33238063783014,217,0.05,3.3625338629517463e-05,0.4583511772373568,0.19815668202764977,0.15668202764976957,0.4838709677419355,0.16129032258064516
663,216.92079781440788,842,0.05,3.345372206484034e-05,0.44181960742464316,0.3159144893111639,0.46080760095011875,0.1840855106888361,0.039192399049881234
664,247.39866115836688,203,0.05,3.328298139454739e-05,0.45247663757303397,0.4088669950738916,0.07389162561576355,0.4433497536945813,0.07389162561576355
665,246.96406164627209,528,0.05,3.311311214826029e-05,0.43507489948330835,0.22727272727272727,0.4034090909090909,0.3106060606060606,0.058712121212121215
666,284.64965575228337,419,0.05,3.2944109878416555e-05,0.4311916041678027,0.3794749403341289,0.28878281622911695,0.24821002386634844,0.08353221957040573
667,282.3905768764954,256,0.05,3.2775970160153124e-05,0.4376950466728945,0.40234375,0.06640625,0.4375,0.09375
668,255.97874467395295,194,0.05,3.26086885911905e-05,0.44445952773274755,0.3865979381443299,0.07216494845360824,0.4690721649484536,0.07216494845360824
669,269.92449500916746,251,0.05,3.2442260791717464e-05,0.43844769941469036,0.4262948207171315,0.10358565737051793,0.35856573705179284,0.11155378486055777
670,267.6286623579939,276,0.05,3.227668240427644e-05,0.42118896063557437,0.3188405797101449,0.12681159420289856,0.43478260869565216,0.11956521739130435
671,267.4745093407091,479,0.05,3.211194909364938e-05,0.43641286664023315,0.21711899791231734,0.29227557411273486,0.19206680584551147,0.2985386221294363
672,164.2110954110661,1000,0.05,3.194805654674426e-05,0.43683778034718246,0.551,0.266,0.141,0.042
673,213.83107491698047,253,0.05,3.178500047248217e-05,0.43199260279636764,0.19367588932806323,0.08695652173913043,0.3359683794466403,0.383399209486166
674,250.6379332446683,173,0.05,3.1622776601684934e-05,0.4326232433399345,0.3699421965317919,0.12138728323699421,0.41040462427745666,0.09826589595375723
675,24.96506013950203,178,0.05,3.1461380686963373e-05,0.4597025332656762,0.28651685393258425,0.09550561797752809,0.5168539325842697,0.10112359550561797
676,231.43909166605832,300,0.05,3.1300808502606066e-05,0.4311221737056015,0.35333333333333333,0.11333333333333333,0.36,0.17333333333333334
677,256.0018106227836,215,0.05,3.1141055844468724e-05,0.41727186216435336,0.2372093023255814,0.13023255813953488,0.4790697674418605,0.15348837209302327
678,246.87792691077044,262,0.05,3.0982118529864115e-05,0.43894172325996555,0.49236641221374045,0.0648854961832061,0.366412213740458,0.07633587786259542
679,266.71039889624734,275,0.05,3.082399239745255e-05,0.4305609797885919,0.49818181818181817,0.05818181818181818,0.36727272727272725,0.07636363636363637
680,217.08214214097325,259,0.05,3.066667330713294e-05,0.4194251273105009,0.11196911196911197,0.06563706563706563,0.44015444015444016,0.38223938223938225
681,273.6380526575332,314,0.05,3.0510157139934383e-05,0.43216088692046534,0.45222929936305734,0.1305732484076433,0.29936305732484075,0.1178343949044586
682,258.81348324088077,177,0.05,3.035443979790832e-05,0.427800899929263,0.3559322033898305,0.07909604519774012,0.4745762711864407,0.0903954802259887
683,275.7209044582837,339,0.05,3.0199517204021263e-05,0.4250746613798506,0.5368731563421829,0.11504424778761062,0.25073746312684364,0.09734513274336283
684,164.71761912127846,1000,0.05,3.0045385302048023e-05,0.4340229427453723,0.594,0.05,0.126,0.23
685,212.54789513285846,268,0.05,2.9892040056465527e-05,0.4213099600618699,0.17164179104477612,0.2835820895522388,0.48134328358208955,0.06343283582089553
686,274.1237858527476,262,0.05,2.9739477452347147e-05,0.41579073250584214,0.29770992366412213,0.1183206106870229,0.4122137404580153,0.1717557251908397
687,282.6532546782845,380,0.05,2.9587693495257588e-05,0.42061030184038745,0.45526315789473687,0.08947368421052632,0.3263157894736842,0.12894736842105264
688,241.56129307321942,319,0.05,2.9436684211148304e-05,0.42145774544087383,0.27586206896551724,0.20689655172413793,0.3573667711598746,0.15987460815047022
689,263.9712177788592,234,0.05,2.928644564625344e-05,0.42027438159563635,0.34615384615384615,0.17094017094017094,0.36324786324786323,0.11965811965811966
690,264.63235332770904,165,0.05,2.9136973866986325e-05,0.4292245904875019,0.24848484848484848,0.12121212121212122,0.4727272727272727,0.15757575757575756
691,301.30415975829476,251,0.05,2.898826495983647e-05,0.42160849358991526,0.28286852589641437,0.14342629482071714,0.4581673306772908,0.11553784860557768
692,297.9421850152021,235,0.05,2.8840315031267124e-05,0.43429446358000146,0.23404255319148937,0.12340425531914893,0.4723404255319149,0.1702127659574468
693,279.14550603316513,287,0.05,2.8693120207613298e-05,0.4343772551903672,0.49825783972125437,0.09059233449477352,0.32752613240418116,0.08362369337979095
694,136.53494524114137,1000,0.05,2.8546676634980377e-05,0.4221951109639193,0.618,0.028,0.105,0.249
695,232.93623084050841,191,0.05,2.84009804791432e-05,0.4301830714887709,0.18324607329842932,0.16753926701570682,0.47643979057591623,0.17277486910994763
696,-199.81303252421569,975,0.05,2.8256027925445676e-05,0.4253080084984677,0.28923076923076924,0.06871794871794872,0.5753846153846154,0.06666666666666667
697,167.65277236206404,1000,0.05,2.8111815178700904e-05,0.4233114864720024,0.697,0.043,0.106,0.154
698,260.047897981401,188,0.05,2.796833846309181e-05,0.4352367509087787,0.324468085106383,0.12234042553191489,0.4627659574468085,0.09042553191489362
699,268.4652498856208,253,0.05,2.7825594022072283e-05,0.4200113468053723,0.4505928853754941,0.08300395256916997,0.37549407114624506,0.09090909090909091
700,291.3785009812906,264,0.05,2.7683578118268825e-05,0.42490826442624036,0.32196969696969696,0.10606060606060606,0.44696969696969696,0.125
701,219.3798083105646,377,0.05,2.7542287033382697e-05,0.4222638351974412,0.27320954907161804,0.3103448275862069,0.33156498673740054,0.08488063660477453
702,266.73596496583207,279,0.05,2.740171706809256e-05,0.42641986839875073,0.2831541218637993,0.17562724014336917,0.4121863799283154,0.12903225806451613
703,317.5215435762484,212,0.05,2.726186454195763e-05,0.4170166995568908,0.18396226415094338,0.15566037735849056,0.4386792452830189,0.22169811320754718
704,240.34080790170628,562,0.05,2.7122725793321306e-05,0.4255075759843922,0.37544483985765126,0.3612099644128114,0.2206405693950178,0.042704626334519574
705,264.27571279075596,211,0.05,2.6984297179215296e-05,0.41601340677663606,0.3080568720379147,0.08056872037914692,0.4928909952606635,0.11848341232227488
706,261.7445324836053,252,0.05,2.684657507526425e-05,0.41725605062326837,0.23809523809523808,0.1388888888888889,0.4722222222222222,0.15079365079365079
707,249.41847818245574,246,0.05,2.670955587559086e-05,0.40990617589750367,0.1910569105691057,0.12195121951219512,0.5487804878048781,0.13821138211382114
708,277.4133873800124,242,0.05,2.6573235992721436e-05,0.41788166488734224,0.38016528925619836,0.10743801652892562,0.384297520661157,0.128099173553719
709,-172.484650565841,876,0.05,2.6437611857491997e-05,0.4180862955505732,0.1735159817351598,0.1187214611872146,0.589041095890411,0.1187214611872146
710,260.8916108827734,328,0.05,2.6302679918954817e-05,0.4123945004338983,0.13414634146341464,0.125,0.4268292682926829,0.31402439024390244
711,245.5341657791579,416,0.05,2.6168436644285447e-05,0.41585983165797613,0.040865384615384616,0.5120192307692307,0.24759615384615385,0.19951923076923078
712,303.26815059106764,272,0.05,2.603487851869022e-05,0.41855192515241546,0.20955882352941177,0.18382352941176472,0.40808823529411764,0.19852941176470587
713,219.9809744731159,327,0.05,2.590200204531423e-05,0.4136037417437054,0.12538226299694188,0.08868501529051988,0.38837920489296635,0.39755351681957185
714,234.60401070047646,853,0.05,2.5769803745149768e-05,0.41516711866116357,0.23329425556858147,0.31770222743259086,0.11957796014067995,0.32942555685814773
715,268.1243227646009,276,0.05,2.5638280156945248e-05,0.4216060528548929,0.3115942028985507,0.11594202898550725,0.427536231884058,0.14492753623188406
716,264.826037227944,275,0.05,2.5507427837114567e-05,0.4143281265349053,0.3236363636363636,0.13818181818181818,0.4254545454545455,0.11272727272727273
717,266.5279895754693,200,0.05,2.5377243359646956e-05,0.4128425936519142,0.34,0.105,0.46,0.095
718,250.8742929408376,197,0.05,2.5247723316017274e-05,0.4210276172248883,0.3553299492385787,0.1065989847715736,0.4619289340101523,0.07614213197969544
719,84.00770785879027,147,0.05,2.5118864315096767e-05,0.4202262195099908,0.06802721088435375,0.23129251700680273,0.47619047619047616,0.22448979591836735
720,305.0768688927011,276,0.05,2.4990662983064277e-05,0.42065313068195,0.2536231884057971,0.14855072463768115,0.42391304347826086,0.17391304347826086
721,282.81565020831255,220,0.05,2.4863115963317916e-05,0.41432695868444047,0.2409090909090909,0.1590909090909091,0.43636363636363634,0.16363636363636364
722,256.43154956285105,196,0.05,2.473621991638717e-05,0.4084472454111061,0.2602040816326531,0.12755102040816327,0.4387755102040816,0.17346938775510204
723,262.14329385590395,202,0.05,2.4609971519845472e-05,0.4152625773800019,0.3811881188118812,0.06930693069306931,0.4504950495049505,0.09900990099009901
724,115.06900429190756,1000,0.05,2.448436746822322e-05,0.41850349616050186,0.382,0.461,0.121,0.036
725,223.50012296531676,349,0.05,2.4359404472921215e-05,0.40716483782564794,0.46418338108882523,0.10601719197707736,0.3495702005730659,0.08022922636103152
726,295.77031265716414,305,0.05,2.4235079262124575e-05,0.41024480376283706,0.3475409836065574,0.13442622950819672,0.38688524590163936,0.13114754098360656
727,261.8975436717418,210,0.05,2.4111388580717055e-05,0.41698409240904444,0.28095238095238095,0.11904761904761904,0.4380952380952381,0.1619047619047619
728,268.5540858575783,832,0.05,2.3988329190195842e-05,0.4048890546949296,0.40865384615384615,0.2512019230769231,0.12620192307692307,0.21394230769230768
729,121.02326958987986,1000,0.05,2.3865897868586744e-05,0.4153826389583072,0.377,0.389,0.188,0.046
730,182.87109818472618,401,0.05,2.3744091410359837e-05,0.40274521867727053,0.18952618453865336,0.10972568578553615,0.48129675810473815,0.2194513715710723
731,242.1533418638217,200,0.05,2.3622906626345543e-05,0.4167231638547451,0.27,0.11,0.505,0.115
732,305.03773618818286,255,0.05,2.350234034365113e-05,0.40764320122733644,0.23921568627450981,0.13725490196078433,0.4588235294117647,0.16470588235294117
733,222.1789855851727,236,0.05,2.3382389405577622e-05,0.40715170986911586,0.3305084745762712,0.11864406779661017,0.4576271186440678,0.09322033898305085
734,124.36383636149411,1000,0.05,2.3263050671537174e-05,0.4117572432344509,0.755,0.07,0.146,0.029
735,164.13682047393482,1000,0.05,2.314432101697083e-05,0.40899539253422046,0.654,0.17,0.127,0.049
736,241.07925384197824,243,0.05,2.302619733326671e-05,0.40059382304745994,0.37448559670781895,0.08641975308641975,0.43209876543209874,0.10699588477366255
737,241.043070195152,240,0.05,2.2908676527678637e-05,0.40635913871964946,0.15416666666666667,0.38333333333333336,0.375,0.0875
738,254.33585567521837,171,0.05,2.279175552324514e-05,0.41062206026765463,0.3216374269005848,0.06432748538011696,0.5029239766081871,0.1111111111111111
739,220.6603308192043,858,0.05,2.2675431258708915e-05,0.40058959931432836,0.4219114219114219,0.35664335664335667,0.16083916083916083,0.06060606060606061
740,212.92939392863758,858,0.05,2.2559700688436657e-05,0.40173116227629513,0.3275058275058275,0.49184149184149184,0.14219114219114218,0.038461538461538464
741,142.25670366911137,1000,0.05,2.2444560782339324e-05,0.3963540470323594,0.466,0.354,0.136,0.044
742,269.6984278826279,164,0.05,2.233000852579281e-05,0.4065046709659393,0.3780487804878049,0.07317073170731707,0.42073170731707316,0.12804878048780488
743,252.2166721992317,222,0.05,2.2216040919558996e-05,0.4038664010806016,0.2972972972972973,0.11711711711711711,0.4369369369369369,0.14864864864864866
744,11.95955591782814,176,0.05,2.210265497970725e-05,0.38739981984129007,0.1875,0.10227272727272728,0.5795454545454546,0.13068181818181818
745,209.93647793091867,401,0.05,2.1989847737536276e-05,0.39977359797177936,0.07231920199501247,0.06733167082294264,0.2543640897755611,0.6059850374064838
746,264.66454322222756,193,0.05,2.1877616239496397e-05,0.39777232930527584,0.37823834196891193,0.06735751295336788,0.46632124352331605,0.08808290155440414
747,255.2013894025905,263,0.05,2.176595754711223e-05,0.3992990995872075,0.24334600760456274,0.09505703422053231,0.532319391634981,0.12927756653992395
748,-88.82844925434698,1000,0.05,2.1654868736905736e-05,0.4032243967821032,0.079,0.171,0.567,0.183
749,107.63560079213299,1000,0.05,2.1544346900319697e-05,0.4065970238071247,0.481,0.03,0.116,0.373
750,240.7108744360986,298,0.05,2.143438914364154e-05,0.3936136468816131,0.3691275167785235,0.10067114093959731,0.4228187919463087,0.10738255033557047
751,233.21655961105995,291,0.05,2.1324992587927593e-05,0.3912334937269011,0.33676975945017185,0.10309278350515463,0.3917525773195876,0.16838487972508592
752,242.9936034738142,166,0.05,2.1216154368927693e-05,0.3780688090497063,0.3373493975903614,0.08433734939759036,0.4939759036144578,0.08433734939759036
753,264.3255586307073,208,0.05,2.1107871637010202e-05,0.3948123165027502,0.4230769230769231,0.057692307692307696,0.46153846153846156,0.057692307692307696
754,141.0016844005951,469,0.05,2.1000141557087397e-05,0.388175573502003,0.24520255863539445,0.34968017057569295,0.3304904051172708,0.07462686567164178
755,101.8889682060554,1000,0.05,2.0892961308541232e-05,0.3952067948101119,0.364,0.417,0.173,0.046
756,268.79816809959965,277,0.05,2.0786328085149503e-05,0.38753490186686285,0.259927797833935,0.1444043321299639,0.4548736462093863,0.1407942238267148
757,255.34287191364794,228,0.05,2.0680239095012362e-05,0.37887475141517374,0.3508771929824561,0.10964912280701754,0.4692982456140351,0.07017543859649122
758,234.50851081459982,265,0.05,2.057469156047922e-05,0.39948846109443614,0.4528301886792453,0.0830188679245283,0.37358490566037733,0.09056603773584905
759,282.4320398164208,282,0.05,2.0469682718076032e-05,0.39194806862677317,0.2624113475177305,0.12056737588652482,0.475177304964539,0.14184397163120568
760,251.02532851457707,276,0.05,2.036520981843293e-05,0.39099965227583106,0.35144927536231885,0.21739130434782608,0.34057971014492755,0.09057971014492754
761,123.78031157130143,1000,0.05,2.026127012621225e-05,0.3880883568149989,0.641,0.175,0.13,0.054
762,-138.34952116498212,781,0.05,2.01578609200369e-05,0.38038907150625517,0.05121638924455826,0.1882202304737516,0.5825864276568502,0.17797695262483995
763,225.47188921222357,212,0.05,2.0054979492419124e-05,0.3813158199284726,0.2641509433962264,0.1179245283018868,0.49056603773584906,0.12735849056603774
764,264.5203660877575,241,0.05,1.9952623149689603e-05,0.38932729377488856,0.2572614107883817,0.13692946058091288,0.46887966804979253,0.13692946058091288
765,43.72175025035605,1000,0.05,1.9850789211926935e-05,0.38346109329819583,0.146,0.502,0.296,0.056
766,239.09567149221598,298,0.05,1.9749475012887463e-05,0.3833971740633302,0.35570469798657717,0.09731543624161074,0.3724832214765101,0.174496644295302
767,202.89280030287273,440,0.05,1.964867789993547e-05,0.3913943091051731,0.20227272727272727,0.08181818181818182,0.39090909090909093,0.325
768,229.92619338753818,298,0.05,1.9548395233973733e-05,0.3927310256439897,0.174496644295302,0.3389261744966443,0.43288590604026844,0.053691275167785234
769,222.97463262277256,752,0.05,1.944862438937441e-05,0.38473494167360023,0.11303191489361702,0.6542553191489362,0.18617021276595744,0.04654255319148936
770,252.5308857417583,253,0.05,1.934936275391031e-05,0.38802281320496607,0.2924901185770751,0.10276679841897234,0.45849802371541504,0.14624505928853754
771,257.25737398449155,242,0.05,1.9250607728686487e-05,0.38133362369751544,0.23553719008264462,0.1446280991735537,0.41735537190082644,0.2024793388429752
772,257.0842584356021,664,0.05,1.915235672807221e-05,0.38306014346855205,0.18825301204819278,0.46987951807228917,0.15813253012048192,0.18373493975903615
773,215.9396544474232,774,0.05,1.905460717963325e-05,0.3798923470765297,0.42248062015503873,0.35917312661498707,0.18087855297157623,0.037467700258397935
774,236.9166088017957,216,0.05,1.895735652406453e-05,0.3880163221589519,0.24074074074074073,0.125,0.4675925925925926,0.16666666666666666
775,274.1471118373403,219,0.05,1.8860602215123135e-05,0.37051664791833233,0.4474885844748858,0.0730593607305936,0.365296803652968,0.1141552511415525
776,205.95410022059502,645,0.05,1.876434171956162e-05,0.3799548519396723,0.3674418604651163,0.23255813953488372,0.23565891472868217,0.16434108527131783
777,234.5771972652621,286,0.05,1.8668572517061694e-05,0.3867812009382795,0.36713286713286714,0.22377622377622378,0.33916083916083917,0.06993006993006994
778,10.163711268005105,1000,0.05,1.8573292100168245e-05,0.3836238176396531,0.205,0.109,0.578,0.108
779,233.96330644611527,491,0.05,1.8478497974223667e-05,0.37077920848843654,0.219959266802444,0.4663951120162933,0.26476578411405294,0.048879837067209775
780,219.01815582264317,330,0.05,1.8384187657302558e-05,0.37561778880565333,0.2,0.16666666666666666,0.47878787878787876,0.15454545454545454
781,262.48575830685104,220,0.05,1.8290358680146737e-05,0.38259566351850754,0.2590909090909091,0.1318181818181818,0.38636363636363635,0.22272727272727272
782,229.66810553851164,314,0.05,1.8197008586100586e-05,0.40096825063853364,0.23885350318471338,0.06687898089171974,0.27070063694267515,0.42356687898089174
783,216.67833014754706,333,0.05,1.8104134931046738e-05,0.3916928740284011,0.2732732732732733,0.1111111111111111,0.4894894894894895,0.12612612612612611
784,135.00440800765708,763,0.05,1.8011735283342077e-05,0.3800343421336182,0.23591087811271297,0.2516382699868938,0.41939711664482304,0.09305373525557012
785,224.51777846192581,390,0.05,1.791980722375408e-05,0.38092710536968083,0.34102564102564104,0.25384615384615383,0.3076923076923077,0.09743589743589744
786,279.312200878149,333,0.05,1.782834834539747e-05,0.38800394494323204,0.26426426426426425,0.21021021021021022,0.3633633633633634,0.16216216216216217
787,289.9079875719452,468,0.05,1.7737356253671193e-05,0.3758621987017908,0.3611111111111111,0.2777777777777778,0.2264957264957265,0.1346153846153846
788,242.119738121362,212,0.05,1.7646828566195736e-05,0.3886278425886702,0.32547169811320753,0.10377358490566038,0.4528301886792453,0.1179245283018868
789,270.07478581411465,243,0.05,1.7556762912750744e-05,0.39327795657102965,0.2757201646090535,0.12345679012345678,0.4567901234567901,0.1440329218106996
790,1.1879186528256156,298,0.05,1.7467156935212957e-05,0.38349601816838086,0.1610738255033557,0.12080536912751678,0.5369127516778524,0.18120805369127516
791,270.0783532117026,197,0.05,1.737800828749448e-05,0.3726225258524982,0.25380710659898476,0.07106598984771574,0.5329949238578681,0.14213197969543148
792,262.52566653057056,258,0.05,1.728931463548134e-05,0.38245081285386473,0.2868217054263566,0.10077519379844961,0.5193798449612403,0.09302325581395349
793,116.6816126967276,1000,0.05,1.7201073656972398e-05,0.38995355926632613,0.57,0.041,0.126,0.263
794,279.7443436627243,202,0.05,1.7113283041618525e-05,0.38939148936071905,0.39603960396039606,0.10396039603960396,0.3811881188118812,0.1188118811881188
795,264.3996930047846,220,0.05,1.7025940490862124e-05,0.38973430570619844,0.33181818181818185,0.11363636363636363,0.42727272727272725,0.12727272727272726
796,253.54473608372064,247,0.05,1.6939043717876946e-05,0.380525906506076,0.31983805668016196,0.11740890688259109,0.4534412955465587,0.10931174089068826
797,224.25323496917406,430,0.05,1.6852590447508222e-05,0.3976728698561295,0.28837209302325584,0.09069767441860466,0.5232558139534884,0.09767441860465116
798,246.83797977057702,241,0.05,1.676657841621308e-05,0.38180539727325286,0.2821576763485477,0.0912863070539419,0.5103734439834025,0.11618257261410789
799,130.76324778289148,1000,0.05,1.668100537200129e-05,0.3956935983912314,0.614,0.025,0.099,0.262
800,207.59831497580097,975,0.05,1.6595869074376306e-05,0.38575429403462,0.39384615384615385,0.32,0.22974358974358974,0.05641025641025641
801,266.4410414453573,244,0.05,1.6511167294276595e-05,0.39432507333180533,0.2827868852459016,0.09016393442622951,0.5286885245901639,0.09836065573770492
802,257.2326194993385,319,0.05,1.642689781401728e-05,0.38743153697041793,0.13166144200626959,0.13479623824451412,0.445141065830721,0.2884012539184953
803,253.2305678455411,358,0.05,1.634305842723207e-05,0.37460962408488435,0.35195530726256985,0.20670391061452514,0.28212290502793297,0.15921787709497207
804,240.37448820768645,182,0.05,1.6259646938815505e-05,0.3841508850308384,0.34615384615384615,0.08241758241758242,0.46153846153846156,0.10989010989010989
805,247.6889467161114,421,0.05,1.6176661164865473e-05,0.3799365956885737,0.3515439429928741,0.27078384798099764,0.29453681710213775,0.0831353919239905
806,77.6165530047647,1000,0.05,1.6094098932626033e-05,0.38431092945115963,0.152,0.226,0.212,0.41
807,243.14394082752082,211,0.05,1.601195808043053e-05,0.38480218720818543,0.0947867298578199,0.08530805687203792,0.4976303317535545,0.3222748815165877
808,222.7622678477464,413,0.05,1.5930236457644987e-05,0.38698580252739295,0.2033898305084746,0.2639225181598063,0.24213075060532688,0.29055690072639223
809,250.6506595393946,449,0.05,1.5848931924611812e-05,0.3786361945951257,0.14253897550111358,0.12026726057906459,0.32293986636971045,0.4142538975501114
810,233.11926793224526,319,0.05,1.576804235259377e-05,0.3725210271797937,0.20376175548589343,0.16300940438871472,0.5141065830721003,0.11912225705329153
811,241.6744710460625,194,0.05,1.568756562371824e-05,0.39471875020668307,0.37628865979381443,0.07216494845360824,0.4587628865979381,0.09278350515463918
812,230.13570542167926,440,0.05,1.560749963092178e-05,0.3901902712795805,0.3409090909090909,0.056818181818181816,0.225,0.37727272727272726
813,263.8828005814618,303,0.05,1.5527842277894948e-05,0.38754734129118884,0.3795379537953795,0.10231023102310231,0.3927392739273927,0.1254125412541254
814,266.0151115190979,398,0.05,1.5448591479027417e-05,0.37742788187166376,0.26884422110552764,0.27889447236180903,0.21608040201005024,0.23618090452261306
815,225.74749610905604,333,0.05,1.536974515935337e-05,0.38931758217258283,0.26126126126126126,0.06306306306306306,0.3153153153153153,0.36036036036036034
816,231.12953777811742,202,0.05,1.529130125449718e-05,0.37103831724749514,0.40594059405940597,0.06435643564356436,0.4405940594059406,0.0891089108910891
817,223.52773421975485,216,0.05,1.5213257710619348e-05,0.37865119933049723,0.375,0.08796296296296297,0.47685185185185186,0.06018518518518518
818,269.5976638830583,260,0.05,1.5135612484362732e-05,0.3806639547162654,0.5192307692307693,0.07307692307692308,0.3153846153846154,0.09230769230769231
819,252.04318637605175,322,0.05,1.5058363542799053e-05,0.39100563340038635,0.3416149068322981,0.09316770186335403,0.3447204968944099,0.2204968944099379
820,259.8189291730655,285,0.05,1.4981508863375668e-05,0.387791535519349,0.43157894736842106,0.12631578947368421,0.28421052631578947,0.15789473684210525
821,257.81872141401584,251,0.05,1.4905046433862605e-05,0.378911185406106,0.36254980079681276,0.18326693227091634,0.3784860557768924,0.07569721115537849
822,251.9282430065701,179,0.05,1.4828974252299889e-05,0.39596425212487224,0.36312849162011174,0.15083798882681565,0.35195530726256985,0.1340782122905028
823,293.01833212947827,238,0.05,1.4753290326945122e-05,0.3939794439088865,0.21008403361344538,0.20168067226890757,0.36134453781512604,0.226890756302521
824,308.55796474597685,279,0.05,1.4677992676221332e-05,0.3823420543544248,0.33691756272401435,0.17921146953405018,0.3154121863799283,0.16845878136200718
825,303.7345993979393,214,0.05,1.4603079328665099e-05,0.37494042900216795,0.2102803738317757,0.102803738317757,0.5233644859813084,0.16355140186915887
826,249.50094242307455,203,0.05,1.4528548322874929e-05,0.3790889248351689,0.3448275862068966,0.09852216748768473,0.458128078817734,0.09852216748768473
827,258.5417524809769,345,0.05,1.4454397707459904e-05,0.3763184259799364,0.1826086956521739,0.33043478260869563,0.3739130434782609,0.11304347826086956
828,249.78641786774622,228,0.05,1.4380625540988587e-05,0.38145946380483625,0.2850877192982456,0.15789473684210525,0.4868421052631579,0.07017543859649122
829,281.48302874177534,173,0.05,1.43072298919382e-05,0.38178309781338293,0.41040462427745666,0.08092485549132948,0.43352601156069365,0.07514450867052024
830,277.3492942126906,304,0.05,1.4234208838644037e-05,0.38344599635035853,0.3256578947368421,0.21710526315789475,0.3157894736842105,0.14144736842105263
831,199.5194920577118,388,0.05,1.4161560469249165e-05,0.3808571279135702,0.15463917525773196,0.07731958762886598,0.327319587628866,0.44072164948453607
832,271.78185864740317,241,0.05,1.4089282881654362e-05,0.39083910298666197,0.3278008298755187,0.24066390041493776,0.35269709543568467,0.07883817427385892
833,230.29318349585344,707,0.05,1.4017374183468312e-05,0.3870523070619105,0.272984441301273,0.5148514851485149,0.15275813295615276,0.0594059405940594
834,258.74773628885254,640,0.05,1.3945832491958063e-05,0.3847195970691346,0.1609375,0.303125,0.1234375,0.4125
835,286.0816328377609,278,0.05,1.3874655933999729e-05,0.38083202830118873,0.20863309352517986,0.3669064748201439,0.3237410071942446,0.10071942446043165
836,248.87304360122965,208,0.05,1.3803842646029452e-05,0.3835753305681392,0.0625,0.12980769230769232,0.35096153846153844,0.4567307692307692
837,265.06123221729393,380,0.05,1.3733390773994606e-05,0.3835712000520454,0.4052631578947368,0.26842105263157895,0.22894736842105262,0.09736842105263158
838,296.29871373711586,487,0.05,1.3663298473305255e-05,0.39016184160056055,0.2053388090349076,0.44763860369609854,0.22792607802874743,0.11909650924024641
839,137.59331029136837,1000,0.05,1.3593563908785854e-05,0.38926244332119475,0.544,0.264,0.144,0.048
840,273.1276913107,194,0.05,1.3524185254627205e-05,0.3829079000596533,0.30927835051546393,0.10824742268041238,0.44329896907216493,0.13917525773195877
841,246.19224563994104,345,0.05,1.3455160694338653e-05,0.3931345453075015,0.5101449275362319,0.21739130434782608,0.2144927536231884,0.057971014492753624
842,269.0781659177426,175,0.05,1.3386488420700523e-05,0.3889816743543281,0.32571428571428573,0.12571428571428572,0.37714285714285717,0.17142857142857143
843,231.7413342698066,390,0.05,1.3318166635716802e-05,0.38114293967158697,0.32564102564102565,0.07948717948717948,0.36923076923076925,0.22564102564102564
844,186.499959205831,626,0.05,1.3250193550568068e-05,0.38769341837921123,0.22044728434504793,0.12300319488817892,0.5031948881789138,0.15335463258785942
845,293.0838811776499,223,0.05,1.3182567385564654e-05,0.3961611597138752,0.3901345291479821,0.10762331838565023,0.34080717488789236,0.16143497757847533
846,242.97822263766534,256,0.05,1.3115286370100045e-05,0.39759912956341736,0.3359375,0.13671875,0.43359375,0.09375
847,216.15109439283046,578,0.05,1.3048348742604528e-05,0.3829187733150866,0.24048442906574394,0.513840830449827,0.185121107266436,0.06055363321799308
848,255.47512952069926,160,0.05,1.2981752750499066e-05,0.38612466808989876,0.25,0.125,0.48125,0.14375
849,254.09877616519884,166,0.05,1.2915496650149411e-05,0.39187911700300715,0.41566265060240964,0.0783132530120482,0.45180722891566266,0.05421686746987952
850,261.6721422865494,719,0.05,1.2849578706820454e-05,0.39328549958873904,0.2086230876216968,0.32127955493741306,0.14325452016689846,0.32684283727399166
851,300.38057928466617,262,0.05,1.2783997194630804e-05,0.3793783754362922,0.4732824427480916,0.09923664122137404,0.31679389312977096,0.11068702290076336
852,171.33530024897337,1000,0.05,1.2718750396507599e-05,0.3923300120259245,0.733,0.126,0.095,0.046
853,245.85883478651564,388,0.05,1.2653836604141555e-05,0.3822558119722066,0.25773195876288657,0.059278350515463915,0.2757731958762887,0.4072164948453608
854,258.3062609859931,239,0.05,1.2589254117942232e-05,0.38175027611251866,0.200836820083682,0.16317991631799164,0.4769874476987448,0.1589958158995816
855,244.17426481847812,211,0.05,1.2525001246993537e-05,0.38769899550645237,0.33649289099526064,0.17061611374407584,0.4075829383886256,0.08530805687203792
856,231.00957118283995,261,0.05,1.2461076309009455e-05,0.38285546920211955,0.24521072796934865,0.1111111111111111,0.5478927203065134,0.09578544061302682
857,267.50656634267347,165,0.05,1.2397477630289996e-05,0.38631211876633925,0.36363636363636365,0.07878787878787878,0.44242424242424244,0.11515151515151516
858,239.17284667137488,398,0.05,1.2334203545677384e-05,0.38347030730532794,0.42462311557788945,0.20603015075376885,0.31155778894472363,0.05778894472361809
859,243.70155710688115,797,0.05,1.227125239851245e-05,0.3837038600041549,0.40401505646173147,0.4366373902132999,0.12547051442910917,0.033877038895859475
860,229.28216305510261,301,0.05,1.2208622540591259e-05,0.37160831993723686,0.34551495016611294,0.10631229235880399,0.42524916943521596,0.12292358803986711
861,236.82988483533006,796,0.05,1.2146312332121961e-05,0.3828635990771276,0.43090452261306533,0.4158291457286432,0.12688442211055276,0.026381909547738693
862,280.40560631447,167,0.05,1.2084320141681855e-05,0.3978727441042417,0.3712574850299401,0.07784431137724551,0.3652694610778443,0.18562874251497005
863,254.88712347128885,449,0.05,1.2022644346174669e-05,0.3971238481568084,0.3028953229398664,0.051224944320712694,0.2383073496659243,0.40757238307349664
864,250.8937519064555,171,0.05,1.1961283330788072e-05,0.3763720214285809,0.3216374269005848,0.0935672514619883,0.47953216374269003,0.10526315789473684
865,280.9376000060604,179,0.05,1.1900235488951392e-05,0.38996039221471307,0.3854748603351955,0.061452513966480445,0.44692737430167595,0.10614525139664804
866,265.4837076791016,169,0.05,1.1839499222293551e-05,0.3887357708816573,0.378698224852071,0.08875739644970414,0.42011834319526625,0.11242603550295859
867,285.48306512065506,159,0.05,1.1779072940601213e-05,0.3797355765606945,0.33962264150943394,0.06289308176100629,0.5157232704402516,0.08176100628930817
868,238.25989655848355,261,0.05,1.1718955061777156e-05,0.3893890456502932,0.31417624521072796,0.10727969348659004,0.44061302681992337,0.13793103448275862
869,310.9617371268036,207,0.05,1.1659144011798844e-05,0.38343222226507534,0.37681159420289856,0.07729468599033816,0.3526570048309179,0.1932367149758454
870,250.8390793284956,148,0.05,1.1599638224677214e-05,0.3893134116785185,0.3108108108108108,0.16216216216216217,0.3716216216216216,0.1554054054054054
871,285.8041452380099,226,0.05,1.1540436142415684e-05,0.37595860161761735,0.4557522123893805,0.09734513274336283,0.29646017699115046,0.1504424778761062
872,239.90654285054367,555,0.05,1.1481536214969347e-05,0.3897176331720357,0.32972972972972975,0.03963963963963964,0.21081081081081082,0.4198198198198198
873,255.48559614383385,220,0.05,1.1422936900204401e-05,0.3776834484396664,0.39090909090909093,0.1318181818181818,0.34545454545454546,0.1318181818181818
874,262.060176349214,213,0.05,1.1364636663857762e-05,0.39010497337576766,0.4413145539906103,0.07511737089201878,0.3755868544600939,0.107981220657277
875,243.32477153579745,365,0.05,1.1306633979496903e-05,0.38243855675232225,0.25753424657534246,0.052054794520547946,0.34794520547945207,0.3424657534246575
876,133.73640015692757,1000,0.05,1.1248927328479877e-05,0.37701334267456177,0.406,0.034,0.116,0.444
877,287.4265631265987,225,0.05,1.1191515199915568e-05,0.3641709310262655,0.27555555555555555,0.27111111111111114,0.37777777777777777,0.07555555555555556
878,117.88781651474858,1000,0.05,1.1134396090624121e-05,0.3812789826586841,0.547,0.029,0.086,0.338
879,295.061641780646,347,0.05,1.1077568505097596e-05,0.39071505240153864,0.27089337175792505,0.2622478386167147,0.31988472622478387,0.14697406340057637
880,238.69806227158745,211,0.05,1.1021030955460803e-05,0.3675029534116878,0.36018957345971564,0.08530805687203792,0.47393364928909953,0.08056872037914692
881,258.24879718497544,191,0.05,1.0964781961432352e-05,0.3742875854969076,0.3403141361256545,0.19895287958115182,0.3036649214659686,0.15706806282722513
882,274.6660476380792,212,0.05,1.090882005028589e-05,0.36707588203401126,0.37735849056603776,0.10849056603773585,0.3490566037735849,0.1650943396226415
883,258.6687040648677,942,0.05,1.0853143756811554e-05,0.3811485638880718,0.31104033970276007,0.3174097664543524,0.12208067940552017,0.2494692144373673
884,-20.04053868646278,102,0.05,1.0797751623277591e-05,0.39273696308005035,0.29411764705882354,0.16666666666666666,0.39215686274509803,0.14705882352941177
885,264.9724155997558,180,0.05,1.0742642199392206e-05,0.38784072236851524,0.31666666666666665,0.09444444444444444,0.5055555555555555,0.08333333333333333
886,270.51915038504194,182,0.05,1.068781404226558e-05,0.3817356062866942,0.3791208791208791,0.13186813186813187,0.3791208791208791,0.10989010989010989
887,245.78545817557082,309,0.05,1.06332657163721e-05,0.3834090064942409,0.459546925566343,0.13915857605177995,0.35275080906148865,0.04854368932038835
888,246.60536256722787,259,0.05,1.057899579351277e-05,0.38726193165379735,0.3590733590733591,0.16216216216216217,0.42084942084942084,0.05791505791505792
889,252.88666218898743,205,0.05,1.0525002852777813e-05,0.38019898976674193,0.3073170731707317,0.13170731707317074,0.4195121951219512,0.14146341463414633
890,216.30386473823552,358,0.05,1.0471285480509478e-05,0.3813097209382006,0.08659217877094973,0.05027932960893855,0.2122905027932961,0.6508379888268156
891,255.93696162983665,182,0.05,1.0417842270265019e-05,0.37802005866195043,0.26373626373626374,0.18681318681318682,0.34615384615384615,0.2032967032967033
892,279.5871624979916,156,0.05,1.0364671822779873e-05,0.3817964588434133,0.2564102564102564,0.10256410256410256,0.40384615384615385,0.23717948717948717
893,256.0843233315785,154,0.05,1.0311772745931029e-05,0.38060686819538325,0.3051948051948052,0.09090909090909091,0.4805194805194805,0.12337662337662338
894,204.91376055367874,406,0.05,1.0259143654700573e-05,0.38203837965458753,0.1724137931034483,0.29802955665024633,0.3842364532019704,0.14532019704433496
895,236.67929852300148,691,0.05,1.0206783171139428e-05,0.3853080141889017,0.35311143270622286,0.4703328509406657,0.14616497829232997,0.030390738060781478
896,259.56298822017754,201,0.05,1.0154689924331274e-05,0.38006171257947075,0.1044776119402985,0.5223880597014925,0.3482587064676617,0.024875621890547265
897,272.4314505330206,266,0.05,1.0102862550356658e-05,0.3800299079466919,0.42105263157894735,0.08270676691729323,0.38345864661654133,0.11278195488721804
898,247.50288714431073,214,0.05,1.005129969225728e-05,0.38534027353339784,0.40654205607476634,0.09345794392523364,0.3925233644859813,0.10747663551401869
899,235.57884898284854,286,0.05,1.0000000000000467e-05,0.383230291053851,0.4405594405594406,0.05944055944055944,0.45104895104895104,0.04895104895104895
900,216.74590105948693,206,0.05,1e-05,0.3758933048439516,0.16990291262135923,0.41262135922330095,0.3592233009708738,0.05825242718446602
901,285.59336131812495,250,0.05,1e-05,0.37834334356699617,0.288,0.224,0.344,0.144
902,255.86207029677126,153,0.05,1e-05,0.3684826606040359,0.39869281045751637,0.0915032679738562,0.45751633986928103,0.05228758169934641
903,277.9986054722808,145,0.05,1e-05,0.3820973486505277,0.3310344827586207,0.07586206896551724,0.496551724137931,0.09655172413793103
904,282.9758776359603,196,0.05,1e-05,0.39369094317666314,0.3826530612244898,0.09183673469387756,0.4336734693877551,0.09183673469387756
905,263.6310834364818,222,0.05,1e-05,0.3830858601829493,0.4369369369369369,0.09009009009009009,0.27927927927927926,0.19369369369369369
906,276.1243346520983,273,0.05,1e-05,0.38066193012011157,0.2893772893772894,0.19413919413919414,0.3956043956043956,0.12087912087912088
907,272.1736856041699,183,0.05,1e-05,0.3909548920582425,0.3333333333333333,0.060109289617486336,0.4808743169398907,0.12568306010928962
908,254.28158839950416,300,0.05,1e-05,0.37912889862764076,0.25666666666666665,0.33,0.37,0.043333333333333335
909,262.5156174411153,920,0.05,1e-05,0.37811907122991456,0.4108695652173913,0.12391304347826088,0.0967391304347826,0.3684782608695652
910,273.5995906202262,191,0.05,1e-05,0.37679783349751955,0.3089005235602094,0.09947643979057591,0.5392670157068062,0.05235602094240838
911,271.0493130843174,252,0.05,1e-05,0.3746050631225672,0.3968253968253968,0.07936507936507936,0.4166666666666667,0.10714285714285714
912,251.15379703699182,235,0.05,1e-05,0.385122807145745,0.3829787234042553,0.08085106382978724,0.43829787234042555,0.09787234042553192
913,280.52939556426975,195,0.05,1e-05,0.3876667205736758,0.38461538461538464,0.10256410256410256,0.3641025641025641,0.14871794871794872
914,299.0486888154387,291,0.05,1e-05,0.39194303764677463,0.17869415807560138,0.24742268041237114,0.37800687285223367,0.1958762886597938
915,246.49697476390355,254,0.05,1e-05,0.3913735708352885,0.25984251968503935,0.14566929133858267,0.47244094488188976,0.1220472440944882
916,259.4085895066901,201,0.05,1e-05,0.38736620004591954,0.3034825870646766,0.13432835820895522,0.4527363184079602,0.10945273631840796
917,302.65027402855895,249,0.05,1e-05,0.389684518152997,0.21285140562248997,0.14056224899598393,0.4939759036144578,0.15261044176706828
918,259.95285402613484,186,0.05,1e-05,0.3775854217988826,0.3763440860215054,0.11290322580645161,0.42473118279569894,0.08602150537634409
919,241.60501920223652,195,0.05,1e-05,0.3895479203317281,0.48205128205128206,0.05641025641025641,0.40512820512820513,0.05641025641025641
920,278.3320799336317,273,0.05,1e-05,0.37917256313185255,0.17216117216117216,0.19413919413919414,0.46886446886446886,0.16483516483516483
921,262.7060047889154,222,0.05,1e-05,0.388471573914806,0.24324324324324326,0.1036036036036036,0.5630630630630631,0.09009009009009009
922,284.11210045594015,182,0.05,1e-05,0.3938834419968713,0.3901098901098901,0.07142857142857142,0.4340659340659341,0.1043956043956044
923,272.4349122356001,154,0.05,1e-05,0.3750833322359887,0.37012987012987014,0.05844155844155844,0.4805194805194805,0.09090909090909091
924,142.29317482689197,1000,0.05,1e-05,0.37852080586714076,0.395,0.047,0.121,0.437
925,265.8986774946207,199,0.05,1e-05,0.3583533630904783,0.35175879396984927,0.10050251256281408,0.4472361809045226,0.10050251256281408
926,263.08675576332155,210,0.05,1e-05,0.3777683939868942,0.40476190476190477,0.06190476190476191,0.46190476190476193,0.07142857142857142
927,245.5407715222449,252,0.05,1e-05,0.3814778312928988,0.35714285714285715,0.10317460317460317,0.45634920634920634,0.08333333333333333
928,136.19014002871268,1000,0.05,1e-05,0.3839291500613882,0.675,0.046,0.134,0.145
929,235.66641384152723,204,0.05,1e-05,0.3742264332518712,0.37745098039215685,0.08823529411764706,0.4264705882352941,0.10784313725490197
930,241.61755319664584,270,0.05,1e-05,0.3761262382556597,0.21851851851851853,0.07407407407407407,0.3851851851851852,0.32222222222222224
931,253.00557440270154,692,0.05,1e-05,0.3706865152461708,0.32514450867052025,0.06936416184971098,0.16040462427745664,0.44508670520231214
932,291.11175630742275,299,0.05,1e-05,0.37973615942176425,0.3076923076923077,0.14715719063545152,0.411371237458194,0.13377926421404682
933,238.7394521819073,199,0.05,1e-05,0.3869048608487815,0.33668341708542715,0.12562814070351758,0.39195979899497485,0.1457286432160804
934,167.86538453790408,1000,0.05,1e-05,0.37627916373466386,0.492,0.36,0.108,0.04
935,-7.777016459332145,163,0.05,1e-05,0.3672097227628372,0.2392638036809816,0.08588957055214724,0.48466257668711654,0.1901840490797546
936,262.0742496699627,215,0.05,1e-05,0.362263562972425,0.386046511627907,0.11627906976744186,0.386046511627907,0.11162790697674418
937,272.3629183477989,242,0.05,1e-05,0.3708873025003293,0.23553719008264462,0.30991735537190085,0.32644628099173556,0.128099173553719
938,280.8711709188232,290,0.05,1e-05,0.36708810053322505,0.5,0.06206896551724138,0.3275862068965517,0.1103448275862069
939,281.0869332926801,169,0.05,1e-05,0.3744807343340129,0.4378698224852071,0.0650887573964497,0.41420118343195267,0.08284023668639054
940,120.01194863419188,1000,0.05,1e-05,0.3719122789974363,0.3,0.573,0.098,0.029
941,310.9702245427745,285,0.05,1e-05,0.3776711021498337,0.24912280701754386,0.2736842105263158,0.32280701754385965,0.1543859649122807
942,271.0392704096464,232,0.05,1e-05,0.37373656971187963,0.40948275862068967,0.07758620689655173,0.44396551724137934,0.06896551724137931
943,136.31753334522648,1000,0.05,1e-05,0.3776831693310993,0.504,0.336,0.125,0.035
944,264.4202428445803,183,0.05,1e-05,0.3791019700362232,0.3442622950819672,0.07650273224043716,0.4207650273224044,0.15846994535519127
945,242.28518071937947,215,0.05,1e-05,0.36725869267659395,0.3302325581395349,0.12093023255813953,0.44651162790697674,0.10232558139534884
946,233.25860689519754,220,0.05,1e-05,0.37320749277232335,0.35909090909090907,0.10909090909090909,0.4772727272727273,0.05454545454545454
947,247.05570622552864,173,0.05,1e-05,0.371241709761959,0.3468208092485549,0.12716763005780346,0.3815028901734104,0.14450867052023122
948,300.719364448163,192,0.05,1e-05,0.3806301219503117,0.3333333333333333,0.09375,0.4114583333333333,0.16145833333333334
949,261.7500922608554,228,0.05,1e-05,0.37651289141830513,0.25877192982456143,0.12280701754385964,0.4342105263157895,0.18421052631578946
950,263.2474467228036,207,0.05,1e-05,0.3719408732425649,0.32367149758454106,0.12077294685990338,0.42995169082125606,0.12560386473429952
951,253.6598468224753,234,0.05,1e-05,0.3778516240049032,0.42735042735042733,0.14102564102564102,0.3504273504273504,0.0811965811965812
952,270.6830273682067,200,0.05,1e-05,0.37180698015903685,0.245,0.155,0.42,0.18
953,259.52571624690665,234,0.05,1e-05,0.3747532145898677,0.31196581196581197,0.2094017094017094,0.36324786324786323,0.11538461538461539
954,263.743516254013,154,0.05,1e-05,0.3608082055679973,0.36363636363636365,0.07792207792207792,0.44805194805194803,0.11038961038961038
955,234.94750350337796,208,0.05,1e-05,0.355283325958908,0.40384615384615385,0.08173076923076923,0.44711538461538464,0.0673076923076923
956,273.9440727746669,238,0.05,1e-05,0.37831995117615147,0.3487394957983193,0.12605042016806722,0.40756302521008403,0.11764705882352941
957,268.58976085532043,249,0.05,1e-05,0.3665433606556492,0.3895582329317269,0.11244979919678715,0.37349397590361444,0.12449799196787148
958,229.86810306040928,364,0.05,1e-05,0.3747444898226251,0.054945054945054944,0.09615384615384616,0.3434065934065934,0.5054945054945055
959,253.720147216933,254,0.05,1e-05,0.36454101275333267,0.31496062992125984,0.25196850393700787,0.3346456692913386,0.0984251968503937
960,250.83024143678318,155,0.05,1e-05,0.3721649346991081,0.2645161290322581,0.12258064516129032,0.47096774193548385,0.14193548387096774
961,253.09110053382975,177,0.05,1e-05,0.36925039346923294,0.2768361581920904,0.15819209039548024,0.4350282485875706,0.12994350282485875
962,238.59208235445928,376,0.05,1e-05,0.37140807714605284,0.11170212765957446,0.0851063829787234,0.24468085106382978,0.5585106382978723
963,295.6335381740633,276,0.05,1e-05,0.36916924276599894,0.32971014492753625,0.15579710144927536,0.36231884057971014,0.15217391304347827
964,160.9618691816216,1000,0.05,1e-05,0.3692490176042254,0.509,0.361,0.103,0.027
965,261.19256016992955,154,0.05,1e-05,0.3783842745811317,0.38961038961038963,0.05844155844155844,0.4805194805194805,0.07142857142857142
966,226.62629154712653,981,0.05,1e-05,0.3652975430163004,0.3312945973496432,0.0417940876656473,0.12640163098878696,0.5005096839959225
967,5.28270278246768,113,0.05,1e-05,0.3600722550761749,0.19469026548672566,0.1592920353982301,0.5309734513274337,0.11504424778761062
968,236.36268961402178,583,0.05,1e-05,0.37209748851818025,0.48027444253859347,0.06518010291595197,0.3053173241852487,0.14922813036020582
969,15.941497605304107,110,0.05,1e-05,0.3593162171782621,0.13636363636363635,0.18181818181818182,0.5181818181818182,0.16363636363636364
970,271.24069973540384,705,0.05,1e-05,0.3689458365868988,0.4907801418439716,0.06950354609929078,0.11631205673758865,0.32340425531914896
971,253.10136622730903,208,0.05,1e-05,0.3866242635186347,0.27884615384615385,0.125,0.5048076923076923,0.09134615384615384
972,251.88442845482803,406,0.05,1e-05,0.3761919651532067,0.16502463054187191,0.4827586206896552,0.30049261083743845,0.05172413793103448
973,273.7795493943162,241,0.05,1e-05,0.37278731028798495,0.46887966804979253,0.0954356846473029,0.35684647302904565,0.07883817427385892
974,253.7949752013782,226,0.05,1e-05,0.37180755729471354,0.19911504424778761,0.12831858407079647,0.4247787610619469,0.24778761061946902
975,264.4297788440683,157,0.05,1e-05,0.37663879604513234,0.3821656050955414,0.07006369426751592,0.45222929936305734,0.09554140127388536
976,285.71086783126,205,0.05,1e-05,0.3779663731719897,0.4097560975609756,0.0975609756097561,0.4146341463414634,0.07804878048780488
977,268.7078551513289,269,0.05,1e-05,0.3647692968449845,0.4052044609665427,0.12267657992565056,0.37174721189591076,0.10037174721189591
978,268.34159489280154,193,0.05,1e-05,0.35810520774346394,0.48186528497409326,0.046632124352331605,0.41968911917098445,0.05181347150259067
979,260.8525847029995,173,0.05,1e-05,0.34972410910889884,0.2832369942196532,0.14450867052023122,0.41040462427745666,0.16184971098265896
980,262.2125103552346,310,0.05,1e-05,0.3702160722494019,0.3709677419354839,0.14838709677419354,0.3258064516129032,0.15483870967741936
981,139.47589606156865,1000,0.05,1e-05,0.3675589584137458,0.672,0.079,0.139,0.11
982,308.29079884905184,250,0.05,1e-05,0.3642371029911523,0.384,0.068,0.356,0.192
983,220.36224909006896,484,0.05,1e-05,0.36520936354514355,0.22520661157024793,0.44008264462809915,0.26859504132231404,0.06611570247933884
984,244.95378263577226,182,0.05,1e-05,0.3649614158600256,0.3021978021978022,0.13186813186813187,0.4230769230769231,0.14285714285714285
985,252.38473489551725,191,0.05,1e-05,0.36173296451180265,0.35602094240837695,0.08376963350785341,0.450261780104712,0.1099476439790576
986,242.3996782767713,220,0.05,1e-05,0.36205094974975954,0.37272727272727274,0.09545454545454546,0.45,0.08181818181818182
987,268.80075920080867,219,0.05,1e-05,0.37969972771936916,0.3242009132420091,0.1004566210045662,0.4703196347031963,0.1050228310502283
988,239.2090682444263,166,0.05,1e-05,0.36948261310346237,0.2710843373493976,0.12650602409638553,0.5,0.10240963855421686
989,123.68263756547923,1000,0.05,1e-05,0.3691822280051796,0.481,0.033,0.12,0.366
990,244.8476405028557,936,0.05,1e-05,0.3605201648803617,0.23397435897435898,0.37286324786324787,0.13995726495726496,0.2532051282051282
991,281.300324492732,283,0.05,1e-05,0.36850326559783936,0.5371024734982333,0.11307420494699646,0.28975265017667845,0.06007067137809187
992,265.56662931656206,209,0.05,1e-05,0.360643875277915,0.2966507177033493,0.12440191387559808,0.4019138755980861,0.17703349282296652
993,257.72441217323126,231,0.05,1e-05,0.363769546084835,0.36363636363636365,0.1038961038961039,0.4588744588744589,0.0735930735930736
994,263.59737320143677,331,0.05,1e-05,0.36908633009119324,0.4350453172205438,0.10876132930513595,0.3564954682779456,0.09969788519637462
995,270.67508697844676,276,0.05,1e-05,0.36202971424986335,0.36231884057971014,0.11594202898550725,0.4528985507246377,0.06884057971014493
996,256.138387461337,255,0.05,1e-05,0.37128159274574596,0.403921568627451,0.10588235294117647,0.3568627450980392,0.13333333333333333
997,252.6706800300487,188,0.05,1e-05,0.3536119041932534,0.34574468085106386,0.0797872340425532,0.48936170212765956,0.0851063829787234
998,262.63174530995053,270,0.05,1e-05,0.36864223391233625,0.3,0.12222222222222222,0.45555555555555555,0.12222222222222222
999,284.9425251943951,382,0.05,1e-05,0.3511441884573205,0.306282722513089,0.09162303664921466,0.23298429319371727,0.36910994764397903
