Episode,Total_Reward,Steps,Epsilon,Learning_Rate,Average_Loss,Action_0_Percentage,Action_1_Percentage,Action_2_Percentage,Action_3_Percentage
0,-310.0566780859815,94,0.9950195566196387,0.000994896213044336,0.0,0.23404255319148937,0.26595744680851063,0.23404255319148937,0.26595744680851063
1,-59.853917254582036,61,0.9900639180555424,0.0009898184747299606,0.0,0.26229508196721313,0.21311475409836064,0.22950819672131148,0.29508196721311475
2,-61.594636205462464,75,0.9851329607687281,0.0009847666521101584,0.0,0.24,0.17333333333333334,0.30666666666666664,0.28
3,-283.68190752361005,78,0.9802265618354918,0.0009797406129167456,0.0,0.20512820512820512,0.19230769230769232,0.2948717948717949,0.3076923076923077
4,-313.34455323771544,103,0.975344598944344,0.0009747402255566067,0.0,0.30097087378640774,0.14563106796116504,0.32038834951456313,0.23300970873786409
5,-94.14486589834992,73,0.9704869503929605,0.0009697653591082497,0.0,0.2876712328767123,0.2876712328767123,0.2328767123287671,0.1917808219178082
6,-29.008783690127515,81,0.9656534950851489,0.000964815883318378,0.0,0.25925925925925924,0.14814814814814814,0.24691358024691357,0.345679012345679
7,-282.9123673394705,106,0.9608441125278293,0.0009598916685984801,0.0,0.32075471698113206,0.22641509433962265,0.22641509433962265,0.22641509433962265
8,-87.56844072473315,105,0.956058682828031,0.0009549925860214364,0.0,0.22857142857142856,0.2571428571428571,0.26666666666666666,0.24761904761904763
9,-90.0420844736216,71,0.9512970866899032,0.0009501185073181442,0.0,0.29577464788732394,0.2676056338028169,0.18309859154929578,0.2535211267605634
10,-133.5100876580452,82,0.9465592054117414,0.0009452693048741588,0.0,0.21951219512195122,0.1951219512195122,0.24390243902439024,0.34146341463414637
11,-269.2265601406533,123,0.9418449208830285,0.0009404448517263523,0.0,0.24390243902439024,0.25203252032520324,0.2601626016260163,0.24390243902439024
12,-81.22377110173997,74,0.9371541155814898,0.0009356450215595899,0.0,0.16216216216216217,0.17567567567567569,0.33783783783783783,0.32432432432432434
13,-129.16430157467863,78,0.9324866725701636,0.000930869688703422,0.0,0.2948717948717949,0.20512820512820512,0.2564102564102564,0.24358974358974358
14,-134.07718664970056,107,0.9278424754944864,0.0009261187281287943,0.0,0.14953271028037382,0.2616822429906542,0.205607476635514,0.38317757009345793
15,-247.67262994718388,81,0.9232214085793918,0.0009213920154447743,0.0,0.18518518518518517,0.2839506172839506,0.30864197530864196,0.2222222222222222
16,-364.6975434669719,98,0.9186233566264248,0.0009166894268952941,0.0,0.2857142857142857,0.3877551020408163,0.15306122448979592,0.17346938775510204
17,-106.9278687181697,73,0.9140482050108695,0.0009120108393559106,0.0,0.2602739726027397,0.273972602739726,0.1780821917808219,0.2876712328767123
18,-99.72953807626854,88,0.9094958396788919,0.0009073561303305816,0.0,0.2727272727272727,0.20454545454545456,0.2159090909090909,0.3068181818181818
19,-137.1204601028374,82,0.904966147144697,0.0009027251779484585,0.0,0.2073170731707317,0.23170731707317074,0.23170731707317074,0.32926829268292684
20,8.63584407087987,84,0.9004590144876992,0.0008981178609606956,0.0,0.27380952380952384,0.2619047619047619,0.23809523809523808,0.2261904761904762
21,-170.7828209138537,91,0.8959743293497072,0.0008935340587372753,0.0,0.2857142857142857,0.1978021978021978,0.21978021978021978,0.2967032967032967
22,-113.73100423747312,72,0.8915119799321238,0.0008889736512638504,0.0,0.25,0.19444444444444445,0.20833333333333334,0.3472222222222222
23,-291.9794446302355,103,0.8870718549931581,0.0008844365191386009,0.0,0.1941747572815534,0.24271844660194175,0.30097087378640774,0.2621359223300971
24,-99.51670513479314,67,0.8826538438450526,0.0008799225435691082,0.0,0.3582089552238806,0.23880597014925373,0.19402985074626866,0.208955223880597
25,-324.14434068156146,97,0.878257836351324,0.0008754316063692454,0.0,0.30927835051546393,0.25773195876288657,0.27835051546391754,0.15463917525773196
26,-132.4275029141524,64,0.8738837229240176,0.0008709635899560819,0.0,0.296875,0.171875,0.265625,0.265625
27,-533.6626040783328,88,0.8695313945209752,0.0008665183773468056,0.0,0.2840909090909091,0.3522727272727273,0.18181818181818182,0.18181818181818182
28,-109.62220437622642,77,0.8652007426431169,0.0008620958521556597,0.0,0.2857142857142857,0.22077922077922077,0.2077922077922078,0.2857142857142857
29,-100.9661931004553,89,0.8608916593317363,0.0008576958985908955,0.0,0.2247191011235955,0.30337078651685395,0.21348314606741572,0.25842696629213485
30,-122.8538891064468,112,0.8566040371658092,0.0008533184014517406,0.0,0.33035714285714285,0.24107142857142858,0.16964285714285715,0.25892857142857145
31,7.746883008395628,96,0.852337769259316,0.000848963246125383,0.0,0.3854166666666667,0.21875,0.23958333333333334,0.15625
32,-90.81116724987405,67,0.8480927492585766,0.0008446303185839699,0.0,0.23880597014925373,0.22388059701492538,0.208955223880597,0.3283582089552239
33,-111.53109312320886,95,0.8438688713395993,0.0008403195053816226,0.0,0.3473684210526316,0.21052631578947367,0.29473684210526313,0.14736842105263157
34,-540.0337573786576,103,0.8396660302054431,0.0008360306936514657,0.0,0.1941747572815534,0.3592233009708738,0.30097087378640774,0.14563106796116504
35,-215.2437097064781,119,0.8354841210835922,0.0008317637711026725,0.0,0.33613445378151263,0.2773109243697479,0.14285714285714285,0.24369747899159663
36,-113.1867330777655,92,0.8313230397233444,0.0008275186260175247,0.0,0.2717391304347826,0.2391304347826087,0.25,0.2391304347826087
37,-104.13758506043285,75,0.8271826823932125,0.0008232951472484873,0.0,0.30666666666666664,0.17333333333333334,0.26666666666666666,0.25333333333333335
38,-124.59449256416157,73,0.8230629458783377,0.0008190932242152989,0.0,0.1780821917808219,0.1506849315068493,0.2191780821917808,0.4520547945205479
39,-186.7785996621056,81,0.8189637274779172,0.000814912746902076,0.0,0.24691358024691357,0.16049382716049382,0.19753086419753085,0.3950617283950617
40,-380.2798068881066,78,0.8148849250026439,0.0008107536058544327,0.0,0.28205128205128205,0.2948717948717949,0.1794871794871795,0.24358974358974358
41,-86.94921930250732,68,0.8108264367721583,0.0008066156921766152,0.0,0.4264705882352941,0.17647058823529413,0.17647058823529413,0.22058823529411764
42,-120.20151913660925,89,0.8067881616125144,0.0008024988975286502,0.0,0.34831460674157305,0.19101123595505617,0.15730337078651685,0.30337078651685395
43,-190.59254773471218,74,0.8027699988536575,0.0007984031141235085,0.0,0.2702702702702703,0.3108108108108108,0.13513513513513514,0.28378378378378377
44,-73.87067658000097,62,0.7987718483269142,0.0007943282347242834,0.0,0.1935483870967742,0.1935483870967742,0.25806451612903225,0.3548387096774194
45,-106.71360982965946,69,0.7947936103624954,0.0007902741526413818,0.0,0.2753623188405797,0.2028985507246377,0.17391304347826086,0.34782608695652173
46,-104.8085535953124,117,0.7908351857870121,0.0007862407617297322,0.0,0.37606837606837606,0.23931623931623933,0.19658119658119658,0.18803418803418803
47,-129.17238763484983,105,0.7868964759210023,0.0007822279563860046,0.0,0.23809523809523808,0.21904761904761905,0.21904761904761905,0.3238095238095238
48,-94.23985549562542,94,0.7829773825764719,0.0007782356315458458,0.0,0.43617021276595747,0.1702127659574468,0.2127659574468085,0.18085106382978725
49,-144.16597658688937,71,0.7790778080544463,0.000774263682681129,0.0,0.38028169014084506,0.2535211267605634,0.14084507042253522,0.22535211267605634
50,-62.20894880615046,70,0.7751976551425351,0.0007703120057972166,0.0,0.21428571428571427,0.21428571428571427,0.24285714285714285,0.32857142857142857
51,-96.22576137932202,70,0.771336827112509,0.0007663804974302373,0.0,0.32857142857142857,0.14285714285714285,0.2857142857142857,0.24285714285714285
52,-104.03337138851542,68,0.7674952277178876,0.0007624690546443775,0.0,0.08823529411764706,0.22058823529411764,0.23529411764705882,0.45588235294117646
53,-77.04107818062226,61,0.7636727611915411,0.0007585775750291859,0.0,0.2459016393442623,0.22950819672131148,0.18032786885245902,0.3442622950819672
54,-120.90779668358118,68,0.7598693322433026,0.0007547059566968927,0.0,0.3235294117647059,0.22058823529411764,0.08823529411764706,0.36764705882352944
55,-64.73915205685746,57,0.7560848460575919,0.000750854098279741,0.0,0.2807017543859649,0.21052631578947367,0.17543859649122806,0.3333333333333333
56,-198.54737051759633,97,0.7523192082910528,0.0007470218989273339,0.0,0.38144329896907214,0.23711340206185566,0.1958762886597938,0.18556701030927836
57,-97.47291793250267,82,0.748572325070201,0.0007432092583039931,0.0,0.2682926829268293,0.23170731707317074,0.17073170731707318,0.32926829268292684
58,-155.46972733427629,63,0.7448441029890834,0.0007394160765861323,0.0,0.31746031746031744,0.20634920634920634,0.15873015873015872,0.31746031746031744
59,-72.51143550420795,93,0.7411344491069503,0.0007356422544596437,1.7491691920969563,0.2903225806451613,0.1935483870967742,0.26881720430107525,0.24731182795698925
60,-256.8143826159485,149,0.7374432709459379,0.0007318876931172971,1.3866013340264929,0.2214765100671141,0.1610738255033557,0.40939597315436244,0.2080536912751678
61,-106.50805255035371,162,0.7337704764887631,0.000728152294256154,1.1409623084705172,0.17901234567901234,0.18518518518518517,0.41975308641975306,0.21604938271604937
62,-268.2399707399015,131,0.7301159741764301,0.0007244359600749925,1.0564595941038146,0.1984732824427481,0.2366412213740458,0.3816793893129771,0.183206106870229
63,-156.53126863862565,143,0.7264796729059471,0.0007207385932717478,1.0074415732771742,0.1958041958041958,0.23776223776223776,0.4125874125874126,0.15384615384615385
64,11.452827218587288,141,0.7228614820280556,0.0007170600970409636,0.9466723025284879,0.19858156028368795,0.2198581560283688,0.3262411347517731,0.2553191489361702
65,-42.84409781803231,155,0.7192613113449707,0.0007134003750712587,0.8719814795805768,0.15483870967741936,0.23870967741935484,0.432258064516129,0.17419354838709677
66,-125.74008429626944,145,0.7156790711081327,0.0007097593315428041,0.8658217884086233,0.12413793103448276,0.25517241379310346,0.38620689655172413,0.23448275862068965
67,-119.46383737529972,136,0.712114672015969,0.000706136871124815,0.7924077075495098,0.22058823529411764,0.22058823529411764,0.33088235294117646,0.22794117647058823
68,-184.43963557898593,151,0.708568025211669,0.0007025328989730546,0.8223455400761911,0.1986754966887417,0.23178807947019867,0.3509933774834437,0.2185430463576159
69,-298.9558564777137,137,0.7050390422809678,0.000698947320727351,0.7765799079264465,0.10948905109489052,0.29927007299270075,0.32116788321167883,0.27007299270072993
70,-146.92940240550357,118,0.7015276352499433,0.0006953800425091263,0.7730739445209327,0.11864406779661017,0.288135593220339,0.3813559322033898,0.211864406779661
71,-77.31596294592433,114,0.6980337165828222,0.000691830970918939,0.7485171048713986,0.21929824561403508,0.18421052631578946,0.45614035087719296,0.14035087719298245
72,-90.23602677047018,85,0.6945571991797983,0.0006883000130340385,0.7503627007645752,0.2235294117647059,0.15294117647058825,0.4,0.2235294117647059
73,-215.93131133286107,113,0.691097996374861,0.0006847870764059319,0.710873194604727,0.1415929203539823,0.2831858407079646,0.35398230088495575,0.22123893805309736
74,-18.78300514424751,121,0.6876560219336348,0.0006812920690579639,0.7036798925091533,0.24793388429752067,0.14049586776859505,0.47107438016528924,0.14049586776859505
75,-53.994471325893095,79,0.6842311900512299,0.0006778148994829084,0.7025890690042298,0.16455696202531644,0.1518987341772152,0.43037974683544306,0.25316455696202533
76,-221.15934859614399,114,0.6808234153501025,0.0006743554766405727,0.6908082596051297,0.21929824561403508,0.3333333333333333,0.23684210526315788,0.21052631578947367
77,-117.76798025876082,130,0.6774326128779271,0.0006709137099554139,0.6842392614891382,0.1076923076923077,0.3153846153846154,0.33076923076923076,0.24615384615384617
78,-134.40154837722358,129,0.6740586981054784,0.0006674895093141672,0.6616882582157079,0.16279069767441862,0.17054263565891473,0.43410852713178294,0.23255813953488372
79,-194.58619083551207,134,0.670701586924524,0.0006640827850634869,1.165727252432034,0.15671641791044777,0.1865671641791045,0.5149253731343284,0.1417910447761194
80,-114.63752613436027,168,0.6673611956457279,0.0006606934480075987,0.9393422357116483,0.17857142857142858,0.20238095238095238,0.42857142857142855,0.19047619047619047
81,-134.83195614941906,75,0.6640374409965641,0.0006573214094059647,0.8876842329847665,0.14666666666666667,0.28,0.37333333333333335,0.2
82,-105.31462515111909,153,0.6607302401192408,0.0006539665809709598,0.8250869874241955,0.21568627450980393,0.1895424836601307,0.39869281045751637,0.19607843137254902
83,-0.5925148170739192,121,0.6574395105686344,0.0006506288748655599,0.8477354114641787,0.19834710743801653,0.12396694214876033,0.49586776859504134,0.18181818181818182
84,-156.45268642366355,124,0.6541651703102348,0.0006473082037010426,0.7835549328933638,0.1935483870967742,0.1935483870967742,0.3951612903225806,0.21774193548387097
85,-83.6298591702006,141,0.6509071377181003,0.0006440044805346987,0.7941990724109687,0.1773049645390071,0.1702127659574468,0.524822695035461,0.1276595744680851
86,-46.237971956252856,194,0.6476653315728222,0.0006407176188675564,0.7745218967594976,0.14432989690721648,0.17525773195876287,0.4896907216494845,0.19072164948453607
87,-85.10426666379323,137,0.6444396710595008,0.000637447532642116,0.7392457330159358,0.1386861313868613,0.30656934306569344,0.2846715328467153,0.27007299270072993
88,-40.95692567470938,91,0.6412300757657303,0.0006341941362400969,0.7465822756330173,0.10989010989010989,0.18681318681318682,0.42857142857142855,0.27472527472527475
89,-84.27801175869719,73,0.6380364656795943,0.000630957344480196,0.7211804905449483,0.1780821917808219,0.2602739726027397,0.3698630136986301,0.1917808219178082
90,-221.06020000788752,170,0.6348587611876713,0.0006277370726158575,0.7101423962925613,0.12941176470588237,0.2411764705882353,0.4647058823529412,0.16470588235294117
91,-32.01342883790704,1000,0.6316968830730497,0.0006245332363330539,0.8305030340279997,0.185,0.267,0.258,0.29
92,-95.30508404970554,196,0.6285507525133537,0.0006213457517480785,1.1998393627960426,0.1836734693877551,0.17346938775510204,0.49489795918367346,0.14795918367346939
93,-151.07026591545684,137,0.6254202910787774,0.0006181745354053494,1.1570727901612758,0.13138686131386862,0.291970802919708,0.291970802919708,0.2846715328467153
94,-39.52252937364551,165,0.6223054207301305,0.0006150195042752238,0.9910323443676345,0.15757575757575756,0.22424242424242424,0.3575757575757576,0.2606060606060606
95,13.960921094001705,141,0.6192060638168921,0.0006118805757518249,1.0661020944216626,0.12056737588652482,0.1702127659574468,0.5390070921985816,0.1702127659574468
96,-59.324507971185945,97,0.6161221430752757,0.0006087576676508784,0.991109438859688,0.24742268041237114,0.20618556701030927,0.41237113402061853,0.13402061855670103
97,-0.15814109249015473,219,0.6130535816263024,0.0006056506982075613,0.9845252519337364,0.2465753424657534,0.1917808219178082,0.3926940639269406,0.1689497716894977
98,-125.25510941841313,182,0.6100003029738849,0.0006025595860743607,0.9490031829213739,0.17582417582417584,0.23076923076923078,0.4230769230769231,0.17032967032967034
99,-102.29816879246017,137,0.6069622310029202,0.000599484250318944,0.9164844674850531,0.17518248175182483,0.291970802919708,0.32116788321167883,0.2116788321167883
100,-66.8513455846758,154,0.6039392899773924,0.0005964246104220401,0.9000554400928572,0.18831168831168832,0.19480519480519481,0.37662337662337664,0.24025974025974026
101,32.6978524318605,159,0.6009314045384845,0.000593380586275331,0.8788878432652427,0.18238993710691823,0.1320754716981132,0.5408805031446541,0.14465408805031446
102,-139.379689477311,202,0.5979384997026995,0.0005903520981793547,0.8827056687162086,0.18316831683168316,0.1782178217821782,0.47029702970297027,0.16831683168316833
103,-174.92009235088761,116,0.5949605008599921,0.0005873390668414179,0.8937881360114376,0.14655172413793102,0.29310344827586204,0.28448275862068967,0.27586206896551724
104,-17.77906304601892,128,0.5919973337719074,0.0005843414133735207,0.8761858528562575,0.15625,0.1796875,0.4609375,0.203125
105,-120.6084975834193,153,0.5890489245697316,0.0005813590592902906,0.9262837680090715,0.13725490196078433,0.21568627450980393,0.45751633986928103,0.1895424836601307
106,-50.43279964514817,158,0.5861151997526493,0.0005783919265069276,0.8946145183154464,0.189873417721519,0.17088607594936708,0.4936708860759494,0.14556962025316456
107,-96.76548374230272,133,0.583196086185912,0.0005754399373371601,1.0803180912874093,0.13533834586466165,0.2631578947368421,0.3684210526315789,0.23308270676691728
108,-95.59521326289705,115,0.5802915110990148,0.0005725030144912106,1.559082754168952,0.19130434782608696,0.2,0.3217391304347826,0.28695652173913044
109,-68.47925763152374,132,0.5774014020838818,0.0005695810810737719,1.4063713977317045,0.1590909090909091,0.10606060606060606,0.5454545454545454,0.1893939393939394
110,-66.02118066527603,173,0.5745256870930618,0.0005666740605819945,1.2859897778645268,0.1676300578034682,0.19653179190751446,0.45664739884393063,0.1791907514450867
111,-59.190338502827025,275,0.5716642944379317,0.0005637818769034828,1.1997463034742097,0.18545454545454546,0.16363636363636364,0.509090909090909,0.14181818181818182
112,-50.696672393970466,208,0.5688171527869094,0.000560904454314303,1.0949803301744931,0.13942307692307693,0.1778846153846154,0.4375,0.24519230769230768
113,-54.21639523331739,175,0.5659841911636758,0.0005580417174769997,1.0171816769308037,0.07428571428571429,0.21142857142857144,0.5314285714285715,0.18285714285714286
114,-77.91854258400846,139,0.5631653389454055,0.0005551935914386241,1.0094976329059613,0.10071942446043165,0.26618705035971224,0.33093525179856115,0.302158273381295
115,-80.85896633845222,198,0.5603605258610059,0.0005523600016287713,1.0039668816729825,0.15656565656565657,0.18181818181818182,0.5,0.16161616161616163
116,-119.59481426994344,117,0.5575696819893657,0.0005495408738576278,1.0080497127576706,0.1282051282051282,0.2222222222222222,0.5128205128205128,0.13675213675213677
117,-67.2494031776082,77,0.5547927377576116,0.000546736134314029,0.9168274258829472,0.14285714285714285,0.2987012987012987,0.42857142857142855,0.12987012987012986
118,-82.501336398725,121,0.5520296239393742,0.0005439457095635269,0.9441042980527876,0.12396694214876033,0.256198347107438,0.4049586776859504,0.21487603305785125
119,-95.82575765369947,170,0.5492802716530619,0.000541169526546467,0.9600612636646524,0.1411764705882353,0.17058823529411765,0.5588235294117647,0.12941176470588237
120,-69.2367127192068,146,0.5465446123601444,0.0005384075125760762,0.9318533960283792,0.1095890410958904,0.2534246575342466,0.4246575342465753,0.21232876712328766
121,-215.88666803977532,718,0.5438225778634432,0.0005356595953365588,1.204733846631618,0.21727019498607242,0.15181058495821728,0.2520891364902507,0.3788300835654596
122,-32.09943234829305,121,0.5411141003054323,0.0005329257028812037,1.3977091814929654,0.11570247933884298,0.17355371900826447,0.5206611570247934,0.19008264462809918
123,-78.37608358780304,121,0.5384191121665459,0.0005302057636305005,1.2802186622103964,0.09090909090909091,0.2396694214876033,0.48760330578512395,0.18181818181818182
124,-171.37714097344025,155,0.535737546263496,0.0005274997063702652,1.2792760740796876,0.14193548387096774,0.25806451612903225,0.4064516129032258,0.1935483870967742
125,-44.23009029461398,126,0.533069335747597,0.000524807460249776,1.236417389427612,0.20634920634920634,0.19047619047619047,0.42063492063492064,0.18253968253968253
126,-75.51330706835282,149,0.5304144141030992,0.000522128954779918,1.1302688863625778,0.14093959731543623,0.1610738255033557,0.5570469798657718,0.14093959731543623
127,-11.416360794533631,190,0.5277727151455311,0.0005194641198313376,1.1263426953151643,0.11578947368421053,0.19473684210526315,0.41578947368421054,0.2736842105263158
128,-190.95894323947124,200,0.5251441730200492,0.0005168128856326069,1.118078405664917,0.09,0.235,0.505,0.17
129,-133.06676380643347,446,0.5225287221997962,0.0005141751827683961,1.079836028858555,0.1547085201793722,0.15246636771300448,0.5381165919282511,0.1547085201793722
130,-58.27238643409353,326,0.5199262974842676,0.0005115509421776565,1.0475350634209104,0.13190184049079753,0.1656441717791411,0.5429447852760736,0.15950920245398773
131,-1.3378504817880668,333,0.5173368339976863,0.0005089400951518125,1.0429410207496086,0.15615615615615616,0.16216216216216217,0.5285285285285285,0.15315315315315314
132,-46.95441331403297,488,0.5147602671873854,0.0005063425733329622,1.4704588993858592,0.12704918032786885,0.18032786885245902,0.5184426229508197,0.17418032786885246
133,-60.254431148259144,84,0.512196532822199,0.000503758308712088,1.3712228973440612,0.08333333333333333,0.25,0.4166666666666667,0.25
134,-133.428015703117,120,0.5096455669908607,0.0005011872336272758,1.343319505731894,0.11666666666666667,0.16666666666666666,0.49166666666666664,0.225
135,-219.73837402560883,113,0.5071073061004107,0.0004986292807619435,1.228999976417678,0.20353982300884957,0.21238938053097345,0.35398230088495575,0.23008849557522124
136,-85.87615403748512,183,0.50458168687461,0.0004960843831430785,1.2154931892777427,0.18032786885245902,0.18579234972677597,0.4644808743169399,0.16939890710382513
137,44.58761957483034,181,0.5020686463523638,0.0004935524741394842,1.2400078449265333,0.14917127071823205,0.1712707182320442,0.4861878453038674,0.19337016574585636
138,-84.1813981932847,202,0.49956812188615124,0.0004910334874600353,1.233027737345245,0.15841584158415842,0.16336633663366337,0.504950495049505,0.17326732673267325
139,-94.6652116057119,317,0.49708005114046383,0.0004885273571519426,1.1629916382621581,0.15457413249211358,0.1608832807570978,0.5047318611987381,0.17981072555205047
140,-28.112032814355814,197,0.49460437209025165,0.0004860340175990254,1.1001383282248223,0.1065989847715736,0.14720812182741116,0.5888324873096447,0.15736040609137056
141,-12.575954915443447,88,0.492141023019377,0.00048355340351999445,1.1974982312053335,0.125,0.17045454545454544,0.5113636363636364,0.19318181818181818
142,-115.5746590185642,107,0.48968994251907594,0.0004810854499667421,1.0222270709652295,0.12149532710280374,0.17757009345794392,0.5327102803738317,0.16822429906542055
143,-57.4648486904409,132,0.4872510694864273,0.000478630092322642,1.0822286251758964,0.21212121212121213,0.2196969696969697,0.3939393939393939,0.17424242424242425
144,-103.3037012724894,204,0.4848243431228297,0.0004761872663008574,1.0162046978602903,0.16666666666666666,0.18627450980392157,0.4852941176470588,0.16176470588235295
145,52.20825408696591,1000,0.4824097029324856,0.00047375690794265767,1.3907130930112617,0.176,0.216,0.376,0.232
146,-46.94567531708222,277,0.4800070887208934,0.00047133895361574417,1.2819842750503765,0.1407942238267148,0.17328519855595667,0.5054151624548736,0.18050541516245489
147,-87.5299493840377,116,0.47761644059334696,0.0004689333400125837,1.307755881986352,0.12931034482758622,0.1896551724137931,0.45689655172413796,0.22413793103448276
148,99.9643532727215,1000,0.4752376989534421,0.0004665400041487515,1.1824778701132224,0.233,0.334,0.252,0.181
149,-70.68133644602213,148,0.4728708045015913,0.0004641588833612816,1.1380683363721127,0.12837837837837837,0.25,0.43243243243243246,0.1891891891891892
150,-20.80643798197336,164,0.4705156982335452,0.0004617899153070266,1.396420185445979,0.1524390243902439,0.16463414634146342,0.5121951219512195,0.17073170731707318
151,-76.06789356313577,203,0.4681723214389219,0.00045943303796102536,1.405047453529588,0.1330049261083744,0.16748768472906403,0.4975369458128079,0.2019704433497537
152,-18.588142309252362,198,0.46584061569974305,0.00045708818961487873,1.4136110870018919,0.12626262626262627,0.17676767676767677,0.5656565656565656,0.13131313131313133
153,-67.5397648053924,103,0.4635205228889778,0.0004547553088751342,1.4017028360744799,0.08737864077669903,0.18446601941747573,0.49514563106796117,0.23300970873786409
154,-68.95263034091813,194,0.4612119851690938,0.00045243433466167824,1.3135583341414339,0.08247422680412371,0.16494845360824742,0.5463917525773195,0.20618556701030927
155,-35.49690116295031,308,0.4589149449906151,0.00045012520620613735,1.3104124353796331,0.1266233766233766,0.19480519480519481,0.4967532467532468,0.18181818181818182
156,-35.329368792218816,229,0.4566293450906877,0.0004478278630502868,1.276112829729062,0.09606986899563319,0.18777292576419213,0.4847161572052402,0.2314410480349345
157,-34.61663894701965,95,0.45435512849165205,0.0004455422450444678,1.3602089790917469,0.12631578947368421,0.14736842105263157,0.4631578947368421,0.2631578947368421
158,-52.29223488319623,187,0.4520922384996226,0.0004432682923460125,1.222783902356074,0.10695187165775401,0.1711229946524064,0.5187165775401069,0.20320855614973263
159,152.13100915050228,1000,0.44984061870307446,0.00044100594541767737,1.2075505880652158,0.384,0.173,0.233,0.21
160,25.356620184341566,187,0.4476002129714371,0.0004387551450260843,1.3378724451936053,0.13368983957219252,0.13903743315508021,0.5561497326203209,0.1711229946524064
161,24.4177393258707,141,0.4453709654536952,0.00043651583224016963,1.3467054334945505,0.0851063829787234,0.1773049645390071,0.5531914893617021,0.18439716312056736
162,4.314995848593327,372,0.44315282057699623,0.00043428794842964135,1.2962431668045011,0.12096774193548387,0.18010752688172044,0.532258064516129,0.16666666666666666
163,-115.6977195493972,287,0.4409457230452651,0.000432071435263444,1.2563346382942144,0.10104529616724739,0.23344947735191637,0.49825783972125437,0.1672473867595819
164,-110.50510337911933,112,0.4387496178378257,0.00042986623470823136,1.1781576925956523,0.125,0.25892857142857145,0.3482142857142857,0.26785714285714285
165,-31.97946744686901,123,0.43656445020802925,0.00042767228902684703,1.2326482853867524,0.13008130081300814,0.1951219512195122,0.5447154471544715,0.13008130081300814
166,-35.82858743659642,209,0.4343901656818896,0.0004254895407768128,1.179767954056428,0.09569377990430622,0.19617224880382775,0.5358851674641149,0.1722488038277512
167,1.9156373394554578,164,0.4322267100567252,0.0004233179328088246,1.1617380759486484,0.15853658536585366,0.13414634146341464,0.5426829268292683,0.16463414634146342
168,-41.06173521730274,231,0.4300740293998078,0.0004211574082652562,1.1729134507322643,0.1341991341991342,0.21645021645021645,0.47619047619047616,0.17316017316017315
169,-40.023301187457655,1000,0.4279320700470182,0.0004190079105786707,1.2542063228585618,0.121,0.155,0.58,0.144
170,-46.348636663967234,280,0.4258007786015082,0.00041686938347033914,1.431127501138757,0.11071428571428571,0.17142857142857143,0.5214285714285715,0.19642857142857142
171,18.713872874731152,186,0.42368010193236966,0.00041474177094876744,1.2310581240717091,0.0967741935483871,0.15591397849462366,0.5268817204301075,0.22043010752688172
172,-109.85089023526757,250,0.4215699871733098,0.00041262501730823006,1.3360719793449052,0.108,0.192,0.504,0.196
173,-80.87268246314883,709,0.4194703817213335,0.0004105190671273116,1.241864610004416,0.13963328631875882,0.14950634696755993,0.5500705218617772,0.1607898448519041
174,84.95165969899742,1000,0.41738123323543186,0.0004084238652674558,1.2969202222928433,0.32,0.146,0.325,0.209
175,-105.36666547978626,514,0.41530248963527744,0.00040633935687152184,1.3459390922797978,0.10505836575875487,0.16342412451361868,0.556420233463035,0.17509727626459143
176,-1.517721274268368,129,0.41323409909992587,0.000404265487362348,1.2732065488504096,0.13178294573643412,0.16279069767441862,0.5271317829457365,0.17829457364341086
177,-21.64277403953138,1000,0.4111760100665241,0.00040220220244132287,1.3013940393690817,0.176,0.262,0.421,0.141
178,80.95849705117675,1000,0.4091281712290249,0.00040014944808696346,1.3643511519264973,0.305,0.197,0.268,0.23
179,27.12352025363026,1000,0.407090531536908,0.000398107170553501,1.32959525464608,0.281,0.146,0.341,0.232
180,91.97979840773239,1000,0.40506304019390726,0.00039607531636947366,1.2924827549992077,0.336,0.198,0.249,0.217
181,107.2362138902314,1000,0.40304564665674447,0.0003940538323363266,1.3635583988787998,0.23,0.404,0.18,0.186
182,41.15654573813438,1000,0.40103830063386947,0.00039204266552701896,1.2665267312721025,0.159,0.469,0.238,0.134
183,50.48394292836035,1000,0.39904095208420615,0.00039004176328463834,1.2948001832469258,0.261,0.19,0.36,0.189
184,-102.40847576541017,585,0.3970535512159053,0.00038805107322102195,1.2996123922123906,0.13333333333333333,0.15726495726495726,0.558974358974359,0.15042735042735042
185,117.29085423130073,1000,0.3950760484851031,0.000386070543215385,1.2230777249164733,0.393,0.24,0.218,0.149
186,118.86712533851069,1000,0.39310839459468616,0.00038410012141295614,1.2824051364780489,0.385,0.201,0.237,0.177
187,103.47671989038923,1000,0.3911505404930626,0.0003821397562236197,1.3144632813109929,0.266,0.125,0.269,0.34
188,-68.53792296664801,108,0.38920243737293914,0.00038018939632056487,1.2562646088693785,0.12962962962962962,0.23148148148148148,0.4537037037037037,0.18518518518518517
189,8.383334778976197,1000,0.3872640366701046,0.00037824899063894216,1.2539690000651786,0.126,0.172,0.523,0.179
190,37.48427809091274,1000,0.385335290062219,0.000376318488374526,1.285666438683703,0.351,0.151,0.352,0.146
191,105.69541082367843,1000,0.38341614946760905,0.0003743978389823848,1.2412058050926944,0.388,0.154,0.272,0.186
192,2.048484124182059,1000,0.3815065670440695,0.0003724869921755577,1.3138321116718104,0.166,0.133,0.358,0.343
193,61.61878525088056,1000,0.3796064951876705,0.0003705858979237375,1.2631698840614434,0.27,0.146,0.209,0.375
194,-62.84665076739982,188,0.3777158865315709,0.00036869450645196124,1.2762329683604832,0.14893617021276595,0.17553191489361702,0.48404255319148937,0.19148936170212766
195,27.370701898827953,1000,0.37583469394483743,0.0003668127682393067,1.280897392708647,0.288,0.145,0.292,0.275
196,126.53512463463397,1000,0.37396287053126975,0.00036494063401759587,1.2877516310080617,0.402,0.256,0.185,0.157
197,67.24215595753738,1000,0.3721003696282314,0.00036307805477010503,1.1986284232560565,0.362,0.163,0.283,0.192
198,73.49334259416874,1000,0.3702471448054865,0.00036122498173028143,1.2567214641853048,0.399,0.175,0.267,0.159
199,117.53977595061613,1000,0.3684031498640423,0.0003593813663804664,1.2099954161657587,0.4,0.164,0.275,0.161
200,8.840946061489975,1000,0.3665683388349977,0.000357547160450625,1.21569076916518,0.18,0.255,0.453,0.112
201,5.451225202766269,1000,0.3647426659783969,0.00035572231591708236,1.2223744351329793,0.212,0.104,0.238,0.446
202,64.58212751588448,1000,0.36292608578208946,0.0003539067850012661,1.173545784867271,0.478,0.196,0.184,0.142
203,63.7307294261142,1000,0.36111855296059564,0.0003521005201684556,1.1774637188156085,0.363,0.13,0.327,0.18
204,34.36833441206082,126,0.3593200224539774,0.0003503034741265373,1.1982301457125148,0.10317460317460317,0.16666666666666666,0.5476190476190477,0.18253968253968253
205,33.72920558917562,245,0.3575304494267152,0.00034851559982476644,1.1662264616770546,0.11428571428571428,0.1836734693877551,0.5102040816326531,0.19183673469387755
206,113.79628500733781,1000,0.3557497892665903,0.0003467368504525353,1.154561549215569,0.41,0.141,0.295,0.154
207,108.15950116026166,1000,0.35397799758357257,0.0003449671794381476,1.1488673994653413,0.403,0.253,0.205,0.139
208,-39.30157351985946,1000,0.3522150302087139,0.0003432065404475989,1.148577344840086,0.156,0.128,0.434,0.282
209,-48.741183624234,168,0.35046084319304716,0.0003414548873833638,1.1533438808434002,0.19642857142857142,0.1488095238095238,0.47023809523809523,0.18452380952380953
210,89.25088312006304,1000,0.3487153928064905,0.0003397121743831888,1.1153446955556114,0.353,0.275,0.241,0.131
211,95.44289209476194,1000,0.34697863553675734,0.0003379783558188916,1.120716912611472,0.38,0.318,0.185,0.117
212,-31.832941421895093,1000,0.3452505280882715,0.0003362533862951663,1.0774093264356048,0.195,0.132,0.415,0.258
213,-20.577774789631007,167,0.34353102738108804,0.00033453722064839516,1.1309314554653254,0.09580838323353294,0.20958083832335328,0.47305389221556887,0.2215568862275449
214,130.0945331016458,1000,0.34182009054981916,0.00033282981394546575,1.129457802005408,0.489,0.114,0.173,0.224
215,2.8536508392187443,116,0.3401176749425658,0.00033113112148259473,1.111250608507661,0.15517241379310345,0.21551724137931033,0.39655172413793105,0.23275862068965517
216,89.89949459392052,1000,0.3384237381198542,0.00032944109878415743,1.084069878086947,0.34,0.114,0.281,0.265
217,103.00551834066002,1000,0.33673823785357804,0.0003277597016015232,1.1169161461749957,0.351,0.275,0.241,0.133
218,63.7497979309945,1000,0.3350611321259457,0.00032608688591189696,1.1159167303735165,0.336,0.279,0.217,0.168
219,121.13370707642973,1000,0.33339237912843267,0.0003244226079171667,1.0828272999123643,0.323,0.162,0.266,0.249
220,-21.184547073319038,223,0.3317319372607396,0.0003227668240427565,1.1313271478063938,0.18834080717488788,0.13004484304932734,0.57847533632287,0.1031390134529148
221,77.89013994104832,1000,0.3300797651297549,0.00032111949093648594,1.1187364720200852,0.455,0.12,0.278,0.147
222,37.759530688265244,1000,0.3284358215485232,0.0003194805654674348,1.0784509947933636,0.134,0.299,0.24,0.327
223,90.66754043759374,1000,0.32680006553521834,0.00031785000472481386,1.0960265932860538,0.174,0.495,0.206,0.125
224,67.49375663415812,1000,0.3251724563121218,0.00031622776601684157,1.0898029901279598,0.391,0.16,0.282,0.167
225,-11.649057442396701,1000,0.3235529533046063,0.000314613806869626,1.0884691775401907,0.233,0.147,0.355,0.265
226,78.42197357789985,1000,0.32194151614012406,0.00031300808502605297,1.0606329210959642,0.47,0.153,0.228,0.149
227,-48.41527616165111,224,0.32033810464720053,0.0003114105584446796,1.050599517474421,0.15178571428571427,0.16517857142857142,0.5446428571428571,0.13839285714285715
228,74.00500283391995,1000,0.3187426788544329,0.00030982118529863353,1.0375627848119289,0.436,0.132,0.216,0.216
229,51.58943311676973,1000,0.31715519898949374,0.00030823992397451796,1.0536005693833796,0.162,0.43,0.294,0.114
230,96.73263865474661,1000,0.31557562547813933,0.0003066667330713219,1.0188083136671708,0.407,0.123,0.254,0.216
231,-42.32776973693058,1000,0.3140039189432234,0.0003051015713993363,1.0420215516068712,0.113,0.409,0.348,0.13
232,226.25528460557967,369,0.3124400402037151,0.00030354439797907574,1.0441608895751175,0.14092140921409213,0.27371273712737126,0.27371273712737126,0.3116531165311653
233,149.71231611971825,833,0.3108839502737227,0.0003019951720402052,1.0189731976400427,0.1092436974789916,0.2617046818727491,0.2605042016806723,0.368547418967587
234,-40.34818492230332,76,0.30933561036152135,0.00030045385302047284,1.0108398620366765,0.07894736842105263,0.2631578947368421,0.4342105263157895,0.2236842105263158
235,-17.163083815069626,1000,0.3077949818685863,0.0002989204005646479,1.0191542411434265,0.207,0.251,0.422,0.12
236,86.04795875411965,1000,0.3062620263886305,0.00029739477452346417,1.0070445680071733,0.356,0.259,0.213,0.172
237,122.1594879792269,1000,0.3047367057066472,0.00029587693495256864,0.987335904462182,0.491,0.14,0.231,0.138
238,80.98347447685128,1000,0.3032189817979574,0.00029436684211147583,0.9991616027648185,0.317,0.109,0.305,0.269
239,-103.74310068913996,1000,0.3017088168272619,0.0002928644564625272,0.9636058896367853,0.173,0.123,0.586,0.118
240,35.98134258634042,136,0.30020617314769793,0.0002913697386698561,0.9757926203417261,0.09558823529411764,0.16911764705882354,0.5735294117647058,0.16176470588235295
241,120.01883595302195,1000,0.2987110132999009,0.0002898826495983576,0.9938496526807757,0.431,0.14,0.256,0.173
242,-149.84373548702288,681,0.2972233000110704,0.0002884031503126642,0.9911855280706169,0.14096916299559473,0.1512481644640235,0.5638766519823789,0.14390602055800295
243,-27.39819373936666,1000,0.2957429961940411,0.00028693120207612594,0.9904700418745503,0.175,0.13,0.376,0.319
244,37.85004880169934,1000,0.29427006494635827,0.0002854667663497968,0.9949853300284963,0.245,0.096,0.445,0.214
245,-206.89490248430292,504,0.2928044695493577,0.00028400980479142507,0.988327953560316,0.10515873015873016,0.14682539682539683,0.4662698412698413,0.28174603174603174
246,73.88152296651319,1000,0.2913461734672504,0.00028256027925444986,0.9844172437174542,0.193,0.304,0.383,0.12
247,-41.52839200197462,335,0.28989514034621183,0.0002811181517870022,0.9666351904715744,0.14029850746268657,0.14626865671641792,0.5761194029850746,0.1373134328358209
248,-8.619173853868233,111,0.2884513340134756,0.0002796833846309113,0.9737319563203045,0.11711711711711711,0.26126126126126126,0.44144144144144143,0.18018018018018017
249,17.52343636967033,1000,0.2870147184764318,0.00027825594022071605,0.9964992517241134,0.261,0.112,0.246,0.381
250,-12.25216212216869,1000,0.28558525792172956,0.0002768357811826815,0.979836199546956,0.177,0.113,0.487,0.223
251,-76.1265500036445,96,0.2841629167143845,0.0002754228703338202,0.9907565072518194,0.125,0.2708333333333333,0.4791666666666667,0.125
252,-25.30544671683704,78,0.28274765939689017,0.0002740171706809189,0.9836518593593498,0.1282051282051282,0.2564102564102564,0.44871794871794873,0.16666666666666666
253,-114.91690488676429,132,0.28133945068833427,0.0002726186454195696,0.9443545523337658,0.13636363636363635,0.16666666666666666,0.49242424242424243,0.20454545454545456
254,94.40627166719518,1000,0.2799382554835191,0.00027122725793320634,0.9860116909116957,0.359,0.153,0.28,0.208
255,31.744289255482528,1000,0.2785440388520863,0.0002698429717921463,0.9694064566621562,0.255,0.197,0.414,0.134
256,55.45812631862562,1000,0.27715676603764633,0.00026846575075263585,0.9760112974487747,0.234,0.339,0.326,0.101
257,72.35607189774441,1000,0.27577640245691176,0.00026709555875590197,0.954180344744876,0.308,0.137,0.384,0.171
258,86.87221886724726,1000,0.2744029136988354,0.00026573235992720774,0.9365801784417441,0.223,0.475,0.215,0.087
259,-49.2429286648165,1000,0.2730362655237522,0.00026437611857491343,0.9538354623222258,0.115,0.238,0.453,0.194
260,-72.82209415193675,174,0.2716764238625259,0.00026302679918954166,0.978358301183108,0.1206896551724138,0.19540229885057472,0.5,0.1839080459770115
261,110.22579452453161,1000,0.2703233548156995,0.000261684366442848,0.9466677783009836,0.441,0.147,0.172,0.24
262,111.64890814817848,1000,0.2689770246526506,0.00026034878518689574,0.9618220588497766,0.284,0.355,0.242,0.119
263,72.59326464657988,1000,0.26763739981075,0.00025902002045313587,0.9278592139243964,0.293,0.421,0.166,0.12
264,134.7315723535609,1000,0.2663044468945255,0.0002576980374514913,0.933467535159072,0.555,0.161,0.183,0.101
265,148.06161716074692,634,0.2649781326748289,0.0002563828015694461,0.92469992024873,0.0914826498422713,0.10094637223974763,0.31545741324921134,0.4921135646687697
266,12.674709964899577,80,0.26365842408800805,0.00025507427837113934,0.9720469799871848,0.15,0.0875,0.6,0.1625
267,124.81610352797553,1000,0.26234528823508246,0.00025377243359646324,0.921241009097252,0.576,0.132,0.18,0.112
268,133.3604311976877,1000,0.2610386923809231,0.00025247723316016644,0.9450398480302815,0.304,0.097,0.173,0.426
269,116.34495980894475,1000,0.25973860395343634,0.0002511886431509614,0.9033046170617965,0.471,0.22,0.208,0.101
270,2.864873643494448,120,0.25844499054275216,0.0002499066298306366,0.9196097207830595,0.08333333333333333,0.2,0.49166666666666664,0.225
271,100.92614811160904,1000,0.257157819900416,0.00024863115963317297,0.9063844305390577,0.194,0.556,0.167,0.083
272,135.85589067393695,1000,0.2558770599385848,0.0002473621991638655,0.9198643732917251,0.577,0.193,0.154,0.076
273,-214.05013352989738,657,0.25460267872922737,0.0002460997151984486,0.9055414946987902,0.1339421613394216,0.1248097412480974,0.5616438356164384,0.1796042617960426
274,82.61764849518393,1000,0.25333464450332815,0.00024484367468222606,0.8885136308638774,0.423,0.096,0.192,0.289
275,179.8925846920423,518,0.25207292565009537,0.00024359404472920604,0.9085414048067162,0.2528957528957529,0.09266409266409266,0.3030888030888031,0.35135135135135137
276,-9.36591788933653,132,0.25081749071617304,0.00024235079262123965,0.8976551487774206,0.12878787878787878,0.19696969696969696,0.5454545454545454,0.12878787878787878
277,-79.57769589692965,285,0.24956830840485686,0.00024111388580716448,0.8889513921454892,0.10526315789473684,0.17543859649122806,0.5649122807017544,0.1543859649122807
278,68.13976838572007,1000,0.2483253475753139,0.00023988329190195238,0.8855599631214707,0.275,0.499,0.158,0.068
279,126.89359092467114,1000,0.24708857724180652,0.00023865897868586143,0.8860401341601102,0.582,0.12,0.183,0.115
280,38.33636071418566,1000,0.24585796657291967,0.0002374409141035924,0.8718241572709006,0.319,0.407,0.22,0.054
281,-132.1483151725937,447,0.24463348489079248,0.00023622906626344953,0.8630538081999203,0.10961968680089486,0.16554809843400448,0.5592841163310962,0.16554809843400448
282,-49.44507599234558,281,0.2434151016703534,0.0002350234034365054,0.8785960233659932,0.11387900355871886,0.15658362989323843,0.594306049822064,0.13523131672597866
283,27.159172291290787,90,0.2422027865385593,0.00023382389405577036,0.8857527891755437,0.06666666666666667,0.2,0.5555555555555556,0.17777777777777778
284,21.767844246668133,142,0.24099650927363828,0.00023263050671536593,0.8597609368099783,0.11267605633802817,0.22535211267605634,0.44366197183098594,0.21830985915492956
285,-87.69268003917921,87,0.2397962398043362,0.0002314432101697025,0.8607290755588459,0.27586206896551724,0.22988505747126436,0.3103448275862069,0.1839080459770115
286,107.49634119333581,811,0.23860194820916716,0.00023026197333266135,0.9080626281550938,0.1220715166461159,0.31442663378545005,0.4254007398273736,0.1381011097410604
287,244.29230942383367,311,0.2374136047156675,0.00022908676527678062,0.8667147366926966,0.45016077170418006,0.13183279742765272,0.3054662379421222,0.11254019292604502
288,157.28501285357655,1000,0.23623117969965363,0.0002279175552324457,0.8596052411557139,0.634,0.13,0.128,0.108
289,202.84515140044638,379,0.23505464368448353,0.00022675431258708346,0.8980116395550156,0.23482849604221637,0.10026385224274406,0.39577836411609496,0.2691292875989446
290,123.98753398543785,1000,0.23388396734032196,0.0002255970068843609,0.8866415555619311,0.646,0.101,0.156,0.097
291,90.40718915962256,1000,0.23271912148340923,0.00022444560782338763,0.8799567747682618,0.462,0.31,0.144,0.084
292,94.71486558279983,1000,0.2315600770753337,0.00022330008525792253,0.8790148532690328,0.518,0.243,0.168,0.071
293,110.51237820710502,1000,0.2304068052223079,0.00022216040919558445,0.8893797922393528,0.616,0.172,0.106,0.106
294,62.77979803674219,1000,0.22925927717444824,0.000221026549797067,0.8680511952406765,0.239,0.068,0.136,0.557
295,-1.9405020947396423,111,0.22811746432505836,0.0002198984773753573,0.8643830286497898,0.15315315315315314,0.18018018018018017,0.46846846846846846,0.1981981981981982
296,18.06318603718131,88,0.2269813382099158,0.00021877616239495854,0.8887970780944756,0.2727272727272727,0.10227272727272728,0.5340909090909091,0.09090909090909091
297,-52.15866418302289,93,0.2258508705065627,0.0002176595754711169,0.8044825430413527,0.0967741935483871,0.1827956989247312,0.5698924731182796,0.15053763440860216
298,54.066900138852496,1000,0.22472603303359945,0.000216548687369052,0.8705397823745873,0.248,0.489,0.181,0.082
299,110.47735563388491,1000,0.2236067977499824,0.00021544346900319165,0.862412111593139,0.284,0.456,0.183,0.077
300,223.9631988825213,544,0.22249313675432472,0.00021434389143641013,0.8584475324372912,0.5698529411764706,0.1801470588235294,0.1636029411764706,0.08639705882352941
301,146.85568059538522,1000,0.22138502228420082,0.00021324992587927068,0.8517456280365406,0.559,0.166,0.168,0.107
302,221.1849034023746,995,0.22028242671545434,0.0002121615436892717,0.8488851095341929,0.6773869346733669,0.10552763819095477,0.13768844221105528,0.07939698492462312
303,223.35245726309375,369,0.21918532256150944,0.00021107871637009683,0.869890168736194,0.4010840108401084,0.11924119241192412,0.24661246612466126,0.23306233062330622
304,99.996446312989,1000,0.21809368247268562,0.00021000141557086878,0.8405972741592398,0.343,0.331,0.261,0.065
305,227.97693078404458,782,0.21700747923551592,0.00020892961308540718,0.807062408758291,0.5345268542199488,0.05370843989769821,0.20843989769820973,0.20332480818414322
306,30.59486534084577,1000,0.2159266857720685,0.00020786328085148993,0.7981026261866453,0.147,0.098,0.281,0.474
307,126.87714155179987,1000,0.21485127513927166,0.00020680239095011854,0.8133238880340973,0.458,0.166,0.27,0.106
308,1.9150278878987308,92,0.21378122052824208,0.00020574691560478717,0.8575457941394409,0.16304347826086957,0.14130434782608695,0.5760869565217391,0.11956521739130435
309,109.88098408494025,1000,0.21271649526361663,0.00020469682718075532,0.7818579701965194,0.61,0.142,0.146,0.102
310,4.891290944825485,119,0.21165707280288729,0.00020365209818432435,0.7728784024422037,0.17647058823529413,0.21008403361344538,0.453781512605042,0.15966386554621848
311,82.8535684943876,1000,0.2106029267357395,0.00020261270126211757,0.7910648260497125,0.336,0.371,0.214,0.079
312,-45.9738661053823,106,0.20955403078339377,0.0002015786092003641,0.7807291146496933,0.1509433962264151,0.1792452830188679,0.4528301886792453,0.2169811320754717
313,213.4369527849806,836,0.2085103587979506,0.00020054979492418635,0.7725705467621894,0.4988038277511962,0.19138755980861244,0.20813397129186603,0.10167464114832536
314,65.19122846367853,1000,0.20747188476173858,0.00019952623149689116,0.7990688546133522,0.232,0.068,0.152,0.548
315,76.75732979224883,1000,0.2064385827866659,0.0001985078921192645,0.795973877310103,0.479,0.184,0.248,0.089
316,288.77638288924936,554,0.20541042711357488,0.00019749475012886982,0.7703612791920994,0.47653429602888087,0.08664259927797834,0.15703971119133575,0.27978339350180503
317,-186.2649407476763,188,0.2043873921115999,0.00019648677899934995,0.7726851892116048,0.15425531914893617,0.11702127659574468,0.42021276595744683,0.30851063829787234
318,125.45853744176875,1000,0.20336945227752837,0.00019548395233973259,0.7706908195245303,0.642,0.086,0.114,0.158
319,265.7414730461533,763,0.20235658223516506,0.0001944862438937394,0.7652911144569223,0.5897771952817824,0.1218872870249017,0.19921363040629095,0.0891218872870249
320,14.201601789027094,144,0.2013487567346994,0.0001934936275390984,0.7807164428162744,0.13194444444444445,0.18055555555555555,0.5,0.1875
321,152.20288031677072,1000,0.20034595065207608,0.0001925060772868602,0.7604149209951206,0.608,0.099,0.142,0.151
322,143.27392813177036,476,0.19934813898836876,0.00019152356728071747,0.7530019378233243,0.15336134453781514,0.10504201680672269,0.4117647058823529,0.32983193277310924
323,107.48825811367352,1000,0.1983552968691568,0.00019054607179632788,0.7515253900079035,0.133,0.672,0.127,0.068
324,246.47710388103812,433,0.1973673995439052,0.00018957356524064073,0.7445476175906841,0.5866050808314087,0.10161662817551963,0.19861431870669746,0.11316397228637413
325,144.7608792022348,921,0.19638442238534762,0.0001886060221512268,0.7578617892205354,0.1487513572204126,0.11943539630836048,0.1259500542888165,0.6058631921824105
326,138.86834229060202,1000,0.19540634088887243,0.00018764341719561167,0.7481047902945375,0.62,0.065,0.099,0.216
327,67.30613019736087,1000,0.1944331306719118,0.00018668572517061246,0.7645907032933952,0.155,0.504,0.183,0.158
328,176.26416367952194,1000,0.19346476747333397,0.00018573292100167797,0.7638596498160724,0.621,0.114,0.153,0.112
329,236.40044959769187,383,0.19250122715283827,0.0001847849797422322,0.7648465101245921,0.5013054830287206,0.11488250652741515,0.2297650130548303,0.15404699738903394
330,119.35613112484565,1000,0.19154248569035348,0.00018384187657302114,0.7406260790149439,0.408,0.404,0.137,0.051
331,142.55052182796086,1000,0.190588519185439,0.00018290358680146294,0.7745830020117698,0.562,0.236,0.103,0.099
332,177.57032590239913,1000,0.18963930385668903,0.00018197008586100144,0.7548129211327844,0.476,0.228,0.141,0.155
333,229.46718699171626,346,0.18869481604113966,0.00018104134931046296,0.749909552953405,0.3988439306358382,0.21965317919075145,0.2832369942196532,0.09826589595375723
334,234.00918123885344,263,0.1877550321936791,0.00018011735283341638,0.7410453452437424,0.2889733840304182,0.11787072243346007,0.4752851711026616,0.11787072243346007
335,272.885017539414,510,0.18681992888646057,0.00017919807223753644,0.7283210588784867,0.596078431372549,0.1392156862745098,0.1568627450980392,0.10784313725490197
336,238.1133737273715,362,0.18588948280831843,0.00017828348345397035,0.7250519457269907,0.5193370165745856,0.16298342541436464,0.1878453038674033,0.1298342541436464
337,-13.802860822917708,94,0.18496367076418696,0.0001773735625367076,0.7024881620160968,0.10638297872340426,0.1595744680851064,0.5319148936170213,0.20212765957446807
338,223.62523347927836,779,0.18404246967452215,0.00017646828566195307,0.7127305629457813,0.6020539152759948,0.10141206675224647,0.15789473684210525,0.1386392811296534
339,-7.121723983448987,119,0.18312585657472633,0.00017556762912750317,0.684203166389437,0.16806722689075632,0.15126050420168066,0.5546218487394958,0.12605042016806722
340,-19.25880827826532,71,0.18221380861457573,0.00017467156935212534,0.7053517818772702,0.1267605633802817,0.15492957746478872,0.5070422535211268,0.2112676056338028
341,254.90101061240398,389,0.18130630305765083,0.00017378008287494056,0.7060632265875384,0.2519280205655527,0.37017994858611825,0.2493573264781491,0.12853470437017994
342,-167.9755024956023,316,0.18040331728076958,0.0001728931463548092,0.7055653159453839,0.08227848101265822,0.12658227848101267,0.49683544303797467,0.29430379746835444
343,18.009367144862324,98,0.17950482877342336,0.0001720107365697198,0.7491736229888742,0.08163265306122448,0.21428571428571427,0.5306122448979592,0.17346938775510204
344,146.84878327567688,1000,0.17861081513721588,0.00017113283041618108,0.7180918070036348,0.59,0.079,0.155,0.176
345,-17.1009243430874,100,0.17772125408530481,0.00017025940490861708,0.7643116360218,0.08,0.18,0.52,0.22
346,273.48985571410077,891,0.17683612344184615,0.00016939043717876533,0.7073772038710768,0.6778900112233446,0.12008978675645342,0.13131313131313133,0.0707070707070707
347,-16.352072384805894,93,0.17595540114144145,0.0001685259044750781,0.6944419473262218,0.20430107526881722,0.15053763440860216,0.5806451612903226,0.06451612903225806
348,164.0558270335587,1000,0.17507906522858774,0.0001676657841621267,0.7051572238144567,0.635,0.095,0.155,0.115
349,34.70388388117112,98,0.17420709385713018,0.00016681005372000884,0.6962342784140902,0.1836734693877551,0.15306122448979592,0.4897959183673469,0.17346938775510204
350,242.18063487811898,592,0.17333946528971744,0.00016595869074375902,0.6913546481560684,0.6165540540540541,0.10641891891891891,0.17060810810810811,0.10641891891891891
351,252.39033114662323,325,0.1724761578972599,0.00016511167294276194,0.6822915176265923,0.28923076923076924,0.28,0.28615384615384615,0.14461538461538462
352,98.85050173217022,1000,0.17161715015839032,0.0001642689781401688,0.7024240964790603,0.633,0.104,0.166,0.097
353,251.82303205982305,214,0.1707624206589275,0.00016343058427231672,0.6838379381799227,0.40654205607476634,0.18691588785046728,0.32242990654205606,0.08411214953271028
354,237.28704489772144,329,0.16991194809134227,0.0001625964693881511,0.7076949831628022,0.5045592705167173,0.1033434650455927,0.3100303951367781,0.08206686930091185
355,227.94878253999985,595,0.16906571125422645,0.00016176661164865082,0.6928589479944881,0.4756302521008403,0.09243697478991597,0.16302521008403362,0.2689075630252101
356,183.64185620235915,466,0.16822368905176427,0.00016094098932625646,0.6912391538625917,0.07725321888412018,0.08798283261802575,0.23605150214592274,0.5987124463519313
357,123.86752688346674,1000,0.16738586049320645,0.00016011958080430143,0.7059469473666363,0.531,0.276,0.133,0.06
358,191.95652287947058,540,0.16655220469234697,0.00015930236457644602,0.7035342602819551,0.13703703703703704,0.11851851851851852,0.45555555555555555,0.28888888888888886
359,217.01855707642034,794,0.1657227008670024,0.0001584893192461143,0.6850602989278164,0.08690176322418136,0.03904282115869018,0.1297229219143577,0.7443324937027708
360,218.22871583584418,525,0.16489732833849374,0.00015768042352593388,0.6846860070359776,0.2438095238095238,0.26095238095238094,0.2723809523809524,0.22285714285714286
361,-23.21957228175708,101,0.16407606653113102,0.00015687565623717862,0.6966270473291625,0.1782178217821782,0.1485148514851485,0.504950495049505,0.16831683168316833
362,195.2263431589122,418,0.16325889497170032,0.00015607499630921405,0.7089614564523193,0.13157894736842105,0.05263157894736842,0.3349282296650718,0.48086124401913877
363,25.752085995582874,93,0.16244579328895342,0.00015527842277894576,0.7309747527023965,0.13978494623655913,0.17204301075268819,0.5591397849462365,0.12903225806451613
364,210.1528418752411,728,0.16163674121309993,0.00015448591479027047,0.6884744448359184,0.07967032967032966,0.059065934065934064,0.13186813186813187,0.7293956043956044
365,242.87431894445876,444,0.16083171857530196,0.00015369745159353004,0.6788537160759458,0.5743243243243243,0.0945945945945946,0.23648648648648649,0.0945945945945946
366,252.59557755960444,297,0.16003070530717145,0.00015291301254496815,0.6704497130651627,0.3939393939393939,0.1111111111111111,0.3434343434343434,0.15151515151515152
367,262.45629737308127,984,0.1592336814402698,0.00015213257710618982,0.6925534178243788,0.6371951219512195,0.11077235772357724,0.10670731707317073,0.14532520325203252
368,102.30803674091985,1000,0.15844062710561005,0.00015135612484362367,0.6707373208811758,0.333,0.425,0.16,0.082
369,202.30695406494462,415,0.15765152253316161,0.0001505836354279869,0.6796577049147554,0.40481927710843374,0.08674698795180723,0.3421686746987952,0.16626506024096385
370,283.9629573987079,347,0.15686634805135746,0.00014981508863375306,0.6617473545496849,0.5706051873198847,0.08645533141210375,0.22478386167146974,0.11815561959654179
371,36.768413512790914,297,0.15608508408660363,0.00014905046433862245,0.6936689711736282,0.5185185185185185,0.04377104377104377,0.21548821548821548,0.2222222222222222
372,263.1054555436257,500,0.15530771116279135,0.0001482897425229953,0.6864296542691002,0.424,0.342,0.16,0.074
373,249.2129616608947,159,0.15453420990081157,0.00014753290326944765,0.6653804147717726,0.2893081761006289,0.11949685534591195,0.46540880503144655,0.12578616352201258
374,18.288412145468527,97,0.1537645610180717,0.0001467799267622098,0.7056830312028305,0.13402061855670103,0.16494845360824742,0.5876288659793815,0.1134020618556701
375,267.9899345482022,522,0.15299874532801508,0.00014603079328664748,0.6852840980461206,0.5076628352490421,0.19348659003831417,0.15708812260536398,0.1417624521072797
376,70.46249827810715,1000,0.15223674373964258,0.0001452854832287458,0.6799602850512224,0.417,0.344,0.182,0.057
377,269.1597010417728,674,0.15147853725703672,0.00014454397707459556,0.6732149801160223,0.46735905044510384,0.14985163204747776,0.17804154302670624,0.20474777448071216
378,178.37598230153344,822,0.1507241069788881,0.0001438062554098824,0.6653548309755934,0.3381995133819951,0.3710462287104623,0.2141119221411192,0.07664233576642336
379,11.044779752960565,270,0.14997343409802424,0.00014307229891937854,0.6619995655052909,0.17777777777777778,0.1,0.5888888888888889,0.13333333333333333
380,268.9858624372391,294,0.1492264999009407,0.00014234208838643692,0.6917037361674478,0.5136054421768708,0.09863945578231292,0.24489795918367346,0.14285714285714285
381,268.23307487880083,354,0.14848328576733458,0.00014161560469248824,0.6477016419255445,0.5028248587570622,0.10734463276836158,0.2514124293785311,0.1384180790960452
382,-0.5750886888015145,94,0.14774377316964035,0.00014089282881654024,0.6785279809662007,0.09574468085106383,0.22340425531914893,0.5212765957446809,0.1595744680851064
383,209.22328703595724,632,0.147007943672568,0.00014017374183467976,0.6722775480293983,0.07911392405063292,0.08544303797468354,0.2563291139240506,0.5791139240506329
384,260.72710136566366,287,0.14627577893264343,0.0001394583249195773,0.6617558623447881,0.34146341463414637,0.07665505226480836,0.45993031358885017,0.12195121951219512
385,102.61803019202263,1000,0.14554726069775115,0.00013874655933999398,0.6756820834800038,0.624,0.098,0.156,0.122
386,13.480633655984704,123,0.1448223708066793,0.00013803842646029123,0.6536988893823018,0.21951219512195122,0.10569105691056911,0.5203252032520326,0.15447154471544716
387,225.40578210289758,360,0.14410109118866696,0.0001373339077399428,0.6530413468129256,0.49722222222222223,0.1,0.26666666666666666,0.1361111111111111
388,-94.01116297757201,545,0.14338340386295353,0.00013663298473304928,0.6730620235629621,0.3706422018348624,0.25688073394495414,0.27339449541284405,0.09908256880733946
389,282.92443537180964,222,0.1426692909383306,0.0001359356390878553,0.6764413608551647,0.4594594594594595,0.06756756756756757,0.32882882882882886,0.14414414414414414
390,51.612220427782006,1000,0.14195873461269595,0.00013524185254626883,0.6736694114468924,0.142,0.058,0.246,0.554
391,223.60327795298016,307,0.14125171717260968,0.00013455160694338334,0.6765275137426123,0.21498371335504887,0.10749185667752444,0.5472312703583062,0.13029315960912052
392,-29.417115529329134,1000,0.1405482209928527,0.00013386488420700205,0.675598047135647,0.187,0.132,0.555,0.126
393,278.6011867307197,283,0.13984822853598727,0.00013318166635716485,0.6881814415881308,0.254416961130742,0.24028268551236748,0.26501766784452296,0.24028268551236748
394,241.50903662782932,282,0.13915172235191997,0.00013250193550567755,0.7087119210171248,0.5815602836879432,0.07092198581560284,0.2872340425531915,0.06028368794326241
395,183.3943389997479,653,0.13845868507746648,0.00013182567385564342,0.6666489404081047,0.22358346094946402,0.4946401225114854,0.2113323124042879,0.07044410413476264
396,251.93818637450065,180,0.1377690994359189,0.00013115286370099735,0.6511205204138424,0.2388888888888889,0.16666666666666666,0.4111111111111111,0.18333333333333332
397,247.33176765257426,977,0.13708294823661493,0.00013048348742604221,0.6780770924462798,0.72978505629478,0.10440122824974411,0.10133060388945753,0.06448311156601842
398,248.79342526701672,329,0.13640021437450947,0.00012981752750498761,0.6649468081124073,0.5440729483282675,0.1337386018237082,0.2613981762917933,0.060790273556231005
399,145.3932531159243,1000,0.1357208808297481,0.0001291549665014911,0.6750137563143767,0.508,0.171,0.2,0.121
400,112.83737406719183,1000,0.13504493066724277,0.00012849578706820153,0.6743814534814612,0.542,0.226,0.169,0.063
401,267.2102724141489,510,0.13437234703624976,0.00012783997194630505,0.6659095305057995,0.6549019607843137,0.06470588235294118,0.1843137254901961,0.09607843137254903
402,233.9256222798138,347,0.13370311316994946,0.00012718750396507303,0.6835591701259224,0.29394812680115273,0.07204610951008646,0.2276657060518732,0.40634005763688763
403,254.097439614353,983,0.1330372123850285,0.0001265383660414126,0.6450532097766416,0.7202441505595117,0.06002034587995931,0.09867751780264497,0.12105798575788403
404,-29.473610636248935,98,0.13237462808126377,0.0001258925411794194,0.7039539423203687,0.20408163265306123,0.1326530612244898,0.47959183673469385,0.1836734693877551
405,186.29907940401043,710,0.13171534374110866,0.00012525001246993246,0.6483394775890866,0.504225352112676,0.11690140845070422,0.3028169014084507,0.07605633802816901
406,231.7916582095745,496,0.13105934292928123,0.00012461076309009165,0.6613763836761424,0.6431451612903226,0.09274193548387097,0.1532258064516129,0.11088709677419355
407,-8.100319219047869,1000,0.1304066092923546,0.00012397477630289708,0.65743202817375,0.197,0.31,0.392,0.101
408,116.51909632312187,1000,0.12975712655834912,0.00012334203545677095,0.6584258460436999,0.448,0.347,0.146,0.059
409,264.00194994243395,968,0.12911087853632688,0.00012271252398512162,0.6613934022616162,0.5382231404958677,0.11880165289256199,0.18491735537190082,0.15805785123966942
410,175.8962881828529,612,0.128467849115988,0.00012208622540590974,0.6649782065017783,0.31209150326797386,0.3022875816993464,0.27941176470588236,0.10620915032679738
411,267.76539020756917,238,0.12782802226726903,0.00012146312332121679,0.6750386654856957,0.3907563025210084,0.10504201680672269,0.2815126050420168,0.22268907563025211
412,258.98036429864356,817,0.12719138203994332,0.00012084320141681574,0.6807585181169333,0.5752753977968176,0.17135862913096694,0.14320685434516525,0.11015911872705018
413,-181.5262390590244,447,0.1265579125632235,0.0001202264434617439,0.6761523999152578,0.09619686800894854,0.12080536912751678,0.47651006711409394,0.30648769574944074
414,261.65297996589874,219,0.12592759804536563,0.00011961283330787796,0.6836962357664577,0.4292237442922374,0.1050228310502283,0.319634703196347,0.1461187214611872
415,254.00759645623384,297,0.1253004227732758,0.00011900235488951118,0.6776040426248002,0.531986531986532,0.11447811447811448,0.25925925925925924,0.09427609427609428
416,263.3244413364432,163,0.12467637111211817,0.00011839499222293278,0.6562073318233764,0.3006134969325153,0.1165644171779141,0.4294478527607362,0.15337423312883436
417,183.09219728948423,537,0.12405542750492535,0.00011779072940600942,0.6677719679812022,0.19366852886405958,0.35567970204841715,0.34823091247672255,0.10242085661080075
418,285.1659214205538,261,0.12343757647221056,0.00011718955061776886,0.6693310986407146,0.4942528735632184,0.06513409961685823,0.29118773946360155,0.14942528735632185
419,243.0759166342987,437,0.1228228026115817,0.00011659144011798575,0.675970340819174,0.5812356979405034,0.10755148741418764,0.23569794050343248,0.07551487414187644
420,92.68505380892807,1000,0.12221109059735742,0.00011599638224676948,0.6626255871706372,0.431,0.053,0.201,0.315
421,263.9287937554489,501,0.12160242518018508,0.00011540436142415419,0.6599462643085102,0.5129740518962076,0.13373253493013973,0.21357285429141717,0.13972055888223553
422,293.8205108143691,468,0.12099679118666054,0.00011481536214969084,0.6572792685668817,0.45085470085470086,0.11752136752136752,0.3247863247863248,0.10683760683760683
423,238.90986470407864,539,0.12039417351894997,0.0001142293690020414,0.6559619590242823,0.5918367346938775,0.11873840445269017,0.150278293135436,0.1391465677179963
424,268.96079066445844,508,0.11979455715441345,0.00011364636663857504,0.6564092908945883,0.42913385826771655,0.14763779527559054,0.2755905511811024,0.14763779527559054
425,250.5222201477837,196,0.11919792714523043,0.00011306633979496645,0.6614204184445076,0.3163265306122449,0.14795918367346939,0.3520408163265306,0.1836734693877551
426,195.03949183166253,432,0.11860426861802718,0.0001124892732847962,0.6441655493494278,0.09722222222222222,0.5763888888888888,0.2638888888888889,0.0625
427,97.5598944675618,792,0.11801356677350594,0.00011191515199915312,0.6585437997095746,0.11363636363636363,0.1275252525252525,0.4633838383838384,0.29545454545454547
428,250.12539712894386,562,0.11742580688607601,0.00011134396090623867,0.6538016648244321,0.21352313167259787,0.09074733096085409,0.14768683274021352,0.5480427046263345
429,257.74318215775395,341,0.11684097430348667,0.00011077568505097344,0.6536992944950757,0.5542521994134897,0.07917888563049853,0.25513196480938416,0.11143695014662756
430,285.16530030564945,251,0.1162590544464619,0.00011021030955460552,0.6588857098781132,0.27091633466135456,0.11553784860557768,0.3745019920318725,0.23904382470119523
431,261.1946924827512,355,0.11568003280833696,0.00010964781961432101,0.6522895788715563,0.4591549295774648,0.17183098591549295,0.23098591549295774,0.13802816901408452
432,268.15760505953097,233,0.1151038949546967,0.00010908820050285642,0.641385160113515,0.38626609442060084,0.11587982832618025,0.296137339055794,0.2017167381974249
433,284.3091686011205,244,0.11453062652301578,0.00010853143756811307,0.6609186939499574,0.2827868852459016,0.18032786885245902,0.29098360655737704,0.2459016393442623
434,128.11901039130228,1000,0.1139602132223006,0.00010797751623277346,0.6480478744476624,0.326,0.504,0.12,0.05
435,292.6730752220202,384,0.11339264083273302,0.00010742642199391962,0.6402319755888733,0.3098958333333333,0.18489583333333334,0.3828125,0.12239583333333333
436,112.37611378967443,1000,0.11282789520531596,0.00010687814042265338,0.6412376821005107,0.452,0.05,0.127,0.371
437,285.06467632878815,612,0.11226596226152054,0.0001063326571637186,0.6449110587158666,0.4068627450980392,0.19607843137254902,0.2696078431372549,0.12745098039215685
438,130.75387456334317,1000,0.11170682799293526,0.00010578995793512529,0.6523353702018085,0.592,0.237,0.118,0.053
439,140.5273634884548,1000,0.11115047846091669,0.00010525002852777575,0.6479093983140269,0.501,0.351,0.101,0.047
440,197.67281200663467,362,0.11059689979624203,0.0001047128548050924,0.6439596526612739,0.3314917127071823,0.11049723756906077,0.43646408839779005,0.12154696132596685
441,29.61621632014539,1000,0.11004607819876336,0.00010417842270264782,0.6436623162217422,0.161,0.116,0.458,0.265
442,235.2704312968764,970,0.1094979999370636,0.00010364671822779637,0.6315101571208716,0.6659793814432989,0.16288659793814433,0.12061855670103093,0.050515463917525774
443,119.09255255180852,1000,0.10895265134811426,0.00010311772745930794,0.6264720185008469,0.381,0.423,0.153,0.043
444,270.19777978908496,302,0.10841001883693473,0.0001025914365470034,0.615998541126726,0.26490066225165565,0.19536423841059603,0.423841059602649,0.11589403973509933
445,-133.49921887479076,291,0.10787008887625348,0.00010206783171139196,0.6410208898573668,0.15807560137457044,0.49140893470790376,0.2646048109965636,0.0859106529209622
446,282.8680450244966,200,0.10733284800617075,0.00010154689924331044,0.6457827463739301,0.445,0.065,0.4,0.09
447,162.14323036249203,664,0.10679828283382309,0.00010102862550356429,0.6185407237426811,0.1686746987951807,0.5737951807228916,0.20481927710843373,0.05271084337349398
448,251.43268783281164,421,0.10626638003304942,0.00010051299692257053,0.6340525921034512,0.48693586698337293,0.07600950118764846,0.2850356294536817,0.15201900237529692
449,273.6864239712264,522,0.10573712634405887,0.0001000000000000024,0.6298624169145766,0.5076628352490421,0.1839080459770115,0.19923371647509577,0.10919540229885058
450,148.38067984382099,611,0.10521050857310017,9.948962130443598e-05,0.627594179739571,0.22585924713584288,0.1276595744680851,0.5531914893617021,0.09328968903436989
451,270.76703391624693,760,0.10468651359213282,9.898184747299844e-05,0.6195420274247853,0.45789473684210524,0.3078947368421053,0.09868421052631579,0.1355263157894737
452,212.71609405070876,687,0.10416512833849978,9.847666521101821e-05,0.6234020188281798,0.17321688500727803,0.5065502183406113,0.16302765647743814,0.1572052401746725
453,-31.2119781163097,1000,0.1036463398146018,9.797406129167691e-05,0.6178723847392846,0.212,0.108,0.574,0.106
454,256.50075666703265,248,0.1031301350875735,9.747402255566301e-05,0.6135501506628167,0.32661290322580644,0.0967741935483871,0.4717741935483871,0.10483870967741936
455,143.1616599468064,1000,0.10261650128896083,9.69765359108273e-05,0.6313933094860507,0.685,0.087,0.125,0.103
456,261.94357861433974,395,0.10210542561440039,9.648158833184013e-05,0.6300637001707918,0.41012658227848103,0.11645569620253164,0.36455696202531646,0.10886075949367088
457,272.13133047153383,282,0.10159689532330018,9.598916685985032e-05,0.6074478586206445,0.40425531914893614,0.11347517730496454,0.2695035460992908,0.2127659574468085
458,257.02075675634137,363,0.10109089773852199,9.549925860214595e-05,0.6280131834964383,0.4738292011019284,0.09641873278236915,0.30578512396694213,0.12396694214876033
459,222.3107653498703,472,0.10058742024606539,9.501185073181671e-05,0.6252085546606344,0.15889830508474576,0.5190677966101694,0.2605932203389831,0.0614406779661017
460,281.44289170957893,528,0.10008645029475326,9.452693048741816e-05,0.617808705110865,0.3106060606060606,0.20454545454545456,0.26325757575757575,0.2215909090909091
461,7.408259744212771,148,0.09958797539591889,9.404448517263751e-05,0.6004525455745706,0.13513513513513514,0.18243243243243243,0.527027027027027,0.1554054054054054
462,-87.19366111472151,1000,0.0990919831230947,9.356450215596125e-05,0.6136233132044127,0.237,0.094,0.575,0.094
463,267.9465186875959,214,0.09859846111170241,9.308696887034445e-05,0.6085216823103352,0.32242990654205606,0.12149532710280374,0.38317757009345793,0.17289719626168223
464,260.1251337561729,397,0.09810739705874481,9.261187281288167e-05,0.6137606257495886,0.4181360201511335,0.10831234256926953,0.37531486146095716,0.0982367758186398
465,215.70232616185362,526,0.0976187787224991,9.213920154447967e-05,0.6102955846054398,0.5228136882129277,0.12927756653992395,0.2661596958174905,0.0817490494296578
466,252.91640804607738,480,0.09713259392221169,9.166894268953164e-05,0.6196655118119456,0.41458333333333336,0.13958333333333334,0.25625,0.18958333333333333
467,168.5317519579139,624,0.09664883053779448,9.120108393559328e-05,0.6106280683733194,0.22275641025641027,0.08653846153846154,0.4358974358974359,0.2548076923076923
468,214.8235587511649,363,0.09616747650952286,9.073561303306037e-05,0.6183134463987585,0.1763085399449036,0.17079889807162535,0.5316804407713499,0.12121212121212122
469,274.10858034449507,913,0.09568851983773495,9.027251779484805e-05,0.6101886287907183,0.40744797371303393,0.3559693318729463,0.12376779846659365,0.11281489594742607
470,140.70775575064405,1000,0.09521194858253253,8.981178609607174e-05,0.6059180375231817,0.512,0.066,0.154,0.268
471,-3.995909480163789,103,0.09473775086348335,8.935340587372971e-05,0.6125380419290214,0.13592233009708737,0.13592233009708737,0.5048543689320388,0.22330097087378642
472,223.38874478927193,226,0.09426591485932499,8.88973651263872e-05,0.6007523969221362,0.24778761061946902,0.15486725663716813,0.4823008849557522,0.11504424778761062
473,280.6133364781287,352,0.09379642880767017,8.844365191386223e-05,0.6042547818639348,0.24431818181818182,0.17329545454545456,0.4403409090909091,0.14204545454545456
474,217.25098442642494,627,0.09332928100471348,8.799225435691295e-05,0.605215955664516,0.3588516746411483,0.2711323763955343,0.2934609250398724,0.07655502392344497
475,212.56775950187694,463,0.09286445980493968,8.754316063692666e-05,0.604669865654125,0.24622030237580994,0.0755939524838013,0.4017278617710583,0.27645788336933047
476,277.8770746934352,324,0.09240195362083334,8.70963589956103e-05,0.6165608387859134,0.2191358024691358,0.24074074074074073,0.31790123456790126,0.2222222222222222
477,176.0334830582442,1000,0.09194175092259001,8.665183773468267e-05,0.6131783308473427,0.514,0.192,0.098,0.196
478,120.45030931001723,823,0.09148384023782877,8.620958521556806e-05,0.6052991512233221,0.18955042527339003,0.4617253948967193,0.29526123936816523,0.053462940461725394
479,177.60197427724887,424,0.09102821015130624,8.576958985909162e-05,0.6034158386488675,0.06132075471698113,0.12264150943396226,0.3490566037735849,0.4669811320754717
480,228.19097178159302,203,0.09057484930463203,8.533184014517613e-05,0.6041909424292901,0.20689655172413793,0.3054187192118227,0.3448275862068966,0.14285714285714285
481,247.35117560457252,461,0.09012374639598555,8.489632461254036e-05,0.6002156836320438,0.30585683297180044,0.04121475054229935,0.19522776572668113,0.45770065075921906
482,211.24835737410956,843,0.08967489017983431,8.446303185839905e-05,0.5978340265413415,0.29062870699881377,0.5124555160142349,0.14472123368920523,0.05219454329774614
483,258.840234014316,289,0.08922826946665352,8.40319505381643e-05,0.6126014352704775,0.35294117647058826,0.2422145328719723,0.3079584775086505,0.09688581314878893
484,72.674229727833,1000,0.08878387312264722,8.36030693651486e-05,0.5965346817642353,0.288,0.579,0.099,0.034
485,264.36132306696936,202,0.0883416900694707,8.317637711026927e-05,0.608724597600561,0.21287128712871287,0.21782178217821782,0.4405940594059406,0.12871287128712872
486,249.2108787112709,273,0.08790170928395427,8.275186260175448e-05,0.605056070696459,0.315018315018315,0.10256410256410256,0.47619047619047616,0.10622710622710622
487,282.78751874628495,268,0.08746391979782855,8.232951472485073e-05,0.5815070166150605,0.3358208955223881,0.06716417910447761,0.5074626865671642,0.08955223880597014
488,231.25070063699653,298,0.08702831069745101,8.190932242153187e-05,0.5891061120692365,0.2348993288590604,0.1040268456375839,0.41946308724832215,0.24161073825503357
489,240.2789424527179,333,0.08659487112353387,8.149127469020957e-05,0.5907672357092463,0.13213213213213212,0.4954954954954955,0.27927927927927926,0.09309309309309309
490,230.34758641049046,310,0.08616359027087342,8.107536058544523e-05,0.58822534808672,0.24516129032258063,0.14193548387096774,0.49032258064516127,0.12258064516129032
491,236.06063044536472,472,0.08573445738808068,8.066156921766346e-05,0.6027352982125316,0.3008474576271186,0.1843220338983051,0.4194915254237288,0.09533898305084745
492,155.4833485359798,545,0.08530746177731334,8.024988975286695e-05,0.5808693435510687,0.08440366972477065,0.11009174311926606,0.44770642201834865,0.3577981651376147
493,298.9770274719838,237,0.0848825927940091,7.984031141235278e-05,0.602256187396277,0.20675105485232068,0.22784810126582278,0.45569620253164556,0.10970464135021098
494,226.2802241031148,303,0.08445983984662027,7.943282347243025e-05,0.596103920655634,0.1716171617161716,0.1254125412541254,0.5445544554455446,0.15841584158415842
495,219.13736914219493,194,0.0840391923963498,7.902741526414009e-05,0.6098840503288928,0.36597938144329895,0.14432989690721648,0.38144329896907214,0.10824742268041238
496,238.6065893416769,627,0.0836206399568885,7.862407617297512e-05,0.5956309760994078,0.48484848484848486,0.049441786283891544,0.21850079744816586,0.24720893141945774
497,242.88588589165417,402,0.08320417209415364,7.822279563860235e-05,0.5824511790422888,0.31592039800995025,0.12189054726368159,0.44776119402985076,0.11442786069651742
498,262.664578511443,451,0.08278977842602886,7.782356315458647e-05,0.5927281214909548,0.36363636363636365,0.1130820399113082,0.17073170731707318,0.352549889135255
499,287.0668939909632,407,0.08237744862210536,7.742636826811479e-05,0.5894298451227185,0.3194103194103194,0.11547911547911548,0.457002457002457,0.10810810810810811
500,288.61400274849404,331,0.08196717240342434,7.703120057972354e-05,0.5878990944852265,0.3957703927492447,0.0755287009063444,0.44410876132930516,0.08459214501510574
501,205.2025099071489,664,0.08155893954222078,7.66380497430256e-05,0.5859948631545853,0.46686746987951805,0.32228915662650603,0.14006024096385541,0.07078313253012049
502,242.243623703381,265,0.08115273986166843,7.624690546443961e-05,0.5859544445048476,0.6188679245283019,0.05660377358490566,0.2679245283018868,0.05660377358490566
503,283.1351368039643,379,0.08074856323562621,7.585775750292045e-05,0.573431084107399,0.45910290237467016,0.14775725593667546,0.2532981530343008,0.13984168865435356
504,292.7124456309921,423,0.08034639958838564,7.547059566969111e-05,0.5843009676729249,0.15130023640661938,0.28841607565011823,0.33569739952718675,0.22458628841607564
505,251.40566839969847,227,0.0799462388944198,7.508540982797593e-05,0.5878345328019445,0.3568281938325991,0.11013215859030837,0.43171806167400884,0.1013215859030837
506,223.3455211529771,254,0.07954807117813331,7.470218989273521e-05,0.5772165310702512,0.4015748031496063,0.23228346456692914,0.3228346456692913,0.04330708661417323
507,246.3459876396999,223,0.07915188651361367,7.432092583040112e-05,0.5983775377996413,0.30493273542600896,0.14349775784753363,0.3721973094170404,0.17937219730941703
508,205.6165077787331,854,0.07875767502438383,7.394160765861504e-05,0.5891208356087506,0.4847775175644028,0.05503512880562061,0.22482435597189696,0.23536299765807964
509,264.1895560050872,184,0.078365426883156,7.356422544596616e-05,0.5692249577168639,0.2717391304347826,0.11956521739130435,0.45652173913043476,0.15217391304347827
510,251.47003478604313,259,0.07797513231158659,7.318876931173151e-05,0.5812302633627437,0.3204633204633205,0.14285714285714285,0.3938223938223938,0.14285714285714285
511,233.3357046045001,646,0.07758678158003256,7.281522942561718e-05,0.57642052007267,0.33436532507739936,0.11609907120743033,0.15944272445820434,0.39009287925696595
512,268.33606176817915,367,0.07720036500730874,7.244359600750101e-05,0.5719824425647078,0.4114441416893733,0.17438692098092642,0.2506811989100817,0.16348773841961853
513,296.2590379808564,366,0.07681587296044662,7.207385932717653e-05,0.5774445496066866,0.5027322404371585,0.1557377049180328,0.2540983606557377,0.08743169398907104
514,282.4568239458504,274,0.07643329585445409,7.170600970409811e-05,0.5806486721067723,0.35766423357664234,0.145985401459854,0.3759124087591241,0.12043795620437957
515,270.4598437222904,304,0.07605262415207657,7.134003750712762e-05,0.5811541526593844,0.3190789473684211,0.125,0.4407894736842105,0.11513157894736842
516,233.7491592405698,261,0.07567384836355925,7.097593315428215e-05,0.5744550951206444,0.23371647509578544,0.2950191570881226,0.21839080459770116,0.25287356321839083
517,268.02822840017836,230,0.0752969590464105,7.061368711248323e-05,0.590404824004777,0.4391304347826087,0.06521739130434782,0.41739130434782606,0.0782608695652174
518,282.3000691586268,147,0.07492194680516646,7.025328989730719e-05,0.5568750988032385,0.25170068027210885,0.11564625850340136,0.46258503401360546,0.17006802721088435
519,253.43326098665491,181,0.07454880229115689,6.989473207273681e-05,0.5722586190935265,0.3701657458563536,0.06629834254143646,0.4088397790055249,0.15469613259668508
520,293.4405559606174,288,0.07417751620227203,6.953800425091434e-05,0.5686595323332306,0.3472222222222222,0.19444444444444445,0.3298611111111111,0.1284722222222222
521,249.21621458935323,349,0.07380807928273078,6.91830970918956e-05,0.5627718386748378,0.4469914040114613,0.14613180515759314,0.32951289398280803,0.07736389684813753
522,231.77062508779449,259,0.07344048232284993,6.883000130340553e-05,0.5672329471292551,0.15057915057915058,0.4942084942084942,0.27413127413127414,0.08108108108108109
523,248.19432494522817,435,0.07307471615881456,6.847870764059486e-05,0.5787106283442607,0.5011494252873563,0.1471264367816092,0.21839080459770116,0.13333333333333333
524,267.36797377647434,322,0.0727107716724496,6.812920690579805e-05,0.5720123417727969,0.4161490683229814,0.10869565217391304,0.33540372670807456,0.13975155279503104
525,270.6596613580788,330,0.07234863979099258,6.778148994829249e-05,0.569802942095276,0.5333333333333333,0.1,0.2727272727272727,0.09393939393939393
526,269.5311993986704,325,0.07198831148686739,6.743554766405891e-05,0.5854710186012206,0.48307692307692307,0.12307692307692308,0.3046153846153846,0.08923076923076922
527,217.35112919515603,281,0.07162977777745924,6.709137099554301e-05,0.5825746945012205,0.3416370106761566,0.10676156583629894,0.4306049822064057,0.12099644128113879
528,308.6062402860534,241,0.07127302972489075,6.674895093141833e-05,0.5711362540593099,0.21161825726141079,0.25311203319502074,0.3941908713692946,0.14107883817427386
529,253.1546776379132,216,0.07091805843579913,6.64082785063503e-05,0.5663798272692602,0.41203703703703703,0.06944444444444445,0.4398148148148148,0.0787037037037037
530,111.01700070194967,1000,0.07056485506111447,6.606934480076148e-05,0.5735099319095673,0.512,0.324,0.121,0.043
531,288.52319647480095,251,0.07021341079583919,6.573214094059807e-05,0.5783936480996591,0.4302788844621514,0.12350597609561753,0.3426294820717131,0.10358565737051793
532,247.3105793898154,268,0.06986371687882846,6.539665809709758e-05,0.5530169440907945,0.48134328358208955,0.09328358208955224,0.34701492537313433,0.07835820895522388
533,289.3283302142521,238,0.06951576459257186,6.506288748655759e-05,0.5807793432967825,0.23949579831932774,0.18487394957983194,0.44537815126050423,0.13025210084033614
534,224.31602938116237,360,0.06916954526297603,6.473082037010584e-05,0.5685402059480001,0.25555555555555554,0.08888888888888889,0.42777777777777776,0.22777777777777777
535,269.0654634521207,507,0.06882505025914844,6.440044805347146e-05,0.5554029810256781,0.2978303747534517,0.47337278106508873,0.16568047337278108,0.0631163708086785
536,241.6854771067811,233,0.06848227099318223,6.407176188675723e-05,0.5653339940702153,0.3948497854077253,0.0944206008583691,0.3905579399141631,0.12017167381974249
537,278.8977413965764,286,0.06814119891994212,6.374475326421318e-05,0.5628935009334947,0.2937062937062937,0.11188811188811189,0.44405594405594406,0.15034965034965034
538,277.6698154143987,270,0.06780182553685142,6.341941362401126e-05,0.5977374357929092,0.37777777777777777,0.1111111111111111,0.4111111111111111,0.1
539,279.23941583441723,237,0.06746414238368,6.309573444802116e-05,0.562709771411764,0.21518987341772153,0.1729957805907173,0.48523206751054854,0.12658227848101267
540,250.77828157629926,236,0.06712814104233344,6.27737072615873e-05,0.5822918458755947,0.4194915254237288,0.13983050847457626,0.2966101694915254,0.1440677966101695
541,237.04833838265543,394,0.06679381313664319,6.245332363330693e-05,0.5780342343522825,0.5,0.1116751269035533,0.3096446700507614,0.07868020304568528
542,269.8516510171494,292,0.0664611503321577,6.213457517480939e-05,0.5813060853136605,0.3732876712328767,0.07876712328767123,0.4691780821917808,0.07876712328767123
543,25.281397208402026,145,0.06613014433593471,6.181745354053646e-05,0.5747889701427746,0.20689655172413793,0.18620689655172415,0.47586206896551725,0.1310344827586207
544,279.7677273356277,228,0.06580078689633446,6.150195042752389e-05,0.5640079401439676,0.41228070175438597,0.12280701754385964,0.3684210526315789,0.09649122807017543
545,30.973924385963542,1000,0.06547306980281405,6.1188057575184e-05,0.5625155089694147,0.32,0.396,0.22,0.064
546,237.08910998395015,465,0.0651469848857227,6.0875766765089345e-05,0.5640809406179579,0.33978494623655914,0.1827956989247312,0.35053763440860214,0.12688172043010754
547,275.9883720294768,267,0.0648225240160981,6.056506982075763e-05,0.5642063184482611,0.36704119850187267,0.09363295880149813,0.45692883895131087,0.08239700374531835
548,260.0268998921563,188,0.06449967910546381,6.0255958607437554e-05,0.5640638445090669,0.324468085106383,0.1595744680851064,0.44148936170212766,0.07446808510638298
549,186.5001916811453,854,0.06417844210562758,5.994842503189588e-05,0.5574670842803777,0.29859484777517564,0.06440281030444965,0.27049180327868855,0.3665105386416862
550,276.1687764388601,311,0.0638588050084807,5.964246104220548e-05,0.5703108336251963,0.2990353697749196,0.10610932475884244,0.4662379421221865,0.12861736334405144
551,259.20330474913334,185,0.06354075984579843,5.933805862753456e-05,0.5626107358745235,0.24864864864864866,0.14054054054054055,0.4810810810810811,0.12972972972972974
552,273.43338166383046,481,0.0632242986890413,5.9035209817936916e-05,0.5607226600974337,0.5135135135135135,0.09147609147609148,0.29521829521829523,0.0997920997920998
553,260.30894139448037,380,0.06290941364915748,5.873390668414323e-05,0.5484815823335185,0.4710526315789474,0.0868421052631579,0.29473684210526313,0.14736842105263157
554,254.57575769824692,211,0.06259609687638612,5.8434141337353506e-05,0.5498323725604516,0.24644549763033174,0.12796208530805686,0.4312796208530806,0.1943127962085308
555,157.78491751519667,1000,0.06228434056006167,5.813590592903049e-05,0.5463336290313594,0.513,0.313,0.114,0.06
556,147.20043703285384,1000,0.061974136928419146,5.7839192650694185e-05,0.5455864026373033,0.531,0.251,0.167,0.051
557,270.7149152785969,304,0.06166547824840039,5.7543993733717426e-05,0.5445319633607222,0.26973684210526316,0.12171052631578948,0.48026315789473684,0.12828947368421054
558,289.58571273943653,219,0.061358356825461334,5.725030144912246e-05,0.5410855058980536,0.2374429223744292,0.228310502283105,0.4155251141552511,0.1187214611872146
559,275.7559047874102,316,0.06105276500338012,5.695810810737859e-05,0.5249790662255729,0.3322784810126582,0.06962025316455696,0.5031645569620253,0.0949367088607595
560,249.27231077289676,288,0.06074869516406628,5.666740605820084e-05,0.5238860001178117,0.4479166666666667,0.1076388888888889,0.2916666666666667,0.1527777777777778
561,287.1373916961744,229,0.06044613972737082,5.637818769034967e-05,0.5288770520131133,0.33624454148471616,0.10043668122270742,0.462882096069869,0.10043668122270742
562,267.4794321132596,290,0.060145091150897244,5.609044543143168e-05,0.5408675673501347,0.42758620689655175,0.1482758620689655,0.30689655172413793,0.11724137931034483
563,294.55194042296694,324,0.059845541929813534,5.580417174770135e-05,0.5301377159409908,0.4845679012345679,0.10493827160493827,0.2839506172839506,0.12654320987654322
564,241.47879630382266,304,0.05954748459666506,5.551935914386379e-05,0.5199504272022696,0.3125,0.08881578947368421,0.4934210526315789,0.10526315789473684
565,296.1752256949205,284,0.05925091172118844,5.5236000162878504e-05,0.5312558590174551,0.3204225352112676,0.11971830985915492,0.4612676056338028,0.09859154929577464
566,274.41280823133053,253,0.058955815910126275,5.495408738576414e-05,0.5306362292841159,0.3794466403162055,0.13438735177865613,0.391304347826087,0.09486166007905138
567,286.9123649345746,360,0.05866218980704289,5.467361343140425e-05,0.5079831768735911,0.4527777777777778,0.1361111111111111,0.3055555555555556,0.10555555555555556
568,261.31963349959466,438,0.058370026092140904,5.439457095635402e-05,0.5269421819506882,0.2785388127853881,0.13470319634703196,0.4885844748858447,0.09817351598173515
569,304.7826146453714,237,0.058079317482078785,5.4116952654648034e-05,0.5115986865234353,0.34177215189873417,0.18565400843881857,0.350210970464135,0.12236286919831224
570,289.2592664203603,209,0.05779005672978926,5.3840751257608944e-05,0.5060752893683699,0.23923444976076555,0.19138755980861244,0.45454545454545453,0.11483253588516747
571,285.37553903620164,220,0.05750223662429868,5.35659595336572e-05,0.5023364283832294,0.41818181818181815,0.15454545454545454,0.2681818181818182,0.1590909090909091
572,236.97229820986504,196,0.05721584999054722,5.329257028812169e-05,0.5263054881047489,0.29081632653061223,0.09183673469387756,0.4897959183673469,0.12755102040816327
573,263.6366802986195,200,0.056930889689210055,5.302057636305136e-05,0.5450946787517141,0.355,0.14,0.375,0.13
574,249.86402848653262,198,0.05664734861651935,5.2749970637027824e-05,0.513406229130317,0.29797979797979796,0.10606060606060606,0.4090909090909091,0.18686868686868688
575,305.662371637212,322,0.056365219704087186,5.248074602497889e-05,0.5287444214209146,0.30745341614906835,0.15217391304347827,0.36645962732919257,0.17391304347826086
576,222.11813740854564,414,0.056084495918729355,5.221289547799308e-05,0.5164545034830672,0.03140096618357488,0.6159420289855072,0.2560386473429952,0.0966183574879227
577,271.4443141894472,223,0.05580517026229002,5.1946411983135046e-05,0.526335072835136,0.3004484304932735,0.13901345291479822,0.4618834080717489,0.09865470852017937
578,275.6959695799394,279,0.05552723577146726,5.1681288563261965e-05,0.5220751605975452,0.35842293906810035,0.07885304659498207,0.4659498207885305,0.0967741935483871
579,288.4972782041043,217,0.055250685517639495,5.141751827684087e-05,0.5153896491739871,0.2534562211981567,0.18433179723502305,0.45622119815668205,0.10599078341013825
580,276.1354482686882,291,0.05497551260669274,5.11550942177669e-05,0.5187679873849486,0.3470790378006873,0.12027491408934708,0.3848797250859107,0.14776632302405499
581,267.2934066092075,220,0.05470171017884877,5.08940095151825e-05,0.4962213901811335,0.32727272727272727,0.09545454545454546,0.4590909090909091,0.11818181818181818
582,241.1333155544865,288,0.05442927140849408,5.063425733329746e-05,0.5111899283655799,0.2847222222222222,0.13541666666666666,0.4618055555555556,0.11805555555555555
583,297.10007747714246,225,0.05415818950400976,5.0375830871210034e-05,0.5254082865511189,0.22666666666666666,0.1511111111111111,0.48444444444444446,0.13777777777777778
584,254.3998546195045,224,0.053888457707602165,5.011872336272881e-05,0.5167919676211572,0.38839285714285715,0.12946428571428573,0.4107142857142857,0.07142857142857142
585,272.93354865595927,273,0.05362006929513446,4.986292807619558e-05,0.5193749746694588,0.42124542124542125,0.1794871794871795,0.336996336996337,0.06227106227106227
586,274.5636641085568,367,0.05335301757595899,4.960843831430907e-05,0.529908947656351,0.34332425068119893,0.08991825613079019,0.46866485013623976,0.09809264305177112
587,270.9929785453953,218,0.053087295892750505,4.935524741394963e-05,0.5223417474911313,0.27522935779816515,0.13761467889908258,0.3211009174311927,0.26605504587155965
588,297.5904115336092,245,0.052822897621340174,4.910334874600474e-05,0.48961751843928264,0.2612244897959184,0.13877551020408163,0.4204081632653061,0.17959183673469387
589,273.0588202246874,218,0.052559816170550465,4.885273571519545e-05,0.494226282568678,0.39908256880733944,0.07339449541284404,0.3440366972477064,0.1834862385321101
590,312.66062940609766,276,0.05229804498203084,4.860340175990373e-05,0.508824447410996,0.2246376811594203,0.2536231884057971,0.22826086956521738,0.29347826086956524
591,250.96739931556496,282,0.05203757753009425,4.8355340352000625e-05,0.49707242507836485,0.16666666666666666,0.1524822695035461,0.5070921985815603,0.17375886524822695
592,253.34282948333,428,0.051778407321554455,4.810854499667538e-05,0.5110518047298979,0.23130841121495327,0.16355140186915887,0.4742990654205608,0.1308411214953271
593,289.0028746193783,194,0.05152052789556417,4.786300923226537e-05,0.5035873922429348,0.21649484536082475,0.11855670103092783,0.41237113402061853,0.25257731958762886
594,272.18274390724264,226,0.051263932823453984,4.76187266300869e-05,0.507238978350106,0.23893805309734514,0.15486725663716813,0.48672566371681414,0.11946902654867257
595,259.27725336322834,213,0.051008615708572125,4.737569079426693e-05,0.516381246662862,0.3192488262910798,0.09859154929577464,0.5164319248826291,0.06572769953051644
596,256.6319457109431,253,0.050754570186124975,4.713389536157557e-05,0.5056974949336136,0.5691699604743083,0.08695652173913043,0.2845849802371542,0.05928853754940711
597,272.09499854474495,689,0.0505017899230184,4.689333400125952e-05,0.5022644199169527,0.26995645863570394,0.3149492017416546,0.274310595065312,0.14078374455732948
598,306.02268423963517,302,0.050250268617699906,4.665400041487629e-05,0.4917136374315343,0.3079470198675497,0.12251655629139073,0.4370860927152318,0.13245033112582782
599,261.8935891336301,282,0.05000000000000151,4.6415888336129295e-05,0.4975382600066864,0.43617021276595747,0.1099290780141844,0.32978723404255317,0.12411347517730496
600,305.41759146352103,217,0.05,4.617899153070379e-05,0.5127331666110186,0.2119815668202765,0.17050691244239632,0.5023041474654378,0.1152073732718894
601,271.12329300812365,220,0.05,4.594330379610366e-05,0.49371486643640156,0.2590909090909091,0.21818181818181817,0.4,0.12272727272727273
602,276.4670332157706,397,0.05,4.5708818961488994e-05,0.49019759722695544,0.4181360201511335,0.09319899244332494,0.2367758186397985,0.2518891687657431
603,301.62217088582366,249,0.05,4.547553088751453e-05,0.500714359635241,0.21285140562248997,0.08433734939759036,0.5783132530120482,0.12449799196787148
604,300.43445580036826,228,0.05,4.524343346616893e-05,0.4985030483914772,0.32894736842105265,0.14035087719298245,0.42543859649122806,0.10526315789473684
605,272.1415040321632,167,0.05,4.501252062061484e-05,0.4959785929268513,0.31137724550898205,0.16167664670658682,0.40119760479041916,0.12574850299401197
606,295.044403331626,280,0.05,4.478278630502978e-05,0.5023871156871803,0.2714285714285714,0.10357142857142858,0.4928571428571429,0.13214285714285715
607,255.5315931008158,264,0.05,4.4554224504447877e-05,0.49767128335398025,0.3787878787878788,0.08333333333333333,0.4431818181818182,0.0946969696969697
608,253.01080593669417,222,0.05,4.4326829234602346e-05,0.48826564509017056,0.22972972972972974,0.15765765765765766,0.5045045045045045,0.10810810810810811
609,269.7106122397415,452,0.05,4.410059454176883e-05,0.49075777460236436,0.336283185840708,0.20575221238938052,0.36283185840707965,0.09513274336283185
610,306.11409091409797,252,0.05,4.387551450260952e-05,0.49970767253116694,0.29365079365079366,0.17063492063492064,0.4007936507936508,0.1349206349206349
611,294.8264814138272,515,0.05,4.3651583224018043e-05,0.479719220990725,0.39611650485436894,0.26407766990291265,0.2621359223300971,0.07766990291262135
612,244.29482887089856,286,0.05,4.3428794842965214e-05,0.4924513310890264,0.3356643356643357,0.08041958041958042,0.486013986013986,0.0979020979020979
613,280.6764666343504,192,0.05,4.320714352634547e-05,0.495798705029103,0.390625,0.09895833333333333,0.3541666666666667,0.15625
614,277.26207608110616,213,0.05,4.29866234708242e-05,0.4872095177476714,0.24413145539906103,0.13615023474178403,0.4507042253521127,0.16901408450704225
615,305.4070864676362,273,0.05,4.276722890268576e-05,0.4878426361192495,0.42857142857142855,0.13186813186813187,0.3516483516483517,0.08791208791208792
616,303.53320925071876,267,0.05,4.254895407768233e-05,0.4924683875217876,0.3970037453183521,0.15730337078651685,0.3445692883895131,0.10112359550561797
617,303.9276270308019,334,0.05,4.23317932808835e-05,0.49149431531595433,0.31736526946107785,0.17365269461077845,0.2754491017964072,0.23353293413173654
618,291.1498718468354,179,0.05,4.2115740826526656e-05,0.4938582611458324,0.25139664804469275,0.1005586592178771,0.441340782122905,0.20670391061452514
619,274.30756858108504,387,0.05,4.19007910578681e-05,0.48309217992678694,0.32558139534883723,0.09560723514211886,0.4573643410852713,0.12144702842377261
620,292.05044608500674,324,0.05,4.168693834703494e-05,0.4644010909249965,0.3487654320987654,0.09876543209876543,0.4506172839506173,0.10185185185185185
621,232.54005437664156,394,0.05,4.147417709487777e-05,0.4825852474555916,0.30710659898477155,0.1649746192893401,0.41878172588832485,0.10913705583756345
622,274.6284020356291,328,0.05,4.126250173082403e-05,0.46795982543445686,0.27134146341463417,0.15548780487804878,0.4603658536585366,0.11280487804878049
623,255.54044640491628,274,0.05,4.1051906712732176e-05,0.46508431288970853,0.33941605839416056,0.09124087591240876,0.48175182481751827,0.08759124087591241
624,279.06848420846603,250,0.05,4.084238652674659e-05,0.46985684244482073,0.368,0.164,0.384,0.084
625,252.9086087040668,280,0.05,4.063393568715319e-05,0.46925092924874545,0.37857142857142856,0.07857142857142857,0.48214285714285715,0.060714285714285714
626,305.76355228315686,275,0.05,4.04265487362358e-05,0.476141838031678,0.3381818181818182,0.12363636363636364,0.39636363636363636,0.14181818181818182
627,142.11645098527217,644,0.05,4.022022024413328e-05,0.4655798678634854,0.12422360248447205,0.12732919254658384,0.42391304347826086,0.3245341614906832
628,266.32722970395434,170,0.05,4.001494480869733e-05,0.4604285602322326,0.3941176470588235,0.1,0.4294117647058823,0.07647058823529412
629,275.28641046601643,377,0.05,3.981071705535108e-05,0.4740592003465546,0.32891246684350134,0.09549071618037135,0.48010610079575594,0.09549071618037135
630,224.8131754465384,426,0.05,3.960753163694834e-05,0.4696390571428972,0.107981220657277,0.11267605633802817,0.4272300469483568,0.352112676056338
631,285.6784037949891,263,0.05,3.940538323363363e-05,0.4628626392923856,0.41064638783269963,0.1444866920152091,0.3688212927756654,0.07604562737642585
632,248.60873997809742,331,0.05,3.920426655270286e-05,0.45183057447563885,0.22658610271903323,0.1661631419939577,0.46827794561933533,0.13897280966767372
633,294.0928576230592,267,0.05,3.90041763284648e-05,0.47037062749001446,0.31835205992509363,0.1348314606741573,0.45692883895131087,0.0898876404494382
634,248.2923267503233,247,0.05,3.8805107322103155e-05,0.4584970176161548,0.21862348178137653,0.12550607287449392,0.5344129554655871,0.1214574898785425
635,301.14581261730126,235,0.05,3.860705432153946e-05,0.4725561891878644,0.28085106382978725,0.11063829787234042,0.4765957446808511,0.13191489361702127
636,79.15351657964997,1000,0.05,3.841001214129657e-05,0.46304869405668014,0.089,0.432,0.161,0.318
637,310.89448415735717,342,0.05,3.8213975622362915e-05,0.47231639574387213,0.347953216374269,0.22807017543859648,0.23976608187134502,0.18421052631578946
638,108.0603288958062,1000,0.05,3.801893963205743e-05,0.46250333139133576,0.5,0.052,0.148,0.3
639,269.8574340108995,263,0.05,3.782489906389515e-05,0.45883292129613246,0.21292775665399238,0.09885931558935361,0.5437262357414449,0.1444866920152091
640,289.9813039080218,229,0.05,3.763184883745353e-05,0.4713587860310385,0.27074235807860264,0.1572052401746725,0.4759825327510917,0.09606986899563319
641,264.61223708828015,238,0.05,3.743978389823941e-05,0.4659159603791354,0.4495798319327731,0.0546218487394958,0.3865546218487395,0.1092436974789916
642,314.20308868915845,361,0.05,3.724869921755669e-05,0.46095189382585194,0.2548476454293629,0.19113573407202217,0.23268698060941828,0.32132963988919666
643,280.45244418892497,256,0.05,3.7058589792374664e-05,0.46621789249367546,0.28515625,0.1640625,0.43359375,0.1171875
644,263.063246975489,357,0.05,3.686945064519703e-05,0.44881939882015004,0.27170868347338933,0.19607843137254902,0.42016806722689076,0.11204481792717087
645,237.67469869267708,293,0.05,3.668127682393157e-05,0.4675513250282067,0.3651877133105802,0.08873720136518772,0.4539249146757679,0.09215017064846416
646,246.8370116682272,406,0.05,3.6494063401760485e-05,0.47892031983030586,0.2315270935960591,0.13793103448275862,0.5123152709359606,0.11822660098522167
647,289.0394696831519,183,0.05,3.63078054770114e-05,0.47197199130789863,0.18579234972677597,0.14207650273224043,0.3770491803278688,0.29508196721311475
648,268.0881055847739,380,0.05,3.612249817302904e-05,0.4645325520322015,0.40789473684210525,0.0868421052631579,0.37105263157894736,0.13421052631578947
649,240.6285409993143,328,0.05,3.593813663804753e-05,0.46094547202329816,0.31097560975609756,0.10670731707317073,0.4847560975609756,0.0975609756097561
650,261.4807451811859,339,0.05,3.575471604506339e-05,0.46977030013051185,0.37168141592920356,0.11504424778761062,0.3952802359882006,0.11799410029498525
651,226.06346560662675,452,0.05,3.557223159170912e-05,0.46148654888452073,0.4911504424778761,0.07079646017699115,0.36504424778761063,0.07300884955752213
652,301.487125461425,232,0.05,3.5390678500127486e-05,0.4503898851682692,0.16379310344827586,0.24568965517241378,0.46120689655172414,0.12931034482758622
653,270.6050600905783,240,0.05,3.5210052016846434e-05,0.48243323483190487,0.30833333333333335,0.14166666666666666,0.45,0.1
654,238.04460671175624,343,0.05,3.5030347412654595e-05,0.44500689384611847,0.26239067055393583,0.13119533527696792,0.478134110787172,0.1282798833819242
655,263.3613915214345,269,0.05,3.4851559982477505e-05,0.4555360995192694,0.3382899628252788,0.11152416356877323,0.44609665427509293,0.10408921933085502
656,235.86382296659082,231,0.05,3.467368504525439e-05,0.4658641391195188,0.2727272727272727,0.1341991341991342,0.47619047619047616,0.11688311688311688
657,288.646528847178,325,0.05,3.4496717943815614e-05,0.45212921748801654,0.4492307692307692,0.15076923076923077,0.3046153846153846,0.09538461538461539
658,271.349833125734,210,0.05,3.4320654044760744e-05,0.44879398463311065,0.3523809523809524,0.09047619047619047,0.4238095238095238,0.13333333333333333
659,258.63700560246264,273,0.05,3.414548873833723e-05,0.4446607644439683,0.2783882783882784,0.08058608058608059,0.5274725274725275,0.11355311355311355
660,278.36143073816373,195,0.05,3.397121743831973e-05,0.4631752577105377,0.2717948717948718,0.09743589743589744,0.46153846153846156,0.16923076923076924
661,291.55622092562794,227,0.05,3.379783558189e-05,0.4405594591963752,0.36123348017621143,0.13215859030837004,0.43171806167400884,0.07488986784140969
662,245.95021608027918,278,0.05,3.3625338629517463e-05,0.4489725827030592,0.36330935251798563,0.08273381294964029,0.4676258992805755,0.08633093525179857
663,291.93787788041755,254,0.05,3.345372206484034e-05,0.4724260322881974,0.2283464566929134,0.11023622047244094,0.48031496062992124,0.18110236220472442
664,289.5031459991127,194,0.05,3.328298139454739e-05,0.4563633096189636,0.25773195876288657,0.15979381443298968,0.4742268041237113,0.10824742268041238
665,260.0535705441532,212,0.05,3.311311214826029e-05,0.45017578294442473,0.27358490566037735,0.1650943396226415,0.4669811320754717,0.09433962264150944
666,283.26578383077174,222,0.05,3.2944109878416555e-05,0.4658851853134682,0.25225225225225223,0.13513513513513514,0.4774774774774775,0.13513513513513514
667,251.66083779341685,328,0.05,3.2775970160153124e-05,0.4506802808717712,0.28353658536585363,0.08841463414634146,0.5182926829268293,0.10975609756097561
668,246.76190942610697,287,0.05,3.26086885911905e-05,0.4609778028036707,0.18118466898954705,0.13588850174216027,0.5400696864111498,0.14285714285714285
669,250.30170523664327,246,0.05,3.2442260791717464e-05,0.453284136237541,0.3170731707317073,0.11382113821138211,0.45528455284552843,0.11382113821138211
670,258.7315850915644,268,0.05,3.227668240427644e-05,0.4474694686362345,0.48134328358208955,0.07462686567164178,0.30223880597014924,0.1417910447761194
671,252.31158564851876,319,0.05,3.211194909364938e-05,0.4539726824076879,0.2727272727272727,0.12225705329153605,0.48589341692789967,0.11912225705329153
672,275.8382988071735,204,0.05,3.194805654674426e-05,0.44349562077600063,0.35784313725490197,0.09803921568627451,0.4264705882352941,0.11764705882352941
673,286.079753762039,237,0.05,3.178500047248217e-05,0.46902557477321816,0.34177215189873417,0.10970464135021098,0.459915611814346,0.08860759493670886
674,263.23044988715696,285,0.05,3.1622776601684934e-05,0.46116982587835037,0.22456140350877193,0.1368421052631579,0.5087719298245614,0.12982456140350876
675,223.8257619241636,227,0.05,3.1461380686963373e-05,0.4496981708680139,0.2907488986784141,0.1013215859030837,0.5022026431718062,0.10572687224669604
676,256.3516470181838,232,0.05,3.1300808502606066e-05,0.47230801577135,0.27586206896551724,0.1336206896551724,0.4482758620689655,0.14224137931034483
677,242.02812154184141,240,0.05,3.1141055844468724e-05,0.45310854937387024,0.32916666666666666,0.07916666666666666,0.5208333333333334,0.07083333333333333
678,290.17571580766116,262,0.05,3.0982118529864115e-05,0.462477464876454,0.25572519083969464,0.12595419847328243,0.5038167938931297,0.11450381679389313
679,283.47790379651565,306,0.05,3.082399239745255e-05,0.4599095840087034,0.24836601307189543,0.11764705882352941,0.5,0.13398692810457516
680,231.0426490115226,281,0.05,3.066667330713294e-05,0.4421818005393226,0.24199288256227758,0.12811387900355872,0.501779359430605,0.12811387900355872
681,290.68326949532616,241,0.05,3.0510157139934383e-05,0.4672034196951898,0.23651452282157676,0.0912863070539419,0.5518672199170125,0.12033195020746888
682,304.1506263804944,252,0.05,3.035443979790832e-05,0.4535436509327892,0.2857142857142857,0.14682539682539683,0.4523809523809524,0.11507936507936507
683,256.38625684913825,287,0.05,3.0199517204021263e-05,0.45692418930775247,0.30313588850174217,0.10801393728222997,0.4843205574912892,0.10452961672473868
684,242.95641726650004,294,0.05,3.0045385302048023e-05,0.4630229930382375,0.35714285714285715,0.10204081632653061,0.4489795918367347,0.09183673469387756
685,252.28584996266247,185,0.05,2.9892040056465527e-05,0.46306484694090216,0.24864864864864866,0.22702702702702704,0.41081081081081083,0.11351351351351352
686,235.9394145330932,276,0.05,2.9739477452347147e-05,0.45138416332525494,0.427536231884058,0.11956521739130435,0.391304347826087,0.06159420289855073
687,265.70857596671425,243,0.05,2.9587693495257588e-05,0.4679751054257193,0.2839506172839506,0.09876543209876543,0.5432098765432098,0.07407407407407407
688,259.1702981897108,400,0.05,2.9436684211148304e-05,0.45030599260877446,0.305,0.1125,0.475,0.1075
689,272.77632162479784,255,0.05,2.928644564625344e-05,0.4567078778139397,0.23921568627450981,0.1411764705882353,0.4666666666666667,0.15294117647058825
690,295.8866056544057,233,0.05,2.9136973866986325e-05,0.44555888041744046,0.19742489270386265,0.11587982832618025,0.51931330472103,0.16738197424892703
691,263.03893220184125,786,0.05,2.898826495983647e-05,0.4476536630450088,0.13994910941475827,0.22137404580152673,0.21882951653944022,0.4198473282442748
692,260.4340418046693,711,0.05,2.8840315031267124e-05,0.4587107180742091,0.5794655414908579,0.14486638537271448,0.19831223628691982,0.07735583684950774
693,250.5100004312957,260,0.05,2.8693120207613298e-05,0.44512475622407216,0.3346153846153846,0.09230769230769231,0.48846153846153845,0.08461538461538462
694,302.1398189009391,225,0.05,2.8546676634980377e-05,0.4498153419888107,0.27555555555555555,0.09777777777777778,0.4711111111111111,0.15555555555555556
695,257.3421753328472,312,0.05,2.84009804791432e-05,0.44844265038210696,0.2724358974358974,0.11538461538461539,0.5064102564102564,0.10576923076923077
696,253.70590727555043,449,0.05,2.8256027925445676e-05,0.44980575209318435,0.4298440979955457,0.1091314031180401,0.35412026726057905,0.10690423162583519
697,270.7348510047828,269,0.05,2.8111815178700904e-05,0.45832947416875974,0.09665427509293681,0.11152416356877323,0.5427509293680297,0.24907063197026022
698,260.7694286041427,266,0.05,2.796833846309181e-05,0.4436140067016669,0.2631578947368421,0.08646616541353383,0.5488721804511278,0.10150375939849623
699,268.98593262613304,345,0.05,2.7825594022072283e-05,0.4544456182276862,0.2927536231884058,0.11014492753623188,0.47246376811594204,0.1246376811594203
700,240.23335238634093,264,0.05,2.7683578118268825e-05,0.45077701482291604,0.3560606060606061,0.07954545454545454,0.4810606060606061,0.08333333333333333
701,282.23753349614924,298,0.05,2.7542287033382697e-05,0.4495286415548589,0.2953020134228188,0.16778523489932887,0.43288590604026844,0.1040268456375839
702,250.69415454756185,304,0.05,2.740171706809256e-05,0.44289320539127586,0.2993421052631579,0.10526315789473684,0.4901315789473684,0.10526315789473684
703,294.6489670140179,276,0.05,2.726186454195763e-05,0.44101144515722,0.2971014492753623,0.09420289855072464,0.5181159420289855,0.09057971014492754
704,294.18101820235995,324,0.05,2.7122725793321306e-05,0.44988876273949435,0.41358024691358025,0.12037037037037036,0.2808641975308642,0.18518518518518517
705,286.78071491511264,293,0.05,2.6984297179215296e-05,0.45249489620959077,0.33447098976109213,0.10580204778156997,0.4641638225255973,0.09556313993174062
706,290.95938533551464,182,0.05,2.684657507526425e-05,0.43991502322528125,0.21978021978021978,0.1813186813186813,0.5,0.0989010989010989
707,245.24194439314078,324,0.05,2.670955587559086e-05,0.4515755025690521,0.4537037037037037,0.10493827160493827,0.35802469135802467,0.08333333333333333
708,253.02348008609226,189,0.05,2.6573235992721436e-05,0.44715202666435533,0.32275132275132273,0.10052910052910052,0.42328042328042326,0.15343915343915343
709,232.58579364478052,278,0.05,2.6437611857491997e-05,0.441258376621395,0.2697841726618705,0.1079136690647482,0.5107913669064749,0.11151079136690648
710,308.0101673206309,292,0.05,2.6302679918954817e-05,0.45093616244812246,0.21232876712328766,0.1952054794520548,0.4315068493150685,0.16095890410958905
711,296.7886629799698,282,0.05,2.6168436644285447e-05,0.441780763104114,0.31560283687943264,0.23049645390070922,0.30851063829787234,0.1453900709219858
712,243.6365431247478,195,0.05,2.603487851869022e-05,0.452324042711931,0.4307692307692308,0.13846153846153847,0.37435897435897436,0.05641025641025641
713,274.56172596803503,356,0.05,2.590200204531423e-05,0.4394893450192945,0.23876404494382023,0.1544943820224719,0.4803370786516854,0.12640449438202248
714,264.23946374938066,223,0.05,2.5769803745149768e-05,0.4427477826449317,0.39461883408071746,0.03139013452914798,0.5022421524663677,0.07174887892376682
715,158.43877609381104,517,0.05,2.5638280156945248e-05,0.4466366583370843,0.28820116054158607,0.09477756286266925,0.46808510638297873,0.14893617021276595
716,271.72225528191893,281,0.05,2.5507427837114567e-05,0.46021071663678625,0.3487544483985765,0.11387900355871886,0.41637010676156583,0.12099644128113879
717,144.5182359347444,1000,0.05,2.5377243359646956e-05,0.44821553147616655,0.481,0.039,0.148,0.332
718,263.22356993022146,320,0.05,2.5247723316017274e-05,0.4524430218187979,0.50625,0.053125,0.3875,0.053125
719,280.230462002864,260,0.05,2.5118864315096767e-05,0.43598773937225316,0.2423076923076923,0.12307692307692308,0.48846153846153845,0.14615384615384616
720,283.1747020876685,422,0.05,2.4990662983064277e-05,0.4395522149665569,0.36255924170616116,0.15165876777251186,0.31516587677725116,0.17061611374407584
721,268.6204426314491,295,0.05,2.4863115963317916e-05,0.4441435730328277,0.288135593220339,0.1152542372881356,0.4542372881355932,0.1423728813559322
722,273.0005049820961,559,0.05,2.473621991638717e-05,0.4418843427517696,0.3005366726296959,0.12164579606440072,0.28622540250447226,0.29159212880143115
723,247.24729317481982,278,0.05,2.4609971519845472e-05,0.43939436432526546,0.37410071942446044,0.08273381294964029,0.4568345323741007,0.08633093525179857
724,261.46856627033185,249,0.05,2.448436746822322e-05,0.44225622565115896,0.357429718875502,0.10843373493975904,0.42570281124497994,0.10843373493975904
725,272.0471120426676,216,0.05,2.4359404472921215e-05,0.44062496589943756,0.24537037037037038,0.1111111111111111,0.4722222222222222,0.1712962962962963
726,249.07862122871214,249,0.05,2.4235079262124575e-05,0.43784783036577096,0.3373493975903614,0.10441767068273092,0.46586345381526106,0.09236947791164658
727,236.2439477604104,460,0.05,2.4111388580717055e-05,0.4316096643502558,0.2717391304347826,0.14782608695652175,0.33695652173913043,0.24347826086956523
728,293.77156582963033,260,0.05,2.3988329190195842e-05,0.45254350751928213,0.41923076923076924,0.11538461538461539,0.3730769230769231,0.09230769230769231
729,243.16893417970664,198,0.05,2.3865897868586744e-05,0.4432527734136121,0.29292929292929293,0.10606060606060606,0.4292929292929293,0.1717171717171717
730,286.6519891103029,235,0.05,2.3744091410359837e-05,0.4368483574620708,0.24680851063829787,0.10638297872340426,0.5361702127659574,0.11063829787234042
731,291.25232372456514,217,0.05,2.3622906626345543e-05,0.4285559895678197,0.2626728110599078,0.0967741935483871,0.4930875576036866,0.14746543778801843
732,288.73243123384646,240,0.05,2.350234034365113e-05,0.4286407517316552,0.4625,0.06666666666666667,0.3625,0.10833333333333334
733,237.8562835647156,427,0.05,2.3382389405577622e-05,0.43726612845003626,0.32084309133489464,0.10070257611241218,0.4168618266978923,0.16159250585480095
734,70.42564823144806,204,0.05,2.3263050671537174e-05,0.4547549705655611,0.12745098039215685,0.16666666666666666,0.5686274509803921,0.13725490196078433
735,257.58388247829305,303,0.05,2.314432101697083e-05,0.43749871460931167,0.3564356435643564,0.10561056105610561,0.44884488448844884,0.0891089108910891
736,280.2377955534055,249,0.05,2.302619733326671e-05,0.435287316576525,0.24497991967871485,0.14457831325301204,0.42570281124497994,0.18473895582329317
737,279.16102492045906,251,0.05,2.2908676527678637e-05,0.4352423423527247,0.3346613545816733,0.11553784860557768,0.3944223107569721,0.1553784860557769
738,176.69938768897555,1000,0.05,2.279175552324514e-05,0.4373079244333833,0.368,0.461,0.129,0.042
739,250.98206504631298,246,0.05,2.2675431258708915e-05,0.4276386604295904,0.44715447154471544,0.06910569105691057,0.4186991869918699,0.06504065040650407
740,292.19565466953924,236,0.05,2.2559700688436657e-05,0.4290804069875561,0.2542372881355932,0.1440677966101695,0.4703389830508475,0.13135593220338984
741,287.72797068203556,189,0.05,2.2444560782339324e-05,0.44716402480335826,0.24338624338624337,0.10582010582010581,0.5502645502645502,0.10052910052910052
742,281.19061421209403,258,0.05,2.233000852579281e-05,0.43575641705369134,0.2868217054263566,0.09689922480620156,0.5193798449612403,0.09689922480620156
743,249.0590950246325,176,0.05,2.2216040919558996e-05,0.42559686619236453,0.3181818181818182,0.16477272727272727,0.38636363636363635,0.13068181818181818
744,236.39918909061066,305,0.05,2.210265497970725e-05,0.4379910250104611,0.11147540983606558,0.09508196721311475,0.43934426229508194,0.3540983606557377
745,252.60002142364823,318,0.05,2.1989847737536276e-05,0.44245058517867547,0.39622641509433965,0.08490566037735849,0.41509433962264153,0.10377358490566038
746,228.97231338468643,308,0.05,2.1877616239496397e-05,0.44220786479673113,0.30844155844155846,0.08766233766233766,0.5227272727272727,0.08116883116883117
747,242.15691753849032,286,0.05,2.176595754711223e-05,0.43736679506716236,0.35664335664335667,0.11888111888111888,0.43006993006993005,0.0944055944055944
748,267.66506301305344,288,0.05,2.1654868736905736e-05,0.4431388008023712,0.34375,0.13194444444444445,0.4131944444444444,0.1111111111111111
749,243.01720365500762,255,0.05,2.1544346900319697e-05,0.4288582979084487,0.403921568627451,0.07058823529411765,0.4588235294117647,0.06666666666666667
750,254.64340748408617,366,0.05,2.143438914364154e-05,0.43250072315477944,0.33879781420765026,0.08469945355191257,0.4672131147540984,0.1092896174863388
751,255.35225481218586,276,0.05,2.1324992587927593e-05,0.41703049048494134,0.358695652173913,0.09782608695652174,0.4528985507246377,0.09057971014492754
752,255.03432512149806,257,0.05,2.1216154368927693e-05,0.43601775140881727,0.41245136186770426,0.08171206225680934,0.43190661478599224,0.07392996108949416
753,268.42166652420747,387,0.05,2.1107871637010202e-05,0.4244422068455895,0.39018087855297157,0.2222222222222222,0.31007751937984496,0.07751937984496124
754,248.99421024918175,239,0.05,2.1000141557087397e-05,0.4246333705607621,0.4435146443514644,0.05439330543933055,0.4560669456066946,0.04602510460251046
755,239.80133406455548,254,0.05,2.0892961308541232e-05,0.43365275811695997,0.37401574803149606,0.09055118110236221,0.4566929133858268,0.07874015748031496
756,293.1746939762333,284,0.05,2.0786328085149503e-05,0.4297963855178578,0.3591549295774648,0.11971830985915492,0.39436619718309857,0.1267605633802817
757,249.1822463829623,255,0.05,2.0680239095012362e-05,0.4136520254768895,0.28627450980392155,0.10980392156862745,0.47058823529411764,0.13333333333333333
758,250.41474193125057,331,0.05,2.057469156047922e-05,0.4255464195558829,0.27794561933534745,0.10574018126888217,0.48942598187311176,0.1268882175226586
759,267.45630857424806,285,0.05,2.0469682718076032e-05,0.4137795192007066,0.37894736842105264,0.09824561403508772,0.4280701754385965,0.09473684210526316
760,292.66889547737014,215,0.05,2.036520981843293e-05,0.41442277514986364,0.26976744186046514,0.11627906976744186,0.46511627906976744,0.14883720930232558
761,252.14942634233043,243,0.05,2.026127012621225e-05,0.42831874388624996,0.4897119341563786,0.06584362139917696,0.3950617283950617,0.04938271604938271
762,277.31657203020285,343,0.05,2.01578609200369e-05,0.4305417964184151,0.19533527696793002,0.1282798833819242,0.5014577259475219,0.1749271137026239
763,289.1819987217722,298,0.05,2.0054979492419124e-05,0.4289910535922357,0.23154362416107382,0.1476510067114094,0.47315436241610737,0.1476510067114094
764,254.52416466487423,337,0.05,1.9952623149689603e-05,0.4348127904462112,0.5786350148367952,0.0830860534124629,0.27596439169139464,0.06231454005934718
765,281.3605975310445,231,0.05,1.9850789211926935e-05,0.42600306245645503,0.29004329004329005,0.12987012987012986,0.43722943722943725,0.14285714285714285
766,263.4167655271418,568,0.05,1.9749475012887463e-05,0.4333836777490521,0.38028169014084506,0.13204225352112675,0.22007042253521128,0.2676056338028169
767,241.88900202035416,263,0.05,1.964867789993547e-05,0.436935651830431,0.3269961977186312,0.10266159695817491,0.4524714828897338,0.11787072243346007
768,257.95975322532627,342,0.05,1.9548395233973733e-05,0.4243711456005183,0.31871345029239767,0.10818713450292397,0.4502923976608187,0.12280701754385964
769,235.5976612527611,234,0.05,1.944862438937441e-05,0.4314170468724839,0.3547008547008547,0.07692307692307693,0.48717948717948717,0.0811965811965812
770,246.63398811213483,210,0.05,1.934936275391031e-05,0.43596206262278997,0.3380952380952381,0.09523809523809523,0.46190476190476193,0.10476190476190476
771,280.5122811251026,235,0.05,1.9250607728686487e-05,0.4255266199334498,0.2425531914893617,0.11914893617021277,0.44680851063829785,0.19148936170212766
772,273.87062542074364,264,0.05,1.915235672807221e-05,0.41342016638001605,0.2689393939393939,0.09848484848484848,0.5189393939393939,0.11363636363636363
773,266.27679760596277,231,0.05,1.905460717963325e-05,0.4185412067387041,0.37662337662337664,0.06493506493506493,0.48917748917748916,0.06926406926406926
774,273.5144942718111,188,0.05,1.895735652406453e-05,0.43013668614740574,0.25,0.10638297872340426,0.42021276595744683,0.22340425531914893
775,256.424401248947,237,0.05,1.8860602215123135e-05,0.4152623742031558,0.39662447257383965,0.08016877637130802,0.45147679324894513,0.07172995780590717
776,246.180621639232,227,0.05,1.876434171956162e-05,0.42485182659397025,0.42290748898678415,0.07048458149779736,0.43612334801762115,0.07048458149779736
777,253.11421781134376,278,0.05,1.8668572517061694e-05,0.43146543406172777,0.4064748201438849,0.06474820143884892,0.45323741007194246,0.07553956834532374
778,214.03596166958596,251,0.05,1.8573292100168245e-05,0.4250965626971824,0.22310756972111553,0.30677290836653387,0.3745019920318725,0.09561752988047809
779,295.9713648850973,253,0.05,1.8478497974223667e-05,0.4220191333241449,0.2727272727272727,0.1383399209486166,0.45849802371541504,0.13043478260869565
780,246.28528896938332,226,0.05,1.8384187657302558e-05,0.4307114421855756,0.4026548672566372,0.0752212389380531,0.4424778761061947,0.07964601769911504
781,254.36378129661804,318,0.05,1.8290358680146737e-05,0.42590902824580207,0.17295597484276728,0.09119496855345911,0.44654088050314467,0.2893081761006289
782,276.4392100616594,199,0.05,1.8197008586100586e-05,0.4308040176801902,0.3768844221105528,0.06030150753768844,0.48743718592964824,0.07537688442211055
783,248.388388960645,376,0.05,1.8104134931046738e-05,0.4294457246440104,0.26595744680851063,0.1622340425531915,0.3377659574468085,0.23404255319148937
784,287.0406388232322,188,0.05,1.8011735283342077e-05,0.4334382457278772,0.31382978723404253,0.0797872340425532,0.5159574468085106,0.09042553191489362
785,276.0027007404757,192,0.05,1.791980722375408e-05,0.4303213805596002,0.3020833333333333,0.140625,0.4739583333333333,0.08333333333333333
786,263.8520107144823,321,0.05,1.782834834539747e-05,0.4254498464732935,0.3987538940809969,0.11838006230529595,0.367601246105919,0.11526479750778816
787,288.27278493277754,302,0.05,1.7737356253671193e-05,0.41223418908077175,0.4470198675496689,0.12582781456953643,0.3344370860927152,0.09271523178807947
788,247.23312214758695,208,0.05,1.7646828566195736e-05,0.4301158528120052,0.32211538461538464,0.09134615384615384,0.5,0.08653846153846154
789,276.35703831735,334,0.05,1.7556762912750744e-05,0.4244833687925139,0.26646706586826346,0.10778443113772455,0.4820359281437126,0.1437125748502994
790,249.80027966517204,264,0.05,1.7467156935212957e-05,0.42458978520439394,0.29924242424242425,0.08333333333333333,0.5037878787878788,0.11363636363636363
791,297.88991605086426,302,0.05,1.737800828749448e-05,0.41232045058043737,0.2119205298013245,0.17549668874172186,0.4337748344370861,0.17880794701986755
792,75.77225350718447,158,0.05,1.728931463548134e-05,0.4252641629833732,0.1962025316455696,0.1518987341772152,0.5,0.1518987341772152
793,232.41441558025704,723,0.05,1.7201073656972398e-05,0.4246500348076731,0.3775933609958506,0.30567081604426005,0.26556016597510373,0.051175656984785614
794,299.25699340872086,258,0.05,1.7113283041618525e-05,0.4207384506517522,0.24031007751937986,0.11627906976744186,0.4728682170542636,0.17054263565891473
795,245.76998084565156,180,0.05,1.7025940490862124e-05,0.4222330593031273,0.4,0.07777777777777778,0.46111111111111114,0.06111111111111111
796,257.0739826680276,311,0.05,1.6939043717876946e-05,0.42250701671979346,0.2990353697749196,0.10932475884244373,0.4662379421221865,0.12540192926045016
797,273.86063440728446,295,0.05,1.6852590447508222e-05,0.4342561275853406,0.26440677966101694,0.14915254237288136,0.4440677966101695,0.1423728813559322
798,256.31231010234376,196,0.05,1.676657841621308e-05,0.4279056716870594,0.3979591836734694,0.05612244897959184,0.4744897959183674,0.07142857142857142
799,196.9875593797623,355,0.05,1.668100537200129e-05,0.4205075704294226,0.19154929577464788,0.09295774647887324,0.43380281690140843,0.28169014084507044
800,266.6437297182209,188,0.05,1.6595869074376306e-05,0.42367431112669635,0.1702127659574468,0.14893617021276595,0.2978723404255319,0.3829787234042553
801,246.44089115937413,248,0.05,1.6511167294276595e-05,0.41661812231236306,0.3064516129032258,0.14112903225806453,0.4435483870967742,0.10887096774193548
802,276.4697843817929,273,0.05,1.642689781401728e-05,0.41024008774533754,0.17582417582417584,0.13553113553113552,0.5128205128205128,0.17582417582417584
803,262.6454145092573,256,0.05,1.634305842723207e-05,0.4183120356135248,0.49609375,0.0859375,0.3515625,0.06640625
804,291.73601850150357,277,0.05,1.6259646938815505e-05,0.426651898820515,0.3249097472924188,0.10108303249097472,0.45126353790613716,0.12274368231046931
805,241.14757930624452,327,0.05,1.6176661164865473e-05,0.4147927568903783,0.1437308868501529,0.12538226299694188,0.48623853211009177,0.24464831804281345
806,158.62685640740108,1000,0.05,1.6094098932626033e-05,0.41538267886567093,0.587,0.253,0.114,0.046
807,276.69331746603416,208,0.05,1.601195808043053e-05,0.4059976497825867,0.30288461538461536,0.14423076923076922,0.3894230769230769,0.16346153846153846
808,301.4151107142334,591,0.05,1.5930236457644987e-05,0.40751387355606666,0.34179357021996615,0.18781725888324874,0.1895093062605753,0.2808798646362098
809,268.81784903399864,204,0.05,1.5848931924611812e-05,0.4238191917741685,0.37745098039215685,0.12745098039215685,0.4019607843137255,0.09313725490196079
810,259.9886133791292,310,0.05,1.576804235259377e-05,0.4100098503124931,0.38387096774193546,0.17096774193548386,0.3387096774193548,0.1064516129032258
811,288.6589624309858,192,0.05,1.568756562371824e-05,0.41042181310415843,0.375,0.09895833333333333,0.4479166666666667,0.078125
812,268.75766118474644,244,0.05,1.560749963092178e-05,0.4229405699800209,0.22540983606557377,0.1680327868852459,0.45901639344262296,0.14754098360655737
813,264.75287648064364,385,0.05,1.5527842277894948e-05,0.4257616113471031,0.5142857142857142,0.08051948051948052,0.2987012987012987,0.10649350649350649
814,269.5701058247781,435,0.05,1.5448591479027417e-05,0.4255651500656587,0.39080459770114945,0.21149425287356322,0.3195402298850575,0.07816091954022988
815,231.1757406437431,507,0.05,1.536974515935337e-05,0.4134173332734595,0.10059171597633136,0.08086785009861933,0.3057199211045365,0.5128205128205128
816,262.2608440629464,224,0.05,1.529130125449718e-05,0.4108810858520817,0.2544642857142857,0.10267857142857142,0.4732142857142857,0.16964285714285715
817,262.6053997492601,237,0.05,1.5213257710619348e-05,0.4122148358928131,0.26582278481012656,0.11392405063291139,0.48523206751054854,0.1350210970464135
818,285.5270418335832,246,0.05,1.5135612484362732e-05,0.4112932952026897,0.26422764227642276,0.10975609756097561,0.5121951219512195,0.11382113821138211
819,266.3846185786656,218,0.05,1.5058363542799053e-05,0.4105002803991954,0.3440366972477064,0.0779816513761468,0.481651376146789,0.0963302752293578
820,270.08906743374814,361,0.05,1.4981508863375668e-05,0.4182932066681152,0.21329639889196675,0.3878116343490305,0.23545706371191136,0.1634349030470914
821,259.2079404826982,212,0.05,1.4905046433862605e-05,0.4238737962256692,0.3584905660377358,0.10377358490566038,0.41509433962264153,0.12264150943396226
822,243.92978034886576,204,0.05,1.4828974252299889e-05,0.42138931752893527,0.3333333333333333,0.08823529411764706,0.4852941176470588,0.09313725490196079
823,286.7778094846091,239,0.05,1.4753290326945122e-05,0.4213931878274496,0.30962343096234307,0.14644351464435146,0.3514644351464435,0.19246861924686193
824,270.61560585266795,189,0.05,1.4677992676221332e-05,0.41312326510922603,0.291005291005291,0.1164021164021164,0.43915343915343913,0.15343915343915343
825,264.88749248794835,226,0.05,1.4603079328665099e-05,0.4230388854045076,0.4911504424778761,0.061946902654867256,0.38495575221238937,0.061946902654867256
826,299.2832909571665,251,0.05,1.4528548322874929e-05,0.4139999890270539,0.3466135458167331,0.10756972111553785,0.44223107569721115,0.10358565737051793
827,273.41435962174023,240,0.05,1.4454397707459904e-05,0.41140200700201796,0.2791666666666667,0.10833333333333334,0.475,0.1375
828,242.66741160505288,912,0.05,1.4380625540988587e-05,0.4054408227463435,0.41118421052631576,0.43859649122807015,0.10526315789473684,0.044956140350877194
829,259.30719568660993,189,0.05,1.43072298919382e-05,0.4178172678108171,0.36507936507936506,0.13756613756613756,0.3544973544973545,0.14285714285714285
830,258.3604500106562,207,0.05,1.4234208838644037e-05,0.4104874986073624,0.4057971014492754,0.0966183574879227,0.4106280193236715,0.08695652173913043
831,253.1558158827867,241,0.05,1.4161560469249165e-05,0.411484853298121,0.24481327800829875,0.12033195020746888,0.4605809128630705,0.17427385892116182
832,268.09109128362235,178,0.05,1.4089282881654362e-05,0.40715499121661675,0.398876404494382,0.033707865168539325,0.5056179775280899,0.06179775280898876
833,285.31796268348455,272,0.05,1.4017374183468312e-05,0.4105382958670583,0.20220588235294118,0.13602941176470587,0.5073529411764706,0.15441176470588236
834,257.8118890892224,286,0.05,1.3945832491958063e-05,0.41227272734417336,0.38461538461538464,0.10839160839160839,0.42657342657342656,0.08041958041958042
835,296.3970158643125,347,0.05,1.3874655933999729e-05,0.4127359534330128,0.4899135446685879,0.07204610951008646,0.3515850144092219,0.08645533141210375
836,273.7446395682266,250,0.05,1.3803842646029452e-05,0.4012058144251827,0.392,0.088,0.444,0.076
837,246.42583021727748,235,0.05,1.3733390773994606e-05,0.39529782837354693,0.3617021276595745,0.10638297872340426,0.4297872340425532,0.10212765957446808
838,266.5065062547796,502,0.05,1.3663298473305255e-05,0.3942379541563712,0.448207171314741,0.12151394422310757,0.2350597609561753,0.1952191235059761
839,292.3079768069193,198,0.05,1.3593563908785854e-05,0.4009717018785153,0.22727272727272727,0.13636363636363635,0.4696969696969697,0.16666666666666666
840,200.10460064285277,545,0.05,1.3524185254627205e-05,0.40805056910068394,0.13211009174311927,0.06788990825688074,0.27889908256880735,0.5211009174311927
841,279.6468408282266,305,0.05,1.3455160694338653e-05,0.40483444461064516,0.3475409836065574,0.11147540983606558,0.4262295081967213,0.11475409836065574
842,254.31526929277155,266,0.05,1.3386488420700523e-05,0.41097154061585317,0.3609022556390977,0.11278195488721804,0.44360902255639095,0.08270676691729323
843,274.17586869737784,267,0.05,1.3318166635716802e-05,0.40625505896113145,0.46441947565543074,0.056179775280898875,0.40823970037453183,0.07116104868913857
844,264.04252730573177,355,0.05,1.3250193550568068e-05,0.40589814348196795,0.4535211267605634,0.0676056338028169,0.4112676056338028,0.0676056338028169
845,259.01412455635096,172,0.05,1.3182567385564654e-05,0.3917320608920034,0.3488372093023256,0.08139534883720931,0.3953488372093023,0.1744186046511628
846,268.4995837330057,168,0.05,1.3115286370100045e-05,0.41374042752151574,0.2619047619047619,0.08928571428571429,0.4880952380952381,0.16071428571428573
847,268.7016101930861,432,0.05,1.3048348742604528e-05,0.4165209675496079,0.30787037037037035,0.13657407407407407,0.24768518518518517,0.30787037037037035
848,276.3541594044051,249,0.05,1.2981752750499066e-05,0.40896617421191994,0.2570281124497992,0.13253012048192772,0.42971887550200805,0.18072289156626506
849,281.30806314965844,236,0.05,1.2915496650149411e-05,0.40144530883696966,0.4279661016949153,0.1228813559322034,0.3432203389830508,0.1059322033898305
850,306.0791239758563,231,0.05,1.2849578706820454e-05,0.40635642031612973,0.14285714285714285,0.16017316017316016,0.5021645021645021,0.19480519480519481
851,267.5032152113229,197,0.05,1.2783997194630804e-05,0.4068545066255953,0.38578680203045684,0.07614213197969544,0.4010152284263959,0.13705583756345177
852,271.5567378116673,261,0.05,1.2718750396507599e-05,0.41492332667369847,0.32567049808429116,0.14942528735632185,0.3486590038314176,0.17624521072796934
853,261.6850181734738,183,0.05,1.2653836604141555e-05,0.4020667579704449,0.366120218579235,0.08743169398907104,0.4207650273224044,0.12568306010928962
854,288.08458128771167,205,0.05,1.2589254117942232e-05,0.39266579318051276,0.4195121951219512,0.06341463414634146,0.44878048780487806,0.06829268292682927
855,152.33900746291994,1000,0.05,1.2525001246993537e-05,0.39534257503337733,0.455,0.371,0.114,0.06
856,279.21165832177996,265,0.05,1.2461076309009455e-05,0.3940376859687268,0.3283018867924528,0.12452830188679245,0.3622641509433962,0.18490566037735848
857,249.15164688001192,297,0.05,1.2397477630289996e-05,0.41496035797212233,0.29292929292929293,0.08754208754208755,0.5420875420875421,0.07744107744107744
858,281.3522846028817,892,0.05,1.2334203545677384e-05,0.4037664201568908,0.3015695067264574,0.12556053811659193,0.09977578475336323,0.4730941704035874
859,222.05021404496202,227,0.05,1.227125239851245e-05,0.40530742200184994,0.013215859030837005,0.5991189427312775,0.29955947136563876,0.0881057268722467
860,258.84193199680936,193,0.05,1.2208622540591259e-05,0.4083793882679519,0.30569948186528495,0.10880829015544041,0.43523316062176165,0.15025906735751296
861,277.14410643262977,267,0.05,1.2146312332121961e-05,0.4077256442776532,0.4044943820224719,0.07865168539325842,0.43820224719101125,0.07865168539325842
862,295.8574635763343,230,0.05,1.2084320141681855e-05,0.4050668446676823,0.25217391304347825,0.12608695652173912,0.45652173913043476,0.16521739130434782
863,297.02198997046514,204,0.05,1.2022644346174669e-05,0.3972255908069665,0.3235294117647059,0.11764705882352941,0.46568627450980393,0.09313725490196079
864,289.1430249454279,227,0.05,1.1961283330788072e-05,0.39752709941839,0.3568281938325991,0.0881057268722467,0.40969162995594716,0.14537444933920704
865,217.6686284740579,425,0.05,1.1900235488951392e-05,0.39768623899827793,0.18588235294117647,0.1623529411764706,0.5058823529411764,0.14588235294117646
866,259.63715271526627,180,0.05,1.1839499222293551e-05,0.385681019900938,0.2833333333333333,0.16666666666666666,0.4111111111111111,0.1388888888888889
867,219.17371041196134,428,0.05,1.1779072940601213e-05,0.3875589418580538,0.12383177570093458,0.05841121495327103,0.2757009345794392,0.5420560747663551
868,282.2326306164333,221,0.05,1.1718955061777156e-05,0.3970756500376946,0.26244343891402716,0.11764705882352941,0.5158371040723982,0.10407239819004525
869,297.89375853180184,383,0.05,1.1659144011798844e-05,0.3909335789248169,0.4856396866840731,0.08616187989556136,0.3263707571801567,0.10182767624020887
870,295.71339359880267,308,0.05,1.1599638224677214e-05,0.39603006514558653,0.3051948051948052,0.16558441558441558,0.39935064935064934,0.12987012987012986
871,267.18053689707097,185,0.05,1.1540436142415684e-05,0.4072134676884384,0.3621621621621622,0.10810810810810811,0.4486486486486487,0.08108108108108109
872,287.7063302882292,340,0.05,1.1481536214969347e-05,0.4070191907649489,0.47941176470588237,0.11176470588235295,0.31176470588235294,0.09705882352941177
873,283.97569487560224,209,0.05,1.1422936900204401e-05,0.3940544410282744,0.2535885167464115,0.1291866028708134,0.49282296650717705,0.12440191387559808
874,265.7714399664734,261,0.05,1.1364636663857762e-05,0.3985935552785425,0.4942528735632184,0.0421455938697318,0.41762452107279696,0.04597701149425287
875,276.6460686376472,252,0.05,1.1306633979496903e-05,0.3853635302692743,0.24603174603174602,0.13095238095238096,0.42857142857142855,0.19444444444444445
876,121.4331785683394,1000,0.05,1.1248927328479877e-05,0.3992766312665437,0.303,0.567,0.093,0.037
877,245.95731024134074,172,0.05,1.1191515199915568e-05,0.4006887304564083,0.3313953488372093,0.1511627906976744,0.436046511627907,0.08139534883720931
878,238.33411415260053,199,0.05,1.1134396090624121e-05,0.3987052641367977,0.4623115577889447,0.06532663316582915,0.4271356783919598,0.04522613065326633
879,292.32538791150733,302,0.05,1.1077568505097596e-05,0.3991115836626655,0.38741721854304634,0.09271523178807947,0.39072847682119205,0.1291390728476821
880,286.03454022440565,244,0.05,1.1021030955460803e-05,0.3898739063850275,0.3442622950819672,0.12704918032786885,0.4385245901639344,0.09016393442622951
881,269.79274729660085,236,0.05,1.0964781961432352e-05,0.41306603768223493,0.3601694915254237,0.08898305084745763,0.4406779661016949,0.11016949152542373
882,302.96226818757845,239,0.05,1.090882005028589e-05,0.39673913270231304,0.2301255230125523,0.12552301255230125,0.41422594142259417,0.2301255230125523
883,266.4850612643547,188,0.05,1.0853143756811554e-05,0.3973087329564172,0.2872340425531915,0.15425531914893617,0.43617021276595747,0.12234042553191489
884,291.06805898417235,221,0.05,1.0797751623277591e-05,0.3903256337388905,0.2398190045248869,0.10407239819004525,0.5158371040723982,0.14027149321266968
885,263.39715395137097,243,0.05,1.0742642199392206e-05,0.38949241917093064,0.5308641975308642,0.09053497942386832,0.2839506172839506,0.09465020576131687
886,232.8107774104159,385,0.05,1.068781404226558e-05,0.3917866196596574,0.3142857142857143,0.08571428571428572,0.5116883116883116,0.08831168831168831
887,277.9493670382474,175,0.05,1.06332657163721e-05,0.4079223636493114,0.37142857142857144,0.08,0.49714285714285716,0.05142857142857143
888,274.7704289828764,263,0.05,1.057899579351277e-05,0.4022073967631844,0.21292775665399238,0.13688212927756654,0.4828897338403042,0.16730038022813687
889,253.96649386859855,214,0.05,1.0525002852777813e-05,0.39060911399958287,0.4205607476635514,0.08411214953271028,0.397196261682243,0.09813084112149532
890,276.538200372503,178,0.05,1.0471285480509478e-05,0.3751329077740186,0.3595505617977528,0.06179775280898876,0.47191011235955055,0.10674157303370786
891,290.3554009605838,186,0.05,1.0417842270265019e-05,0.38697156442829295,0.26881720430107525,0.11827956989247312,0.5161290322580645,0.0967741935483871
892,170.2309000456297,1000,0.05,1.0364671822779873e-05,0.40061112389337555,0.516,0.313,0.127,0.044
893,280.88988701655046,272,0.05,1.0311772745931029e-05,0.39223102291399603,0.28308823529411764,0.22426470588235295,0.3088235294117647,0.18382352941176472
894,283.9680216070328,258,0.05,1.0259143654700573e-05,0.40691111823177056,0.29457364341085274,0.09689922480620156,0.4573643410852713,0.1511627906976744
895,234.0838809655542,401,0.05,1.0206783171139428e-05,0.3930121565898364,0.2817955112219451,0.09725685785536159,0.5311720698254364,0.08977556109725686
896,19.295338326576584,105,0.05,1.0154689924331274e-05,0.3957243045151656,0.0761904761904762,0.17142857142857143,0.5333333333333333,0.21904761904761905
897,278.8365680069175,234,0.05,1.0102862550356658e-05,0.39339866871913687,0.3974358974358974,0.17094017094017094,0.31196581196581197,0.11965811965811966
898,251.47687981699815,221,0.05,1.005129969225728e-05,0.3908822415778371,0.4117647058823529,0.11312217194570136,0.37104072398190047,0.10407239819004525
899,141.52931518925976,1000,0.05,1.0000000000000467e-05,0.3917487646847375,0.424,0.036,0.113,0.427
900,251.55771092117806,188,0.05,1e-05,0.3823353033132092,0.4574468085106383,0.05319148936170213,0.42021276595744683,0.06914893617021277
901,295.81944741356494,414,0.05,1e-05,0.3892838342347822,0.41304347826086957,0.11835748792270531,0.33816425120772947,0.13043478260869565
902,271.2696487563835,237,0.05,1e-05,0.3877813955770797,0.42616033755274263,0.06329113924050633,0.39662447257383965,0.11392405063291139
903,276.51635980210585,156,0.05,1e-05,0.39537029795252626,0.33974358974358976,0.09615384615384616,0.4935897435897436,0.07051282051282051
904,288.79269715172325,209,0.05,1e-05,0.38918122834073704,0.3684210526315789,0.14832535885167464,0.4019138755980861,0.08133971291866028
905,218.84453913163873,425,0.05,1e-05,0.39394345561834565,0.2235294117647059,0.1223529411764706,0.5294117647058824,0.12470588235294118
906,282.99178892981666,323,0.05,1e-05,0.37324946194898034,0.2476780185758514,0.13312693498452013,0.4891640866873065,0.13003095975232198
907,253.7841482753844,184,0.05,1e-05,0.3952332467566254,0.33152173913043476,0.16304347826086957,0.4076086956521739,0.09782608695652174
908,265.92467542227325,197,0.05,1e-05,0.4010228461936855,0.3147208121827411,0.17766497461928935,0.4010152284263959,0.1065989847715736
909,261.19035828846086,253,0.05,1e-05,0.3859424675404739,0.3715415019762846,0.10276679841897234,0.3557312252964427,0.16996047430830039
910,147.40527990727495,1000,0.05,1e-05,0.3867246135750611,0.46,0.405,0.088,0.047
911,281.60727477272883,278,0.05,1e-05,0.3864146274010359,0.23381294964028776,0.1223021582733813,0.460431654676259,0.18345323741007194
912,288.109519169423,160,0.05,1e-05,0.3929753748196411,0.36875,0.1125,0.45625,0.0625
913,255.7964074177294,168,0.05,1e-05,0.3860228111701664,0.3273809523809524,0.10119047619047619,0.44642857142857145,0.125
914,266.6001884074558,289,0.05,1e-05,0.39187220888842483,0.34256055363321797,0.14186851211072665,0.3875432525951557,0.12802768166089964
915,267.9412699311232,181,0.05,1e-05,0.3832379196134042,0.4143646408839779,0.08839779005524862,0.4198895027624309,0.07734806629834254
916,294.2605668450351,229,0.05,1e-05,0.38770584797594654,0.45414847161572053,0.09170305676855896,0.37117903930131,0.08296943231441048
917,273.96208024131204,188,0.05,1e-05,0.3911458078956381,0.2712765957446808,0.15425531914893617,0.39893617021276595,0.17553191489361702
918,247.07415062317662,213,0.05,1e-05,0.38632349445746383,0.47417840375586856,0.09859154929577464,0.3427230046948357,0.08450704225352113
919,278.3348129918488,267,0.05,1e-05,0.391458464224921,0.5355805243445693,0.08239700374531835,0.31835205992509363,0.06367041198501873
920,281.83195838630036,151,0.05,1e-05,0.3776396471769956,0.2847682119205298,0.13245033112582782,0.4900662251655629,0.09271523178807947
921,293.72001868336713,269,0.05,1e-05,0.38588508514217673,0.30855018587360594,0.11152416356877323,0.4684014869888476,0.11152416356877323
922,283.92735378449936,257,0.05,1e-05,0.3793048283942868,0.28793774319066145,0.14007782101167315,0.38132295719844356,0.19066147859922178
923,244.810721246215,202,0.05,1e-05,0.3782606697354153,0.37623762376237624,0.0594059405940594,0.4752475247524752,0.0891089108910891
924,267.9769994633199,262,0.05,1e-05,0.3777416105432934,0.366412213740458,0.13740458015267176,0.37786259541984735,0.1183206106870229
925,263.36739248278735,295,0.05,1e-05,0.37304146647474845,0.4440677966101695,0.1288135593220339,0.3016949152542373,0.12542372881355932
926,272.2980229474471,338,0.05,1e-05,0.3829397448054782,0.5591715976331361,0.07396449704142012,0.30177514792899407,0.0650887573964497
927,180.6056223289583,1000,0.05,1e-05,0.37555344695262616,0.511,0.321,0.13,0.038
928,286.3232363681773,244,0.05,1e-05,0.3883474359032574,0.27459016393442626,0.13524590163934427,0.430327868852459,0.1598360655737705
929,260.5060865360387,161,0.05,1e-05,0.3811963236426022,0.40372670807453415,0.10559006211180125,0.38509316770186336,0.10559006211180125
930,259.8409465569016,183,0.05,1e-05,0.37195750032260755,0.3879781420765027,0.12568306010928962,0.3879781420765027,0.09836065573770492
931,247.57549387696326,192,0.05,1e-05,0.3830243915737257,0.359375,0.13020833333333334,0.4270833333333333,0.08333333333333333
932,287.87907653316324,282,0.05,1e-05,0.38590069018886153,0.30851063829787234,0.1276595744680851,0.45390070921985815,0.1099290780141844
933,252.9203382238261,305,0.05,1e-05,0.3780662758246252,0.14426229508196722,0.05573770491803279,0.3180327868852459,0.4819672131147541
934,274.492776957284,178,0.05,1e-05,0.3760091173180063,0.42134831460674155,0.0898876404494382,0.4044943820224719,0.08426966292134831
935,258.3524846688672,171,0.05,1e-05,0.3837173015705003,0.4327485380116959,0.07602339181286549,0.4502923976608187,0.04093567251461988
936,245.69809376277325,217,0.05,1e-05,0.38971224538622345,0.3824884792626728,0.08294930875576037,0.45622119815668205,0.07834101382488479
937,282.01902322359575,240,0.05,1e-05,0.3810508435442182,0.4791666666666667,0.0875,0.35,0.08333333333333333
938,253.355953938009,262,0.05,1e-05,0.3935143955781623,0.5954198473282443,0.05725190839694656,0.29770992366412213,0.04961832061068702
939,273.85847180040827,189,0.05,1e-05,0.3826840931918305,0.2222222222222222,0.1693121693121693,0.41798941798941797,0.19047619047619047
940,296.3876831916476,769,0.05,1e-05,0.37659405358559644,0.3472041612483745,0.11703511053315994,0.12613784135240572,0.4096228868660598
941,297.4011023063347,213,0.05,1e-05,0.3732720419910177,0.2535211267605634,0.107981220657277,0.5164319248826291,0.12206572769953052
942,268.95250949600074,194,0.05,1e-05,0.3753499232334138,0.3402061855670103,0.1134020618556701,0.4381443298969072,0.10824742268041238
943,273.8725763386036,193,0.05,1e-05,0.37089811655925026,0.40932642487046633,0.07253886010362694,0.3005181347150259,0.21761658031088082
944,259.1910267488766,196,0.05,1e-05,0.3822487605946157,0.3979591836734694,0.07653061224489796,0.42857142857142855,0.09693877551020408
945,290.60966067786694,301,0.05,1e-05,0.3906341274362532,0.5415282392026578,0.11627906976744186,0.2724252491694352,0.06976744186046512
946,245.1032928400423,194,0.05,1e-05,0.3927757501425661,0.35051546391752575,0.12886597938144329,0.42783505154639173,0.09278350515463918
947,235.18727217921352,175,0.05,1e-05,0.37241879404240347,0.37142857142857144,0.10857142857142857,0.4228571428571429,0.09714285714285714
948,253.59017087040965,184,0.05,1e-05,0.38179419528402986,0.34782608695652173,0.17391304347826086,0.34782608695652173,0.13043478260869565
949,152.56182431830877,1000,0.05,1e-05,0.37758204873191814,0.573,0.278,0.103,0.046
950,253.17232221932372,222,0.05,1e-05,0.37677633746435346,0.35135135135135137,0.1036036036036036,0.45045045045045046,0.0945945945945946
951,259.1184387026522,177,0.05,1e-05,0.37985978456398667,0.4689265536723164,0.07909604519774012,0.4124293785310734,0.03954802259887006
952,263.9004524987326,270,0.05,1e-05,0.3902019054955714,0.16296296296296298,0.4222222222222222,0.34444444444444444,0.07037037037037037
953,245.66581229224582,196,0.05,1e-05,0.382002361485262,0.41836734693877553,0.08163265306122448,0.45408163265306123,0.04591836734693878
954,275.9529230657081,320,0.05,1e-05,0.37059138516585693,0.53125,0.090625,0.3,0.078125
955,309.81955697162493,431,0.05,1e-05,0.3842788675733292,0.4872389791183295,0.10208816705336426,0.2900232018561485,0.12064965197215777
956,252.20033971954086,282,0.05,1e-05,0.3867438126005565,0.2872340425531915,0.17375886524822695,0.3723404255319149,0.16666666666666666
957,257.7664272054632,152,0.05,1e-05,0.39402452257873566,0.35526315789473684,0.07894736842105263,0.48026315789473684,0.08552631578947369
958,211.88331322205656,230,0.05,1e-05,0.3750111364497009,0.013043478260869565,0.5391304347826087,0.36086956521739133,0.08695652173913043
959,309.0949528798379,209,0.05,1e-05,0.3706655842839022,0.291866028708134,0.14354066985645933,0.47368421052631576,0.09090909090909091
960,289.2897120683492,217,0.05,1e-05,0.3692310414509294,0.391705069124424,0.11981566820276497,0.3870967741935484,0.10138248847926268
961,240.90772362499803,156,0.05,1e-05,0.37401411534956747,0.3717948717948718,0.10256410256410256,0.46794871794871795,0.057692307692307696
962,277.0832154022577,208,0.05,1e-05,0.37447813751938763,0.2932692307692308,0.20192307692307693,0.36538461538461536,0.13942307692307693
963,294.02094299894975,268,0.05,1e-05,0.37579942759804436,0.43656716417910446,0.08955223880597014,0.373134328358209,0.10074626865671642
964,284.88877994790573,257,0.05,1e-05,0.3748386183093813,0.3852140077821012,0.17509727626459143,0.32684824902723736,0.11284046692607004
965,259.4151087351724,165,0.05,1e-05,0.36572498590079894,0.38181818181818183,0.10303030303030303,0.46060606060606063,0.05454545454545454
966,284.4177238200146,298,0.05,1e-05,0.3865238763574724,0.3825503355704698,0.14429530201342283,0.25838926174496646,0.21476510067114093
967,256.0547425616561,221,0.05,1e-05,0.36972457797746283,0.08597285067873303,0.4253393665158371,0.38461538461538464,0.10407239819004525
968,295.11641865640513,209,0.05,1e-05,0.3746896917193303,0.4784688995215311,0.10526315789473684,0.36363636363636365,0.05263157894736842
969,262.55668254203124,245,0.05,1e-05,0.373742913630867,0.2897959183673469,0.1306122448979592,0.4489795918367347,0.1306122448979592
970,256.6119545978977,205,0.05,1e-05,0.36881642132099796,0.34146341463414637,0.09268292682926829,0.4146341463414634,0.15121951219512195
971,285.2224224806426,192,0.05,1e-05,0.369172459559937,0.3489583333333333,0.16145833333333334,0.3541666666666667,0.13541666666666666
972,293.51249362523674,183,0.05,1e-05,0.3734219285318255,0.273224043715847,0.09836065573770492,0.4644808743169399,0.16393442622950818
973,145.85902727213488,1000,0.05,1e-05,0.37515292835220826,0.132,0.04,0.099,0.729
974,265.8853204190964,198,0.05,1e-05,0.3781576374384425,0.43434343434343436,0.07575757575757576,0.4494949494949495,0.04040404040404041
975,135.6336101854116,1000,0.05,1e-05,0.37100037931727614,0.202,0.034,0.095,0.669
976,255.75100711904435,159,0.05,1e-05,0.3746318260848685,0.3522012578616352,0.06918238993710692,0.49056603773584906,0.0880503144654088
977,252.18078483695683,221,0.05,1e-05,0.3726771148221767,0.19909502262443438,0.08144796380090498,0.38009049773755654,0.3393665158371041
978,262.61048042547316,230,0.05,1e-05,0.36497548576336086,0.3391304347826087,0.12173913043478261,0.391304347826087,0.14782608695652175
979,300.9739939045307,246,0.05,1e-05,0.37087967628280066,0.25609756097560976,0.17886178861788618,0.43089430894308944,0.13414634146341464
980,245.9011157789114,184,0.05,1e-05,0.36051938317198856,0.34782608695652173,0.1793478260869565,0.3695652173913043,0.10326086956521739
981,285.4789317791967,264,0.05,1e-05,0.37419076261560325,0.26136363636363635,0.13636363636363635,0.4621212121212121,0.14015151515151514
982,288.32815688523965,266,0.05,1e-05,0.37112763371034607,0.2669172932330827,0.24812030075187969,0.2819548872180451,0.20300751879699247
983,283.54940978755735,253,0.05,1e-05,0.3615696644483387,0.2924901185770751,0.08300395256916997,0.4505928853754941,0.17391304347826086
984,261.3311388130865,252,0.05,1e-05,0.3658871896791861,0.34523809523809523,0.09126984126984126,0.44841269841269843,0.11507936507936507
985,250.7101929189324,253,0.05,1e-05,0.3763108712916591,0.45454545454545453,0.05138339920948617,0.33201581027667987,0.16205533596837945
986,275.6728794790838,198,0.05,1e-05,0.37323389711148935,0.42424242424242425,0.08080808080808081,0.42424242424242425,0.0707070707070707
987,140.76767081513802,1000,0.05,1e-05,0.3692122823728878,0.377,0.479,0.095,0.049
988,266.6510006036406,181,0.05,1e-05,0.37148229390956655,0.292817679558011,0.09392265193370165,0.44751381215469616,0.16574585635359115
989,259.23787031609254,199,0.05,1e-05,0.37723193706701,0.3768844221105528,0.08542713567839195,0.49246231155778897,0.04522613065326633
990,267.1385822299143,247,0.05,1e-05,0.3692741311243793,0.4817813765182186,0.12550607287449392,0.30364372469635625,0.08906882591093117
991,277.8542827915706,212,0.05,1e-05,0.3641561224127227,0.3113207547169811,0.09905660377358491,0.37735849056603776,0.21226415094339623
992,263.5801634797483,192,0.05,1e-05,0.365737406353193,0.375,0.10416666666666667,0.421875,0.09895833333333333
993,244.52094872555602,199,0.05,1e-05,0.36342122515647046,0.507537688442211,0.05527638190954774,0.3768844221105528,0.06030150753768844
994,295.6194086163549,282,0.05,1e-05,0.37317315258656686,0.3475177304964539,0.10638297872340426,0.3475177304964539,0.19858156028368795
995,254.64876018756192,210,0.05,1e-05,0.36605421120417747,0.42857142857142855,0.08571428571428572,0.38095238095238093,0.10476190476190476
996,246.4716324469164,160,0.05,1e-05,0.36106848892836535,0.425,0.1,0.41875,0.05625
997,263.5866776797144,290,0.05,1e-05,0.3642142114474417,0.2827586206896552,0.11724137931034483,0.44482758620689655,0.15517241379310345
998,279.1387127662458,253,0.05,1e-05,0.37322177827343395,0.30434782608695654,0.09486166007905138,0.4031620553359684,0.1976284584980237
999,249.75939155801743,237,0.05,1e-05,0.3647411476401346,0.46835443037974683,0.06751054852320675,0.4219409282700422,0.04219409282700422
