Episode,Total_Reward,Steps,Epsilon,Learning_Rate,Average_Loss,Action_0_Percentage,Action_1_Percentage,Action_2_Percentage,Action_3_Percentage
0,-143.85626316552487,118,0.9950195566196387,0.000994896213044336,0.0,0.2627118644067797,0.2033898305084746,0.288135593220339,0.2457627118644068
1,-70.71779890294415,71,0.9900639180555424,0.0009898184747299606,0.0,0.2112676056338028,0.28169014084507044,0.22535211267605634,0.28169014084507044
2,-89.299716855243,117,0.9851329607687281,0.0009847666521101584,0.0,0.24786324786324787,0.24786324786324787,0.23076923076923078,0.27350427350427353
3,-55.83298333726191,91,0.9802265618354918,0.0009797406129167456,0.0,0.2087912087912088,0.2967032967032967,0.2857142857142857,0.2087912087912088
4,-462.78170389582675,96,0.975344598944344,0.0009747402255566067,0.0,0.25,0.28125,0.3020833333333333,0.16666666666666666
5,-63.35141586219228,65,0.9704869503929605,0.0009697653591082497,0.0,0.4307692307692308,0.16923076923076924,0.26153846153846155,0.13846153846153847
6,-366.3040211045943,88,0.9656534950851489,0.000964815883318378,0.0,0.3068181818181818,0.26136363636363635,0.2840909090909091,0.14772727272727273
7,-342.31714322597975,95,0.9608441125278293,0.0009598916685984801,0.0,0.2631578947368421,0.22105263157894736,0.2736842105263158,0.24210526315789474
8,-100.51592473053014,62,0.956058682828031,0.0009549925860214364,0.0,0.25806451612903225,0.3064516129032258,0.1774193548387097,0.25806451612903225
9,-222.6513007446949,113,0.9512970866899032,0.0009501185073181442,0.0,0.2831858407079646,0.2743362831858407,0.18584070796460178,0.25663716814159293
10,-263.3108601677104,80,0.9465592054117414,0.0009452693048741588,0.0,0.25,0.3625,0.175,0.2125
11,-186.29563906962142,90,0.9418449208830285,0.0009404448517263523,0.0,0.2777777777777778,0.25555555555555554,0.2,0.26666666666666666
12,-135.38085495722714,88,0.9371541155814898,0.0009356450215595899,0.0,0.26136363636363635,0.3409090909090909,0.18181818181818182,0.2159090909090909
13,-99.27548902819248,75,0.9324866725701636,0.000930869688703422,0.0,0.26666666666666666,0.26666666666666666,0.28,0.18666666666666668
14,-133.9230712895193,82,0.9278424754944864,0.0009261187281287943,0.0,0.3048780487804878,0.24390243902439024,0.2073170731707317,0.24390243902439024
15,-76.50943267881962,71,0.9232214085793918,0.0009213920154447743,0.0,0.22535211267605634,0.2676056338028169,0.29577464788732394,0.2112676056338028
16,-162.40710083393395,98,0.9186233566264248,0.0009166894268952941,0.0,0.3163265306122449,0.25510204081632654,0.22448979591836735,0.20408163265306123
17,-190.77701387407754,104,0.9140482050108695,0.0009120108393559106,0.0,0.22115384615384615,0.28846153846153844,0.22115384615384615,0.2692307692307692
18,-95.44299062679971,65,0.9094958396788919,0.0009073561303305816,0.0,0.3076923076923077,0.2923076923076923,0.18461538461538463,0.2153846153846154
19,-65.73355496153044,59,0.904966147144697,0.0009027251779484585,0.0,0.288135593220339,0.2711864406779661,0.1864406779661017,0.2542372881355932
20,-105.29777006365961,69,0.9004590144876992,0.0008981178609606956,0.0,0.2318840579710145,0.3188405797101449,0.2028985507246377,0.2463768115942029
21,-97.82541954302937,79,0.8959743293497072,0.0008935340587372753,0.0,0.31645569620253167,0.26582278481012656,0.21518987341772153,0.20253164556962025
22,-146.90530663305287,74,0.8915119799321238,0.0008889736512638504,0.0,0.22972972972972974,0.35135135135135137,0.14864864864864866,0.2702702702702703
23,-138.77331378233936,98,0.8870718549931581,0.0008844365191386009,0.0,0.25510204081632654,0.3163265306122449,0.20408163265306123,0.22448979591836735
24,-345.14362649957457,91,0.8826538438450526,0.0008799225435691082,0.0,0.32967032967032966,0.2967032967032967,0.18681318681318682,0.18681318681318682
25,-279.07071745994944,116,0.878257836351324,0.0008754316063692454,0.0,0.22413793103448276,0.28448275862068967,0.25,0.2413793103448276
26,-278.4700372420198,93,0.8738837229240176,0.0008709635899560819,0.0,0.22580645161290322,0.25806451612903225,0.1827956989247312,0.3333333333333333
27,-264.64867980072415,104,0.8695313945209752,0.0008665183773468056,0.0,0.23076923076923078,0.27884615384615385,0.2403846153846154,0.25
28,-247.99414956566378,73,0.8652007426431169,0.0008620958521556597,0.0,0.2191780821917808,0.3287671232876712,0.2054794520547945,0.2465753424657534
29,-152.93374516342897,88,0.8608916593317363,0.0008576958985908955,0.0,0.25,0.3181818181818182,0.22727272727272727,0.20454545454545456
30,-82.35949811555642,64,0.8566040371658092,0.0008533184014517406,0.0,0.25,0.28125,0.21875,0.25
31,-103.88087508091539,75,0.852337769259316,0.000848963246125383,0.0,0.26666666666666666,0.28,0.22666666666666666,0.22666666666666666
32,-471.31685411902447,108,0.8480927492585766,0.0008446303185839699,0.0,0.23148148148148148,0.3055555555555556,0.25,0.21296296296296297
33,-94.17614418999376,124,0.8438688713395993,0.0008403195053816226,0.0,0.23387096774193547,0.25806451612903225,0.23387096774193547,0.27419354838709675
34,-203.74818962184452,102,0.8396660302054431,0.0008360306936514657,0.0,0.20588235294117646,0.3627450980392157,0.2549019607843137,0.17647058823529413
35,-108.07010674329861,61,0.8354841210835922,0.0008317637711026725,0.0,0.3114754098360656,0.3442622950819672,0.26229508196721313,0.08196721311475409
36,-172.84658890337772,127,0.8313230397233444,0.0008275186260175247,0.0,0.2677165354330709,0.2755905511811024,0.25196850393700787,0.2047244094488189
37,-484.67322327673253,82,0.8271826823932125,0.0008232951472484873,0.0,0.3170731707317073,0.34146341463414637,0.25609756097560976,0.08536585365853659
38,-322.59492959488296,86,0.8230629458783377,0.0008190932242152989,0.0,0.22093023255813954,0.36046511627906974,0.13953488372093023,0.27906976744186046
39,-50.312169878095276,72,0.8189637274779172,0.000814912746902076,0.0,0.2222222222222222,0.2361111111111111,0.3055555555555556,0.2361111111111111
40,-97.75474597827878,63,0.8148849250026439,0.0008107536058544327,0.0,0.25396825396825395,0.31746031746031744,0.20634920634920634,0.2222222222222222
41,-70.21088789109359,70,0.8108264367721583,0.0008066156921766152,0.0,0.18571428571428572,0.37142857142857144,0.2,0.24285714285714285
42,-253.26444732736167,91,0.8067881616125144,0.0008024988975286502,0.0,0.32967032967032966,0.2967032967032967,0.2087912087912088,0.16483516483516483
43,-254.0067157064309,94,0.8027699988536575,0.0007984031141235085,0.0,0.3404255319148936,0.23404255319148937,0.14893617021276595,0.2765957446808511
44,-145.24953151745888,66,0.7987718483269142,0.0007943282347242834,0.0,0.2878787878787879,0.30303030303030304,0.16666666666666666,0.24242424242424243
45,-93.41955397129348,74,0.7947936103624954,0.0007902741526413818,0.0,0.21621621621621623,0.35135135135135137,0.22972972972972974,0.20270270270270271
46,-127.91172177918544,77,0.7908351857870121,0.0007862407617297322,0.0,0.2727272727272727,0.33766233766233766,0.19480519480519481,0.19480519480519481
47,-168.1591800927933,81,0.7868964759210023,0.0007822279563860046,0.0,0.2839506172839506,0.35802469135802467,0.16049382716049382,0.19753086419753085
48,-218.0530069790691,75,0.7829773825764719,0.0007782356315458458,0.0,0.28,0.28,0.17333333333333334,0.26666666666666666
49,-557.536508440759,103,0.7790778080544463,0.000774263682681129,0.0,0.2524271844660194,0.32038834951456313,0.2912621359223301,0.13592233009708737
50,-266.2870072765188,76,0.7751976551425351,0.0007703120057972166,0.0,0.3684210526315789,0.2894736842105263,0.21052631578947367,0.13157894736842105
51,-204.4432665348307,67,0.771336827112509,0.0007663804974302373,0.0,0.26865671641791045,0.31343283582089554,0.1791044776119403,0.23880597014925373
52,-141.83570731903976,79,0.7674952277178876,0.0007624690546443775,0.0,0.3037974683544304,0.24050632911392406,0.189873417721519,0.26582278481012656
53,-133.5637254081932,68,0.7636727611915411,0.0007585775750291859,0.0,0.27941176470588236,0.29411764705882354,0.11764705882352941,0.3088235294117647
54,-249.5160667564003,87,0.7598693322433026,0.0007547059566968927,0.0,0.25287356321839083,0.3333333333333333,0.22988505747126436,0.1839080459770115
55,-346.0366985425717,75,0.7560848460575919,0.000750854098279741,0.0,0.36,0.37333333333333335,0.14666666666666667,0.12
56,-217.59930648827026,96,0.7523192082910528,0.0007470218989273339,0.0,0.3125,0.28125,0.2708333333333333,0.13541666666666666
57,-286.2091712702595,97,0.748572325070201,0.0007432092583039931,0.0,0.25773195876288657,0.41237113402061853,0.18556701030927836,0.14432989690721648
58,2.1613610856269787,129,0.7448441029890834,0.0007394160765861323,1.6254330321534465,0.18604651162790697,0.20930232558139536,0.4573643410852713,0.14728682170542637
59,-494.12788410486917,91,0.7411344491069503,0.0007356422544596437,1.2183005331334635,0.16483516483516483,0.12087912087912088,0.43956043956043955,0.27472527472527475
60,-345.2703663781288,125,0.7374432709459379,0.0007318876931172971,1.0612018525653206,0.136,0.256,0.392,0.216
61,-190.28438790974343,122,0.7337704764887631,0.000728152294256154,0.9286605518681426,0.18032786885245902,0.2459016393442623,0.3114754098360656,0.26229508196721313
62,-55.91413254578042,146,0.7301159741764301,0.0007244359600749925,0.8318804754904674,0.17123287671232876,0.21232876712328766,0.4246575342465753,0.1917808219178082
63,-63.16007248102787,128,0.7264796729059471,0.0007207385932717478,0.8104977620720275,0.1796875,0.1640625,0.390625,0.265625
64,-138.7781880817483,86,0.7228614820280556,0.0007170600970409636,0.7828100663861406,0.26744186046511625,0.18604651162790697,0.3488372093023256,0.19767441860465115
65,-121.45988820854413,124,0.7192613113449707,0.0007134003750712587,0.7539606409852859,0.18548387096774194,0.22580645161290322,0.33064516129032256,0.25806451612903225
66,20.337008168596967,78,0.7156790711081327,0.0007097593315428041,0.7110394317082553,0.20512820512820512,0.20512820512820512,0.32051282051282054,0.2692307692307692
67,-176.03015939212216,121,0.712114672015969,0.000706136871124815,0.7087565819716471,0.19834710743801653,0.30578512396694213,0.3140495867768595,0.18181818181818182
68,-180.23223863047463,163,0.708568025211669,0.0007025328989730546,0.7121819413883236,0.1411042944785276,0.2147239263803681,0.4049079754601227,0.2392638036809816
69,-79.46961283863894,182,0.7050390422809678,0.000698947320727351,0.7165949511994137,0.19230769230769232,0.19230769230769232,0.4175824175824176,0.1978021978021978
70,-107.47416991275271,152,0.7015276352499433,0.0006953800425091263,0.6982608165416173,0.16447368421052633,0.2236842105263158,0.375,0.23684210526315788
71,-211.02374717012228,229,0.6980337165828222,0.000691830970918939,0.6799216477806699,0.18340611353711792,0.1965065502183406,0.4192139737991266,0.20087336244541484
72,-82.55353929941005,139,0.6945571991797983,0.0006883000130340385,0.6791617800701274,0.12949640287769784,0.26618705035971224,0.35251798561151076,0.2517985611510791
73,-124.44821580852482,137,0.691097996374861,0.0006847870764059319,0.6732533667054307,0.20437956204379562,0.15328467153284672,0.43795620437956206,0.20437956204379562
74,-68.83524936563326,123,0.6876560219336348,0.0006812920690579639,0.696943136894466,0.18699186991869918,0.1951219512195122,0.35772357723577236,0.2601626016260163
75,-87.25299596562301,73,0.6842311900512299,0.0006778148994829084,0.6532803297104192,0.2054794520547945,0.2465753424657534,0.3835616438356164,0.1643835616438356
76,-213.75636939431257,180,0.6808234153501025,0.0006743554766405727,0.6657594188425296,0.1111111111111111,0.2388888888888889,0.4222222222222222,0.22777777777777777
77,-98.28478814357916,141,0.6774326128779271,0.0006709137099554139,1.168486911894816,0.23404255319148937,0.1347517730496454,0.425531914893617,0.20567375886524822
78,-102.62969981436254,126,0.6740586981054784,0.0006674895093141672,0.9649767864761475,0.1111111111111111,0.21428571428571427,0.4603174603174603,0.21428571428571427
79,-111.19882274674076,127,0.670701586924524,0.0006640827850634869,0.9116064384246253,0.14960629921259844,0.29133858267716534,0.2755905511811024,0.28346456692913385
80,-115.49238976284161,133,0.6673611956457279,0.0006606934480075987,0.79883914618744,0.18796992481203006,0.12030075187969924,0.518796992481203,0.17293233082706766
81,-307.96210462459715,147,0.6640374409965641,0.0006573214094059647,0.8136934094119949,0.19047619047619047,0.2585034013605442,0.3401360544217687,0.2108843537414966
82,-69.39815263896622,116,0.6607302401192408,0.0006539665809709598,0.7697740265634961,0.1810344827586207,0.16379310344827586,0.4224137931034483,0.23275862068965517
83,-135.61233700744808,110,0.6574395105686344,0.0006506288748655599,0.7503316731270832,0.15454545454545454,0.2727272727272727,0.39090909090909093,0.18181818181818182
84,-127.55549146767005,133,0.6541651703102348,0.0006473082037010426,0.7442335030488317,0.15789473684210525,0.21804511278195488,0.42857142857142855,0.19548872180451127
85,-81.05098164288174,142,0.6509071377181003,0.0006440044805346987,0.6916115933941869,0.1619718309859155,0.23943661971830985,0.3732394366197183,0.22535211267605634
86,-146.75115703310934,201,0.6476653315728222,0.0006407176188675564,0.7379103447560442,0.15920398009950248,0.1691542288557214,0.472636815920398,0.19900497512437812
87,-110.2440662865927,154,0.6444396710595008,0.000637447532642116,0.7286293801803061,0.11038961038961038,0.2077922077922078,0.44155844155844154,0.24025974025974026
88,-118.35833299545133,86,0.6412300757657303,0.0006341941362400969,0.7180224308450639,0.18604651162790697,0.23255813953488372,0.43023255813953487,0.1511627906976744
89,-28.313322938145376,159,0.6380364656795943,0.000630957344480196,0.6918067742408264,0.16981132075471697,0.1761006289308176,0.4591194968553459,0.1949685534591195
90,-190.54446857036584,98,0.6348587611876713,0.0006277370726158575,0.7135565871471107,0.11224489795918367,0.24489795918367346,0.4387755102040816,0.20408163265306123
91,-99.58838705197722,147,0.6316968830730497,0.0006245332363330539,0.7154252868382439,0.14285714285714285,0.22448979591836735,0.3877551020408163,0.24489795918367346
92,-150.12803462460033,134,0.6285507525133537,0.0006213457517480785,0.7095204430015075,0.15671641791044777,0.19402985074626866,0.3582089552238806,0.291044776119403
93,-86.25178582870613,143,0.6254202910787774,0.0006181745354053494,0.7133129368554536,0.13986013986013987,0.21678321678321677,0.4195804195804196,0.22377622377622378
94,-68.73825129770059,88,0.6223054207301305,0.0006150195042752238,0.6830563502814516,0.1590909090909091,0.23863636363636365,0.36363636363636365,0.23863636363636365
95,-146.24149360370134,130,0.6192060638168921,0.0006118805757518249,0.671138350143525,0.13846153846153847,0.18461538461538463,0.46923076923076923,0.2076923076923077
96,-91.59655538318879,133,0.6161221430752757,0.0006087576676508784,1.2182736758066905,0.21052631578947367,0.14285714285714285,0.48120300751879697,0.16541353383458646
97,-31.691088364052888,154,0.6130535816263024,0.0006056506982075613,1.0024429656677463,0.14935064935064934,0.16233766233766234,0.551948051948052,0.13636363636363635
98,-87.33994374422838,123,0.6100003029738849,0.0006025595860743607,0.956525359842868,0.15447154471544716,0.21951219512195122,0.43089430894308944,0.1951219512195122
99,-77.53376782222688,152,0.6069622310029202,0.000599484250318944,0.9166075733672872,0.17763157894736842,0.18421052631578946,0.5460526315789473,0.09210526315789473
100,-46.92270616759713,127,0.6039392899773924,0.0005964246104220401,0.8674144021755434,0.11023622047244094,0.1732283464566929,0.5275590551181102,0.1889763779527559
101,-51.11166636780779,91,0.6009314045384845,0.000593380586275331,0.855765485125917,0.16483516483516483,0.13186813186813187,0.4945054945054945,0.2087912087912088
102,-116.01755564731322,125,0.5979384997026995,0.0005903520981793547,0.8213192358723388,0.136,0.232,0.416,0.216
103,-126.59603149904075,71,0.5949605008599921,0.0005873390668414179,0.7220808352137235,0.15492957746478872,0.2535211267605634,0.30985915492957744,0.28169014084507044
104,-91.82788635662175,133,0.5919973337719074,0.0005843414133735207,0.8268874364997156,0.12781954887218044,0.2932330827067669,0.3157894736842105,0.2631578947368421
105,-81.62989321950724,75,0.5890489245697316,0.0005813590592902906,0.7912232434803925,0.12,0.28,0.41333333333333333,0.18666666666666668
106,-158.88252162971878,111,0.5861151997526493,0.0005783919265069276,0.7629631567959125,0.15315315315315314,0.27927927927927926,0.26126126126126126,0.3063063063063063
107,-61.2062694564384,167,0.583196086185912,0.0005754399373371601,0.7651022902543176,0.08982035928143713,0.20359281437125748,0.5209580838323353,0.18562874251497005
108,-113.64617453900615,150,0.5802915110990148,0.0005725030144912106,0.7909733072323617,0.19333333333333333,0.18666666666666668,0.4666666666666667,0.15333333333333332
109,-47.523048789168186,116,0.5774014020838818,0.0005695810810737719,0.7734256498507354,0.1206896551724138,0.3275862068965517,0.3017241379310345,0.25
110,-95.58531918980168,194,0.5745256870930618,0.0005666740605819945,0.7336159195546469,0.22164948453608246,0.21649484536082475,0.4020618556701031,0.15979381443298968
111,-91.97453434385659,97,0.5716642944379317,0.0005637818769034828,0.7435392409766841,0.1134020618556701,0.14432989690721648,0.5154639175257731,0.2268041237113402
112,-116.13662342748981,224,0.5688171527869094,0.000560904454314303,0.7241049855596009,0.14285714285714285,0.18303571428571427,0.49107142857142855,0.18303571428571427
113,-74.55499430419533,231,0.5659841911636758,0.0005580417174769997,0.7313197220711527,0.11255411255411256,0.21212121212121213,0.45021645021645024,0.22510822510822512
114,-84.23475270623246,237,0.5631653389454055,0.0005551935914386241,1.2639947660386683,0.1729957805907173,0.1940928270042194,0.4345991561181435,0.19831223628691982
115,-75.51121609685171,151,0.5603605258610059,0.0005523600016287713,1.0262835663284466,0.1390728476821192,0.2119205298013245,0.5231788079470199,0.12582781456953643
116,-117.25248649934778,256,0.5575696819893657,0.0005495408738576278,0.9954660410172979,0.12890625,0.1875,0.50390625,0.1796875
117,-112.55497578830074,117,0.5547927377576116,0.000546736134314029,0.9468017656252591,0.1282051282051282,0.18803418803418803,0.452991452991453,0.23076923076923078
118,-109.22962035438957,208,0.5520296239393742,0.0005439457095635269,0.8729688432155316,0.1778846153846154,0.21634615384615385,0.4375,0.16826923076923078
119,2.246345725105698,124,0.5492802716530619,0.000541169526546467,0.8262306375133148,0.16129032258064516,0.24193548387096775,0.3709677419354839,0.22580645161290322
120,-9.091936235601196,207,0.5465446123601444,0.0005384075125760762,0.8846323651559491,0.13043478260869565,0.20772946859903382,0.5120772946859904,0.1497584541062802
121,-190.28206484198904,179,0.5438225778634432,0.0005356595953365588,0.8368464902762317,0.09497206703910614,0.21787709497206703,0.44692737430167595,0.24022346368715083
122,-185.41787410000416,187,0.5411141003054323,0.0005329257028812037,0.7738503276097529,0.16042780748663102,0.1925133689839572,0.45454545454545453,0.1925133689839572
123,-16.059638701540877,1000,0.5384191121665459,0.0005302057636305005,0.8910224925045902,0.135,0.174,0.521,0.17
124,-21.586429580594796,130,0.535737546263496,0.0005274997063702652,1.1583138818002319,0.12307692307692308,0.2076923076923077,0.49230769230769234,0.17692307692307693
125,-104.13782742398038,152,0.533069335747597,0.000524807460249776,1.0892169650815449,0.1118421052631579,0.17105263157894737,0.4934210526315789,0.2236842105263158
126,-35.75512475394203,129,0.5304144141030992,0.000522128954779918,1.0828484373215663,0.12403100775193798,0.27906976744186046,0.3488372093023256,0.24806201550387597
127,-33.32901728928783,106,0.5277727151455311,0.0005194641198313376,1.028659395403989,0.08490566037735849,0.25471698113207547,0.4716981132075472,0.18867924528301888
128,-110.90680803110905,194,0.5251441730200492,0.0005168128856326069,0.964270429257785,0.12371134020618557,0.2268041237113402,0.4639175257731959,0.18556701030927836
129,-81.24366243884384,99,0.5225287221997962,0.0005141751827683961,0.9976699928391972,0.16161616161616163,0.20202020202020202,0.48484848484848486,0.15151515151515152
130,-93.59672988386546,304,0.5199262974842676,0.0005115509421776565,0.9710769538640538,0.1611842105263158,0.1513157894736842,0.5131578947368421,0.17434210526315788
131,-123.58613690183995,352,0.5173368339976863,0.0005089400951518125,0.8902902061320219,0.14772727272727273,0.18181818181818182,0.4914772727272727,0.17897727272727273
132,-84.23403182027441,201,0.5147602671873854,0.0005063425733329622,0.9036934711714807,0.11442786069651742,0.18407960199004975,0.4925373134328358,0.208955223880597
133,-47.67420226162483,212,0.512196532822199,0.000503758308712088,0.893180900080297,0.11320754716981132,0.22641509433962265,0.4858490566037736,0.17452830188679244
134,92.58579645132994,1000,0.5096455669908607,0.0005011872336272758,1.1031914150788802,0.368,0.185,0.245,0.202
135,-26.581621860287797,118,0.5071073061004107,0.0004986292807619435,1.2394591113670037,0.17796610169491525,0.2288135593220339,0.3728813559322034,0.22033898305084745
136,-46.38369780798091,126,0.50458168687461,0.0004960843831430785,1.1758734486652165,0.11904761904761904,0.2857142857142857,0.3492063492063492,0.24603174603174602
137,-53.366375018988535,150,0.5020686463523638,0.0004935524741394842,1.0861192299404447,0.12,0.18,0.5066666666666667,0.19333333333333333
138,-33.91575159077675,256,0.49956812188615124,0.0004910334874600353,1.070269437773956,0.10546875,0.1640625,0.53515625,0.1953125
139,16.57595744646528,160,0.49708005114046383,0.0004885273571519426,1.0208544917295375,0.1375,0.24375,0.43125,0.1875
140,-3.092719136777461,136,0.49460437209025165,0.0004860340175990254,1.0699035834914206,0.13970588235294118,0.16176470588235295,0.5220588235294118,0.17647058823529413
141,-30.83436772792929,113,0.492141023019377,0.00048355340351999445,1.0402324766044897,0.11504424778761062,0.21238938053097345,0.504424778761062,0.168141592920354
142,-46.9139342099395,221,0.48968994251907594,0.0004810854499667421,0.9739761715563126,0.11764705882352941,0.17647058823529413,0.5701357466063348,0.13574660633484162
143,-72.5335324464945,102,0.4872510694864273,0.000478630092322642,0.9858034017705247,0.20588235294117646,0.1568627450980392,0.4215686274509804,0.21568627450980393
144,-42.64241269657197,226,0.4848243431228297,0.0004761872663008574,0.9248555465906654,0.13274336283185842,0.19911504424778761,0.4778761061946903,0.1902654867256637
145,-68.0020253323271,228,0.4824097029324856,0.00047375690794265767,0.9226781926371577,0.10964912280701754,0.16228070175438597,0.5307017543859649,0.19736842105263158
146,-239.13733727699824,277,0.4800070887208934,0.00047133895361574417,1.1379147960119336,0.16967509025270758,0.16967509025270758,0.4693140794223827,0.19133574007220217
147,-61.247977556137215,105,0.47761644059334696,0.0004689333400125837,1.1622356545328985,0.13333333333333333,0.2571428571428571,0.38095238095238093,0.22857142857142856
148,23.058628821420555,326,0.4752376989534421,0.0004665400041487515,1.2173344890331643,0.13496932515337423,0.20552147239263804,0.4447852760736196,0.2147239263803681
149,12.491754005192675,343,0.4728708045015913,0.0004641588833612816,1.0938571168745492,0.13411078717201166,0.1749271137026239,0.5247813411078717,0.1661807580174927
150,-115.54931120011038,233,0.4705156982335452,0.0004617899153070266,1.0641915499536316,0.11158798283261803,0.16738197424892703,0.5665236051502146,0.15450643776824036
151,-52.07286926546958,176,0.4681723214389219,0.00045943303796102536,1.0712222223909207,0.14204545454545456,0.17045454545454544,0.5113636363636364,0.17613636363636365
152,-45.057607786906395,322,0.46584061569974305,0.00045708818961487873,0.9974550157884099,0.15217391304347827,0.16459627329192547,0.5496894409937888,0.13354037267080746
153,-21.370676895087826,353,0.4635205228889778,0.0004547553088751342,0.9653883896655511,0.1558073654390935,0.16997167138810199,0.5297450424929179,0.14447592067988668
154,11.220848731859462,136,0.4612119851690938,0.00045243433466167824,1.0348686281371706,0.1323529411764706,0.16176470588235295,0.5661764705882353,0.13970588235294118
155,-209.974009195944,340,0.4589149449906151,0.00045012520620613735,0.960794484820796,0.15588235294117647,0.17647058823529413,0.45588235294117646,0.21176470588235294
156,145.9529826737376,1000,0.4566293450906877,0.0004478278630502868,1.32797457713711,0.335,0.263,0.219,0.183
157,-51.20852362730068,454,0.45435512849165205,0.0004455422450444678,1.164450746373112,0.15418502202643172,0.14317180616740088,0.5616740088105727,0.14096916299559473
158,-94.07649369188186,274,0.4520922384996226,0.0004432682923460125,1.1486971111351905,0.12043795620437957,0.19343065693430658,0.4927007299270073,0.19343065693430658
159,183.11311601644772,480,0.44984061870307446,0.00044100594541767737,1.122899533433037,0.3,0.16458333333333333,0.33125,0.20416666666666666
160,111.03409722115114,1000,0.4476002129714371,0.0004387551450260843,1.3017865185998472,0.375,0.253,0.243,0.129
161,-132.30016507927346,347,0.4453709654536952,0.00043651583224016963,1.308161805740434,0.12968299711815562,0.1844380403458213,0.5100864553314121,0.17579250720461095
162,-4.203078509930549,315,0.44315282057699623,0.00043428794842964135,1.246966202883761,0.12698412698412698,0.1873015873015873,0.4857142857142857,0.2
163,-16.874763490975567,247,0.4409457230452651,0.000432071435263444,1.1850289540409893,0.0931174089068826,0.21862348178137653,0.5020242914979757,0.1862348178137652
164,-10.982052134256236,229,0.4387496178378257,0.00042986623470823136,1.1668336243063882,0.13537117903930132,0.13973799126637554,0.5283842794759825,0.1965065502183406
165,-71.90375919954718,109,0.43656445020802925,0.00042767228902684703,1.1904846327596101,0.11926605504587157,0.1926605504587156,0.45871559633027525,0.22935779816513763
166,74.81744243713736,1000,0.4343901656818896,0.0004254895407768128,1.280243659185854,0.279,0.174,0.372,0.175
167,-14.413914396952748,386,0.4322267100567252,0.0004233179328088246,1.32543321728981,0.12435233160621761,0.17098445595854922,0.538860103626943,0.16580310880829016
168,1.6358336367203208,135,0.4300740293998078,0.0004211574082652562,1.389064394268054,0.13333333333333333,0.2222222222222222,0.4740740740740741,0.17037037037037037
169,-12.434177966475957,107,0.4279320700470182,0.0004190079105786707,1.2437187297612724,0.1308411214953271,0.14018691588785046,0.5700934579439252,0.1588785046728972
170,-71.36719140965747,96,0.4258007786015082,0.00041686938347033914,1.2779927305956822,0.14583333333333334,0.15625,0.4166666666666667,0.28125
171,-69.56246855555233,348,0.42368010193236966,0.00041474177094876744,1.269143123250444,0.10057471264367816,0.1925287356321839,0.5172413793103449,0.1896551724137931
172,9.008976677423519,438,0.4215699871733098,0.00041262501730823006,1.1828088929738898,0.10730593607305935,0.17123287671232876,0.545662100456621,0.17579908675799086
173,-170.24134916309532,337,0.4194703817213335,0.0004105190671273116,1.2074919839872569,0.11869436201780416,0.18100890207715134,0.5014836795252225,0.19881305637982197
174,-27.20284672991582,250,0.41738123323543186,0.0004084238652674558,1.2047676207854812,0.172,0.144,0.484,0.2
175,-32.45613941829676,1000,0.41530248963527744,0.00040633935687152184,1.3469420772601801,0.139,0.335,0.389,0.137
176,45.773532525187846,1000,0.41323409909992587,0.000404265487362348,1.2649534350243328,0.234,0.374,0.258,0.134
177,-6.2008220733731605,204,0.4111760100665241,0.00040220220244132287,1.0955984849347808,0.10784313725490197,0.16666666666666666,0.5196078431372549,0.20588235294117646
178,-60.90139561370751,104,0.4091281712290249,0.00040014944808696346,1.2142728723833567,0.11538461538461539,0.25,0.41346153846153844,0.22115384615384615
179,98.30138974215421,1000,0.407090531536908,0.000398107170553501,1.3873016487298555,0.365,0.234,0.256,0.145
180,-19.676557155904362,93,0.40506304019390726,0.00039607531636947366,1.3240193530822462,0.20430107526881722,0.13978494623655913,0.5053763440860215,0.15053763440860216
181,25.84993190868059,147,0.40304564665674447,0.0003940538323363266,1.1939086484271453,0.10204081632653061,0.19727891156462585,0.5306122448979592,0.17006802721088435
182,-178.75584402841747,845,0.40103830063386947,0.00039204266552701896,1.2355576158486758,0.10059171597633136,0.21893491124260356,0.5112426035502958,0.16923076923076924
183,151.61839325216377,1000,0.39904095208420615,0.00039004176328463834,1.3225567318903426,0.434,0.238,0.172,0.156
184,-9.683081863534838,340,0.3970535512159053,0.00038805107322102195,1.4092559575064494,0.07647058823529412,0.22058823529411764,0.4970588235294118,0.20588235294117646
185,-7.293000949407158,147,0.3950760484851031,0.000386070543215385,1.3947697730647834,0.19727891156462585,0.17687074829931973,0.40816326530612246,0.21768707482993196
186,14.454588658386967,126,0.39310839459468616,0.00038410012141295614,1.2900154770190166,0.16666666666666666,0.14285714285714285,0.5396825396825397,0.15079365079365079
187,89.94678570417038,1000,0.3911505404930626,0.0003821397562236197,1.272320533561804,0.421,0.17,0.248,0.161
188,-96.93455900799115,70,0.38920243737293914,0.00038018939632056487,1.221654238157943,0.1,0.34285714285714286,0.4,0.15714285714285714
189,68.38892912376865,1000,0.3872640366701046,0.00037824899063894216,1.2567774386314883,0.413,0.172,0.267,0.148
190,-50.87628876634945,95,0.385335290062219,0.000376318488374526,1.1907515809556484,0.12631578947368421,0.21052631578947367,0.4421052631578947,0.22105263157894736
191,130.9239796968323,1000,0.38341614946760905,0.0003743978389823848,1.2364006912499146,0.415,0.177,0.232,0.176
192,-54.308616669061024,345,0.3815065670440695,0.0003724869921755577,1.1564736141313807,0.11304347826086956,0.1826086956521739,0.5362318840579711,0.1681159420289855
193,-40.76604115206776,175,0.3796064951876705,0.0003705858979237375,1.164547636709194,0.14285714285714285,0.2,0.4514285714285714,0.2057142857142857
194,17.909356096912656,1000,0.3777158865315709,0.00036869450645196124,1.2676204129130875,0.294,0.164,0.397,0.145
195,102.12573118023988,1000,0.37583469394483743,0.0003668127682393067,1.2143164446960955,0.43,0.164,0.232,0.174
196,27.557117937800538,1000,0.37396287053126975,0.00036494063401759587,1.1598420077252425,0.195,0.136,0.491,0.178
197,104.16762593497123,1000,0.3721003696282314,0.00036307805477010503,1.2196193217921896,0.31,0.372,0.204,0.114
198,-21.51799175648486,110,0.3702471448054865,0.00036122498173028143,1.2327688166619892,0.13636363636363635,0.18181818181818182,0.509090909090909,0.17272727272727273
199,-42.361603758747236,312,0.3684031498640423,0.0003593813663804664,1.2094437804017881,0.14743589743589744,0.125,0.5705128205128205,0.15705128205128205
200,86.26555319584384,1000,0.3665683388349977,0.000357547160450625,1.2042523958040685,0.385,0.148,0.327,0.14
201,13.263943002724176,164,0.3647426659783969,0.00035572231591708236,1.2395127559975545,0.06097560975609756,0.17073170731707318,0.5121951219512195,0.25609756097560976
202,-125.42130492430748,377,0.36292608578208946,0.0003539067850012661,1.2286141321916288,0.16445623342175067,0.1246684350132626,0.5862068965517241,0.1246684350132626
203,-16.797491759770637,152,0.36111855296059564,0.0003521005201684556,1.2303228585366057,0.21052631578947367,0.17105263157894737,0.4342105263157895,0.18421052631578946
204,62.08863594766397,1000,0.3593200224539774,0.0003503034741265373,1.1677878045029324,0.112,0.453,0.316,0.119
205,97.72281025294535,1000,0.3575304494267152,0.00034851559982476644,1.2092029007658,0.398,0.142,0.304,0.156
206,68.35500234456869,1000,0.3557497892665903,0.0003467368504525353,1.2125276015014792,0.305,0.143,0.389,0.163
207,-76.5430903429562,481,0.35397799758357257,0.0003449671794381476,1.20339129417966,0.12266112266112267,0.16632016632016633,0.5426195426195426,0.1683991683991684
208,96.37509811408533,1000,0.3522150302087139,0.0003432065404475989,1.2086716260001533,0.423,0.158,0.287,0.132
209,118.03646326151805,1000,0.35046084319304716,0.0003414548873833638,1.2444979753944299,0.403,0.131,0.215,0.251
210,123.66758989924156,1000,0.3487153928064905,0.0003397121743831888,1.1595545422896487,0.521,0.155,0.2,0.124
211,116.19237828202118,1000,0.34697863553675734,0.0003379783558188916,1.2148254079856182,0.538,0.139,0.192,0.131
212,-174.21047718785542,712,0.3452505280882715,0.0003362533862951663,1.1608085483367254,0.10533707865168539,0.16713483146067415,0.5561797752808989,0.17134831460674158
213,-102.34872916195268,1000,0.34353102738108804,0.00033453722064839516,1.1252047405525618,0.171,0.13,0.558,0.141
214,111.68750440705941,1000,0.34182009054981916,0.00033282981394546575,1.1580288181812595,0.424,0.239,0.226,0.111
215,99.00254211126395,1000,0.3401176749425658,0.00033113112148259473,1.1363867319167567,0.411,0.134,0.294,0.161
216,-44.216594766413685,259,0.3384237381198542,0.00032944109878415743,1.0684457094651851,0.16216216216216217,0.1274131274131274,0.5637065637065637,0.14671814671814673
217,233.3646937873537,600,0.33673823785357804,0.0003277597016015232,1.0984991456059507,0.11166666666666666,0.17,0.4,0.31833333333333336
218,134.7122827860137,1000,0.3350611321259457,0.00032608688591189696,1.0724725089433718,0.528,0.15,0.196,0.126
219,13.573129929802576,374,0.33339237912843267,0.0003244226079171667,1.0932257839518813,0.16310160427807488,0.16844919786096257,0.5053475935828877,0.16310160427807488
220,147.19311260679171,1000,0.3317319372607396,0.0003227668240427565,1.0643463484740687,0.455,0.216,0.192,0.137
221,85.34041859851772,1000,0.3300797651297549,0.00032111949093648594,1.0904689589467451,0.173,0.501,0.216,0.11
222,-132.96183017423704,588,0.3284358215485232,0.0003194805654674348,1.071655005833902,0.12244897959183673,0.1836734693877551,0.5255102040816326,0.1683673469387755
223,-76.19845942689129,1000,0.32680006553521834,0.00031785000472481386,1.0700290212647063,0.148,0.219,0.489,0.144
224,-147.85486318620713,653,0.3251724563121218,0.00031622776601684157,1.0808439351483379,0.07963246554364471,0.1883614088820827,0.554364471669219,0.1776416539050536
225,86.03956033494585,1000,0.3235529533046063,0.000314613806869626,1.0537643031886506,0.163,0.568,0.173,0.096
226,-333.928558804235,703,0.32194151614012406,0.00031300808502605297,1.0374101084341016,0.13513513513513514,0.11948790896159317,0.5120910384068279,0.2332859174964438
227,15.619042358396428,1000,0.32033810464720053,0.0003114105584446796,1.0572663461889529,0.23,0.141,0.428,0.201
228,105.85460168199917,1000,0.3187426788544329,0.00030982118529863353,1.0715273860480476,0.537,0.11,0.208,0.145
229,115.00232737874401,1000,0.31715519898949374,0.00030823992397451796,1.0722079263356283,0.369,0.142,0.371,0.118
230,81.67657422240889,1000,0.31557562547813933,0.0003066667330713219,1.0848329407316415,0.366,0.163,0.332,0.139
231,162.94302383526528,919,0.3140039189432234,0.0003051015713993363,1.0773045250320552,0.3307943416757345,0.14036996735582155,0.39934711643090315,0.1294885745375408
232,83.66124556176547,1000,0.3124400402037151,0.00030354439797907574,1.0666932049364213,0.418,0.173,0.253,0.156
233,-15.174966624489386,156,0.3108839502737227,0.0003019951720402052,1.0475968344683184,0.07692307692307693,0.1987179487179487,0.5256410256410257,0.1987179487179487
234,85.63670201868021,1000,0.30933561036152135,0.00030045385302047284,1.04533731403427,0.123,0.557,0.208,0.112
235,105.55050880027949,1000,0.3077949818685863,0.0002989204005646479,1.072283279619031,0.472,0.135,0.269,0.124
236,103.5430568494127,1000,0.3062620263886305,0.00029739477452346417,1.023233362029298,0.503,0.119,0.193,0.185
237,107.31716502203984,1000,0.3047367057066472,0.00029587693495256864,1.0174501398383446,0.364,0.122,0.206,0.308
238,-21.475254385303884,90,0.3032189817979574,0.00029436684211147583,0.9998216355830316,0.12222222222222222,0.18888888888888888,0.4222222222222222,0.26666666666666666
239,105.26537516249623,1000,0.3017088168272619,0.0002928644564625272,1.0030242624585852,0.229,0.087,0.228,0.456
240,-2.746679521938802,92,0.30020617314769793,0.0002913697386698561,0.9377837110899906,0.21739130434782608,0.08695652173913043,0.5217391304347826,0.17391304347826086
241,113.54902253316824,1000,0.2987110132999009,0.0002898826495983576,0.9936660754829888,0.44,0.298,0.168,0.094
242,33.79186609878434,1000,0.2972233000110704,0.0002884031503126642,1.004547968233515,0.105,0.103,0.284,0.508
243,-37.99064501340098,155,0.2957429961940411,0.00028693120207612594,0.9764697819483782,0.18064516129032257,0.12903225806451613,0.5032258064516129,0.1870967741935484
244,68.47031718426948,1000,0.29427006494635827,0.0002854667663497968,0.9849982412543361,0.12,0.348,0.27,0.262
245,121.90730502737432,1000,0.2928044695493577,0.00028400980479142507,0.9922071280458241,0.507,0.135,0.191,0.167
246,127.53637959782391,1000,0.2913461734672504,0.00028256027925444986,0.9918630660818982,0.5,0.15,0.226,0.124
247,-9.511548885911765,70,0.28989514034621183,0.0002811181517870022,0.9101141003321231,0.04285714285714286,0.15714285714285714,0.5142857142857142,0.2857142857142857
248,99.3151326640795,1000,0.2884513340134756,0.0002796833846309113,0.9695430994285127,0.448,0.171,0.268,0.113
249,105.87072333743598,1000,0.2870147184764318,0.00027825594022071605,0.9764539308765927,0.553,0.111,0.216,0.12
250,81.59663014198976,1000,0.28558525792172956,0.0002768357811826815,0.9581132109225458,0.104,0.091,0.207,0.598
251,67.90861798360987,1000,0.2841629167143845,0.0002754228703338202,0.9771263697592604,0.415,0.118,0.34,0.127
252,-18.103171105417672,120,0.28274765939689017,0.0002740171706809189,0.9736333111482554,0.225,0.15,0.4666666666666667,0.15833333333333333
253,95.33944079283745,1000,0.28133945068833427,0.0002726186454195696,0.9683115773922494,0.535,0.147,0.185,0.133
254,73.05826346513679,1000,0.2799382554835191,0.00027122725793320634,0.9663715097085321,0.383,0.081,0.141,0.395
255,260.3029888357307,353,0.2785440388520863,0.0002698429717921463,0.9264948257021055,0.26628895184135976,0.19830028328611898,0.3881019830028329,0.14730878186968838
256,53.20865546854227,1000,0.27715676603764633,0.00026846575075263585,0.9319534159579023,0.319,0.305,0.276,0.1
257,85.56907470032861,1000,0.27577640245691176,0.00026709555875590197,0.9396537446235339,0.457,0.125,0.312,0.106
258,103.19968814092408,1000,0.2744029136988354,0.00026573235992720774,0.9640042977563323,0.349,0.106,0.18,0.365
259,125.69266194306144,1000,0.2730362655237522,0.00026437611857491343,0.9278230386412804,0.549,0.124,0.205,0.122
260,224.43993432101863,614,0.2716764238625259,0.00026302679918954166,0.972695473915722,0.06351791530944625,0.09120521172638436,0.21661237785016288,0.6286644951140065
261,117.93877099152965,1000,0.2703233548156995,0.000261684366442848,0.9907361723085882,0.546,0.105,0.177,0.172
262,137.18040010141664,1000,0.2689770246526506,0.00026034878518689574,0.9499438192562478,0.545,0.163,0.174,0.118
263,31.544272743517805,1000,0.26763739981075,0.00025902002045313587,0.9410119241726259,0.136,0.374,0.388,0.102
264,69.3671398688549,1000,0.2663044468945255,0.0002576980374514913,0.916322906542255,0.129,0.087,0.188,0.596
265,174.1568354248509,1000,0.2649781326748289,0.0002563828015694461,0.8943451113386636,0.549,0.193,0.134,0.124
266,94.07019655473098,1000,0.26365842408800805,0.00025507427837113934,0.8886217797032646,0.148,0.117,0.14,0.595
267,124.7531250720229,1000,0.26234528823508246,0.00025377243359646324,0.8799170734949655,0.579,0.1,0.198,0.123
268,-22.951107758855997,143,0.2610386923809231,0.00025247723316016644,0.8520029661555856,0.21678321678321677,0.14685314685314685,0.45454545454545453,0.18181818181818182
269,145.24883700048008,1000,0.25973860395343634,0.0002511886431509614,0.886993969605912,0.332,0.424,0.167,0.077
270,24.696701786933914,96,0.25844499054275216,0.0002499066298306366,0.8955614013508293,0.19791666666666666,0.11458333333333333,0.53125,0.15625
271,95.69896308093396,1000,0.257157819900416,0.00024863115963317297,0.8856514767467757,0.51,0.241,0.15,0.099
272,255.27134785799498,409,0.2558770599385848,0.0002473621991638655,0.8316476442476176,0.48655256723716384,0.10513447432762836,0.2787286063569682,0.1295843520782396
273,-47.308956574781064,221,0.25460267872922737,0.0002460997151984486,0.8586084509474265,0.12669683257918551,0.2081447963800905,0.49321266968325794,0.17194570135746606
274,223.66966446767566,565,0.25333464450332815,0.00024484367468222606,0.8580795904317111,0.10442477876106195,0.5964601769911504,0.19469026548672566,0.10442477876106195
275,39.45085070219568,134,0.25207292565009537,0.00024359404472920604,0.8885098978975744,0.21641791044776118,0.15671641791044777,0.48507462686567165,0.1417910447761194
276,11.598615528092012,92,0.25081749071617304,0.00024235079262123965,0.8568426976685362,0.21739130434782608,0.13043478260869565,0.532608695652174,0.11956521739130435
277,0.781624733380383,89,0.24956830840485686,0.00024111388580716448,0.8707231397337927,0.10112359550561797,0.16853932584269662,0.5056179775280899,0.2247191011235955
278,217.8297455380324,909,0.2483253475753139,0.00023988329190195238,0.8476232557842014,0.6193619361936193,0.10121012101210121,0.17601760176017603,0.1034103410341034
279,30.955492500529374,161,0.24708857724180652,0.00023865897868586143,0.8450774386482283,0.16149068322981366,0.2111801242236025,0.453416149068323,0.17391304347826086
280,258.8223276532969,535,0.24585796657291967,0.0002374409141035924,0.8232596160041769,0.4523364485981308,0.11401869158878504,0.2803738317757009,0.15327102803738318
281,107.42703133922198,1000,0.24463348489079248,0.00023622906626344953,0.8104695487688234,0.569,0.11,0.208,0.113
282,150.40588789691782,896,0.2434151016703534,0.0002350234034365054,0.7924833931942631,0.4609375,0.17745535714285715,0.22433035714285715,0.13727678571428573
283,265.20920699262155,660,0.2422027865385593,0.00023382389405577036,0.792868133411963,0.543939393939394,0.11212121212121212,0.18787878787878787,0.15606060606060607
284,219.06731713516967,752,0.24099650927363828,0.00023263050671536593,0.8430966385657929,0.4800531914893617,0.09441489361702128,0.2699468085106383,0.15558510638297873
285,28.3488474840332,143,0.2397962398043362,0.0002314432101697025,0.7894254673459922,0.2867132867132867,0.1258741258741259,0.44755244755244755,0.13986013986013987
286,232.18250264022075,278,0.23860194820916716,0.00023026197333266135,0.8390984805691482,0.41007194244604317,0.1223021582733813,0.35611510791366907,0.11151079136690648
287,222.7864633824838,890,0.2374136047156675,0.00022908676527678062,0.7824891345843306,0.34831460674157305,0.4067415730337079,0.1651685393258427,0.07977528089887641
288,225.251546845253,751,0.23623117969965363,0.0002279175552324457,0.7887418274234159,0.511318242343542,0.17842876165113183,0.21304926764314247,0.09720372836218376
289,36.176041414183715,79,0.23505464368448353,0.00022675431258708346,0.7761379373750132,0.22784810126582278,0.12658227848101267,0.5316455696202531,0.11392405063291139
290,217.5801005296815,555,0.23388396734032196,0.0002255970068843609,0.7874445486920397,0.25045045045045045,0.15315315315315314,0.42342342342342343,0.17297297297297298
291,108.99490230865631,1000,0.23271912148340923,0.00022444560782338763,0.7790745456808115,0.596,0.086,0.206,0.112
292,148.38752712495142,953,0.2315600770753337,0.00022330008525792253,0.7776838346290184,0.316894018887723,0.09233997901364113,0.291710388247639,0.2990556138509968
293,12.723189542546706,77,0.2304068052223079,0.00022216040919558445,0.791104746404935,0.2727272727272727,0.1038961038961039,0.5194805194805194,0.1038961038961039
294,138.62317390254154,1000,0.22925927717444824,0.000221026549797067,0.8060400336839662,0.39,0.26,0.2,0.15
295,143.98131629277498,1000,0.22811746432505836,0.0002198984773753573,0.7719366136710708,0.642,0.102,0.151,0.105
296,-58.672646703127796,103,0.2269813382099158,0.00021877616239495854,0.7835310724611079,0.24271844660194175,0.1650485436893204,0.42718446601941745,0.1650485436893204
297,6.918109463296645,118,0.2258508705065627,0.0002176595754711169,0.8341793494952504,0.1694915254237288,0.1694915254237288,0.4915254237288136,0.1694915254237288
298,222.08403271287463,381,0.22472603303359945,0.000216548687369052,0.7896282352551941,0.11548556430446194,0.12073490813648294,0.3753280839895013,0.3884514435695538
299,43.91597805809593,357,0.2236067977499824,0.00021544346900319165,0.7820802051838133,0.4257703081232493,0.13165266106442577,0.2913165266106443,0.15126050420168066
300,130.4089383842419,1000,0.22249313675432472,0.00021434389143641013,0.7808053459739825,0.706,0.094,0.108,0.092
301,254.54172669484015,372,0.22138502228420082,0.00021324992587927068,0.7297730809628303,0.5645161290322581,0.0913978494623656,0.22580645161290322,0.11827956989247312
302,238.3770611335873,451,0.22028242671545434,0.0002121615436892717,0.7943421165993347,0.42350332594235035,0.30598669623059865,0.19290465631929046,0.07760532150776053
303,66.58310680811701,1000,0.21918532256150944,0.00021107871637009683,0.7843589533689849,0.095,0.594,0.221,0.09
304,118.72256340046557,1000,0.21809368247268562,0.00021000141557086878,0.7623815350253224,0.625,0.103,0.138,0.134
305,274.6360576448021,753,0.21700747923551592,0.00020892961308540718,0.7906468068412973,0.6069057104913679,0.08764940239043825,0.14741035856573706,0.15803452855245684
306,86.63164195851607,1000,0.2159266857720685,0.00020786328085148993,0.7658313178644353,0.248,0.122,0.345,0.285
307,133.776380631229,1000,0.21485127513927166,0.00020680239095011854,0.7595910846964411,0.639,0.084,0.176,0.101
308,277.63783377519087,383,0.21378122052824208,0.00020574691560478717,0.766587916324985,0.5900783289817232,0.10182767624020887,0.2010443864229765,0.10704960835509138
309,97.78623973925001,1000,0.21271649526361663,0.00020469682718075532,0.7591798394628168,0.384,0.371,0.153,0.092
310,14.943448679250281,120,0.21165707280288729,0.00020365209818432435,0.757925263601147,0.1,0.15,0.5666666666666667,0.18333333333333332
311,128.50968224202865,1000,0.2106029267357395,0.00020261270126211757,0.7392996039534871,0.392,0.281,0.171,0.156
312,25.417590334630923,1000,0.20955403078339377,0.0002015786092003641,0.7510417320262687,0.313,0.124,0.407,0.156
313,15.527494397041778,137,0.2085103587979506,0.00020054979492418635,0.8000013707663217,0.08029197080291971,0.21897810218978103,0.45985401459854014,0.24087591240875914
314,271.8029945576182,242,0.20747188476173858,0.00019952623149689116,0.7781214410374878,0.30578512396694213,0.12396694214876033,0.4380165289256198,0.1322314049586777
315,249.1176907968445,738,0.2064385827866659,0.0001985078921192645,0.7457800486878179,0.5013550135501355,0.08265582655826559,0.1802168021680217,0.23577235772357724
316,257.055038913398,491,0.20541042711357488,0.00019749475012886982,0.7410173882227249,0.5234215885947047,0.18126272912423624,0.1955193482688391,0.09979633401221996
317,-21.058196299345127,258,0.2043873921115999,0.00019648677899934995,0.7420301717332377,0.13953488372093023,0.15503875968992248,0.5503875968992248,0.15503875968992248
318,-29.117632171571284,1000,0.20336945227752837,0.00019548395233973259,0.773375958012826,0.137,0.146,0.568,0.149
319,112.12290207569038,1000,0.20235658223516506,0.0001944862438937394,0.7638656141336401,0.484,0.281,0.142,0.093
320,138.22282136235273,1000,0.2013487567346994,0.0001934936275390984,0.7518390100395983,0.442,0.344,0.13,0.084
321,162.07471733620784,1000,0.20034595065207608,0.0001925060772868602,0.760939933344424,0.584,0.16,0.145,0.111
322,240.7908982695347,220,0.19934813898836876,0.00019152356728071747,0.7300704561532136,0.18181818181818182,0.11818181818181818,0.34545454545454546,0.35454545454545455
323,-22.446857467610315,107,0.1983552968691568,0.00019054607179632788,0.7146219611632684,0.27102803738317754,0.14018691588785046,0.3925233644859813,0.19626168224299065
324,109.93459210403027,1000,0.1973673995439052,0.00018957356524064073,0.7525853426943973,0.69,0.09,0.124,0.096
325,275.9239188990715,623,0.19638442238534762,0.0001886060221512268,0.7550172035962244,0.6757624398073836,0.07865168539325842,0.1508828250401284,0.09470304975922954
326,138.23403600998913,1000,0.19540634088887243,0.00018764341719561167,0.7305822676982946,0.622,0.157,0.136,0.085
327,96.88615068656159,1000,0.1944331306719118,0.00018668572517061246,0.7435267079137209,0.486,0.198,0.225,0.091
328,210.1241801243354,579,0.19346476747333397,0.00018573292100167797,0.7268665482020619,0.5561312607944733,0.08808290155440414,0.22107081174438686,0.13471502590673576
329,-17.119149503366202,107,0.19250122715283827,0.0001847849797422322,0.6858070808875687,0.11214953271028037,0.14018691588785046,0.5887850467289719,0.1588785046728972
330,264.72100820666276,536,0.19154248569035348,0.00018384187657302114,0.7135451791173077,0.48134328358208955,0.17537313432835822,0.24440298507462688,0.09888059701492537
331,162.78040190427959,1000,0.190588519185439,0.00018290358680146294,0.725703424548356,0.579,0.07,0.118,0.233
332,245.13247103258246,739,0.18963930385668903,0.00018197008586100144,0.7209243166098914,0.6806495263870095,0.07307171853856563,0.13531799729364005,0.11096075778078485
333,273.84121416555183,196,0.18869481604113966,0.00018104134931046296,0.703866760037407,0.33163265306122447,0.11734693877551021,0.3673469387755102,0.1836734693877551
334,11.19693441478097,97,0.1877550321936791,0.00018011735283341638,0.7819478566444938,0.20618556701030927,0.16494845360824742,0.4948453608247423,0.13402061855670103
335,280.8351953806731,169,0.18681992888646057,0.00017919807223753644,0.6902624794791389,0.35502958579881655,0.11242603550295859,0.4319526627218935,0.10059171597633136
336,274.24807043465665,296,0.18588948280831843,0.00017828348345397035,0.7106274694192551,0.5202702702702703,0.08783783783783784,0.2635135135135135,0.12837837837837837
337,29.99442625108935,120,0.18496367076418696,0.0001773735625367076,0.6902049667800935,0.2,0.20833333333333334,0.375,0.21666666666666667
338,229.12741729650222,181,0.18404246967452215,0.00017646828566195307,0.7039214320564258,0.34806629834254144,0.10497237569060773,0.3425414364640884,0.20441988950276244
339,282.6472792271145,427,0.18312585657472633,0.00017556762912750317,0.7114122772410401,0.3395784543325527,0.13114754098360656,0.2693208430913349,0.25995316159250587
340,-1.5503447268312982,103,0.18221380861457573,0.00017467156935212534,0.7430315332400611,0.17475728155339806,0.0970873786407767,0.5631067961165048,0.1650485436893204
341,23.275668215454274,92,0.18130630305765083,0.00017378008287494056,0.6851759195526693,0.05434782608695652,0.1956521739130435,0.5760869565217391,0.17391304347826086
342,263.07410605233383,269,0.18040331728076958,0.0001728931463548092,0.7126018605569614,0.21561338289962825,0.1821561338289963,0.4200743494423792,0.1821561338289963
343,20.08642762392293,122,0.17950482877342336,0.0001720107365697198,0.6795358621845659,0.1885245901639344,0.1885245901639344,0.4262295081967213,0.19672131147540983
344,-10.753427537839741,107,0.17861081513721588,0.00017113283041618108,0.7113779126263725,0.14953271028037382,0.19626168224299065,0.4205607476635514,0.2336448598130841
345,104.35909694594447,1000,0.17772125408530481,0.00017025940490861708,0.7006564194028371,0.184,0.539,0.198,0.079
346,241.7638166759379,380,0.17683612344184615,0.00016939043717876533,0.6854386026117942,0.2736842105263158,0.16052631578947368,0.4026315789473684,0.1631578947368421
347,221.21979499437285,584,0.17595540114144145,0.0001685259044750781,0.7222117985392996,0.5565068493150684,0.1113013698630137,0.24315068493150685,0.08904109589041095
348,41.42888629372885,105,0.17507906522858774,0.0001676657841621267,0.7387964385600142,0.06666666666666667,0.17142857142857143,0.6095238095238096,0.1523809523809524
349,119.64100490615601,1000,0.17420709385713018,0.00016681005372000884,0.6924861210248353,0.302,0.463,0.17,0.065
350,232.6207097784662,432,0.17333946528971744,0.00016595869074375902,0.7152691187609692,0.4236111111111111,0.09027777777777778,0.38425925925925924,0.10185185185185185
351,235.95593498269133,595,0.1724761578972599,0.00016511167294276194,0.7160939579936271,0.3495798319327731,0.12436974789915967,0.3126050420168067,0.2134453781512605
352,270.1218563238598,318,0.17161715015839032,0.0001642689781401688,0.7023209654587466,0.5157232704402516,0.1069182389937107,0.21069182389937108,0.16666666666666666
353,25.026101969985817,105,0.1707624206589275,0.00016343058427231672,0.7110782769278037,0.12380952380952381,0.19047619047619047,0.5142857142857142,0.17142857142857143
354,259.0433929675385,226,0.16991194809134227,0.0001625964693881511,0.7039154265833636,0.3495575221238938,0.15486725663716813,0.35398230088495575,0.1415929203539823
355,-19.013771165858174,99,0.16906571125422645,0.00016176661164865082,0.6966227390970502,0.09090909090909091,0.1919191919191919,0.5050505050505051,0.21212121212121213
356,169.63626712676967,448,0.16822368905176427,0.00016094098932625646,0.7313679543647778,0.12053571428571429,0.078125,0.26339285714285715,0.5379464285714286
357,277.57948079494037,160,0.16738586049320645,0.00016011958080430143,0.6913537987666774,0.4625,0.09375,0.375,0.06875
358,227.61302950309565,855,0.16655220469234697,0.00015930236457644602,0.6923357004635959,0.6584795321637427,0.13450292397660818,0.1391812865497076,0.06783625730994151
359,123.55546630158582,1000,0.1657227008670024,0.0001584893192461143,0.7080481906488951,0.429,0.306,0.173,0.092
360,29.82961331388401,85,0.16489732833849374,0.00015768042352593388,0.7585834400790796,0.08235294117647059,0.18823529411764706,0.5294117647058824,0.2
361,230.82944083479543,394,0.16407606653113102,0.00015687565623717862,0.7207535528322141,0.10406091370558376,0.30710659898477155,0.4416243654822335,0.14720812182741116
362,261.6665218780896,211,0.16325889497170032,0.00015607499630921405,0.7061587751490856,0.44075829383886256,0.12796208530805686,0.3080568720379147,0.12322274881516587
363,173.83603069811699,986,0.16244579328895342,0.00015527842277894576,0.6935839175684733,0.3093306288032454,0.1389452332657201,0.4117647058823529,0.13995943204868155
364,109.7620119218528,1000,0.16163674121309993,0.00015448591479027047,0.6909012885019012,0.252,0.064,0.169,0.515
365,248.2441953943344,752,0.16083171857530196,0.00015369745159353004,0.7005273322237069,0.3896276595744681,0.12101063829787234,0.324468085106383,0.16489361702127658
366,83.64634924175645,1000,0.16003070530717145,0.00015291301254496815,0.6771534652519509,0.114,0.625,0.185,0.076
367,297.0964462432319,335,0.1592336814402698,0.00015213257710618982,0.7154116461880716,0.25671641791044775,0.23283582089552238,0.2746268656716418,0.23582089552238805
368,274.051102019258,200,0.15844062710561005,0.00015135612484362367,0.6788430111941411,0.405,0.095,0.37,0.13
369,275.2940966071154,744,0.15765152253316161,0.0001505836354279869,0.6848125861730551,0.5067204301075269,0.15994623655913978,0.17876344086021506,0.15456989247311828
370,141.95971707534892,1000,0.15686634805135746,0.00014981508863375306,0.6771481630624191,0.519,0.124,0.196,0.161
371,122.77964356090243,1000,0.15608508408660363,0.00014905046433862245,0.6797441082771088,0.456,0.049,0.141,0.354
372,265.1408146702841,783,0.15530771116279135,0.0001482897425229953,0.6806915864419139,0.6053639846743295,0.1685823754789272,0.12388250319284802,0.10217113665389528
373,262.76707110053815,478,0.15453420990081157,0.00014753290326944765,0.6755476821833551,0.39748953974895396,0.1799163179916318,0.2510460251046025,0.17154811715481172
374,126.75013391920436,1000,0.1537645610180717,0.0001467799267622098,0.6840890183311265,0.329,0.061,0.138,0.472
375,93.2528177577259,1000,0.15299874532801508,0.00014603079328664748,0.6726859288547173,0.266,0.55,0.124,0.06
376,203.07772485432372,527,0.15223674373964258,0.0001452854832287458,0.6619405903605657,0.15180265654648956,0.349146110056926,0.2846299810246679,0.2144212523719165
377,246.76517103771036,377,0.15147853725703672,0.00014454397707459556,0.675055665012827,0.5092838196286472,0.08222811671087533,0.2413793103448276,0.16710875331564987
378,275.90744985413227,156,0.1507241069788881,0.0001438062554098824,0.6750257034802691,0.3333333333333333,0.14102564102564102,0.4423076923076923,0.08333333333333333
379,220.51732403942242,362,0.14997343409802424,0.00014307229891937854,0.673227533598827,0.5138121546961326,0.09668508287292818,0.30939226519337015,0.08011049723756906
380,265.85359453987775,191,0.1492264999009407,0.00014234208838643692,0.7115151723038996,0.3403141361256545,0.09947643979057591,0.39267015706806285,0.16753926701570682
381,225.2202332132352,782,0.14848328576733458,0.00014161560469248824,0.6659511625957435,0.5767263427109974,0.10741687979539642,0.1636828644501279,0.15217391304347827
382,215.24237764526117,400,0.14774377316964035,0.00014089282881654024,0.6675197435484818,0.1025,0.0925,0.3375,0.4675
383,252.57258854120224,570,0.147007943672568,0.00014017374183467976,0.6546122330707027,0.6736842105263158,0.0824561403508772,0.16842105263157894,0.07543859649122807
384,257.07616684015863,303,0.14627577893264343,0.0001394583249195773,0.6983260018393012,0.5346534653465347,0.10891089108910891,0.2706270627062706,0.0858085808580858
385,275.1339942754847,549,0.14554726069775115,0.00013874655933999398,0.6886186115725311,0.5555555555555556,0.09289617486338798,0.19854280510018216,0.15300546448087432
386,228.90064807714572,637,0.1448223708066793,0.00013803842646029123,0.6577346991238989,0.2119309262166405,0.4850863422291994,0.20565149136577707,0.09733124018838304
387,253.96047995368463,243,0.14410109118866696,0.0001373339077399428,0.6622682458174979,0.30864197530864196,0.13580246913580246,0.3374485596707819,0.21810699588477367
388,267.5132325233044,250,0.14338340386295353,0.00013663298473304928,0.6717584302905206,0.408,0.124,0.324,0.144
389,122.49149639123067,1000,0.1426692909383306,0.0001359356390878553,0.6750244515185617,0.439,0.396,0.111,0.054
390,247.38841400899037,457,0.14195873461269595,0.00013524185254626883,0.6466589750833353,0.5404814004376368,0.15098468271334792,0.24726477024070023,0.061269146608315096
391,231.4477773377642,824,0.14125171717260968,0.00013455160694338334,0.6563294070975869,0.7245145631067961,0.05825242718446602,0.13349514563106796,0.08373786407766991
392,262.29884080298615,278,0.1405482209928527,0.00013386488420700205,0.6699948068532044,0.4172661870503597,0.14028776978417265,0.3237410071942446,0.11870503597122302
393,129.44034965786645,1000,0.13984822853598727,0.00013318166635716485,0.6655108863478276,0.659,0.165,0.107,0.069
394,124.22031463469969,1000,0.13915172235191997,0.00013250193550567755,0.6555039959780068,0.07,0.061,0.12,0.749
395,294.2013431155476,399,0.13845868507746648,0.00013182567385564342,0.6439236530694908,0.39598997493734334,0.19548872180451127,0.2531328320802005,0.15538847117794485
396,246.68191611025267,825,0.1377690994359189,0.00013115286370099735,0.6426418339626709,0.6339393939393939,0.13454545454545455,0.13575757575757577,0.09575757575757576
397,256.7968899653632,699,0.13708294823661493,0.00013048348742604221,0.6490873349150991,0.7067238912732475,0.08011444921316166,0.13876967095851217,0.07439198855507868
398,256.18961110166504,441,0.13640021437450947,0.00012981752750498761,0.6260764673136368,0.3832199546485261,0.2199546485260771,0.23809523809523808,0.15873015873015872
399,255.60831407416146,253,0.1357208808297481,0.0001291549665014911,0.6385514494509233,0.4189723320158103,0.11462450592885376,0.34782608695652173,0.11857707509881422
400,201.44234219504045,466,0.13504493066724277,0.00012849578706820153,0.6311029310361137,0.13090128755364808,0.07939914163090128,0.26824034334763946,0.5214592274678111
401,35.52753840220288,74,0.13437234703624976,0.00012783997194630505,0.6820303625192959,0.1891891891891892,0.12162162162162163,0.5405405405405406,0.14864864864864866
402,270.30890013241407,340,0.13370311316994946,0.00012718750396507303,0.6321565088278162,0.5529411764705883,0.06764705882352941,0.2647058823529412,0.11470588235294117
403,98.26049547400541,1000,0.1330372123850285,0.0001265383660414126,0.6361317939719211,0.322,0.495,0.132,0.051
404,266.1970326645556,198,0.13237462808126377,0.0001258925411794194,0.6279263555636454,0.3434343434343434,0.14646464646464646,0.3939393939393939,0.11616161616161616
405,227.33154913828292,218,0.13171534374110866,0.00012525001246993246,0.6084383131830003,0.39908256880733944,0.08256880733944955,0.42660550458715596,0.09174311926605505
406,255.35638165529974,231,0.13105934292928123,0.00012461076309009165,0.6186547176483919,0.41125541125541126,0.1341991341991342,0.31601731601731603,0.13852813852813853
407,255.2277837015364,698,0.1304066092923546,0.00012397477630289708,0.6350713810748759,0.6203438395415473,0.14183381088825214,0.15616045845272206,0.08166189111747851
408,119.55550267087743,1000,0.12975712655834912,0.00012334203545677095,0.6187800055303084,0.32,0.056,0.123,0.501
409,281.02657421081517,323,0.12911087853632688,0.00012271252398512162,0.6022582799797388,0.5696594427244582,0.058823529411764705,0.2724458204334365,0.09907120743034056
410,235.03267061055257,206,0.128467849115988,0.00012208622540590974,0.604441955888181,0.3786407766990291,0.10194174757281553,0.4223300970873786,0.0970873786407767
411,2.191858516338627,88,0.12782802226726903,0.00012146312332121679,0.639007448673685,0.14772727272727273,0.13636363636363635,0.5795454545454546,0.13636363636363635
412,294.8545428817107,509,0.12719138203994332,0.00012084320141681574,0.6302344142285449,0.5245579567779961,0.13555992141453832,0.2220039292730845,0.11787819253438114
413,120.80302318837164,1000,0.1265579125632235,0.0001202264434617439,0.631798385260961,0.448,0.365,0.127,0.06
414,248.54279869616906,175,0.12592759804536563,0.00011961283330787796,0.6235855299843588,0.29714285714285715,0.17142857142857143,0.3942857142857143,0.13714285714285715
415,272.49055802981184,144,0.1253004227732758,0.00011900235488951118,0.6258330780046336,0.3819444444444444,0.06944444444444445,0.4861111111111111,0.0625
416,62.79532793825092,106,0.12467637111211817,0.00011839499222293278,0.5983577571224268,0.03773584905660377,0.1792452830188679,0.6226415094339622,0.16037735849056603
417,271.0846103226112,314,0.12405542750492535,0.00011779072940600942,0.597059933280718,0.3503184713375796,0.21656050955414013,0.32802547770700635,0.10509554140127389
418,254.8984181153358,217,0.12343757647221056,0.00011718955061776886,0.6140351125372101,0.5161290322580645,0.08294930875576037,0.30414746543778803,0.0967741935483871
419,237.15309237703798,584,0.1228228026115817,0.00011659144011798575,0.619460839825281,0.6678082191780822,0.07363013698630137,0.11815068493150685,0.1404109589041096
420,275.3057778844409,299,0.12221109059735742,0.00011599638224676948,0.6195867028242948,0.45484949832775917,0.12040133779264214,0.3210702341137124,0.10367892976588629
421,166.74170078955112,1000,0.12160242518018508,0.00011540436142415419,0.5969090878717785,0.419,0.384,0.129,0.068
422,277.8645314608456,305,0.12099679118666054,0.00011481536214969084,0.5907772302944471,0.5114754098360655,0.1180327868852459,0.25245901639344265,0.1180327868852459
423,266.33222916018815,351,0.12039417351894997,0.0001142293690020414,0.6028477331689553,0.47863247863247865,0.10826210826210826,0.2905982905982906,0.1225071225071225
424,250.75515522071603,192,0.11979455715441345,0.00011364636663857504,0.5934488930486773,0.3229166666666667,0.15104166666666666,0.3697916666666667,0.15625
425,111.9294672854353,1000,0.11919792714523043,0.00011306633979496645,0.596484400857034,0.149,0.045,0.124,0.682
426,103.03474581623166,1000,0.11860426861802718,0.0001124892732847962,0.6072240011443002,0.383,0.439,0.128,0.05
427,315.93363569519374,270,0.11801356677350594,0.00011191515199915312,0.5698443214266425,0.3,0.2111111111111111,0.34814814814814815,0.14074074074074075
428,205.33279503381553,206,0.11742580688607601,0.00011134396090623867,0.606167705594577,0.12135922330097088,0.5048543689320388,0.2912621359223301,0.0825242718446602
429,252.2517007942272,279,0.11684097430348667,0.00011077568505097344,0.5789324141194179,0.4157706093189964,0.14695340501792115,0.2831541218637993,0.15412186379928317
430,20.60052528023448,139,0.1162590544464619,0.00011021030955460552,0.5827117804608025,0.02158273381294964,0.2949640287769784,0.4244604316546763,0.2589928057553957
431,245.89828507648,206,0.11568003280833696,0.00010964781961432101,0.5859975949799624,0.4077669902912621,0.07766990291262135,0.2961165048543689,0.21844660194174756
432,218.19992308800667,207,0.1151038949546967,0.00010908820050285642,0.5968290193886618,0.15458937198067632,0.043478260869565216,0.36231884057971014,0.4396135265700483
433,288.32619397190587,321,0.11453062652301578,0.00010853143756811307,0.5959042418776207,0.367601246105919,0.19003115264797507,0.3052959501557632,0.13707165109034267
434,32.980084102420875,120,0.1139602132223006,0.00010797751623277346,0.578240564632362,0.21666666666666667,0.1,0.55,0.13333333333333333
435,246.38221655630255,293,0.11339264083273302,0.00010742642199391962,0.595945119492248,0.5324232081911263,0.06825938566552901,0.2593856655290102,0.13993174061433447
436,207.86572547309368,554,0.11282789520531596,0.00010687814042265338,0.5984379127842455,0.30866425992779783,0.06859205776173286,0.3140794223826715,0.30866425992779783
437,249.9733537431306,438,0.11226596226152054,0.0001063326571637186,0.5833677689950963,0.5593607305936074,0.1643835616438356,0.1506849315068493,0.12557077625570776
438,242.67182403780163,405,0.11170682799293526,0.00010578995793512529,0.5842366011934808,0.12839506172839507,0.45925925925925926,0.30617283950617286,0.10617283950617284
439,292.47464739348453,370,0.11115047846091669,0.00010525002852777575,0.5914683009694442,0.44324324324324327,0.12972972972972974,0.2945945945945946,0.13243243243243244
440,249.48306515878255,179,0.11059689979624203,0.0001047128548050924,0.5876444350822478,0.2681564245810056,0.1564245810055866,0.36312849162011174,0.2122905027932961
441,305.9275872745167,226,0.11004607819876336,0.00010417842270264782,0.6011410469903987,0.23008849557522124,0.18141592920353983,0.45132743362831856,0.13716814159292035
442,254.29503020641906,563,0.1094979999370636,0.00010364671822779637,0.5837976810519294,0.25754884547069273,0.44582593250444047,0.2433392539964476,0.05328596802841918
443,127.78741362726728,1000,0.10895265134811426,0.00010311772745930794,0.5863066986794517,0.449,0.03,0.093,0.428
444,-24.62076959266777,87,0.10841001883693473,0.0001025914365470034,0.5754218805230247,0.19540229885057472,0.11494252873563218,0.5402298850574713,0.14942528735632185
445,272.78693503636725,250,0.10787008887625348,0.00010206783171139196,0.5848802258200785,0.416,0.212,0.288,0.084
446,148.6577859826672,1000,0.10733284800617075,0.00010154689924331044,0.5856303157954831,0.472,0.042,0.088,0.398
447,231.33259524877113,206,0.10679828283382309,0.00010102862550356429,0.5978652837702884,0.4077669902912621,0.13106796116504854,0.30097087378640774,0.16019417475728157
448,259.6946813075649,303,0.10626638003304942,0.00010051299692257053,0.5496597328323616,0.4521452145214521,0.12871287128712872,0.32673267326732675,0.0924092409240924
449,19.79187457012263,130,0.10573712634405887,0.0001000000000000024,0.5628652345713309,0.06153846153846154,0.26153846153846155,0.47692307692307695,0.2
450,2.3026558859778845,152,0.10521050857310017,9.948962130443598e-05,0.5745157043445952,0.18421052631578946,0.14473684210526316,0.47368421052631576,0.19736842105263158
451,255.44330562846312,260,0.10468651359213282,9.898184747299844e-05,0.5627753246879932,0.5461538461538461,0.09615384615384616,0.2923076923076923,0.06538461538461539
452,211.87028842693712,879,0.10416512833849978,9.847666521101821e-05,0.5751142802462741,0.15358361774744028,0.048919226393629126,0.12741751990898748,0.6700796359499431
453,274.94427529599153,408,0.1036463398146018,9.797406129167691e-05,0.5762653726009066,0.5563725490196079,0.08088235294117647,0.23284313725490197,0.12990196078431374
454,254.45401134039554,293,0.1031301350875735,9.747402255566301e-05,0.5808708069537181,0.4232081911262799,0.11262798634812286,0.3447098976109215,0.11945392491467577
455,72.20943171538221,127,0.10261650128896083,9.69765359108273e-05,0.5859416107007662,0.07086614173228346,0.09448818897637795,0.6299212598425197,0.2047244094488189
456,8.27625388024839,119,0.10210542561440039,9.648158833184013e-05,0.5783556886884084,0.13445378151260504,0.15966386554621848,0.5378151260504201,0.16806722689075632
457,289.0449180039868,285,0.10159689532330018,9.598916685985032e-05,0.5766793179423229,0.45263157894736844,0.1368421052631579,0.29473684210526313,0.11578947368421053
458,20.422878482419208,162,0.10109089773852199,9.549925860214595e-05,0.5709140861294484,0.16666666666666666,0.1419753086419753,0.5308641975308642,0.16049382716049382
459,286.0230330686086,342,0.10058742024606539,9.501185073181671e-05,0.5651023190802036,0.43859649122807015,0.1783625730994152,0.260233918128655,0.12280701754385964
460,287.5864601925251,179,0.10008645029475326,9.452693048741816e-05,0.561266445397619,0.25139664804469275,0.13966480446927373,0.5027932960893855,0.10614525139664804
461,251.9139924560389,154,0.09958797539591889,9.404448517263751e-05,0.5748881423151913,0.2922077922077922,0.11038961038961038,0.461038961038961,0.13636363636363635
462,-25.711810230253832,150,0.0990919831230947,9.356450215596125e-05,0.5573129329984463,0.20666666666666667,0.1,0.5266666666666666,0.16666666666666666
463,133.4056669793861,1000,0.09859846111170241,9.308696887034445e-05,0.5756326524508635,0.405,0.436,0.108,0.051
464,22.159918075086296,130,0.09810739705874481,9.261187281288167e-05,0.5592266942854938,0.25384615384615383,0.1,0.5153846153846153,0.13076923076923078
465,58.50436959384777,151,0.0976187787224991,9.213920154447967e-05,0.5664778947759493,0.026490066225165563,0.23841059602649006,0.5165562913907285,0.2185430463576159
466,319.26008403635086,251,0.09713259392221169,9.166894268953164e-05,0.5443645423128082,0.2868525896414343,0.2350597609561753,0.3545816733067729,0.12350597609561753
467,153.4174906087988,1000,0.09664883053779448,9.120108393559328e-05,0.5666115241584612,0.504,0.365,0.091,0.04
468,235.06294211037545,224,0.09616747650952286,9.073561303306037e-05,0.5468457636607094,0.14732142857142858,0.44642857142857145,0.3080357142857143,0.09821428571428571
469,283.9646060046656,321,0.09568851983773495,9.027251779484805e-05,0.5427439617433243,0.2897196261682243,0.24610591900311526,0.32398753894080995,0.14018691588785046
470,278.31093619949286,274,0.09521194858253253,8.981178609607174e-05,0.5812035990214156,0.49635036496350365,0.1678832116788321,0.2518248175182482,0.08394160583941605
471,43.06988019319593,132,0.09473775086348335,8.935340587372971e-05,0.5636190471702003,0.12121212121212122,0.2196969696969697,0.5,0.1590909090909091
472,247.63711251666788,381,0.09426591485932499,8.88973651263872e-05,0.5671491213584581,0.3228346456692913,0.05249343832020997,0.23097112860892388,0.3937007874015748
473,257.89564327413314,247,0.09379642880767017,8.844365191386223e-05,0.5581158661620693,0.4898785425101215,0.1659919028340081,0.2550607287449393,0.08906882591093117
474,236.1041617598334,307,0.09332928100471348,8.799225435691295e-05,0.5409983734200892,0.40390879478827363,0.1563517915309446,0.36807817589576547,0.07166123778501629
475,258.08157308995527,540,0.09286445980493968,8.754316063692666e-05,0.5622731312832163,0.6407407407407407,0.05740740740740741,0.15185185185185185,0.15
476,289.49882580864573,270,0.09240195362083334,8.70963589956103e-05,0.5614543031822306,0.3296296296296296,0.1814814814814815,0.337037037037037,0.15185185185185185
477,271.46795954651685,412,0.09194175092259001,8.665183773468267e-05,0.5564061870731432,0.558252427184466,0.12864077669902912,0.2087378640776699,0.10436893203883495
478,-30.218321374918844,111,0.09148384023782877,8.620958521556806e-05,0.5631266042823506,0.17117117117117117,0.12612612612612611,0.4954954954954955,0.2072072072072072
479,240.03064947512917,507,0.09102821015130624,8.576958985909162e-05,0.5642086519363777,0.7140039447731755,0.0670611439842209,0.14990138067061143,0.06903353057199212
480,11.80138346339173,99,0.09057484930463203,8.533184014517613e-05,0.5443492096462341,0.26262626262626265,0.06060606060606061,0.5757575757575758,0.10101010101010101
481,232.64039664415998,189,0.09012374639598555,8.489632461254036e-05,0.5339747316617892,0.3492063492063492,0.10582010582010581,0.3915343915343915,0.15343915343915343
482,253.5738840949908,217,0.08967489017983431,8.446303185839905e-05,0.5482065572601789,0.4470046082949309,0.0967741935483871,0.3686635944700461,0.08755760368663594
483,262.6762801010833,688,0.08922826946665352,8.40319505381643e-05,0.5620213751451223,0.1933139534883721,0.5813953488372093,0.1686046511627907,0.056686046511627904
484,287.1249266281697,311,0.08878387312264722,8.36030693651486e-05,0.5691035849427765,0.36977491961414793,0.17684887459807075,0.2765273311897106,0.17684887459807075
485,281.28752382612686,493,0.0883416900694707,8.317637711026927e-05,0.5617185220142547,0.460446247464503,0.19675456389452334,0.24746450304259635,0.09533468559837728
486,284.7293564578323,242,0.08790170928395427,8.275186260175448e-05,0.5423030094263603,0.34710743801652894,0.21074380165289255,0.2727272727272727,0.16942148760330578
487,275.32458746622524,162,0.08746391979782855,8.232951472485073e-05,0.5696971194176079,0.3888888888888889,0.12345679012345678,0.37037037037037035,0.11728395061728394
488,254.84723392611602,150,0.08702831069745101,8.190932242153187e-05,0.5597470892598003,0.4,0.08,0.43333333333333335,0.08666666666666667
489,11.785350638920434,119,0.08659487112353387,8.149127469020957e-05,0.540356221856424,0.11764705882352941,0.16806722689075632,0.5210084033613446,0.19327731092436976
490,215.31019009921607,403,0.08616359027087342,8.107536058544523e-05,0.5458804679016952,0.1513647642679901,0.08933002481389578,0.32754342431761785,0.4317617866004963
491,285.07634999869754,459,0.08573445738808068,8.066156921766346e-05,0.5371125297723279,0.48366013071895425,0.2047930283224401,0.22004357298474944,0.0915032679738562
492,243.8324859274836,287,0.08530746177731334,8.024988975286695e-05,0.5667841245065698,0.42160278745644597,0.1672473867595819,0.21254355400696864,0.1986062717770035
493,244.71899526143076,278,0.0848825927940091,7.984031141235278e-05,0.55382583435788,0.1366906474820144,0.11151079136690648,0.2446043165467626,0.5071942446043165
494,258.9182270703709,153,0.08445983984662027,7.943282347243025e-05,0.5383304160036159,0.32679738562091504,0.13725490196078433,0.39869281045751637,0.13725490196078433
495,187.7039490223139,420,0.0840391923963498,7.902741526414009e-05,0.549627005662033,0.1357142857142857,0.06904761904761905,0.35,0.4452380952380952
496,-29.545516088299195,106,0.0836206399568885,7.862407617297512e-05,0.5614420172874359,0.22641509433962265,0.16037735849056603,0.49056603773584906,0.12264150943396226
497,274.40290226487525,185,0.08320417209415364,7.822279563860235e-05,0.5453181142870066,0.1945945945945946,0.17297297297297298,0.41621621621621624,0.21621621621621623
498,289.2121237215632,395,0.08278977842602886,7.782356315458647e-05,0.5582890633369701,0.42278481012658226,0.19746835443037974,0.24050632911392406,0.13924050632911392
499,270.32791369456595,236,0.08237744862210536,7.742636826811479e-05,0.5464267212026626,0.3771186440677966,0.18220338983050846,0.326271186440678,0.11440677966101695
500,288.77157047239206,184,0.08196717240342434,7.703120057972354e-05,0.5515834051200826,0.20108695652173914,0.15217391304347827,0.5054347826086957,0.14130434782608695
501,89.91607207396346,1000,0.08155893954222078,7.66380497430256e-05,0.5544591973502857,0.333,0.035,0.119,0.513
502,242.59379378195416,241,0.08115273986166843,7.624690546443961e-05,0.5446790126773668,0.5560165975103735,0.04149377593360996,0.27800829875518673,0.12448132780082988
503,-17.23731635036272,105,0.08074856323562621,7.585775750292045e-05,0.5176506322118325,0.2,0.10476190476190476,0.5904761904761905,0.10476190476190476
504,251.74992187259792,253,0.08034639958838564,7.547059566969111e-05,0.5476484057962024,0.09881422924901186,0.11462450592885376,0.3675889328063241,0.4189723320158103
505,26.116593089232595,143,0.0799462388944198,7.508540982797593e-05,0.560683770475689,0.23776223776223776,0.16783216783216784,0.43356643356643354,0.16083916083916083
506,272.4578521783973,202,0.07954807117813331,7.470218989273521e-05,0.5521555759366531,0.2376237623762376,0.22772277227722773,0.30198019801980197,0.23267326732673269
507,255.70692177966532,256,0.07915188651361367,7.432092583040112e-05,0.5433143948532463,0.41796875,0.15234375,0.25,0.1796875
508,286.1293433305937,317,0.07875767502438383,7.394160765861504e-05,0.5467104318357557,0.4794952681388013,0.14826498422712933,0.277602523659306,0.0946372239747634
509,302.5584027398866,236,0.078365426883156,7.356422544596616e-05,0.5369317849196724,0.2966101694915254,0.1864406779661017,0.3813559322033898,0.13559322033898305
510,11.809919410049503,120,0.07797513231158659,7.318876931173151e-05,0.5739265863831764,0.06666666666666667,0.24166666666666667,0.4583333333333333,0.23333333333333334
511,27.017212652559962,188,0.07758678158003256,7.281522942561718e-05,0.5666627953073998,0.14893617021276595,0.1702127659574468,0.5425531914893617,0.13829787234042554
512,276.5919449817974,207,0.07720036500730874,7.244359600750101e-05,0.5290268436758047,0.42028985507246375,0.11594202898550725,0.28019323671497587,0.18357487922705315
513,18.439998591489186,146,0.07681587296044662,7.207385932717653e-05,0.5115557878272097,0.2328767123287671,0.13013698630136986,0.4863013698630137,0.1506849315068493
514,9.313168375820126,120,0.07643329585445409,7.170600970409811e-05,0.5430834540181837,0.16666666666666666,0.18333333333333332,0.4666666666666667,0.18333333333333332
515,267.55899214727026,180,0.07605262415207657,7.134003750712762e-05,0.5436260130444288,0.40555555555555556,0.12222222222222222,0.35555555555555557,0.11666666666666667
516,243.45434193246206,208,0.07567384836355925,7.097593315428215e-05,0.5366300994706482,0.47115384615384615,0.1346153846153846,0.28365384615384615,0.11057692307692307
517,288.24381436702953,206,0.0752969590464105,7.061368711248323e-05,0.5302176470663774,0.4223300970873786,0.13106796116504854,0.3106796116504854,0.13592233009708737
518,284.02579297295557,454,0.07492194680516646,7.025328989730719e-05,0.5348300946802088,0.7092511013215859,0.09691629955947137,0.14977973568281938,0.04405286343612335
519,235.69041954301804,879,0.07454880229115689,6.989473207273681e-05,0.5327378703788276,0.5847554038680318,0.1558589306029579,0.08987485779294653,0.1695108077360637
520,43.63118504959229,100,0.07417751620227203,6.953800425091434e-05,0.5496274516837185,0.12,0.15,0.61,0.12
521,-208.85934139823473,308,0.07380807928273078,6.91830970918956e-05,0.5253047976077074,0.10714285714285714,0.19155844155844157,0.4902597402597403,0.21103896103896103
522,43.816542276060005,97,0.07344048232284993,6.883000130340553e-05,0.5094986658773982,0.08247422680412371,0.1134020618556701,0.6391752577319587,0.16494845360824742
523,272.1670821964693,188,0.07307471615881456,6.847870764059486e-05,0.5161730394924089,0.26595744680851063,0.11702127659574468,0.4627659574468085,0.15425531914893617
524,229.29084977961497,203,0.0727107716724496,6.812920690579805e-05,0.5302664331033373,0.1330049261083744,0.04926108374384237,0.41379310344827586,0.4039408866995074
525,305.7601343277479,291,0.07234863979099258,6.778148994829249e-05,0.5374289162595473,0.36769759450171824,0.15463917525773196,0.3539518900343643,0.12371134020618557
526,11.39341562858641,109,0.07198831148686739,6.743554766405891e-05,0.511511198043441,0.12844036697247707,0.1651376146788991,0.4954128440366973,0.21100917431192662
527,33.904301831956474,116,0.07162977777745924,6.709137099554301e-05,0.5360836433260268,0.31896551724137934,0.0603448275862069,0.5689655172413793,0.05172413793103448
528,279.9840040375951,197,0.07127302972489075,6.674895093141833e-05,0.5223181075706624,0.36548223350253806,0.15736040609137056,0.3197969543147208,0.15736040609137056
529,288.62185878344974,168,0.07091805843579913,6.64082785063503e-05,0.5204927000398258,0.39285714285714285,0.11904761904761904,0.36904761904761907,0.11904761904761904
530,264.73452425458834,159,0.07056485506111447,6.606934480076148e-05,0.5327515497018124,0.32075471698113206,0.12578616352201258,0.39622641509433965,0.15723270440251572
531,56.03633974674369,133,0.07021341079583919,6.573214094059807e-05,0.5399865768519452,0.3233082706766917,0.09774436090225563,0.47368421052631576,0.10526315789473684
532,55.95261970151614,179,0.06986371687882846,6.539665809709758e-05,0.5379334300843165,0.061452513966480445,0.22346368715083798,0.5418994413407822,0.17318435754189945
533,68.70932424816255,186,0.06951576459257186,6.506288748655759e-05,0.5357018136798917,0.06989247311827956,0.21505376344086022,0.5376344086021505,0.1774193548387097
534,267.49521657434514,276,0.06916954526297603,6.473082037010584e-05,0.5252874409373651,0.5652173913043478,0.09782608695652174,0.23550724637681159,0.10144927536231885
535,253.96674859225644,192,0.06882505025914844,6.440044805347146e-05,0.5305337928129802,0.3541666666666667,0.15625,0.3385416666666667,0.15104166666666666
536,240.81721466046127,190,0.06848227099318223,6.407176188675723e-05,0.5403685278777245,0.4421052631578947,0.14736842105263157,0.32105263157894737,0.08947368421052632
537,251.0455171132138,210,0.06814119891994212,6.374475326421318e-05,0.5320515771719626,0.3904761904761905,0.2,0.3380952380952381,0.07142857142857142
538,217.81342714065468,208,0.06780182553685142,6.341941362401126e-05,0.5407807558589981,0.28846153846153844,0.13942307692307693,0.47115384615384615,0.10096153846153846
539,225.84217802519908,461,0.06746414238368,6.309573444802116e-05,0.5369525067153569,0.5075921908893709,0.08026030368763558,0.3123644251626898,0.09978308026030369
540,279.22368860436427,348,0.06712814104233344,6.27737072615873e-05,0.5264078218366012,0.4942528735632184,0.09770114942528736,0.33045977011494254,0.07758620689655173
541,269.47914949881476,201,0.06679381313664319,6.245332363330693e-05,0.528270700015627,0.39303482587064675,0.0945273631840796,0.3034825870646766,0.208955223880597
542,-7.324023934989825,119,0.0664611503321577,6.213457517480939e-05,0.5369689866700527,0.25210084033613445,0.06722689075630252,0.5462184873949579,0.13445378151260504
543,42.21518418252185,135,0.06613014433593471,6.181745354053646e-05,0.5293825437435226,0.32592592592592595,0.1037037037037037,0.5259259259259259,0.044444444444444446
544,84.91164241649108,182,0.06580078689633446,6.150195042752389e-05,0.5367484697846943,0.17032967032967034,0.1813186813186813,0.5,0.14835164835164835
545,9.10770313487265,112,0.06547306980281405,6.1188057575184e-05,0.5283631743922992,0.22321428571428573,0.15178571428571427,0.5,0.125
546,29.16097344214154,94,0.0651469848857227,6.0875766765089345e-05,0.5334125585458099,0.10638297872340426,0.11702127659574468,0.6382978723404256,0.13829787234042554
547,281.68307015734854,241,0.0648225240160981,6.056506982075763e-05,0.5310973998380379,0.4024896265560166,0.13278008298755187,0.34854771784232363,0.11618257261410789
548,253.19548985687828,228,0.06449967910546381,6.0255958607437554e-05,0.5310595120557772,0.33771929824561403,0.18859649122807018,0.3201754385964912,0.15350877192982457
549,62.453376661847415,103,0.06417844210562758,5.994842503189588e-05,0.5045540007956463,0.17475728155339806,0.18446601941747573,0.5339805825242718,0.10679611650485436
550,75.85347993879137,166,0.0638588050084807,5.964246104220548e-05,0.5127490883085305,0.12048192771084337,0.1746987951807229,0.5481927710843374,0.1566265060240964
551,280.5457449769567,332,0.06354075984579843,5.933805862753456e-05,0.5262411872743706,0.6596385542168675,0.08433734939759036,0.18674698795180722,0.06927710843373494
552,4.730611884617943,104,0.0632242986890413,5.9035209817936916e-05,0.5278810211189015,0.10576923076923077,0.14423076923076922,0.5865384615384616,0.16346153846153846
553,279.95570728997166,160,0.06290941364915748,5.873390668414323e-05,0.5325478391098606,0.45625,0.0875,0.38125,0.075
554,-11.155631375230357,120,0.06259609687638612,5.8434141337353506e-05,0.5325346453298025,0.13333333333333333,0.18333333333333332,0.5166666666666667,0.16666666666666666
555,296.05630651342096,448,0.06228434056006167,5.813590592903049e-05,0.5232842531527703,0.40401785714285715,0.10491071428571429,0.2767857142857143,0.21428571428571427
556,243.21434542525427,202,0.061974136928419146,5.7839192650694185e-05,0.5142747717693967,0.1188118811881188,0.10891089108910891,0.4801980198019802,0.29207920792079206
557,299.7650229809218,258,0.06166547824840039,5.7543993733717426e-05,0.5424136025156491,0.32945736434108525,0.2441860465116279,0.313953488372093,0.1124031007751938
558,241.552088503024,184,0.061358356825461334,5.725030144912246e-05,0.5415943939080562,0.29891304347826086,0.125,0.43478260869565216,0.14130434782608695
559,253.76129532928465,162,0.06105276500338012,5.695810810737859e-05,0.5300356172354395,0.345679012345679,0.1419753086419753,0.36419753086419754,0.14814814814814814
560,230.45933355916114,242,0.06074869516406628,5.666740605820084e-05,0.5173349282990272,0.15702479338842976,0.049586776859504134,0.2975206611570248,0.49586776859504134
561,256.4689940004741,240,0.06044613972737082,5.637818769034967e-05,0.5262406237950147,0.375,0.16666666666666666,0.3333333333333333,0.125
562,274.7431345953447,280,0.060145091150897244,5.609044543143168e-05,0.524928976700426,0.3821428571428571,0.21071428571428572,0.25357142857142856,0.15357142857142858
563,274.07823485572834,400,0.059845541929813534,5.580417174770135e-05,0.5119042893651866,0.6175,0.0625,0.1875,0.1325
564,270.6056668039229,195,0.05954748459666506,5.551935914386379e-05,0.5220733511333006,0.35384615384615387,0.1641025641025641,0.35384615384615387,0.1282051282051282
565,251.59101589776478,184,0.05925091172118844,5.5236000162878504e-05,0.5072746477610636,0.3858695652173913,0.15217391304347827,0.32065217391304346,0.14130434782608695
566,248.82873155852946,230,0.058955815910126275,5.495408738576414e-05,0.5119962914038083,0.5260869565217391,0.08695652173913043,0.2782608695652174,0.10869565217391304
567,247.47646383417597,198,0.05866218980704289,5.467361343140425e-05,0.5153065938174338,0.5656565656565656,0.06060606060606061,0.32323232323232326,0.050505050505050504
568,248.53527914252385,163,0.058370026092140904,5.439457095635402e-05,0.5206270859221237,0.5153374233128835,0.06748466257668712,0.36809815950920244,0.049079754601226995
569,36.281976371975816,133,0.058079317482078785,5.4116952654648034e-05,0.5184594055514394,0.3233082706766917,0.11278195488721804,0.47368421052631576,0.09022556390977443
570,300.70194920820194,259,0.05779005672978926,5.3840751257608944e-05,0.5294159668346055,0.29343629343629346,0.17374517374517376,0.37065637065637064,0.16216216216216217
571,27.56181532974233,133,0.05750223662429868,5.35659595336572e-05,0.5195255336582361,0.18796992481203006,0.17293233082706766,0.5488721804511278,0.09022556390977443
572,269.8073340715106,261,0.05721584999054722,5.329257028812169e-05,0.5126904469880695,0.31800766283524906,0.1532567049808429,0.32567049808429116,0.20306513409961685
573,276.81168753249483,285,0.056930889689210055,5.302057636305136e-05,0.5133668745309056,0.22105263157894736,0.10877192982456141,0.5263157894736842,0.14385964912280702
574,38.894900335548016,108,0.05664734861651935,5.2749970637027824e-05,0.5318615161479533,0.1111111111111111,0.23148148148148148,0.5277777777777778,0.12962962962962962
575,40.30635486992446,127,0.056365219704087186,5.248074602497889e-05,0.5280118975610008,0.2283464566929134,0.14173228346456693,0.49606299212598426,0.13385826771653545
576,301.0363698191826,216,0.056084495918729355,5.221289547799308e-05,0.5283494859634048,0.24074074074074073,0.21296296296296297,0.4074074074074074,0.1388888888888889
577,12.6427168344389,116,0.05580517026229002,5.1946411983135046e-05,0.5064576104002556,0.13793103448275862,0.1896551724137931,0.49137931034482757,0.1810344827586207
578,274.6866779374905,197,0.05552723577146726,5.1681288563261965e-05,0.5065871404773103,0.38578680203045684,0.14213197969543148,0.29441624365482233,0.17766497461928935
579,36.45540625117326,136,0.055250685517639495,5.141751827684087e-05,0.5241658568767579,0.27205882352941174,0.10294117647058823,0.49264705882352944,0.1323529411764706
580,266.28852816024107,200,0.05497551260669274,5.11550942177669e-05,0.5190029205305148,0.285,0.215,0.29,0.21
581,-0.9878005293165444,110,0.05470171017884877,5.08940095151825e-05,0.5330005613670569,0.045454545454545456,0.24545454545454545,0.5545454545454546,0.15454545454545454
582,290.9052263912705,328,0.05442927140849408,5.063425733329746e-05,0.5206510551177524,0.4176829268292683,0.15853658536585366,0.2774390243902439,0.14634146341463414
583,18.229920168643275,127,0.05415818950400976,5.0375830871210034e-05,0.5188507556642811,0.33858267716535434,0.07874015748031496,0.5118110236220472,0.07086614173228346
584,222.51893288178604,366,0.053888457707602165,5.011872336272881e-05,0.5316504698975668,0.3469945355191257,0.20765027322404372,0.2185792349726776,0.226775956284153
585,-9.316719605393402,120,0.05362006929513446,4.986292807619558e-05,0.503971381362901,0.20833333333333334,0.15,0.4666666666666667,0.175
586,36.66281911081006,163,0.05335301757595899,4.960843831430907e-05,0.5335011080973983,0.3128834355828221,0.15950920245398773,0.4171779141104294,0.11042944785276074
587,281.5165139547255,181,0.053087295892750505,4.935524741394963e-05,0.5084291499494705,0.430939226519337,0.17679558011049723,0.32044198895027626,0.0718232044198895
588,298.14347760200326,223,0.052822897621340174,4.910334874600474e-05,0.5119758529741614,0.28699551569506726,0.07623318385650224,0.32286995515695066,0.31390134529147984
589,270.05622897076756,194,0.052559816170550465,4.885273571519545e-05,0.5298871209064981,0.4381443298969072,0.0979381443298969,0.3247422680412371,0.13917525773195877
590,289.10638921289615,335,0.05229804498203084,4.860340175990373e-05,0.5055041062712606,0.3850746268656716,0.191044776119403,0.2865671641791045,0.1373134328358209
591,26.297862829712116,141,0.05203757753009425,4.8355340352000625e-05,0.520610972102622,0.1773049645390071,0.19858156028368795,0.475177304964539,0.14893617021276595
592,292.1859867395808,179,0.051778407321554455,4.810854499667538e-05,0.5234026627720377,0.5195530726256983,0.0670391061452514,0.35195530726256985,0.061452513966480445
593,232.25399203543535,170,0.05152052789556417,4.786300923226537e-05,0.5151628805756056,0.13529411764705881,0.07647058823529412,0.38235294117647056,0.40588235294117647
594,32.30515412635566,101,0.051263932823453984,4.76187266300869e-05,0.5403894216354195,0.16831683168316833,0.16831683168316833,0.5445544554455446,0.1188118811881188
595,26.9414587167188,128,0.051008615708572125,4.737569079426693e-05,0.5412499863068176,0.3125,0.0625,0.5703125,0.0546875
596,236.42447787901722,209,0.050754570186124975,4.713389536157557e-05,0.5298388496180866,0.19138755980861244,0.07655502392344497,0.33014354066985646,0.4019138755980861
597,268.8057442078298,167,0.0505017899230184,4.689333400125952e-05,0.521917497717522,0.5449101796407185,0.03592814371257485,0.3592814371257485,0.059880239520958084
598,276.7941298920708,357,0.050250268617699906,4.665400041487629e-05,0.5165587860970755,0.4789915966386555,0.13725490196078433,0.21008403361344538,0.17366946778711484
599,308.72404003598007,276,0.05000000000000151,4.6415888336129295e-05,0.5161457443610113,0.32971014492753625,0.18840579710144928,0.34057971014492755,0.14130434782608695
600,245.19085316317907,227,0.05,4.617899153070379e-05,0.5211743310056218,0.09251101321585903,0.05286343612334802,0.3436123348017621,0.5110132158590308
601,239.2210460210572,375,0.05,4.594330379610366e-05,0.5102251491507135,0.128,0.5253333333333333,0.272,0.07466666666666667
602,282.9771362286814,209,0.05,4.5708818961488994e-05,0.5285410804377932,0.291866028708134,0.2822966507177033,0.3062200956937799,0.11961722488038277
603,231.2924635089777,511,0.05,4.547553088751453e-05,0.5175644687089141,0.2896281800391389,0.03913894324853229,0.14481409001956946,0.5264187866927593
604,284.66400837977926,295,0.05,4.524343346616893e-05,0.5134696441886459,0.2983050847457627,0.2033898305084746,0.33220338983050846,0.16610169491525423
605,40.728631907089266,91,0.05,4.501252062061484e-05,0.5263390036860806,0.15384615384615385,0.15384615384615385,0.6263736263736264,0.06593406593406594
606,7.2525355771076505,121,0.05,4.478278630502978e-05,0.5188404772429922,0.2644628099173554,0.1487603305785124,0.4793388429752066,0.10743801652892562
607,249.81002441987454,199,0.05,4.4554224504447877e-05,0.5282849463193655,0.41708542713567837,0.1306532663316583,0.3065326633165829,0.1457286432160804
608,40.27532592879041,99,0.05,4.4326829234602346e-05,0.4914915077115698,0.1111111111111111,0.20202020202020202,0.5757575757575758,0.1111111111111111
609,295.86743789988645,234,0.05,4.410059454176883e-05,0.5180443585938501,0.25213675213675213,0.3076923076923077,0.3076923076923077,0.13247863247863248
610,278.2827789826588,295,0.05,4.387551450260952e-05,0.5314850200846457,0.4135593220338983,0.11186440677966102,0.36610169491525424,0.10847457627118644
611,254.71527984905674,789,0.05,4.3651583224018043e-05,0.5143170932068067,0.2737642585551331,0.5221799746514575,0.15842839036755388,0.045627376425855515
612,36.94173865849652,99,0.05,4.3428794842965214e-05,0.4919241782798926,0.09090909090909091,0.20202020202020202,0.5555555555555556,0.15151515151515152
613,-17.940965910128384,119,0.05,4.320714352634547e-05,0.5109335682443368,0.24369747899159663,0.12605042016806722,0.48739495798319327,0.14285714285714285
614,54.165602181262614,106,0.05,4.29866234708242e-05,0.5097581515097479,0.11320754716981132,0.18867924528301888,0.6415094339622641,0.05660377358490566
615,260.507510555887,202,0.05,4.276722890268576e-05,0.5362334361206686,0.38613861386138615,0.09900990099009901,0.42574257425742573,0.0891089108910891
616,256.3419226011773,198,0.05,4.254895407768233e-05,0.5318220670762894,0.4292929292929293,0.13636363636363635,0.29292929292929293,0.1414141414141414
617,125.78103452231898,1000,0.05,4.23317932808835e-05,0.5177310596064006,0.22,0.052,0.132,0.596
618,230.38386088713068,324,0.05,4.2115740826526656e-05,0.5016976276886057,0.09259259259259259,0.05555555555555555,0.25617283950617287,0.595679012345679
619,242.64588788470127,200,0.05,4.19007910578681e-05,0.513454925455115,0.37,0.16,0.33,0.14
620,-13.812235866880812,101,0.05,4.168693834703494e-05,0.5150427682968256,0.12871287128712872,0.297029702970297,0.49504950495049505,0.07920792079207921
621,302.7570340450259,277,0.05,4.147417709487777e-05,0.5099910995128007,0.22743682310469315,0.2851985559566787,0.35018050541516244,0.1371841155234657
622,250.6528238586198,520,0.05,4.126250173082403e-05,0.5122999621528609,0.33076923076923076,0.03653846153846154,0.13076923076923078,0.5019230769230769
623,314.4537425364923,281,0.05,4.1051906712732176e-05,0.533427829759786,0.28825622775800713,0.23487544483985764,0.3202846975088968,0.15658362989323843
624,291.89253804153066,295,0.05,4.084238652674659e-05,0.5019867787410486,0.3728813559322034,0.18983050847457628,0.3288135593220339,0.10847457627118644
625,289.33462259127305,239,0.05,4.063393568715319e-05,0.5193085569941736,0.3305439330543933,0.13807531380753138,0.4309623430962343,0.100418410041841
626,52.17577360721572,170,0.05,4.04265487362358e-05,0.5201617827355571,0.14705882352941177,0.21764705882352942,0.4764705882352941,0.1588235294117647
627,28.004304774642236,102,0.05,4.022022024413328e-05,0.5155258178323617,0.09803921568627451,0.17647058823529413,0.5686274509803921,0.1568627450980392
628,266.77659370783556,249,0.05,4.001494480869733e-05,0.5284520603484386,0.37751004016064255,0.10843373493975904,0.40963855421686746,0.10441767068273092
629,267.8361070095068,190,0.05,3.981071705535108e-05,0.52784959606951,0.4631578947368421,0.11052631578947368,0.35789473684210527,0.06842105263157895
630,269.1117464647432,234,0.05,3.960753163694834e-05,0.5322149303443978,0.3333333333333333,0.2777777777777778,0.3076923076923077,0.0811965811965812
631,289.26217966832814,218,0.05,3.940538323363363e-05,0.5169688510256354,0.40825688073394495,0.2018348623853211,0.3211009174311927,0.06880733944954129
632,258.93553552637536,166,0.05,3.920426655270286e-05,0.520558467231148,0.3855421686746988,0.1144578313253012,0.3493975903614458,0.15060240963855423
633,302.5589614585334,348,0.05,3.90041763284648e-05,0.5286335675317292,0.4540229885057471,0.13793103448275862,0.3045977011494253,0.10344827586206896
634,59.504667407238344,178,0.05,3.8805107322103155e-05,0.52025738971088,0.09550561797752809,0.2303370786516854,0.4550561797752809,0.21910112359550563
635,154.12429435344575,1000,0.05,3.860705432153946e-05,0.5169563691651908,0.525,0.365,0.078,0.032
636,267.0933773217802,197,0.05,3.841001214129657e-05,0.5104852161302117,0.4517766497461929,0.1065989847715736,0.3350253807106599,0.1065989847715736
637,267.41495497823706,225,0.05,3.8213975622362915e-05,0.4941423569651921,0.38222222222222224,0.12,0.4,0.09777777777777778
638,273.5014160604602,278,0.05,3.801893963205743e-05,0.5078242826317413,0.2805755395683453,0.13309352517985612,0.48201438848920863,0.10431654676258993
639,286.9673479816629,177,0.05,3.782489906389515e-05,0.5261071726604437,0.3728813559322034,0.12429378531073447,0.384180790960452,0.11864406779661017
640,79.63301936245549,176,0.05,3.763184883745353e-05,0.5287255243569707,0.14772727272727273,0.19318181818181818,0.48863636363636365,0.17045454545454544
641,293.21714176193683,306,0.05,3.743978389823941e-05,0.5231108873211309,0.34967320261437906,0.238562091503268,0.29411764705882354,0.11764705882352941
642,224.06419836998407,751,0.05,3.724869921755669e-05,0.5242723206545915,0.06391478029294274,0.03462050599201065,0.1051930758988016,0.796271637816245
643,23.987989752444165,98,0.05,3.7058589792374664e-05,0.5118712057277158,0.16326530612244897,0.15306122448979592,0.5510204081632653,0.1326530612244898
644,262.5824240814849,218,0.05,3.686945064519703e-05,0.5039113530046843,0.5091743119266054,0.11926605504587157,0.27522935779816515,0.0963302752293578
645,285.3851946508956,167,0.05,3.668127682393157e-05,0.5174061968021055,0.49101796407185627,0.10778443113772455,0.33532934131736525,0.0658682634730539
646,88.24557088542531,190,0.05,3.6494063401760485e-05,0.49716744111021327,0.15263157894736842,0.19473684210526315,0.5368421052631579,0.11578947368421053
647,-2.769866071523964,117,0.05,3.63078054770114e-05,0.5133880861374993,0.15384615384615385,0.13675213675213677,0.5384615384615384,0.17094017094017094
648,276.72961732840963,346,0.05,3.612249817302904e-05,0.5035058780914203,0.3670520231213873,0.1994219653179191,0.3468208092485549,0.08670520231213873
649,47.17001586758602,125,0.05,3.593813663804753e-05,0.5014814919630547,0.2,0.12,0.576,0.104
650,236.13339261009813,272,0.05,3.575471604506339e-05,0.5199843719601296,0.051470588235294115,0.08823529411764706,0.3860294117647059,0.4742647058823529
651,251.93818563183953,261,0.05,3.557223159170912e-05,0.5311275365253262,0.09195402298850575,0.48659003831417624,0.3065134099616858,0.11494252873563218
652,246.14118538867356,298,0.05,3.5390678500127486e-05,0.5170652448444328,0.5100671140939598,0.05704697986577181,0.2348993288590604,0.19798657718120805
653,266.74785406714585,181,0.05,3.5210052016846434e-05,0.4940675151927678,0.3701657458563536,0.11049723756906077,0.3812154696132597,0.13812154696132597
654,225.86881435718163,180,0.05,3.5030347412654595e-05,0.5151011117934565,0.2388888888888889,0.05555555555555555,0.3888888888888889,0.31666666666666665
655,200.08223761263957,677,0.05,3.4851559982477505e-05,0.500729016041324,0.06942392909896603,0.6986706056129985,0.12703101920236337,0.10487444608567208
656,291.5478513898431,408,0.05,3.467368504525439e-05,0.5066349661406725,0.3333333333333333,0.16176470588235295,0.1568627450980392,0.3480392156862745
657,17.64264256084836,103,0.05,3.4496717943815614e-05,0.498966218830826,0.1650485436893204,0.17475728155339806,0.5339805825242718,0.1262135922330097
658,14.921715840416056,157,0.05,3.4320654044760744e-05,0.5076353688849754,0.27388535031847133,0.1464968152866242,0.4394904458598726,0.14012738853503184
659,304.9660707765677,413,0.05,3.414548873833723e-05,0.5150623372079853,0.29055690072639223,0.2179176755447942,0.20581113801452786,0.2857142857142857
660,48.80400040520328,105,0.05,3.397121743831973e-05,0.5174197468442367,0.20952380952380953,0.11428571428571428,0.5428571428571428,0.13333333333333333
661,305.0083741609458,219,0.05,3.379783558189e-05,0.523002160915757,0.273972602739726,0.0958904109589041,0.2785388127853881,0.3515981735159817
662,234.58444258459772,686,0.05,3.3625338629517463e-05,0.5023378964220709,0.3760932944606414,0.03644314868804665,0.10787172011661808,0.47959183673469385
663,300.3212683636854,227,0.05,3.345372206484034e-05,0.4933095374491668,0.18502202643171806,0.29955947136563876,0.36123348017621143,0.15418502202643172
664,271.9278439989208,379,0.05,3.328298139454739e-05,0.5007713961296372,0.22955145118733508,0.44854881266490765,0.24274406332453827,0.079155672823219
665,281.938435111887,394,0.05,3.311311214826029e-05,0.500052249378677,0.41116751269035534,0.1446700507614213,0.20558375634517767,0.23857868020304568
666,268.395823800761,322,0.05,3.2944109878416555e-05,0.5107437276139545,0.2577639751552795,0.062111801242236024,0.45962732919254656,0.2204968944099379
667,284.94821496688303,229,0.05,3.2775970160153124e-05,0.5062245890982738,0.37554585152838427,0.10480349344978165,0.3537117903930131,0.16593886462882096
668,279.07637161719015,265,0.05,3.26086885911905e-05,0.5198580212369502,0.052830188679245285,0.2792452830188679,0.3018867924528302,0.3660377358490566
669,216.3582632095747,323,0.05,3.2442260791717464e-05,0.49063387088176796,0.0804953560371517,0.29102167182662536,0.4984520123839009,0.13003095975232198
670,253.72058578519628,345,0.05,3.227668240427644e-05,0.5050421890367359,0.6,0.1072463768115942,0.1826086956521739,0.11014492753623188
671,264.9445294400329,279,0.05,3.211194909364938e-05,0.4959897491244488,0.2222222222222222,0.1935483870967742,0.3763440860215054,0.2078853046594982
672,267.022113175454,177,0.05,3.194805654674426e-05,0.4889220701381194,0.4463276836158192,0.12429378531073447,0.3107344632768362,0.11864406779661017
673,268.66928970867446,265,0.05,3.178500047248217e-05,0.4939166758524537,0.42641509433962266,0.16226415094339622,0.27547169811320754,0.13584905660377358
674,263.5238720588873,272,0.05,3.1622776601684934e-05,0.5014105508380216,0.46691176470588236,0.10661764705882353,0.19852941176470587,0.22794117647058823
675,245.50975485071882,224,0.05,3.1461380686963373e-05,0.48883725210484597,0.36160714285714285,0.17410714285714285,0.27232142857142855,0.19196428571428573
676,273.97214475140413,346,0.05,3.1300808502606066e-05,0.5070421634512373,0.26878612716763006,0.1907514450867052,0.41040462427745666,0.13005780346820808
677,261.22261805344897,186,0.05,3.1141055844468724e-05,0.49860680997345197,0.45161290322580644,0.0967741935483871,0.3548387096774194,0.0967741935483871
678,15.477276946712209,97,0.05,3.0982118529864115e-05,0.491895407642336,0.09278350515463918,0.15463917525773196,0.5876288659793815,0.16494845360824742
679,264.52098442305373,150,0.05,3.082399239745255e-05,0.4849646442493645,0.38666666666666666,0.11333333333333333,0.44,0.06
680,210.23112575180045,203,0.05,3.066667330713294e-05,0.4867201327117,0.15763546798029557,0.03940886699507389,0.3497536945812808,0.45320197044334976
681,257.3217347157405,282,0.05,3.0510157139934383e-05,0.49691134335709325,0.30851063829787234,0.24822695035460993,0.20567375886524822,0.2375886524822695
682,274.9380966075007,194,0.05,3.035443979790832e-05,0.4932672389798779,0.36597938144329895,0.15979381443298968,0.3247422680412371,0.14948453608247422
683,40.43751302516554,107,0.05,3.0199517204021263e-05,0.4966732128441524,0.14018691588785046,0.14953271028037382,0.5794392523364486,0.1308411214953271
684,264.237259522597,280,0.05,3.0045385302048023e-05,0.48717691647143,0.19642857142857142,0.13214285714285715,0.5357142857142857,0.1357142857142857
685,267.6461727473642,196,0.05,2.9892040056465527e-05,0.5036695169681491,0.3520408163265306,0.17346938775510204,0.29591836734693877,0.17857142857142858
686,282.264657450883,550,0.05,2.9739477452347147e-05,0.488504234419565,0.5490909090909091,0.13636363636363635,0.21636363636363637,0.09818181818181818
687,262.4120397300692,370,0.05,2.9587693495257588e-05,0.5034934641643285,0.21891891891891893,0.12432432432432433,0.5027027027027027,0.15405405405405406
688,206.81672491165315,360,0.05,2.9436684211148304e-05,0.49172625494367217,0.09444444444444444,0.6833333333333333,0.16111111111111112,0.06111111111111111
689,157.75754244708185,1000,0.05,2.928644564625344e-05,0.48298335380397533,0.529,0.265,0.154,0.052
690,261.4027543578144,170,0.05,2.9136973866986325e-05,0.4795026379258247,0.38823529411764707,0.14705882352941177,0.32941176470588235,0.13529411764705881
691,292.8241883118933,245,0.05,2.898826495983647e-05,0.47948883563885186,0.2979591836734694,0.17959183673469387,0.3877551020408163,0.1346938775510204
692,280.53780061639816,258,0.05,2.8840315031267124e-05,0.4734580258553679,0.27906976744186046,0.23255813953488372,0.3023255813953488,0.18604651162790697
693,287.94482948332507,209,0.05,2.8693120207613298e-05,0.4859076412809578,0.3684210526315789,0.0861244019138756,0.40669856459330145,0.13875598086124402
694,250.52254262424506,627,0.05,2.8546676634980377e-05,0.47837954232488544,0.30303030303030304,0.31738437001594894,0.11961722488038277,0.25996810207336524
695,252.68462094212654,166,0.05,2.84009804791432e-05,0.47856960954793903,0.3433734939759036,0.12048192771084337,0.3855421686746988,0.15060240963855423
696,33.422300134170456,126,0.05,2.8256027925445676e-05,0.46924104196023414,0.23809523809523808,0.18253968253968253,0.42857142857142855,0.15079365079365079
697,263.9467428160601,202,0.05,2.8111815178700904e-05,0.47474901812721043,0.45544554455445546,0.11386138613861387,0.33663366336633666,0.09405940594059406
698,293.6657048850924,228,0.05,2.796833846309181e-05,0.471861077768363,0.4824561403508772,0.09210526315789473,0.33771929824561403,0.08771929824561403
699,266.87488469335574,322,0.05,2.7825594022072283e-05,0.4529880292087196,0.4720496894409938,0.2391304347826087,0.18633540372670807,0.10248447204968944
700,252.56074378555385,391,0.05,2.7683578118268825e-05,0.46015557328316575,0.289002557544757,0.10997442455242967,0.43478260869565216,0.16624040920716113
701,327.2507047009104,281,0.05,2.7542287033382697e-05,0.4643622415232491,0.35231316725978645,0.23843416370106763,0.2775800711743772,0.13167259786476868
702,265.47986531663344,171,0.05,2.740171706809256e-05,0.483455764288359,0.3508771929824561,0.12280701754385964,0.391812865497076,0.13450292397660818
703,291.90005087376534,240,0.05,2.726186454195763e-05,0.46291924644454496,0.225,0.3125,0.30833333333333335,0.15416666666666667
704,76.45408841292448,144,0.05,2.7122725793321306e-05,0.44723929962277015,0.2916666666666667,0.13194444444444445,0.4375,0.1388888888888889
705,65.29815347963489,150,0.05,2.6984297179215296e-05,0.4737725629042838,0.14,0.17333333333333334,0.5266666666666666,0.16
706,243.17871906361617,275,0.05,2.684657507526425e-05,0.4433613579633159,0.4072727272727273,0.13454545454545455,0.2727272727272727,0.18545454545454546
707,287.3021211578561,242,0.05,2.670955587559086e-05,0.46582538344403124,0.41735537190082644,0.19008264462809918,0.256198347107438,0.13636363636363635
708,262.3323753913587,315,0.05,2.6573235992721436e-05,0.45343744314611106,0.43492063492063493,0.06666666666666667,0.17777777777777778,0.32063492063492066
709,274.8816932621593,184,0.05,2.6437611857491997e-05,0.44614193227574256,0.41847826086956524,0.11956521739130435,0.33152173913043476,0.13043478260869565
710,301.0486871852793,306,0.05,2.6302679918954817e-05,0.43965259498299414,0.3333333333333333,0.09803921568627451,0.35294117647058826,0.21568627450980393
711,235.80202358995555,435,0.05,2.6168436644285447e-05,0.45030302310953335,0.01839080459770115,0.6781609195402298,0.21149425287356322,0.09195402298850575
712,229.29323570100613,367,0.05,2.603487851869022e-05,0.44653700686607645,0.27520435967302453,0.043596730245231606,0.18256130790190736,0.4986376021798365
713,302.86115222771843,264,0.05,2.590200204531423e-05,0.4508735979837156,0.26136363636363635,0.2803030303030303,0.3143939393939394,0.14393939393939395
714,286.1443791142044,194,0.05,2.5769803745149768e-05,0.4579070827147107,0.3402061855670103,0.17525773195876287,0.31958762886597936,0.16494845360824742
715,263.65073884469,296,0.05,2.5638280156945248e-05,0.4478543375039805,0.3952702702702703,0.20945945945945946,0.2195945945945946,0.17567567567567569
716,284.8625358205434,359,0.05,2.5507427837114567e-05,0.4419265721857467,0.3203342618384401,0.181058495821727,0.23676880222841226,0.2618384401114206
717,45.72980388952132,149,0.05,2.5377243359646956e-05,0.45065045426211037,0.2483221476510067,0.16778523489932887,0.4563758389261745,0.12751677852348994
718,134.38825076752423,1000,0.05,2.5247723316017274e-05,0.4461713969087448,0.493,0.023,0.092,0.392
719,173.00152294496849,1000,0.05,2.5118864315096767e-05,0.4461003480925932,0.659,0.178,0.118,0.045
720,271.6031497491456,204,0.05,2.4990662983064277e-05,0.433335153572542,0.19117647058823528,0.16176470588235295,0.30392156862745096,0.3431372549019608
721,263.4522904326393,176,0.05,2.4863115963317916e-05,0.4383504859731557,0.375,0.1590909090909091,0.32954545454545453,0.13636363636363635
722,269.8240342485923,301,0.05,2.473621991638717e-05,0.43892042474399623,0.3488372093023256,0.10299003322259136,0.4219269102990033,0.12624584717607973
723,42.26891559292477,133,0.05,2.4609971519845472e-05,0.4383930237934227,0.18045112781954886,0.10526315789473684,0.6015037593984962,0.11278195488721804
724,277.53652446702426,182,0.05,2.448436746822322e-05,0.4351737597546365,0.32967032967032966,0.16483516483516483,0.3241758241758242,0.1813186813186813
725,254.97090050649436,237,0.05,2.4359404472921215e-05,0.4304542293448084,0.3924050632911392,0.24472573839662448,0.270042194092827,0.09282700421940929
726,254.2281613868897,187,0.05,2.4235079262124575e-05,0.4403831221672549,0.2887700534759358,0.11764705882352941,0.3155080213903743,0.27807486631016043
727,261.45292157286224,875,0.05,2.4111388580717055e-05,0.4338748960977349,0.5188571428571429,0.044571428571428574,0.09714285714285714,0.3394285714285714
728,304.4686271824853,199,0.05,2.3988329190195842e-05,0.42079138566631974,0.2613065326633166,0.22613065326633167,0.3969849246231156,0.11557788944723618
729,237.03226378922193,259,0.05,2.3865897868586744e-05,0.4297641283743673,0.1969111969111969,0.22393822393822393,0.32432432432432434,0.2548262548262548
730,23.034842602535917,137,0.05,2.3744091410359837e-05,0.4331556761903642,0.12408759124087591,0.1678832116788321,0.5109489051094891,0.19708029197080293
731,302.6685859990763,412,0.05,2.3622906626345543e-05,0.4143861528080947,0.24271844660194175,0.2936893203883495,0.30339805825242716,0.16019417475728157
732,119.17792950132778,1000,0.05,2.350234034365113e-05,0.4311929140312615,0.428,0.466,0.082,0.024
733,160.1865280062942,1000,0.05,2.3382389405577622e-05,0.42110892526573296,0.586,0.298,0.088,0.028
734,52.71864155533987,129,0.05,2.3263050671537174e-05,0.4238250309647706,0.10852713178294573,0.16279069767441862,0.5426356589147286,0.18604651162790697
735,143.76691794350225,1000,0.05,2.314432101697083e-05,0.42087051260950387,0.436,0.033,0.073,0.458
736,240.1275214203282,162,0.05,2.302619733326671e-05,0.443023184492811,0.2962962962962963,0.1728395061728395,0.36419753086419754,0.16666666666666666
737,270.68262062270304,216,0.05,2.2908676527678637e-05,0.4205234254265992,0.38425925925925924,0.1111111111111111,0.35185185185185186,0.1527777777777778
738,268.34005145880025,205,0.05,2.279175552324514e-05,0.41621297458449874,0.4195121951219512,0.1073170731707317,0.2780487804878049,0.1951219512195122
739,27.01348930532133,149,0.05,2.2675431258708915e-05,0.40504554452803754,0.12751677852348994,0.18791946308724833,0.48322147651006714,0.20134228187919462
740,13.457552986545622,135,0.05,2.2559700688436657e-05,0.41678986696790427,0.08888888888888889,0.15555555555555556,0.5777777777777777,0.17777777777777778
741,262.1914177292192,169,0.05,2.2444560782339324e-05,0.4172495855556412,0.33727810650887574,0.17751479289940827,0.42011834319526625,0.0650887573964497
742,142.06960789138665,1000,0.05,2.233000852579281e-05,0.41275432264846307,0.6,0.237,0.122,0.041
743,277.373359518313,318,0.05,2.2216040919558996e-05,0.4003936970433307,0.18238993710691823,0.15723270440251572,0.5220125786163522,0.13836477987421383
744,169.60760618091214,1000,0.05,2.210265497970725e-05,0.4170312967172019,0.63,0.052,0.083,0.235
745,16.384061518948812,109,0.05,2.1989847737536276e-05,0.4181850238198798,0.25688073394495414,0.06422018348623854,0.5504587155963303,0.12844036697247707
746,283.73289927641645,243,0.05,2.1877616239496397e-05,0.4144179122349833,0.31275720164609055,0.13168724279835392,0.2962962962962963,0.25925925925925924
747,40.645745750235704,130,0.05,2.176595754711223e-05,0.42104298010646235,0.1076923076923077,0.19230769230769232,0.5307692307692308,0.16923076923076924
748,258.69981273607766,169,0.05,2.1654868736905736e-05,0.41515105048542666,0.2781065088757396,0.1834319526627219,0.3905325443786982,0.14792899408284024
749,258.76682157356373,190,0.05,2.1544346900319697e-05,0.41737836254874056,0.23157894736842105,0.2631578947368421,0.38421052631578945,0.12105263157894737
750,283.464198921679,238,0.05,2.143438914364154e-05,0.403485275104466,0.27310924369747897,0.19747899159663865,0.3235294117647059,0.20588235294117646
751,250.82055862062506,173,0.05,2.1324992587927593e-05,0.4144203007486907,0.3236994219653179,0.11560693641618497,0.3815028901734104,0.1791907514450867
752,235.7096000612894,382,0.05,2.1216154368927693e-05,0.41169657267778703,0.31413612565445026,0.4712041884816754,0.16753926701570682,0.04712041884816754
753,85.01938159996526,1000,0.05,2.1107871637010202e-05,0.4165548996196652,0.383,0.277,0.279,0.061
754,267.8500435122001,420,0.05,2.1000141557087397e-05,0.40881477888664336,0.1523809523809524,0.1619047619047619,0.5333333333333333,0.1523809523809524
755,306.64299654448536,284,0.05,2.0892961308541232e-05,0.40852973570193263,0.3028169014084507,0.21830985915492956,0.3028169014084507,0.176056338028169
756,258.5346308609786,353,0.05,2.0786328085149503e-05,0.40589432114120444,0.32011331444759206,0.21246458923512748,0.26912181303116145,0.19830028328611898
757,260.496389015221,230,0.05,2.0680239095012362e-05,0.40176264669843187,0.4434782608695652,0.13043478260869565,0.30434782608695654,0.12173913043478261
758,272.03896368933056,213,0.05,2.057469156047922e-05,0.41762518229271156,0.37089201877934275,0.14084507042253522,0.37089201877934275,0.11737089201877934
759,256.2447345896695,217,0.05,2.0469682718076032e-05,0.41314678755481943,0.37327188940092165,0.17050691244239632,0.2995391705069124,0.15668202764976957
760,250.60474716904756,159,0.05,2.036520981843293e-05,0.4075401978299836,0.3522012578616352,0.12578616352201258,0.42138364779874216,0.10062893081761007
761,266.4671428668606,162,0.05,2.026127012621225e-05,0.4062290806315838,0.345679012345679,0.12345679012345678,0.41975308641975306,0.1111111111111111
762,36.943057085259966,130,0.05,2.01578609200369e-05,0.4130465429808983,0.14615384615384616,0.11538461538461539,0.5615384615384615,0.17692307692307693
763,263.9317765248875,199,0.05,2.0054979492419124e-05,0.4106134611628746,0.38190954773869346,0.17587939698492464,0.2914572864321608,0.1507537688442211
764,276.43500395627666,344,0.05,1.9952623149689603e-05,0.4075117098321497,0.32848837209302323,0.14244186046511628,0.42151162790697677,0.10755813953488372
765,245.10941983968573,169,0.05,1.9850789211926935e-05,0.3995012810099464,0.30177514792899407,0.1834319526627219,0.378698224852071,0.13609467455621302
766,280.3856913584029,261,0.05,1.9749475012887463e-05,0.4067923681015284,0.5057471264367817,0.12260536398467432,0.28735632183908044,0.0842911877394636
767,113.32341139897547,1000,0.05,1.964867789993547e-05,0.4033580335487665,0.51,0.393,0.071,0.026
768,30.789105297691464,107,0.05,1.9548395233973733e-05,0.40921989837902767,0.037383177570093455,0.1588785046728972,0.6355140186915887,0.16822429906542055
769,265.9277571205288,161,0.05,1.944862438937441e-05,0.40891407603879676,0.32298136645962733,0.13664596273291926,0.36645962732919257,0.17391304347826086
770,273.89736956862,413,0.05,1.934936275391031e-05,0.4060832848662622,0.5302663438256658,0.09927360774818401,0.2106537530266344,0.15980629539951574
771,276.933834349833,276,0.05,1.9250607728686487e-05,0.40804711834644536,0.2753623188405797,0.14492753623188406,0.48188405797101447,0.09782608695652174
772,293.006877201399,210,0.05,1.915235672807221e-05,0.40133373371570774,0.2904761904761905,0.22857142857142856,0.3333333333333333,0.14761904761904762
773,54.912990042631804,136,0.05,1.905460717963325e-05,0.40020287390614084,0.029411764705882353,0.21323529411764705,0.6102941176470589,0.14705882352941177
774,271.2249312349087,302,0.05,1.895735652406453e-05,0.40833255320233103,0.17218543046357615,0.1390728476821192,0.5529801324503312,0.1357615894039735
775,273.7613737407968,384,0.05,1.8860602215123135e-05,0.39618255387651535,0.20833333333333334,0.1171875,0.5651041666666666,0.109375
776,262.18799532044727,301,0.05,1.876434171956162e-05,0.4145614176919613,0.33554817275747506,0.09634551495016612,0.292358803986711,0.2757475083056478
777,256.2073664944339,266,0.05,1.8668572517061694e-05,0.40030803786314856,0.40601503759398494,0.07894736842105263,0.44360902255639095,0.07142857142857142
778,265.6112398806665,173,0.05,1.8573292100168245e-05,0.41614134658347113,0.3930635838150289,0.15028901734104047,0.35260115606936415,0.10404624277456648
779,228.14648210196614,213,0.05,1.8478497974223667e-05,0.3913821649082862,0.4272300469483568,0.20187793427230047,0.3051643192488263,0.06572769953051644
780,37.782233048775964,138,0.05,1.8384187657302558e-05,0.39528193858602284,0.050724637681159424,0.15217391304347827,0.5869565217391305,0.21014492753623187
781,279.050226426989,164,0.05,1.8290358680146737e-05,0.38908927243793734,0.3048780487804878,0.1524390243902439,0.4451219512195122,0.0975609756097561
782,272.08133010450194,402,0.05,1.8197008586100586e-05,0.39706217485841727,0.472636815920398,0.10199004975124377,0.19402985074626866,0.23134328358208955
783,67.86673880920327,132,0.05,1.8104134931046738e-05,0.408376875218891,0.030303030303030304,0.13636363636363635,0.6590909090909091,0.17424242424242425
784,280.8504342638622,516,0.05,1.8011735283342077e-05,0.40695105759981365,0.4844961240310077,0.13178294573643412,0.21511627906976744,0.1686046511627907
785,285.85296364625094,232,0.05,1.791980722375408e-05,0.39699050879045766,0.41379310344827586,0.15948275862068967,0.29310344827586204,0.1336206896551724
786,303.4731940718184,286,0.05,1.782834834539747e-05,0.41939648515489664,0.3951048951048951,0.17482517482517482,0.2972027972027972,0.13286713286713286
787,43.77984854832059,128,0.05,1.7737356253671193e-05,0.4314217586380773,0.0703125,0.1953125,0.5703125,0.1640625
788,269.1027103643614,356,0.05,1.7646828566195736e-05,0.40877113282650485,0.32865168539325845,0.10393258426966293,0.4803370786516854,0.08707865168539326
789,286.0456168056144,434,0.05,1.7556762912750744e-05,0.4064555681709698,0.37327188940092165,0.22811059907834103,0.1935483870967742,0.20506912442396313
790,257.97218397065734,160,0.05,1.7467156935212957e-05,0.4088934056527053,0.3125,0.15,0.43125,0.10625
791,47.69128090285943,157,0.05,1.737800828749448e-05,0.39348052885721546,0.10191082802547771,0.24203821656050956,0.47770700636942676,0.17834394904458598
792,245.16016651786668,308,0.05,1.728931463548134e-05,0.4056180966464614,0.37012987012987014,0.09740259740259741,0.2987012987012987,0.23376623376623376
793,120.02854529603076,1000,0.05,1.7201073656972398e-05,0.4060732667348442,0.39,0.423,0.143,0.044
794,42.737797538938366,147,0.05,1.7113283041618525e-05,0.4141866822342067,0.07482993197278912,0.24489795918367346,0.4489795918367347,0.23129251700680273
795,44.707400525164985,142,0.05,1.7025940490862124e-05,0.41119989789096245,0.08450704225352113,0.22535211267605634,0.49295774647887325,0.19718309859154928
796,269.1737977193304,209,0.05,1.6939043717876946e-05,0.41471357547531884,0.23444976076555024,0.215311004784689,0.3875598086124402,0.16267942583732056
797,256.1279157859254,174,0.05,1.6852590447508222e-05,0.4101098433214338,0.41379310344827586,0.09770114942528736,0.41379310344827586,0.07471264367816093
798,265.6725258882666,161,0.05,1.676657841621308e-05,0.4104955598915787,0.2857142857142857,0.17391304347826086,0.4161490683229814,0.12422360248447205
799,224.85492261973087,428,0.05,1.668100537200129e-05,0.40371762096032676,0.1191588785046729,0.37383177570093457,0.4182242990654206,0.08878504672897196
800,289.98175951157054,506,0.05,1.6595869074376306e-05,0.4009210243683413,0.5098814229249012,0.20355731225296442,0.17588932806324112,0.11067193675889328
801,246.65978398521423,169,0.05,1.6511167294276595e-05,0.38174307578104294,0.1893491124260355,0.1893491124260355,0.48520710059171596,0.13609467455621302
802,316.3090811691783,283,0.05,1.642689781401728e-05,0.40361149182191985,0.22614840989399293,0.3286219081272085,0.3215547703180212,0.12367491166077739
803,283.68611817706176,365,0.05,1.634305842723207e-05,0.41193675711986044,0.2821917808219178,0.12602739726027398,0.4986301369863014,0.09315068493150686
804,276.1943891989339,157,0.05,1.6259646938815505e-05,0.4279605043294683,0.2929936305732484,0.1464968152866242,0.46496815286624205,0.09554140127388536
805,264.87654149184226,308,0.05,1.6176661164865473e-05,0.4050017449745397,0.2857142857142857,0.11038961038961038,0.5194805194805194,0.08441558441558442
806,270.1244837723282,281,0.05,1.6094098932626033e-05,0.41364242450109684,0.505338078291815,0.11387900355871886,0.2846975088967972,0.09608540925266904
807,249.2932728510621,175,0.05,1.601195808043053e-05,0.41287938058808,0.30857142857142855,0.13142857142857142,0.45714285714285713,0.10285714285714286
808,260.34807656900284,170,0.05,1.5930236457644987e-05,0.4105628392107949,0.37058823529411766,0.11176470588235295,0.4470588235294118,0.07058823529411765
809,280.4572855080346,279,0.05,1.5848931924611812e-05,0.4070964968498871,0.2724014336917563,0.08243727598566308,0.3225806451612903,0.3225806451612903
810,259.70340043499846,163,0.05,1.576804235259377e-05,0.41484576909828236,0.294478527607362,0.147239263803681,0.4601226993865031,0.09815950920245399
811,265.9343112289672,366,0.05,1.568756562371824e-05,0.39772062996223156,0.5327868852459017,0.06830601092896176,0.22131147540983606,0.17759562841530055
812,257.65771602753557,234,0.05,1.560749963092178e-05,0.40189653714916396,0.38461538461538464,0.14957264957264957,0.358974358974359,0.10683760683760683
813,268.1858788640561,191,0.05,1.5527842277894948e-05,0.41223334010476337,0.4083769633507853,0.16230366492146597,0.3507853403141361,0.07853403141361257
814,252.26925623436898,316,0.05,1.5448591479027417e-05,0.4173217094246746,0.4177215189873418,0.1360759493670886,0.3322784810126582,0.11392405063291139
815,304.4653644624332,271,0.05,1.536974515935337e-05,0.4065217605609275,0.4095940959409594,0.18081180811808117,0.3173431734317343,0.09225092250922509
816,269.43475893971265,193,0.05,1.529130125449718e-05,0.4023885858187526,0.24870466321243523,0.20725388601036268,0.44559585492227977,0.09844559585492228
817,223.6651996876358,189,0.05,1.5213257710619348e-05,0.41219965095136685,0.2751322751322751,0.19047619047619047,0.41798941798941797,0.1164021164021164
818,280.8344941276664,289,0.05,1.5135612484362732e-05,0.39245574799793,0.3356401384083045,0.22145328719723184,0.2906574394463668,0.1522491349480969
819,209.19343543340807,279,0.05,1.5058363542799053e-05,0.4157608210345127,0.18996415770609318,0.3333333333333333,0.34050179211469533,0.13620071684587814
820,273.00903286606695,200,0.05,1.4981508863375668e-05,0.4091227490709744,0.22,0.26,0.4,0.12
821,43.34462553965588,158,0.05,1.4905046433862605e-05,0.3976830219727519,0.0949367088607595,0.24050632911392406,0.4936708860759494,0.17088607594936708
822,299.767659217442,213,0.05,1.4828974252299889e-05,0.3989570509299491,0.22065727699530516,0.2863849765258216,0.37089201877934275,0.12206572769953052
823,284.633838551634,351,0.05,1.4753290326945122e-05,0.40231074113225007,0.32763532763532766,0.10826210826210826,0.46438746438746437,0.09971509971509972
824,292.39823986947175,228,0.05,1.4677992676221332e-05,0.42249008912290836,0.5131578947368421,0.10526315789473684,0.3026315789473684,0.07894736842105263
825,296.51656525691556,226,0.05,1.4603079328665099e-05,0.40200383123654954,0.22566371681415928,0.25663716814159293,0.3805309734513274,0.13716814159292035
826,243.85302391878326,160,0.05,1.4528548322874929e-05,0.4045336054846763,0.33125,0.15625,0.39375,0.11875
827,240.5993028456697,181,0.05,1.4454397707459904e-05,0.4159020197075117,0.30386740331491713,0.13812154696132597,0.4530386740331492,0.10497237569060773
828,275.1959731210061,201,0.05,1.4380625540988587e-05,0.4046769217468832,0.208955223880597,0.27860696517412936,0.373134328358209,0.13930348258706468
829,64.8205921751051,1000,0.05,1.43072298919382e-05,0.4066371457678209,0.276,0.294,0.373,0.057
830,259.74670668030063,204,0.05,1.4234208838644037e-05,0.4072833618683404,0.23039215686274508,0.19607843137254902,0.4166666666666667,0.1568627450980392
831,277.77785460689165,229,0.05,1.4161560469249165e-05,0.4174800013164616,0.2925764192139738,0.23580786026200873,0.36681222707423583,0.10480349344978165
832,277.1310861218683,331,0.05,1.4089282881654362e-05,0.41556386004919293,0.2719033232628399,0.15709969788519637,0.459214501510574,0.11178247734138973
833,237.12848430398085,199,0.05,1.4017374183468312e-05,0.3985102849888352,0.36683417085427134,0.12562814070351758,0.40703517587939697,0.10050251256281408
834,281.8409083074636,226,0.05,1.3945832491958063e-05,0.4127807953718102,0.2610619469026549,0.22123893805309736,0.39823008849557523,0.11946902654867257
835,314.2625089432157,217,0.05,1.3874655933999729e-05,0.40697334123076234,0.11981566820276497,0.3317972350230415,0.3778801843317972,0.17050691244239632
836,245.47060508144637,197,0.05,1.3803842646029452e-05,0.40542557283793057,0.26903553299492383,0.20812182741116753,0.38578680203045684,0.13705583756345177
837,261.59363217689025,195,0.05,1.3733390773994606e-05,0.39842914304758253,0.36923076923076925,0.11282051282051282,0.39487179487179486,0.12307692307692308
838,243.78743602016993,216,0.05,1.3663298473305255e-05,0.3956464991908305,0.2777777777777778,0.1574074074074074,0.4305555555555556,0.13425925925925927
839,298.2656324404789,196,0.05,1.3593563908785854e-05,0.42233902332501666,0.1989795918367347,0.22448979591836735,0.46938775510204084,0.10714285714285714
840,268.87074713683916,354,0.05,1.3524185254627205e-05,0.4046850392164224,0.24293785310734464,0.1327683615819209,0.5112994350282486,0.11299435028248588
841,256.4663684745693,356,0.05,1.3455160694338653e-05,0.40522964336517076,0.47752808988764045,0.09269662921348315,0.29213483146067415,0.13764044943820225
842,258.89393238382615,336,0.05,1.3386488420700523e-05,0.41704748410195436,0.48214285714285715,0.05952380952380952,0.22023809523809523,0.23809523809523808
843,313.41403059435845,225,0.05,1.3318166635716802e-05,0.40987577800391023,0.15555555555555556,0.3288888888888889,0.3511111111111111,0.16444444444444445
844,268.1416089926844,307,0.05,1.3250193550568068e-05,0.4266293878969912,0.23778501628664495,0.13680781758957655,0.498371335504886,0.1270358306188925
845,261.7920703618381,329,0.05,1.3182567385564654e-05,0.4027993721411656,0.3465045592705167,0.06990881458966565,0.3069908814589666,0.2765957446808511
846,267.70932669276874,179,0.05,1.3115286370100045e-05,0.4000796521746236,0.2905027932960894,0.13966480446927373,0.4692737430167598,0.1005586592178771
847,246.61444262969823,192,0.05,1.3048348742604528e-05,0.39537132127169633,0.3958333333333333,0.140625,0.375,0.08854166666666667
848,272.87999730499706,250,0.05,1.2981752750499066e-05,0.40546954978764754,0.312,0.064,0.344,0.28
849,159.87292000766234,1000,0.05,1.2915496650149411e-05,0.41094059209607176,0.375,0.444,0.128,0.053
850,239.0065076128379,189,0.05,1.2849578706820454e-05,0.4075303803541099,0.35978835978835977,0.14285714285714285,0.3862433862433862,0.1111111111111111
851,254.32741498044143,214,0.05,1.2783997194630804e-05,0.4001113311916759,0.10747663551401869,0.411214953271028,0.40654205607476634,0.07476635514018691
852,286.34068817222965,243,0.05,1.2718750396507599e-05,0.40964927967622355,0.29218106995884774,0.18930041152263374,0.4074074074074074,0.1111111111111111
853,268.61972425749303,307,0.05,1.2653836604141555e-05,0.40820999511439676,0.26384364820846906,0.11400651465798045,0.50814332247557,0.11400651465798045
854,-27.7552769030111,1000,0.05,1.2589254117942232e-05,0.4059102348017227,0.145,0.129,0.571,0.155
855,264.2844688978299,268,0.05,1.2525001246993537e-05,0.40544262579419144,0.23880597014925373,0.13059701492537312,0.4925373134328358,0.13805970149253732
856,243.86354353104042,257,0.05,1.2461076309009455e-05,0.4114017980953132,0.2529182879377432,0.13229571984435798,0.4785992217898833,0.13618677042801555
857,248.17485686865976,242,0.05,1.2397477630289996e-05,0.41470973504949693,0.24793388429752067,0.16115702479338842,0.4462809917355372,0.1446280991735537
858,215.69731125559605,778,0.05,1.2334203545677384e-05,0.41050209795383225,0.21722365038560412,0.5205655526992288,0.15167095115681234,0.11053984575835475
859,269.74994359173934,369,0.05,1.227125239851245e-05,0.41482189251952717,0.22493224932249323,0.15989159891598917,0.45528455284552843,0.15989159891598917
860,234.33653834716904,190,0.05,1.2208622540591259e-05,0.41684555586955035,0.21578947368421053,0.18421052631578946,0.4631578947368421,0.1368421052631579
861,278.180419677828,304,0.05,1.2146312332121961e-05,0.41857543041164497,0.25,0.12828947368421054,0.5263157894736842,0.09539473684210527
862,274.0568832814689,584,0.05,1.2084320141681855e-05,0.4120372931262686,0.5068493150684932,0.10273972602739725,0.14554794520547945,0.24486301369863014
863,251.72006655325464,337,0.05,1.2022644346174669e-05,0.4214160255765496,0.36795252225519287,0.12166172106824925,0.40059347181008903,0.10979228486646884
864,305.90142469104046,210,0.05,1.1961283330788072e-05,0.40989138899298394,0.23333333333333334,0.24285714285714285,0.4095238095238095,0.11428571428571428
865,258.61225299933767,298,0.05,1.1900235488951392e-05,0.4140325169330481,0.2348993288590604,0.13087248322147652,0.5268456375838926,0.10738255033557047
866,136.65248422588434,1000,0.05,1.1839499222293551e-05,0.41409770945643287,0.492,0.369,0.108,0.031
867,262.6802799750446,386,0.05,1.1779072940601213e-05,0.4015187327549726,0.40414507772020725,0.12694300518134716,0.23316062176165803,0.23575129533678757
868,283.5726487813007,443,0.05,1.1718955061777156e-05,0.4152123985208826,0.5033860045146726,0.16252821670428894,0.24604966139954854,0.08803611738148984
869,273.5304402767422,349,0.05,1.1659144011798844e-05,0.41395944848053395,0.27507163323782235,0.0830945558739255,0.3495702005730659,0.2922636103151863
870,269.3879762824987,223,0.05,1.1599638224677214e-05,0.41156720192456187,0.3632286995515695,0.13452914798206278,0.4304932735426009,0.07174887892376682
871,265.6849396771223,230,0.05,1.1540436142415684e-05,0.4088143209341084,0.27391304347826084,0.2217391304347826,0.40869565217391307,0.09565217391304348
872,237.0061135946312,186,0.05,1.1481536214969347e-05,0.4231108037129402,0.22043010752688172,0.1989247311827957,0.44086021505376344,0.13978494623655913
873,234.4249541075456,224,0.05,1.1422936900204401e-05,0.4186745716365155,0.26785714285714285,0.20535714285714285,0.41964285714285715,0.10714285714285714
874,244.61925221911275,201,0.05,1.1364636663857762e-05,0.4277546107709768,0.3681592039800995,0.12935323383084577,0.3880597014925373,0.11442786069651742
875,255.79737595077847,329,0.05,1.1306633979496903e-05,0.4098022750964784,0.42857142857142855,0.12462006079027356,0.3586626139817629,0.08814589665653495
876,249.50181456409666,269,0.05,1.1248927328479877e-05,0.4000720027382303,0.4646840148698885,0.11524163568773234,0.3382899628252788,0.08178438661710037
877,305.1755220449909,215,0.05,1.1191515199915568e-05,0.4110817524863854,0.2,0.24651162790697675,0.4418604651162791,0.11162790697674418
878,253.23646312144146,389,0.05,1.1134396090624121e-05,0.41641771918422493,0.4318766066838046,0.11825192802056556,0.2519280205655527,0.19794344473007713
879,242.923420458702,235,0.05,1.1077568505097596e-05,0.40750578907624146,0.23829787234042554,0.1276595744680851,0.48936170212765956,0.14468085106382977
880,270.97025738407075,239,0.05,1.1021030955460803e-05,0.40945811097416157,0.3598326359832636,0.16736401673640167,0.3472803347280335,0.12552301255230125
881,295.21018583898854,227,0.05,1.0964781961432352e-05,0.40633137127801977,0.23348017621145375,0.2511013215859031,0.3832599118942731,0.13215859030837004
882,199.8820486870673,886,0.05,1.090882005028589e-05,0.40685219472235185,0.1930022573363431,0.5936794582392777,0.17042889390519186,0.04288939051918736
883,117.44542544913416,631,0.05,1.0853143756811554e-05,0.41454312866728643,0.10618066561014262,0.1648177496038035,0.5372424722662441,0.19175911251980982
884,282.6449139788288,339,0.05,1.0797751623277591e-05,0.4138300516415401,0.2861356932153392,0.12684365781710916,0.45722713864306785,0.12979351032448377
885,201.65583813029264,1000,0.05,1.0742642199392206e-05,0.40912727736641313,0.37,0.456,0.13,0.044
886,284.0025618038403,272,0.05,1.068781404226558e-05,0.413232073502356,0.14705882352941177,0.14338235294117646,0.5735294117647058,0.13602941176470587
887,275.97534473546557,315,0.05,1.06332657163721e-05,0.4050515103768705,0.22857142857142856,0.11746031746031746,0.5142857142857142,0.13968253968253969
888,242.01903599084488,251,0.05,1.057899579351277e-05,0.42316859397736334,0.3466135458167331,0.12350597609561753,0.40239043824701193,0.12749003984063745
889,282.5931927357034,195,0.05,1.0525002852777813e-05,0.41086702840492856,0.14358974358974358,0.28717948717948716,0.441025641025641,0.1282051282051282
890,250.089865004086,287,0.05,1.0471285480509478e-05,0.41998211120190193,0.0313588850174216,0.4843205574912892,0.3867595818815331,0.0975609756097561
891,236.3760236425366,237,0.05,1.0417842270265019e-05,0.4257138439988757,0.22784810126582278,0.16455696202531644,0.5063291139240507,0.10126582278481013
892,106.64840491962224,1000,0.05,1.0364671822779873e-05,0.407245213671911,0.433,0.414,0.118,0.035
893,304.92804480540565,260,0.05,1.0311772745931029e-05,0.41343349376621374,0.3346153846153846,0.2230769230769231,0.3346153846153846,0.1076923076923077
894,261.3603844991043,316,0.05,1.0259143654700573e-05,0.40983992188363116,0.1360759493670886,0.16139240506329114,0.5474683544303798,0.1550632911392405
895,165.95008745169645,317,0.05,1.0206783171139428e-05,0.41451841471637924,0.056782334384858045,0.47003154574132494,0.3722397476340694,0.10094637223974763
896,257.25529587436347,382,0.05,1.0154689924331274e-05,0.4206864778383192,0.5340314136125655,0.10471204188481675,0.2696335078534031,0.09162303664921466
897,284.645458658853,377,0.05,1.0102862550356658e-05,0.40719613906638086,0.3660477453580902,0.11140583554376658,0.4244031830238727,0.09814323607427056
898,284.4743244580269,338,0.05,1.005129969225728e-05,0.4181934816145432,0.26331360946745563,0.13609467455621302,0.3254437869822485,0.27514792899408286
899,216.87080528562154,415,0.05,1.0000000000000467e-05,0.4082885692334734,0.0963855421686747,0.3253012048192771,0.4506024096385542,0.12771084337349398
900,284.152492755572,231,0.05,1e-05,0.4105003136699945,0.2727272727272727,0.16883116883116883,0.4675324675324675,0.09090909090909091
901,276.5825173349609,226,0.05,1e-05,0.41797955790842484,0.252212389380531,0.16371681415929204,0.5088495575221239,0.0752212389380531
902,247.25384631138252,380,0.05,1e-05,0.40147137554846674,0.4921052631578947,0.07894736842105263,0.25263157894736843,0.1763157894736842
903,237.63778321103112,186,0.05,1e-05,0.4008630853342668,0.26881720430107525,0.16666666666666666,0.478494623655914,0.08602150537634409
904,242.7625573222958,814,0.05,1e-05,0.40932150313554705,0.7874692874692875,0.051597051597051594,0.11793611793611794,0.042997542997543
905,244.25438286658596,259,0.05,1e-05,0.40867443074046267,0.3667953667953668,0.13127413127413126,0.39768339768339767,0.10424710424710425
906,276.2058336948289,412,0.05,1e-05,0.4091620413968589,0.30339805825242716,0.12378640776699029,0.3713592233009709,0.20145631067961164
907,277.63805068410863,232,0.05,1e-05,0.39698214152882416,0.21120689655172414,0.2025862068965517,0.44396551724137934,0.14224137931034483
908,245.93129284282983,252,0.05,1e-05,0.4073758959400679,0.3412698412698413,0.1746031746031746,0.373015873015873,0.1111111111111111
909,102.36123690741779,1000,0.05,1e-05,0.4114798067359721,0.312,0.524,0.114,0.05
910,235.84719266608835,442,0.05,1e-05,0.41374734475546177,0.21945701357466063,0.1493212669683258,0.5090497737556561,0.12217194570135746
911,274.2708073033334,180,0.05,1e-05,0.41320160857004545,0.2777777777777778,0.15,0.4777777777777778,0.09444444444444444
912,280.32370026007914,224,0.05,1e-05,0.40165884961758713,0.25,0.26339285714285715,0.375,0.11160714285714286
913,255.7711795704507,285,0.05,1e-05,0.41317853102077245,0.3719298245614035,0.21052631578947367,0.3298245614035088,0.08771929824561403
914,292.3654854564335,325,0.05,1e-05,0.4092178879830302,0.39384615384615385,0.21846153846153846,0.28615384615384615,0.10153846153846154
915,237.40471925905035,257,0.05,1e-05,0.40930214431646117,0.11673151750972763,0.40077821011673154,0.4085603112840467,0.07392996108949416
916,246.15070905031112,350,0.05,1e-05,0.40841093846033494,0.35714285714285715,0.11142857142857143,0.36857142857142855,0.16285714285714287
917,291.91827981320176,277,0.05,1e-05,0.4247938376702742,0.11191335740072202,0.17689530685920576,0.5631768953068592,0.148014440433213
918,272.794442337456,209,0.05,1e-05,0.42056884412853446,0.37799043062200954,0.09569377990430622,0.45933014354066987,0.06698564593301436
919,240.8344818194583,213,0.05,1e-05,0.4022239362444521,0.352112676056338,0.13145539906103287,0.4131455399061033,0.10328638497652583
920,272.60891022284443,175,0.05,1e-05,0.4093020878994471,0.28,0.12571428571428572,0.5085714285714286,0.08571428571428572
921,215.8272474950072,237,0.05,1e-05,0.4117937540248298,0.2320675105485232,0.12236286919831224,0.459915611814346,0.18565400843881857
922,226.70518186375216,197,0.05,1e-05,0.41009371449388227,0.2639593908629442,0.14213197969543148,0.49238578680203043,0.10152284263959391
923,291.9722004197107,212,0.05,1e-05,0.4059539852188787,0.30660377358490565,0.16981132075471697,0.4339622641509434,0.08962264150943396
924,206.72877779931622,232,0.05,1e-05,0.4084905142019676,0.2025862068965517,0.1896551724137931,0.4525862068965517,0.15517241379310345
925,280.96419274578267,323,0.05,1e-05,0.40101516196277764,0.23219814241486067,0.11764705882352941,0.5386996904024768,0.11145510835913312
926,265.8976149934173,274,0.05,1e-05,0.3991928871695359,0.5109489051094891,0.11678832116788321,0.29927007299270075,0.072992700729927
927,261.5454957911303,345,0.05,1e-05,0.4154581738733307,0.28695652173913044,0.08695652173913043,0.518840579710145,0.1072463768115942
928,284.3268542349344,301,0.05,1e-05,0.4079844939553788,0.22591362126245848,0.15946843853820597,0.5083056478405316,0.10631229235880399
929,47.968753907168036,156,0.05,1e-05,0.4155207732056891,0.2692307692307692,0.16666666666666666,0.4935897435897436,0.07051282051282051
930,273.5909171333055,189,0.05,1e-05,0.4072050561873239,0.35978835978835977,0.13756613756613756,0.43386243386243384,0.06878306878306878
931,277.2243930343004,228,0.05,1e-05,0.41182267065747424,0.2982456140350877,0.17543859649122806,0.4166666666666667,0.10964912280701754
932,264.39406482903223,228,0.05,1e-05,0.41682193219390545,0.3026315789473684,0.18421052631578946,0.38596491228070173,0.12719298245614036
933,257.41668242306525,249,0.05,1e-05,0.407629803816635,0.3132530120481928,0.1686746987951807,0.40562248995983935,0.11244979919678715
934,267.73695628144407,277,0.05,1e-05,0.4281772011265817,0.21299638989169675,0.10108303249097472,0.4223826714801444,0.26353790613718414
935,217.71351287926603,288,0.05,1e-05,0.42073042303021435,0.3506944444444444,0.09375,0.4791666666666667,0.0763888888888889
936,306.3449466145295,225,0.05,1e-05,0.40086915911173443,0.27555555555555555,0.24888888888888888,0.37777777777777777,0.09777777777777778
937,250.51255413125241,185,0.05,1e-05,0.4192954576800345,0.22702702702702704,0.16756756756756758,0.4972972972972973,0.10810810810810811
938,268.0915849065964,265,0.05,1e-05,0.4152600420612918,0.30566037735849055,0.1509433962264151,0.3849056603773585,0.15849056603773584
939,282.12479986612175,227,0.05,1e-05,0.4163687298335259,0.23788546255506607,0.18061674008810572,0.4845814977973568,0.09691629955947137
940,307.9238746670537,234,0.05,1e-05,0.4123691118510789,0.2264957264957265,0.2948717948717949,0.36324786324786323,0.11538461538461539
941,268.6391144588997,308,0.05,1e-05,0.4289790375533102,0.2662337662337662,0.1396103896103896,0.4383116883116883,0.15584415584415584
942,92.7940397904429,1000,0.05,1e-05,0.4110124833331496,0.076,0.768,0.11,0.046
943,285.2092979378008,209,0.05,1e-05,0.40552873486518254,0.22966507177033493,0.24880382775119617,0.4354066985645933,0.0861244019138756
944,252.26861939775875,208,0.05,1e-05,0.40166594310772025,0.18269230769230768,0.20673076923076922,0.47115384615384615,0.13942307692307693
945,237.1012398956404,339,0.05,1e-05,0.41248830892055444,0.35398230088495575,0.1415929203539823,0.3864306784660767,0.11799410029498525
946,258.03969072865954,260,0.05,1e-05,0.39211169677317764,0.20384615384615384,0.2,0.45384615384615384,0.1423076923076923
947,277.71733479262116,279,0.05,1e-05,0.42108057962882384,0.27956989247311825,0.24731182795698925,0.3655913978494624,0.10752688172043011
948,245.51728963392827,207,0.05,1e-05,0.41402265568695823,0.28019323671497587,0.12077294685990338,0.4830917874396135,0.11594202898550725
949,239.35063095323193,299,0.05,1e-05,0.4146532794525245,0.411371237458194,0.12709030100334448,0.33444816053511706,0.12709030100334448
950,250.64084358697252,221,0.05,1e-05,0.4296129288456975,0.15384615384615385,0.2081447963800905,0.4841628959276018,0.15384615384615385
951,285.70183064814444,251,0.05,1e-05,0.4136444572058462,0.20717131474103587,0.2589641434262948,0.4103585657370518,0.12350597609561753
952,264.68938731692504,328,0.05,1e-05,0.40446466176023493,0.2347560975609756,0.125,0.5152439024390244,0.125
953,253.08749876292046,301,0.05,1e-05,0.41558014581992736,0.39867109634551495,0.16279069767441862,0.3122923588039867,0.12624584717607973
954,151.19355613618936,1000,0.05,1e-05,0.4128924893595856,0.469,0.387,0.099,0.045
955,237.17315810789853,202,0.05,1e-05,0.404047408724938,0.21287128712871287,0.18811881188118812,0.46534653465346537,0.13366336633663367
956,283.23546301311706,498,0.05,1e-05,0.4105537247215125,0.5040160642570282,0.1827309236947791,0.20080321285140562,0.11244979919678715
957,272.7808802588947,234,0.05,1e-05,0.40303993855308545,0.23504273504273504,0.17094017094017094,0.48717948717948717,0.10683760683760683
958,280.7315503402581,316,0.05,1e-05,0.4085441220614818,0.24367088607594936,0.13291139240506328,0.5031645569620253,0.12025316455696203
959,286.531341842795,176,0.05,1e-05,0.412419198928772,0.2727272727272727,0.10795454545454546,0.5284090909090909,0.09090909090909091
960,258.4021556032666,197,0.05,1e-05,0.41262955269021917,0.17766497461928935,0.2182741116751269,0.4467005076142132,0.15736040609137056
961,258.5582865703176,238,0.05,1e-05,0.41049662475635396,0.3319327731092437,0.12605042016806722,0.41596638655462187,0.12605042016806722
962,239.92130486838272,332,0.05,1e-05,0.4169215687548088,0.3614457831325301,0.12349397590361445,0.39457831325301207,0.12048192771084337
963,242.3988337563196,210,0.05,1e-05,0.41197066912110725,0.29523809523809524,0.12857142857142856,0.4380952380952381,0.1380952380952381
964,279.9719705696265,489,0.05,1e-05,0.4052344160844495,0.2331288343558282,0.4396728016359918,0.19427402862985685,0.1329243353783231
965,240.93488374304712,226,0.05,1e-05,0.41742519719213667,0.2743362831858407,0.17256637168141592,0.4424778761061947,0.11061946902654868
966,260.5758530479068,351,0.05,1e-05,0.3972664356749073,0.2621082621082621,0.13105413105413105,0.49572649572649574,0.1111111111111111
967,232.6344770433535,203,0.05,1e-05,0.4034939291453426,0.29064039408866993,0.1330049261083744,0.46798029556650245,0.10837438423645321
968,251.19707147643493,448,0.05,1e-05,0.4120645620010977,0.4107142857142857,0.109375,0.38839285714285715,0.09151785714285714
969,276.4683355630932,315,0.05,1e-05,0.40437206696437833,0.29523809523809524,0.10476190476190476,0.273015873015873,0.326984126984127
970,238.27936437157092,307,0.05,1e-05,0.41328141575048527,0.22149837133550487,0.11400651465798045,0.5309446254071661,0.13355048859934854
971,245.34523906100088,213,0.05,1e-05,0.42666803882972204,0.26291079812206575,0.1784037558685446,0.43661971830985913,0.12206572769953052
972,-0.15458774700302058,220,0.05,1e-05,0.4131989538335056,0.13636363636363635,0.21818181818181817,0.5454545454545454,0.1
973,264.0717464477119,296,0.05,1e-05,0.4166269749849599,0.23648648648648649,0.12837837837837837,0.5168918918918919,0.11824324324324324
974,251.9262968725322,315,0.05,1e-05,0.40858621283633983,0.45396825396825397,0.16507936507936508,0.2920634920634921,0.08888888888888889
975,305.65395483608074,301,0.05,1e-05,0.39741465519788777,0.2956810631229236,0.3388704318936877,0.2591362126245847,0.10631229235880399
976,260.6524226879099,182,0.05,1e-05,0.3989340613045372,0.27472527472527475,0.13186813186813187,0.47802197802197804,0.11538461538461539
977,234.5289052783191,286,0.05,1e-05,0.4024102380540006,0.24825174825174826,0.12237762237762238,0.4020979020979021,0.22727272727272727
978,264.0799390692413,330,0.05,1e-05,0.42299539898663213,0.31212121212121213,0.09696969696969697,0.48484848484848486,0.10606060606060606
979,249.2216102695587,313,0.05,1e-05,0.4107531824836496,0.26517571884984026,0.13099041533546327,0.48562300319488816,0.1182108626198083
980,232.31675996079065,377,0.05,1e-05,0.41395816248293194,0.2413793103448276,0.1220159151193634,0.5145888594164456,0.1220159151193634
981,277.45421705914447,263,0.05,1e-05,0.40515257990083453,0.24714828897338403,0.19771863117870722,0.44106463878326996,0.11406844106463879
982,257.09760174473047,207,0.05,1e-05,0.4029851101006556,0.20772946859903382,0.1932367149758454,0.4444444444444444,0.15458937198067632
983,281.38611197602876,244,0.05,1e-05,0.4095273628845126,0.26229508196721313,0.21311475409836064,0.430327868852459,0.0942622950819672
984,236.2626537651388,375,0.05,1e-05,0.40300659865709804,0.2826666666666667,0.13866666666666666,0.432,0.14666666666666667
985,243.97261905273515,373,0.05,1e-05,0.40613494834693187,0.4316353887399464,0.12064343163538874,0.30294906166219837,0.1447721179624665
986,276.0660753844728,226,0.05,1e-05,0.41719868775235375,0.3053097345132743,0.12389380530973451,0.43805309734513276,0.13274336283185842
987,295.827745505208,258,0.05,1e-05,0.420705126679465,0.3023255813953488,0.22093023255813954,0.3875968992248062,0.08914728682170543
988,145.7388598110001,1000,0.05,1e-05,0.41132301906631596,0.213,0.627,0.09,0.07
989,264.7843399885052,224,0.05,1e-05,0.40374341930094826,0.28125,0.11160714285714286,0.42857142857142855,0.17857142857142858
990,231.79602558508643,412,0.05,1e-05,0.41368895934741373,0.25485436893203883,0.13592233009708737,0.47572815533980584,0.13349514563106796
991,283.4889649220711,494,0.05,1e-05,0.40930398270395224,0.39473684210526316,0.24696356275303644,0.1862348178137652,0.1720647773279352
992,305.1411254998387,388,0.05,1e-05,0.41870077621598534,0.25773195876288657,0.47164948453608246,0.17783505154639176,0.09278350515463918
993,284.10533564933485,246,0.05,1e-05,0.41989925701557274,0.23983739837398374,0.25203252032520324,0.4105691056910569,0.0975609756097561
994,277.17828826419236,193,0.05,1e-05,0.4052182446723391,0.23316062176165803,0.15544041450777202,0.5284974093264249,0.08290155440414508
995,40.18616753412152,99,0.05,1e-05,0.41495347946732347,0.15151515151515152,0.12121212121212122,0.6363636363636364,0.09090909090909091
996,270.12955629958236,182,0.05,1e-05,0.42140216485552767,0.26373626373626374,0.13186813186813187,0.5,0.1043956043956044
997,262.04394694765404,230,0.05,1e-05,0.4110263226378664,0.23043478260869565,0.13478260869565217,0.45217391304347826,0.1826086956521739
998,250.22028249352385,432,0.05,1e-05,0.409199704614457,0.19675925925925927,0.42592592592592593,0.3055555555555556,0.07175925925925926
999,277.5079736854459,344,0.05,1e-05,0.41996246543352383,0.2761627906976744,0.11918604651162791,0.4883720930232558,0.11627906976744186
