Episode,Total_Reward,Steps,Epsilon,Learning_Rate,Average_Loss,Action_0_Percentage,Action_1_Percentage,Action_2_Percentage,Action_3_Percentage
0,-75.26412324387319,65,0.9950195566196387,0.000994896213044336,0.0,0.27692307692307694,0.2923076923076923,0.16923076923076924,0.26153846153846155
1,-121.73534337547316,66,0.9900639180555424,0.0009898184747299606,0.0,0.30303030303030304,0.3181818181818182,0.16666666666666666,0.21212121212121213
2,-95.76661240077983,68,0.9851329607687281,0.0009847666521101584,0.0,0.27941176470588236,0.27941176470588236,0.27941176470588236,0.16176470588235295
3,-173.5755732233074,114,0.9802265618354918,0.0009797406129167456,0.0,0.23684210526315788,0.21929824561403508,0.2807017543859649,0.2631578947368421
4,-42.76845535807905,133,0.975344598944344,0.0009747402255566067,0.0,0.21804511278195488,0.2932330827067669,0.18045112781954886,0.3082706766917293
5,-310.5703877281017,112,0.9704869503929605,0.0009697653591082497,0.0,0.22321428571428573,0.23214285714285715,0.26785714285714285,0.2767857142857143
6,-138.69021600944973,91,0.9656534950851489,0.000964815883318378,0.0,0.31868131868131866,0.26373626373626374,0.1978021978021978,0.21978021978021978
7,-175.56487988616806,118,0.9608441125278293,0.0009598916685984801,0.0,0.13559322033898305,0.3135593220338983,0.2796610169491525,0.2711864406779661
8,-451.4783664479741,113,0.956058682828031,0.0009549925860214364,0.0,0.2831858407079646,0.1415929203539823,0.3274336283185841,0.24778761061946902
9,-84.51565535846483,63,0.9512970866899032,0.0009501185073181442,0.0,0.30158730158730157,0.2222222222222222,0.1746031746031746,0.30158730158730157
10,-276.07426949110106,98,0.9465592054117414,0.0009452693048741588,0.0,0.25510204081632654,0.21428571428571427,0.30612244897959184,0.22448979591836735
11,-244.6374279652407,74,0.9418449208830285,0.0009404448517263523,0.0,0.35135135135135137,0.24324324324324326,0.13513513513513514,0.2702702702702703
12,-96.4998935446036,65,0.9371541155814898,0.0009356450215595899,0.0,0.13846153846153847,0.3230769230769231,0.2923076923076923,0.24615384615384617
13,-125.59121702633941,68,0.9324866725701636,0.000930869688703422,0.0,0.35294117647058826,0.11764705882352941,0.22058823529411764,0.3088235294117647
14,-213.16745061393462,113,0.9278424754944864,0.0009261187281287943,0.0,0.2920353982300885,0.21238938053097345,0.21238938053097345,0.2831858407079646
15,-295.8798357517114,76,0.9232214085793918,0.0009213920154447743,0.0,0.23684210526315788,0.32894736842105265,0.23684210526315788,0.19736842105263158
16,-97.5472958346914,61,0.9186233566264248,0.0009166894268952941,0.0,0.29508196721311475,0.21311475409836064,0.22950819672131148,0.26229508196721313
17,-161.47942035275395,125,0.9140482050108695,0.0009120108393559106,0.0,0.336,0.24,0.208,0.216
18,-272.60041985455706,142,0.9094958396788919,0.0009073561303305816,0.0,0.28169014084507044,0.2676056338028169,0.30985915492957744,0.14084507042253522
19,-97.46232500298794,92,0.904966147144697,0.0009027251779484585,0.0,0.31521739130434784,0.22826086956521738,0.22826086956521738,0.22826086956521738
20,-114.62056925862618,72,0.9004590144876992,0.0008981178609606956,0.0,0.3333333333333333,0.18055555555555555,0.1527777777777778,0.3333333333333333
21,-337.0190737872475,87,0.8959743293497072,0.0008935340587372753,0.0,0.28735632183908044,0.2988505747126437,0.21839080459770116,0.19540229885057472
22,-110.00512433106162,102,0.8915119799321238,0.0008889736512638504,0.0,0.2647058823529412,0.17647058823529413,0.3235294117647059,0.23529411764705882
23,-164.3365258821724,74,0.8870718549931581,0.0008844365191386009,0.0,0.28378378378378377,0.28378378378378377,0.16216216216216217,0.2702702702702703
24,-115.07506380381665,72,0.8826538438450526,0.0008799225435691082,0.0,0.2777777777777778,0.2638888888888889,0.25,0.20833333333333334
25,-138.47143243192693,73,0.878257836351324,0.0008754316063692454,0.0,0.2191780821917808,0.2602739726027397,0.2054794520547945,0.3150684931506849
26,-141.05556935395612,82,0.8738837229240176,0.0008709635899560819,0.0,0.3902439024390244,0.14634146341463414,0.23170731707317074,0.23170731707317074
27,-324.52632627745265,96,0.8695313945209752,0.0008665183773468056,0.0,0.3125,0.20833333333333334,0.23958333333333334,0.23958333333333334
28,-187.81347593544928,63,0.8652007426431169,0.0008620958521556597,0.0,0.23809523809523808,0.1746031746031746,0.23809523809523808,0.3492063492063492
29,-81.49123246441623,63,0.8608916593317363,0.0008576958985908955,0.0,0.4444444444444444,0.15873015873015872,0.19047619047619047,0.20634920634920634
30,-100.59144186168312,92,0.8566040371658092,0.0008533184014517406,0.0,0.2717391304347826,0.20652173913043478,0.2608695652173913,0.2608695652173913
31,-96.05294077771777,65,0.852337769259316,0.000848963246125383,0.0,0.2923076923076923,0.23076923076923078,0.18461538461538463,0.2923076923076923
32,-83.03618205954409,79,0.8480927492585766,0.0008446303185839699,0.0,0.25316455696202533,0.17721518987341772,0.2911392405063291,0.27848101265822783
33,-97.01389955746485,135,0.8438688713395993,0.0008403195053816226,0.0,0.32592592592592595,0.1925925925925926,0.28888888888888886,0.1925925925925926
34,-100.07461908139737,94,0.8396660302054431,0.0008360306936514657,0.0,0.3829787234042553,0.23404255319148937,0.2127659574468085,0.1702127659574468
35,-105.74549790860098,72,0.8354841210835922,0.0008317637711026725,0.0,0.3611111111111111,0.19444444444444445,0.18055555555555555,0.2638888888888889
36,-358.74071911473965,81,0.8313230397233444,0.0008275186260175247,0.0,0.3333333333333333,0.32098765432098764,0.20987654320987653,0.13580246913580246
37,-271.2185538053693,108,0.8271826823932125,0.0008232951472484873,0.0,0.26851851851851855,0.26851851851851855,0.21296296296296297,0.25
38,-130.8249356025976,92,0.8230629458783377,0.0008190932242152989,0.0,0.42391304347826086,0.18478260869565216,0.22826086956521738,0.16304347826086957
39,-98.04659733162627,100,0.8189637274779172,0.000814912746902076,0.0,0.32,0.22,0.19,0.27
40,-358.6092170060735,97,0.8148849250026439,0.0008107536058544327,0.0,0.25773195876288657,0.30927835051546393,0.30927835051546393,0.12371134020618557
41,-81.87361813441926,107,0.8108264367721583,0.0008066156921766152,0.0,0.18691588785046728,0.2523364485981308,0.308411214953271,0.2523364485981308
42,-283.99392468693594,91,0.8067881616125144,0.0008024988975286502,0.0,0.3626373626373626,0.2087912087912088,0.24175824175824176,0.18681318681318682
43,-231.38683616497298,73,0.8027699988536575,0.0007984031141235085,0.0,0.3424657534246575,0.2465753424657534,0.1643835616438356,0.2465753424657534
44,-145.13363895215463,100,0.7987718483269142,0.0007943282347242834,0.0,0.27,0.28,0.32,0.13
45,-261.76717559911805,120,0.7947936103624954,0.0007902741526413818,0.0,0.31666666666666665,0.25833333333333336,0.21666666666666667,0.20833333333333334
46,-104.50072940066096,113,0.7908351857870121,0.0007862407617297322,0.0,0.34513274336283184,0.25663716814159293,0.20353982300884957,0.19469026548672566
47,-283.4810712717142,102,0.7868964759210023,0.0007822279563860046,0.0,0.29411764705882354,0.2549019607843137,0.22549019607843138,0.22549019607843138
48,-110.10032729453266,72,0.7829773825764719,0.0007782356315458458,0.0,0.3194444444444444,0.20833333333333334,0.2222222222222222,0.25
49,-132.35727571608612,70,0.7790778080544463,0.000774263682681129,0.0,0.38571428571428573,0.2,0.12857142857142856,0.2857142857142857
50,-139.65076183156566,99,0.7751976551425351,0.0007703120057972166,0.0,0.36363636363636365,0.1414141414141414,0.25252525252525254,0.24242424242424243
51,39.800829810713765,134,0.771336827112509,0.0007663804974302373,0.0,0.3582089552238806,0.20149253731343283,0.2462686567164179,0.19402985074626866
52,-197.97100408670943,94,0.7674952277178876,0.0007624690546443775,0.0,0.2765957446808511,0.23404255319148937,0.22340425531914893,0.26595744680851063
53,-101.29204857664215,67,0.7636727611915411,0.0007585775750291859,0.0,0.44776119402985076,0.2537313432835821,0.11940298507462686,0.1791044776119403
54,-122.69394667629473,64,0.7598693322433026,0.0007547059566968927,0.0,0.265625,0.1875,0.171875,0.375
55,-74.63269067965157,80,0.7560848460575919,0.000750854098279741,1.7390396074976386,0.375,0.1125,0.325,0.1875
56,-184.41217269159085,115,0.7523192082910528,0.0007470218989273339,1.4125384479728085,0.22608695652173913,0.20869565217391303,0.3739130434782609,0.19130434782608696
57,-159.82880826257406,110,0.748572325070201,0.0007432092583039931,1.2017907108591654,0.22727272727272727,0.13636363636363635,0.39090909090909093,0.24545454545454545
58,-62.22438233678816,114,0.7448441029890834,0.0007394160765861323,1.0656009379459352,0.15789473684210525,0.19298245614035087,0.39473684210526316,0.2543859649122807
59,16.52072570264812,95,0.7411344491069503,0.0007356422544596437,0.9834456225781875,0.17894736842105263,0.25263157894736843,0.3368421052631579,0.23157894736842105
60,-87.8459353348829,119,0.7374432709459379,0.0007318876931172971,0.9650859845133255,0.17647058823529413,0.16806722689075632,0.4369747899159664,0.2184873949579832
61,-275.96645690310373,121,0.7337704764887631,0.000728152294256154,0.8828988903640654,0.18181818181818182,0.30578512396694213,0.2644628099173554,0.24793388429752067
62,-168.26055648965408,91,0.7301159741764301,0.0007244359600749925,0.8955305599490754,0.2087912087912088,0.2857142857142857,0.34065934065934067,0.16483516483516483
63,-14.389639083659688,85,0.7264796729059471,0.0007207385932717478,0.8472151215557016,0.11764705882352941,0.2235294117647059,0.4235294117647059,0.23529411764705882
64,-123.79009754855954,172,0.7228614820280556,0.0007170600970409636,0.8129449920657352,0.18604651162790697,0.1744186046511628,0.436046511627907,0.20348837209302326
65,-96.65611679963202,142,0.7192613113449707,0.0007134003750712587,0.7864851722306287,0.22535211267605634,0.15492957746478872,0.4014084507042254,0.21830985915492956
66,3.6201258251826687,139,0.7156790711081327,0.0007097593315428041,0.7527446011802824,0.17266187050359713,0.2014388489208633,0.4244604316546763,0.2014388489208633
67,-136.59080661349685,75,0.712114672015969,0.000706136871124815,0.7319387356801877,0.16,0.18666666666666668,0.38666666666666666,0.26666666666666666
68,-204.68735646123923,124,0.708568025211669,0.0007025328989730546,0.7496932238041005,0.1774193548387097,0.25806451612903225,0.21774193548387097,0.3467741935483871
69,-156.35089980354223,113,0.7050390422809678,0.000698947320727351,0.7129969538351082,0.17699115044247787,0.2743362831858407,0.336283185840708,0.21238938053097345
70,-124.26388851539858,103,0.7015276352499433,0.0006953800425091263,0.696159528023578,0.20388349514563106,0.30097087378640774,0.27184466019417475,0.22330097087378642
71,-327.4201997742565,131,0.6980337165828222,0.000691830970918939,0.6779924784650462,0.16030534351145037,0.29770992366412213,0.3053435114503817,0.2366412213740458
72,-200.64377288408173,144,0.6945571991797983,0.0006883000130340385,0.6889437478665089,0.125,0.2222222222222222,0.4583333333333333,0.19444444444444445
73,-112.15070339013467,165,0.691097996374861,0.0006847870764059319,0.6630315011423398,0.14545454545454545,0.18787878787878787,0.4666666666666667,0.2
74,-85.02747965106914,118,0.6876560219336348,0.0006812920690579639,0.6842103616969186,0.211864406779661,0.2033898305084746,0.4406779661016949,0.1440677966101695
75,-86.94558261741724,123,0.6842311900512299,0.0006778148994829084,0.6684695101132246,0.23577235772357724,0.17073170731707318,0.3983739837398374,0.1951219512195122
76,-71.08998484209413,106,0.6808234153501025,0.0006743554766405727,0.9506199017258601,0.16037735849056603,0.18867924528301888,0.44339622641509435,0.20754716981132076
77,-181.30742170531187,126,0.6774326128779271,0.0006709137099554139,1.0305241548102366,0.21428571428571427,0.18253968253968253,0.38095238095238093,0.2222222222222222
78,-95.28039269007537,124,0.6740586981054784,0.0006674895093141672,0.952072859942627,0.18548387096774194,0.18548387096774194,0.41935483870967744,0.20967741935483872
79,-194.98740689851104,129,0.670701586924524,0.0006640827850634869,0.8129158933599137,0.15503875968992248,0.29457364341085274,0.24806201550387597,0.3023255813953488
80,-48.0454570916506,90,0.6673611956457279,0.0006606934480075987,0.9037303351586891,0.18888888888888888,0.24444444444444444,0.4,0.16666666666666666
81,-97.37851930312547,136,0.6640374409965641,0.0006573214094059647,0.7890678975071939,0.16911764705882354,0.22058823529411764,0.39705882352941174,0.21323529411764705
82,-131.66384981924637,95,0.6607302401192408,0.0006539665809709598,0.7602138420523117,0.22105263157894736,0.2631578947368421,0.3263157894736842,0.18947368421052632
83,33.66662920707887,84,0.6574395105686344,0.0006506288748655599,0.7588109436831117,0.20238095238095238,0.2261904761904762,0.40476190476190477,0.16666666666666666
84,27.49066453409753,1000,0.6541651703102348,0.0006473082037010426,0.7991790966109718,0.167,0.218,0.303,0.312
85,-105.74621369631285,119,0.6509071377181003,0.0006440044805346987,0.8361363290240733,0.16806722689075632,0.31092436974789917,0.24369747899159663,0.2773109243697479
86,-99.76038761512523,142,0.6476653315728222,0.0006407176188675564,0.7864183295910999,0.18309859154929578,0.2605633802816901,0.323943661971831,0.2323943661971831
87,-52.55089633704834,111,0.6444396710595008,0.000637447532642116,0.8542173438796691,0.12612612612612611,0.14414414414414414,0.4774774774774775,0.25225225225225223
88,-70.49973480935324,138,0.6412300757657303,0.0006341941362400969,0.8113390809821087,0.1956521739130435,0.21014492753623187,0.3333333333333333,0.2608695652173913
89,-48.62241723280455,162,0.6380364656795943,0.000630957344480196,0.8265725573642227,0.1111111111111111,0.15432098765432098,0.5185185185185185,0.21604938271604937
90,-92.4820040692603,227,0.6348587611876713,0.0006277370726158575,1.3968997815899153,0.1277533039647577,0.16740088105726872,0.5066079295154186,0.19823788546255505
91,-131.14126611155487,105,0.6316968830730497,0.0006245332363330539,1.2598503776075716,0.19047619047619047,0.17142857142857143,0.38095238095238093,0.2571428571428571
92,-299.34943827940344,204,0.6285507525133537,0.0006213457517480785,1.121862136063848,0.19607843137254902,0.1715686274509804,0.43137254901960786,0.20098039215686275
93,-47.588346386227286,88,0.6254202910787774,0.0006181745354053494,1.0927697423730685,0.17045454545454544,0.18181818181818182,0.48863636363636365,0.1590909090909091
94,1.5878476184307573,166,0.6223054207301305,0.0006150195042752238,0.9950354156583946,0.16265060240963855,0.18072289156626506,0.4457831325301205,0.21084337349397592
95,-211.820889454898,129,0.6192060638168921,0.0006118805757518249,1.0412318999775843,0.23255813953488372,0.2248062015503876,0.43410852713178294,0.10852713178294573
96,-63.19255173059043,101,0.6161221430752757,0.0006087576676508784,0.9451145033152742,0.15841584158415842,0.22772277227722773,0.42574257425742573,0.18811881188118812
97,-197.91426035974268,157,0.6130535816263024,0.0006056506982075613,0.9506043491990736,0.1464968152866242,0.21656050955414013,0.4585987261146497,0.17834394904458598
98,-61.11796771573318,123,0.6100003029738849,0.0006025595860743607,0.9967095420031388,0.0975609756097561,0.24390243902439024,0.34959349593495936,0.3089430894308943
99,-69.00583807060455,128,0.6069622310029202,0.000599484250318944,0.9121929316078444,0.1328125,0.2265625,0.3828125,0.2578125
100,-143.29592408089366,151,0.6039392899773924,0.0005964246104220401,0.9151902807165297,0.17880794701986755,0.2185430463576159,0.3443708609271523,0.2582781456953642
101,-62.04698270361366,95,0.6009314045384845,0.000593380586275331,0.8889653666192678,0.17894736842105263,0.2,0.4631578947368421,0.15789473684210525
102,-103.01203304933307,79,0.5979384997026995,0.0005903520981793547,0.9353478039797253,0.16455696202531644,0.12658227848101267,0.43037974683544306,0.27848101265822783
103,-284.43141573119044,199,0.5949605008599921,0.0005873390668414179,0.8877959722259738,0.1708542713567839,0.20603015075376885,0.45226130653266333,0.1708542713567839
104,-119.13193409169881,113,0.5919973337719074,0.0005843414133735207,0.913093911397406,0.19469026548672566,0.20353982300884957,0.48672566371681414,0.11504424778761062
105,-113.47949849694834,140,0.5890489245697316,0.0005813590592902906,0.8750839371978549,0.14285714285714285,0.2,0.5214285714285715,0.1357142857142857
106,-15.352517642307703,134,0.5861151997526493,0.0005783919265069276,0.8571122741603858,0.11940298507462686,0.26119402985074625,0.3358208955223881,0.2835820895522388
107,-73.90238408341818,141,0.583196086185912,0.0005754399373371601,0.8578953773417689,0.1347517730496454,0.2127659574468085,0.3971631205673759,0.2553191489361702
108,-62.61946686299285,237,0.5802915110990148,0.0005725030144912106,1.5887948429075782,0.14767932489451477,0.16455696202531644,0.5063291139240507,0.18143459915611815
109,-27.82854555479689,136,0.5774014020838818,0.0005695810810737719,1.3826761116925494,0.1323529411764706,0.20588235294117646,0.39705882352941174,0.2647058823529412
110,-68.33426294084647,157,0.5745256870930618,0.0005666740605819945,1.3399158046967428,0.17197452229299362,0.1592356687898089,0.46496815286624205,0.20382165605095542
111,-104.46117459485981,602,0.5716642944379317,0.0005637818769034828,1.1340550848982989,0.23255813953488372,0.16279069767441862,0.46511627906976744,0.13953488372093023
112,-182.29809928783368,153,0.5688171527869094,0.000560904454314303,1.0895544091765246,0.16339869281045752,0.22875816993464052,0.39215686274509803,0.21568627450980393
113,-94.72410244196521,116,0.5659841911636758,0.0005580417174769997,0.9331949729990942,0.23275862068965517,0.22413793103448276,0.3793103448275862,0.16379310344827586
114,-79.19473796485457,99,0.5631653389454055,0.0005551935914386241,0.9780628722343336,0.16161616161616163,0.15151515151515152,0.494949494949495,0.1919191919191919
115,-54.39014764622846,174,0.5603605258610059,0.0005523600016287713,0.9869157931837702,0.13793103448275862,0.19540229885057472,0.41954022988505746,0.2471264367816092
116,-76.04921295372894,104,0.5575696819893657,0.0005495408738576278,0.977381610778889,0.1346153846153846,0.23076923076923078,0.4423076923076923,0.19230769230769232
117,-17.061189399959545,170,0.5547927377576116,0.000546736134314029,0.9630907360320952,0.12941176470588237,0.19411764705882353,0.48823529411764705,0.18823529411764706
118,-4.918070131523649,181,0.5520296239393742,0.0005439457095635269,0.9764204222910546,0.15469613259668508,0.13259668508287292,0.569060773480663,0.143646408839779
119,-35.671570602764646,132,0.5492802716530619,0.000541169526546467,0.9306536977018726,0.09090909090909091,0.25757575757575757,0.42424242424242425,0.22727272727272727
120,-9.93043955248109,156,0.5465446123601444,0.0005384075125760762,0.893116242255628,0.16666666666666666,0.14102564102564102,0.4807692307692308,0.21153846153846154
121,-11.684639690045463,1000,0.5438225778634432,0.0005356595953365588,1.303914042583376,0.213,0.42,0.226,0.141
122,55.06509422396864,1000,0.5411141003054323,0.0005329257028812037,1.1109848213008284,0.218,0.265,0.301,0.216
123,-113.04336988149117,122,0.5384191121665459,0.0005302057636305005,1.1507761866955009,0.1885245901639344,0.1721311475409836,0.5163934426229508,0.12295081967213115
124,-38.102243874759736,181,0.535737546263496,0.0005274997063702652,1.0168839608934932,0.16022099447513813,0.19337016574585636,0.47513812154696133,0.1712707182320442
125,-85.87826592404917,123,0.533069335747597,0.000524807460249776,1.0587758459114816,0.13821138211382114,0.23577235772357724,0.34959349593495936,0.2764227642276423
126,-86.3375775136779,116,0.5304144141030992,0.000522128954779918,0.9941660696493851,0.1810344827586207,0.15517241379310345,0.46551724137931033,0.19827586206896552
127,6.8533364861579145,198,0.5277727151455311,0.0005194641198313376,1.4525350010122977,0.11616161616161616,0.1717171717171717,0.5202020202020202,0.1919191919191919
128,-54.313279752966025,201,0.5251441730200492,0.0005168128856326069,1.4561925213441245,0.19402985074626866,0.208955223880597,0.43781094527363185,0.15920398009950248
129,-51.030086309911475,205,0.5225287221997962,0.0005141751827683961,1.4182700011028369,0.16097560975609757,0.15609756097560976,0.5121951219512195,0.17073170731707318
130,-0.3719802883030354,217,0.5199262974842676,0.0005115509421776565,1.2343200287428506,0.11059907834101383,0.15668202764976957,0.5253456221198156,0.2073732718894009
131,94.74435810584951,1000,0.5173368339976863,0.0005089400951518125,1.1948420520488738,0.262,0.383,0.225,0.13
132,2.118543621157926,203,0.5147602671873854,0.0005063425733329622,1.0976655594680425,0.15763546798029557,0.21674876847290642,0.43842364532019706,0.18719211822660098
133,-46.04277380583578,220,0.512196532822199,0.000503758308712088,1.1102542143667689,0.12272727272727273,0.18181818181818182,0.4818181818181818,0.21363636363636362
134,-39.74464914535224,203,0.5096455669908607,0.0005011872336272758,0.9906955348262203,0.10344827586206896,0.22660098522167488,0.5221674876847291,0.1477832512315271
135,-34.56009645640577,366,0.5071073061004107,0.0004986292807619435,1.4197486127094034,0.1448087431693989,0.16939890710382513,0.5273224043715847,0.15846994535519127
136,-52.68062772682818,200,0.50458168687461,0.0004960843831430785,1.4599822762289607,0.13,0.2,0.415,0.255
137,-69.25912750009601,237,0.5020686463523638,0.0004935524741394842,1.3290237738878923,0.10970464135021098,0.21518987341772153,0.5021097046413502,0.1729957805907173
138,-141.46168061425885,112,0.49956812188615124,0.0004910334874600353,1.352272613379638,0.13392857142857142,0.24107142857142858,0.375,0.25
139,-40.46508269026815,72,0.49708005114046383,0.0004885273571519426,1.376326880016374,0.16666666666666666,0.20833333333333334,0.4722222222222222,0.1527777777777778
140,-26.988645654480166,212,0.49460437209025165,0.0004860340175990254,1.2908641611165448,0.1179245283018868,0.18396226415094338,0.5094339622641509,0.18867924528301888
141,19.59545087830753,178,0.492141023019377,0.00048355340351999445,1.2896021099037593,0.10112359550561797,0.2808988764044944,0.38202247191011235,0.23595505617977527
142,4.5143479501477515,198,0.48968994251907594,0.0004810854499667421,1.244121763877453,0.13636363636363635,0.20707070707070707,0.4797979797979798,0.17676767676767677
143,-54.12676816588712,117,0.4872510694864273,0.000478630092322642,1.1849184509257549,0.10256410256410256,0.26495726495726496,0.3418803418803419,0.2905982905982906
144,-49.457457694757366,276,0.4848243431228297,0.0004761872663008574,1.1436091566159505,0.10507246376811594,0.1956521739130435,0.5072463768115942,0.19202898550724637
145,-69.89539594607218,209,0.4824097029324856,0.00047375690794265767,1.1489383699978752,0.14354066985645933,0.19138755980861244,0.49760765550239233,0.1674641148325359
146,-158.28416717310148,188,0.4800070887208934,0.00047133895361574417,1.1814344403034005,0.1595744680851064,0.2074468085106383,0.44148936170212766,0.19148936170212766
147,-164.56624575165446,111,0.47761644059334696,0.0004689333400125837,1.0985024706608033,0.12612612612612611,0.2882882882882883,0.3063063063063063,0.27927927927927926
148,-39.90088477677196,174,0.4752376989534421,0.0004665400041487515,1.2448774930332596,0.13793103448275862,0.11494252873563218,0.5632183908045977,0.1839080459770115
149,-5.004212877271954,127,0.4728708045015913,0.0004641588833612816,1.5358616396890667,0.11023622047244094,0.1889763779527559,0.5511811023622047,0.14960629921259844
150,-229.25281959177164,224,0.4705156982335452,0.0004617899153070266,1.5005033372580816,0.10267857142857142,0.2544642857142857,0.46875,0.17410714285714285
151,-92.83982968519969,145,0.4681723214389219,0.00045943303796102536,1.3086511784607078,0.1103448275862069,0.25517241379310346,0.45517241379310347,0.1793103448275862
152,133.21220121685624,1000,0.46584061569974305,0.00045708818961487873,1.2748246258213631,0.2,0.336,0.227,0.237
153,26.669445104083437,138,0.4635205228889778,0.0004547553088751342,1.206552100420537,0.14492753623188406,0.17391304347826086,0.4927536231884058,0.18840579710144928
154,-92.25309113449691,109,0.4612119851690938,0.00045243433466167824,1.1513115074428644,0.14678899082568808,0.26605504587155965,0.30275229357798167,0.28440366972477066
155,3.05633358175308,126,0.4589149449906151,0.00045012520620613735,1.1829224722905285,0.1349206349206349,0.1984126984126984,0.42857142857142855,0.23809523809523808
156,-103.42170955056022,254,0.4566293450906877,0.0004478278630502868,1.1853376664127384,0.15354330708661418,0.2125984251968504,0.44881889763779526,0.18503937007874016
157,54.8931554957374,1000,0.45435512849165205,0.0004455422450444678,1.2789578091573643,0.261,0.243,0.278,0.218
158,-47.54485392518478,192,0.4520922384996226,0.0004432682923460125,1.3119191376605583,0.15104166666666666,0.21875,0.4895833333333333,0.140625
159,-263.5810037206635,252,0.44984061870307446,0.00044100594541767737,1.2590549228095733,0.09523809523809523,0.20238095238095238,0.5,0.20238095238095238
160,-80.01844790377791,248,0.4476002129714371,0.0004387551450260843,1.1722562363087063,0.12096774193548387,0.18548387096774194,0.532258064516129,0.16129032258064516
161,-65.57026345285378,185,0.4453709654536952,0.00043651583224016963,1.2263177168392276,0.14594594594594595,0.16756756756756758,0.4972972972972973,0.1891891891891892
162,96.06200243389783,1000,0.44315282057699623,0.00043428794842964135,1.1742855887800643,0.309,0.234,0.235,0.222
163,146.2079470957496,1000,0.4409457230452651,0.000432071435263444,1.4053352228605878,0.278,0.248,0.194,0.28
164,41.969263024397335,1000,0.4387496178378257,0.00042986623470823136,1.2788675558218,0.22,0.289,0.242,0.249
165,-71.87713208952555,219,0.43656445020802925,0.00042767228902684703,1.202033660587596,0.1324200913242009,0.1917808219178082,0.5159817351598174,0.1598173515981735
166,-28.450339994338265,319,0.4343901656818896,0.0004254895407768128,1.2519251365446395,0.13479623824451412,0.16614420062695925,0.5141065830721003,0.18495297805642633
167,-110.69195446503785,96,0.4322267100567252,0.0004233179328088246,1.4095866538118134,0.11458333333333333,0.28125,0.3645833333333333,0.23958333333333334
168,-81.54221010592724,445,0.4300740293998078,0.0004211574082652562,1.3766950984269044,0.11685393258426967,0.17303370786516853,0.5550561797752809,0.1550561797752809
169,-14.19124276254395,276,0.4279320700470182,0.0004190079105786707,1.2842695277298477,0.10507246376811594,0.17028985507246377,0.5398550724637681,0.18478260869565216
170,-35.34653339621859,434,0.4258007786015082,0.00041686938347033914,1.3217742601302613,0.11290322580645161,0.16820276497695852,0.5599078341013825,0.15898617511520738
171,-252.93804760817295,651,0.42368010193236966,0.00041474177094876744,1.2604117481951684,0.12442396313364056,0.1674347158218126,0.5314900153609831,0.17665130568356374
172,82.6383043880078,1000,0.4215699871733098,0.00041262501730823006,1.314604438431943,0.309,0.174,0.318,0.199
173,-1.552695661099591,130,0.4194703817213335,0.0004105190671273116,1.3957820518942705,0.18461538461538463,0.2153846153846154,0.4307692307692308,0.16923076923076924
174,75.60063764535899,1000,0.41738123323543186,0.0004084238652674558,1.3326716826620533,0.277,0.132,0.222,0.369
175,88.05054407816901,1000,0.41530248963527744,0.00040633935687152184,1.3102799916566084,0.24,0.166,0.352,0.242
176,-50.509379495554896,439,0.41323409909992587,0.000404265487362348,1.3933139098140686,0.1548974943052392,0.14350797266514806,0.5398633257403189,0.16173120728929385
177,65.10426723912352,1000,0.4111760100665241,0.00040220220244132287,1.330957777510752,0.3,0.193,0.318,0.189
178,-45.77351728161402,243,0.4091281712290249,0.00040014944808696346,1.2867301231416652,0.11522633744855967,0.18518518518518517,0.4897119341563786,0.20987654320987653
179,-39.06319525978067,191,0.407090531536908,0.000398107170553501,1.2380653827442758,0.14659685863874344,0.17801047120418848,0.4869109947643979,0.18848167539267016
180,94.12828887191864,1000,0.40506304019390726,0.00039607531636947366,1.2941421261346917,0.358,0.173,0.286,0.183
181,-313.7234124031235,596,0.40304564665674447,0.0003940538323363266,1.3003190270038663,0.15771812080536912,0.14597315436241612,0.5369127516778524,0.1593959731543624
182,72.68612598903387,1000,0.40103830063386947,0.00039204266552701896,1.2555806368498306,0.29,0.261,0.285,0.164
183,-37.22825610027253,140,0.39904095208420615,0.00039004176328463834,1.1992590761129795,0.14285714285714285,0.2,0.4857142857142857,0.17142857142857143
184,-89.38971606653625,227,0.3970535512159053,0.00038805107322102195,1.15576139595137,0.1013215859030837,0.2026431718061674,0.4977973568281938,0.19823788546255505
185,82.77221698064477,1000,0.3950760484851031,0.000386070543215385,1.2876109348316536,0.305,0.328,0.242,0.125
186,-25.85417484868288,1000,0.39310839459468616,0.00038410012141295614,1.2422254846800493,0.198,0.153,0.451,0.198
187,8.536999666683514,1000,0.3911505404930626,0.0003821397562236197,1.2561604975373504,0.303,0.175,0.367,0.155
188,68.42039664299608,1000,0.38920243737293914,0.00038018939632056487,1.2748059810091479,0.281,0.165,0.373,0.181
189,-238.7068111137839,328,0.3872640366701046,0.00037824899063894216,1.2409996617075807,0.125,0.15853658536585366,0.5487804878048781,0.1676829268292683
190,-27.835899696186303,134,0.385335290062219,0.000376318488374526,1.2301190775975077,0.13432835820895522,0.1417910447761194,0.5149253731343284,0.208955223880597
191,120.19143354078798,1000,0.38341614946760905,0.0003743978389823848,1.2568880168362897,0.425,0.162,0.245,0.168
192,123.3949222518178,1000,0.3815065670440695,0.0003724869921755577,1.2600802312195265,0.366,0.306,0.169,0.159
193,14.360183926773608,1000,0.3796064951876705,0.0003705858979237375,1.1821921348742308,0.19,0.22,0.455,0.135
194,120.60062312188845,1000,0.3777158865315709,0.00036869450645196124,1.210538777966901,0.443,0.153,0.245,0.159
195,-48.61105036968134,127,0.37583469394483743,0.0003668127682393067,1.1856158485931303,0.18110236220472442,0.12598425196850394,0.5039370078740157,0.1889763779527559
196,-178.60502727227959,539,0.37396287053126975,0.00036494063401759587,1.164815809066365,0.10575139146567718,0.14100185528756956,0.5918367346938775,0.1614100185528757
197,85.21762561521368,1000,0.3721003696282314,0.00036307805477010503,1.1538229864118508,0.244,0.146,0.286,0.324
198,76.37228843716953,1000,0.3702471448054865,0.00036122498173028143,1.2042034414409142,0.341,0.179,0.291,0.189
199,86.02309724931047,1000,0.3684031498640423,0.0003593813663804664,1.149599277098577,0.465,0.112,0.249,0.174
200,40.60918222650776,1000,0.3665683388349977,0.000357547160450625,1.18247192157876,0.209,0.149,0.355,0.287
201,-2.119452914467713,1000,0.3647426659783969,0.00035572231591708236,1.1539679582019775,0.31,0.202,0.283,0.205
202,227.99415436032172,255,0.36292608578208946,0.0003539067850012661,1.1624315715751588,0.3254901960784314,0.10588235294117647,0.3215686274509804,0.24705882352941178
203,-32.47009493962895,131,0.36111855296059564,0.0003521005201684556,1.1160301448290246,0.07633587786259542,0.16030534351145037,0.6030534351145038,0.16030534351145037
204,-22.259819104903016,114,0.3593200224539774,0.0003503034741265373,1.1220527621295548,0.09649122807017543,0.18421052631578946,0.49122807017543857,0.22807017543859648
205,90.22352936462617,1000,0.3575304494267152,0.00034851559982476644,1.1802075946432087,0.37,0.145,0.32,0.165
206,42.64641653463729,1000,0.3557497892665903,0.0003467368504525353,1.1680620906364374,0.215,0.145,0.391,0.249
207,85.7971804979271,1000,0.35397799758357257,0.0003449671794381476,1.1426697966179704,0.376,0.271,0.229,0.124
208,53.497374794911515,1000,0.3522150302087139,0.0003432065404475989,1.1348391505256195,0.388,0.125,0.26,0.227
209,63.22342132328026,1000,0.35046084319304716,0.0003414548873833638,1.1113836154722498,0.28,0.357,0.228,0.135
210,77.9849137138175,1000,0.3487153928064905,0.0003397121743831888,1.1158093000232723,0.279,0.174,0.171,0.376
211,-15.475424756177858,177,0.34697863553675734,0.0003379783558188916,1.1503354827872267,0.14124293785310735,0.23163841807909605,0.4519774011299435,0.1751412429378531
212,-27.643696564831927,134,0.3452505280882715,0.0003362533862951663,1.1293755684141098,0.11194029850746269,0.1417910447761194,0.5447761194029851,0.20149253731343283
213,-249.7317627806842,515,0.34353102738108804,0.00033453722064839516,1.1256610753260754,0.15145631067961166,0.17281553398058253,0.47378640776699027,0.20194174757281552
214,94.36775036359647,1000,0.34182009054981916,0.00033282981394546575,1.0835255831442139,0.458,0.133,0.226,0.183
215,105.87590119046686,1000,0.3401176749425658,0.00033113112148259473,1.0982089825256116,0.408,0.15,0.235,0.207
216,-22.238415009613377,119,0.3384237381198542,0.00032944109878415743,1.1325768789893231,0.18487394957983194,0.19327731092436976,0.47058823529411764,0.15126050420168066
217,99.50823450799189,1000,0.33673823785357804,0.0003277597016015232,1.0588245654087773,0.499,0.155,0.201,0.145
218,144.15701913342969,1000,0.3350611321259457,0.00032608688591189696,1.0825667379288502,0.327,0.322,0.194,0.157
219,-23.130800754905366,165,0.33339237912843267,0.0003244226079171667,1.1147699694895228,0.11515151515151516,0.14545454545454545,0.5272727272727272,0.21212121212121213
220,-70.59821998371046,164,0.3317319372607396,0.0003227668240427565,1.0710310516395478,0.2804878048780488,0.09146341463414634,0.5182926829268293,0.10975609756097561
221,122.37338427488052,1000,0.3300797651297549,0.00032111949093648594,1.0778003867230928,0.353,0.349,0.148,0.15
222,134.9686357169366,1000,0.3284358215485232,0.0003194805654674348,1.06207382627201,0.436,0.171,0.197,0.196
223,124.35029947096436,1000,0.32680006553521834,0.00031785000472481386,1.0430423513975473,0.436,0.181,0.191,0.192
224,146.55099025566574,1000,0.3251724563121218,0.00031622776601684157,1.0328485599552248,0.393,0.148,0.151,0.308
225,94.20355788499388,1000,0.3235529533046063,0.000314613806869626,1.0546097630842832,0.291,0.138,0.232,0.339
226,59.98002630210537,1000,0.32194151614012406,0.00031300808502605297,1.006116347727359,0.42,0.09,0.194,0.296
227,89.87068414601268,1000,0.32033810464720053,0.0003114105584446796,1.0299886499211772,0.403,0.219,0.219,0.159
228,-1.1342684036729622,98,0.3187426788544329,0.00030982118529863353,1.1116976604136508,0.29591836734693877,0.16326530612244897,0.47959183673469385,0.061224489795918366
229,95.11211742142109,1000,0.31715519898949374,0.00030823992397451796,1.0359381370380412,0.13,0.403,0.318,0.149
230,-42.519595226170736,289,0.31557562547813933,0.0003066667330713219,1.0282141549218848,0.12802768166089964,0.1522491349480969,0.5363321799307958,0.18339100346020762
231,-89.19965978525856,174,0.3140039189432234,0.0003051015713993363,1.0079458239348071,0.1206896551724138,0.14367816091954022,0.5862068965517241,0.14942528735632185
232,-76.94687927133108,167,0.3124400402037151,0.00030354439797907574,1.0087011253943905,0.1497005988023952,0.1437125748502994,0.5449101796407185,0.16167664670658682
233,-75.60083993076566,106,0.3108839502737227,0.0003019951720402052,1.0088230162185694,0.24528301886792453,0.1509433962264151,0.4339622641509434,0.16981132075471697
234,125.77993370778768,1000,0.30933561036152135,0.00030045385302047284,1.0205339632562664,0.381,0.299,0.156,0.164
235,19.193209132582425,103,0.3077949818685863,0.0002989204005646479,0.989964387384595,0.14563106796116504,0.1553398058252427,0.5728155339805825,0.1262135922330097
236,86.62001587439612,1000,0.3062620263886305,0.00029739477452346417,0.991878083187259,0.11,0.577,0.194,0.119
237,30.869618496630764,1000,0.3047367057066472,0.00029587693495256864,0.9741122136908841,0.214,0.085,0.201,0.5
238,-28.50109294989643,117,0.3032189817979574,0.00029436684211147583,0.9359148134831955,0.13675213675213677,0.27350427350427353,0.38461538461538464,0.20512820512820512
239,112.84755985028184,1000,0.3017088168272619,0.0002928644564625272,0.9664620536588389,0.531,0.129,0.211,0.129
240,89.87313364656164,1000,0.30020617314769793,0.0002913697386698561,0.953211071037415,0.191,0.574,0.138,0.097
241,103.71863245832188,1000,0.2987110132999009,0.0002898826495983576,0.9790842969727447,0.477,0.123,0.235,0.165
242,105.58669610724964,1000,0.2972233000110704,0.0002884031503126642,0.9744624456180523,0.145,0.629,0.128,0.098
243,184.11875361774148,897,0.2957429961940411,0.00028693120207612594,0.9920875663358658,0.28762541806020064,0.3054626532887402,0.18394648829431437,0.2229654403567447
244,-49.821037155049,79,0.29427006494635827,0.0002854667663497968,0.9624384093941517,0.3924050632911392,0.17721518987341772,0.34177215189873417,0.08860759493670886
245,136.06125460541128,1000,0.2928044695493577,0.00028400980479142507,0.975248918960069,0.423,0.175,0.251,0.151
246,89.02018282141475,1000,0.2913461734672504,0.00028256027925444986,0.9529670638757255,0.506,0.146,0.208,0.14
247,-13.162459303045843,1000,0.28989514034621183,0.0002811181517870022,0.9816542459891145,0.18,0.118,0.369,0.333
248,208.6380540838348,723,0.2884513340134756,0.0002796833846309113,0.9723975986223755,0.4536652835408022,0.1798063623789765,0.24619640387275243,0.12033195020746888
249,117.05914361789729,1000,0.2870147184764318,0.00027825594022071605,0.9437545432545024,0.298,0.355,0.205,0.142
250,-8.455791217137829,76,0.28558525792172956,0.0002768357811826815,0.9503572013867766,0.27631578947368424,0.10526315789473684,0.4605263157894737,0.15789473684210525
251,148.74595107014312,1000,0.2841629167143845,0.0002754228703338202,0.9526523869654154,0.488,0.223,0.149,0.14
252,68.66657014205326,1000,0.28274765939689017,0.0002740171706809189,0.9221507011354613,0.418,0.115,0.301,0.166
253,-41.83865369343553,566,0.28133945068833427,0.0002726186454195696,0.937700918725358,0.17491166077738515,0.4293286219081272,0.2597173144876325,0.13604240282685512
254,195.72102451523617,839,0.2799382554835191,0.00027122725793320634,0.9305261667633316,0.38855780691299163,0.10846245530393325,0.2359952324195471,0.266984505363528
255,122.16601181428298,1000,0.2785440388520863,0.0002698429717921463,0.9213393573787954,0.432,0.229,0.183,0.156
256,71.9528192655934,1000,0.27715676603764633,0.00026846575075263585,0.9143258897156789,0.165,0.508,0.158,0.169
257,-52.485275632575146,147,0.27577640245691176,0.00026709555875590197,0.8879384329400928,0.09523809523809523,0.2585034013605442,0.38095238095238093,0.2653061224489796
258,190.73557552297092,479,0.2744029136988354,0.00026573235992720774,0.8923990661954443,0.1419624217118998,0.4801670146137787,0.2045929018789144,0.1732776617954071
259,52.880860040204304,1000,0.2730362655237522,0.00026437611857491343,0.8833819630572036,0.329,0.098,0.26,0.313
260,-77.90391521416885,97,0.2716764238625259,0.00026302679918954166,0.935454973289794,0.25773195876288657,0.1958762886597938,0.3711340206185567,0.17525773195876287
261,107.39773620420698,1000,0.2703233548156995,0.000261684366442848,0.9106336100885273,0.522,0.136,0.208,0.134
262,33.18617256165339,1000,0.2689770246526506,0.00026034878518689574,0.9283073000268472,0.326,0.082,0.212,0.38
263,64.70203974059679,1000,0.26763739981075,0.00025902002045313587,0.897207003147236,0.235,0.226,0.19,0.349
264,125.5674955495831,1000,0.2663044468945255,0.0002576980374514913,0.8911682517431964,0.501,0.151,0.196,0.152
265,132.05690148613056,1000,0.2649781326748289,0.0002563828015694461,0.8797370633138105,0.546,0.132,0.192,0.13
266,130.74995938921032,1000,0.26365842408800805,0.00025507427837113934,0.8682349173974693,0.511,0.124,0.199,0.166
267,-18.88733605143686,102,0.26234528823508246,0.00025377243359646324,0.8461177443320638,0.23529411764705882,0.17647058823529413,0.47058823529411764,0.11764705882352941
268,139.6841176089513,1000,0.2610386923809231,0.00025247723316016644,0.858992984970121,0.478,0.151,0.183,0.188
269,-41.00781061186365,90,0.25973860395343634,0.0002511886431509614,0.8215376792337499,0.3111111111111111,0.17777777777777778,0.36666666666666664,0.14444444444444443
270,118.15250311777926,1000,0.25844499054275216,0.0002499066298306366,0.8697802577988846,0.546,0.153,0.202,0.099
271,223.21136941459295,754,0.257157819900416,0.00024863115963317297,0.8501658673177298,0.48938992042440316,0.16047745358090185,0.22944297082228116,0.1206896551724138
272,-62.94161117972499,90,0.2558770599385848,0.0002473621991638655,0.846487193189587,0.12222222222222222,0.13333333333333333,0.5777777777777777,0.16666666666666666
273,251.89388866606498,455,0.25460267872922737,0.0002460997151984486,0.8399219753657533,0.2703296703296703,0.14505494505494507,0.37362637362637363,0.210989010989011
274,233.77840660354244,273,0.25333464450332815,0.00024484367468222606,0.8574495631247192,0.26373626373626374,0.19047619047619047,0.37362637362637363,0.17216117216117216
275,-50.09782746684438,78,0.25207292565009537,0.00024359404472920604,0.8360393191658784,0.358974358974359,0.23076923076923078,0.2948717948717949,0.11538461538461539
276,-39.0895607757095,80,0.25081749071617304,0.00024235079262123965,0.8548294608726021,0.1125,0.1625,0.525,0.2
277,32.18812193539557,90,0.24956830840485686,0.00024111388580716448,0.9001775175176836,0.23333333333333334,0.15555555555555556,0.5444444444444444,0.06666666666666667
278,-40.51588574748248,96,0.2483253475753139,0.00023988329190195238,0.8239343520751928,0.19791666666666666,0.21875,0.3645833333333333,0.21875
279,-6.708734341416246,93,0.24708857724180652,0.00023865897868586143,0.8127243273501502,0.26881720430107525,0.16129032258064516,0.44086021505376344,0.12903225806451613
280,128.20752371232476,1000,0.24585796657291967,0.0002374409141035924,0.844738163786454,0.558,0.116,0.189,0.137
281,86.57631137206207,1000,0.24463348489079248,0.00023622906626344953,0.8208427402728317,0.49,0.118,0.237,0.155
282,81.43627414829325,1000,0.2434151016703534,0.0002350234034365054,0.8017749341205606,0.202,0.52,0.135,0.143
283,88.35040712997866,1000,0.2422027865385593,0.00023382389405577036,0.8196650609698896,0.383,0.279,0.146,0.192
284,-10.563720277394665,88,0.24099650927363828,0.00023263050671536593,0.7815692974272405,0.26136363636363635,0.14772727272727273,0.4318181818181818,0.1590909090909091
285,-33.955393212820795,80,0.2397962398043362,0.0002314432101697025,0.8621818526302747,0.175,0.15,0.4875,0.1875
286,113.12379121292382,1000,0.23860194820916716,0.00023026197333266135,0.8022230324172508,0.525,0.197,0.149,0.129
287,98.64486280224273,1000,0.2374136047156675,0.00022908676527678062,0.8088905494051251,0.574,0.099,0.173,0.154
288,-41.331485667920504,118,0.23623117969965363,0.0002279175552324457,0.8141416155291269,0.2033898305084746,0.22033898305084745,0.4067796610169492,0.1694915254237288
289,-61.95424001330866,81,0.23505464368448353,0.00022675431258708346,0.8146010662774097,0.2222222222222222,0.24691358024691357,0.3333333333333333,0.19753086419753085
290,122.48970591851317,1000,0.23388396734032196,0.0002255970068843609,0.8039067733889834,0.606,0.094,0.167,0.133
291,-25.37162924350075,100,0.23271912148340923,0.00022444560782338763,0.7646260441010618,0.19,0.2,0.39,0.22
292,202.6930587446127,838,0.2315600770753337,0.00022330008525792253,0.7978758264027814,0.5095465393794749,0.13723150357995226,0.21479713603818615,0.13842482100238662
293,51.59715023075799,1000,0.2304068052223079,0.00022216040919558445,0.7838339389748712,0.304,0.159,0.398,0.139
294,-11.031989073841189,212,0.22925927717444824,0.000221026549797067,0.8139818584725068,0.18396226415094338,0.14622641509433962,0.5047169811320755,0.1650943396226415
295,-23.00899178933217,77,0.22811746432505836,0.0002198984773753573,0.7423621611491104,0.24675324675324675,0.15584415584415584,0.42857142857142855,0.16883116883116883
296,10.383001609043138,1000,0.2269813382099158,0.00021877616239495854,0.7952475396182049,0.141,0.333,0.407,0.119
297,-20.270662222552843,71,0.2258508705065627,0.0002176595754711169,0.7417738366073757,0.2676056338028169,0.1267605633802817,0.5070422535211268,0.09859154929577464
298,244.80922726013654,924,0.22472603303359945,0.000216548687369052,0.7788734954084386,0.4383116883116883,0.08874458874458875,0.16558441558441558,0.30735930735930733
299,132.52280571450578,1000,0.2236067977499824,0.00021544346900319165,0.7891128090971828,0.517,0.08,0.127,0.276
300,280.54136904729285,334,0.22249313675432472,0.00021434389143641013,0.7682660734414714,0.47305389221556887,0.10479041916167664,0.23053892215568864,0.19161676646706588
301,6.679289333365418,137,0.22138502228420082,0.00021324992587927068,0.834999068770776,0.10218978102189781,0.2116788321167883,0.45255474452554745,0.23357664233576642
302,-181.7033253173156,201,0.22028242671545434,0.0002121615436892717,0.7555200500925489,0.12437810945273632,0.11940298507462686,0.42786069651741293,0.3283582089552239
303,59.57919457280066,1000,0.21918532256150944,0.00021107871637009683,0.786211895460652,0.175,0.382,0.329,0.114
304,130.76367804176778,1000,0.21809368247268562,0.00021000141557086878,0.7893411383066987,0.616,0.111,0.132,0.141
305,98.44992223556648,1000,0.21700747923551592,0.00020892961308540718,0.781536101455498,0.269,0.085,0.131,0.515
306,-26.098128577997144,86,0.2159266857720685,0.00020786328085148993,0.7864961944186354,0.06976744186046512,0.1744186046511628,0.5,0.2558139534883721
307,159.59970697386282,1000,0.21485127513927166,0.00020680239095011854,0.7736734316712077,0.627,0.139,0.118,0.116
308,5.746750373684392,124,0.21378122052824208,0.00020574691560478717,0.7919926132040618,0.07258064516129033,0.18548387096774194,0.5241935483870968,0.21774193548387097
309,107.20294916382629,1000,0.21271649526361663,0.00020469682718075532,0.78555933513814,0.499,0.111,0.169,0.221
310,44.733169366613225,184,0.21165707280288729,0.00020365209818432435,0.7515874954409548,0.1358695652173913,0.23369565217391305,0.41304347826086957,0.21739130434782608
311,155.05506037184767,1000,0.2106029267357395,0.00020261270126211757,0.7703124716083647,0.327,0.446,0.132,0.095
312,-7.868446750077894,120,0.20955403078339377,0.0002015786092003641,0.797337609734106,0.18333333333333332,0.16666666666666666,0.475,0.175
313,232.63727758897835,520,0.2085103587979506,0.00020054979492418635,0.7809169553522718,0.5211538461538462,0.07115384615384615,0.19038461538461537,0.2173076923076923
314,132.52079853325736,1000,0.20747188476173858,0.00019952623149689116,0.7526884177592328,0.568,0.206,0.111,0.115
315,173.69377082568442,812,0.2064385827866659,0.0001985078921192645,0.7583811548526203,0.23645320197044334,0.45689655172413796,0.22783251231527094,0.07881773399014778
316,131.5183228511649,1000,0.20541042711357488,0.00019749475012886982,0.7574142037794978,0.501,0.164,0.223,0.112
317,162.7198814302582,366,0.2043873921115999,0.00019648677899934995,0.747842133673681,0.12021857923497267,0.11475409836065574,0.3224043715846995,0.4426229508196721
318,-68.49388723388505,135,0.20336945227752837,0.00019548395233973259,0.7941159129508573,0.17777777777777778,0.21481481481481482,0.4666666666666667,0.14074074074074075
319,-127.52051777125094,98,0.20235658223516506,0.0001944862438937394,0.7408843220531135,0.1326530612244898,0.2755102040816326,0.41836734693877553,0.17346938775510204
320,-9.16684544457911,99,0.2013487567346994,0.0001934936275390984,0.7363261942394442,0.10101010101010101,0.18181818181818182,0.48484848484848486,0.23232323232323232
321,-151.2124652036858,358,0.20034595065207608,0.0001925060772868602,0.7496357216736058,0.06983240223463687,0.10614525139664804,0.24581005586592178,0.5782122905027933
322,126.59483643193036,1000,0.19934813898836876,0.00019152356728071747,0.7507242930222562,0.303,0.543,0.106,0.048
323,266.49300700980825,591,0.1983552968691568,0.00019054607179632788,0.7834651414118287,0.6175972927241963,0.12521150592216582,0.17428087986463622,0.0829103214890017
324,80.6032491766688,1000,0.1973673995439052,0.00018957356524064073,0.7635778180101352,0.191,0.064,0.167,0.578
325,225.53481755993934,639,0.19638442238534762,0.0001886060221512268,0.754499688301306,0.4287949921752739,0.09546165884194054,0.27856025039123633,0.19718309859154928
326,259.0581860666549,472,0.19540634088887243,0.00018764341719561167,0.7606112639042532,0.4682203389830508,0.15677966101694915,0.1461864406779661,0.2288135593220339
327,217.22723464632787,806,0.1944331306719118,0.00018668572517061246,0.764090744698956,0.6377171215880894,0.09925558312655088,0.16501240694789082,0.09801488833746898
328,228.5365893050423,619,0.19346476747333397,0.00018573292100167797,0.7531300478651315,0.12116316639741519,0.10823909531502424,0.18578352180936994,0.5848142164781907
329,243.0553245749909,185,0.19250122715283827,0.0001847849797422322,0.7714869052217131,0.33513513513513515,0.08108108108108109,0.43243243243243246,0.15135135135135136
330,152.33194707013067,1000,0.19154248569035348,0.00018384187657302114,0.7437935766411841,0.673,0.101,0.131,0.095
331,209.03859563058904,525,0.190588519185439,0.00018290358680146294,0.7448810491943474,0.07428571428571429,0.6514285714285715,0.1961904761904762,0.07809523809523809
332,-179.31098185888504,385,0.18963930385668903,0.00018197008586100144,0.7121465111883999,0.1974025974025974,0.22337662337662337,0.44415584415584414,0.13506493506493505
333,238.92936921227928,720,0.18869481604113966,0.00018104134931046296,0.7274469726938295,0.6375,0.06666666666666667,0.15833333333333333,0.1375
334,24.092459261766535,109,0.1877550321936791,0.00018011735283341638,0.7385482097405868,0.06422018348623854,0.1743119266055046,0.5963302752293578,0.1651376146788991
335,14.732217973289124,108,0.18681992888646057,0.00017919807223753644,0.7439877080279649,0.08333333333333333,0.14814814814814814,0.5277777777777778,0.24074074074074073
336,88.2166627659269,1000,0.18588948280831843,0.00017828348345397035,0.743999437026577,0.234,0.532,0.144,0.09
337,218.91313143508825,765,0.18496367076418696,0.0001773735625367076,0.7248796370452726,0.3790849673202614,0.37516339869281046,0.17124183006535948,0.07450980392156863
338,108.09276167967268,1000,0.18404246967452215,0.00017646828566195307,0.7196521172213933,0.322,0.443,0.156,0.079
339,165.07640378819724,1000,0.18312585657472633,0.00017556762912750317,0.7040218791914781,0.647,0.074,0.127,0.152
340,263.43276496892133,877,0.18221380861457573,0.00017467156935212534,0.7317839507627428,0.6020524515393386,0.09806157354618016,0.18700114025085518,0.11288483466362599
341,270.24922777820564,512,0.18130630305765083,0.00017378008287494056,0.709038696846326,0.53125,0.123046875,0.21875,0.126953125
342,125.14896239708413,1000,0.18040331728076958,0.0001728931463548092,0.7191793181246569,0.588,0.097,0.131,0.184
343,226.78620342501372,442,0.17950482877342336,0.0001720107365697198,0.7040870804097966,0.334841628959276,0.3778280542986425,0.18099547511312217,0.10633484162895927
344,97.69259304846915,1000,0.17861081513721588,0.00017113283041618108,0.6963860552042379,0.283,0.42,0.218,0.079
345,37.53016909272225,1000,0.17772125408530481,0.00017025940490861708,0.7165391144037883,0.174,0.149,0.184,0.493
346,113.01352121141736,1000,0.17683612344184615,0.00016939043717876533,0.7022832743337748,0.42,0.287,0.205,0.088
347,148.42142205960994,1000,0.17595540114144145,0.0001685259044750781,0.6951958327658238,0.502,0.109,0.255,0.134
348,298.1436115596223,360,0.17507906522858774,0.0001676657841621267,0.6915595046254173,0.3861111111111111,0.23055555555555557,0.2611111111111111,0.12222222222222222
349,206.79728179467065,761,0.17420709385713018,0.00016681005372000884,0.6852144142317955,0.3193166885676741,0.10643889618922471,0.39816031537450725,0.17608409986859397
350,82.57988478183148,1000,0.17333946528971744,0.00016595869074375902,0.6999998915628105,0.294,0.164,0.41,0.132
351,270.3374087854038,205,0.1724761578972599,0.00016511167294276194,0.7043256498930238,0.4097560975609756,0.12195121951219512,0.3804878048780488,0.08780487804878048
352,263.0863064919721,247,0.17161715015839032,0.0001642689781401688,0.6831056492911145,0.41295546558704455,0.10526315789473684,0.3319838056680162,0.14979757085020243
353,46.888230793633014,1000,0.1707624206589275,0.00016343058427231672,0.6916457785254038,0.159,0.548,0.197,0.096
354,47.332203990193456,1000,0.16991194809134227,0.0001625964693881511,0.6884880320101775,0.134,0.055,0.15,0.661
355,124.26539620072484,1000,0.16906571125422645,0.00016176661164865082,0.6721636224816182,0.136,0.666,0.133,0.065
356,243.57015694620935,556,0.16822368905176427,0.00016094098932625646,0.6692604590323054,0.5539568345323741,0.10251798561151079,0.24640287769784172,0.09712230215827339
357,313.91477513849026,252,0.16738586049320645,0.00016011958080430143,0.6868810173468651,0.4523809523809524,0.15079365079365079,0.2857142857142857,0.1111111111111111
358,230.37134052591472,449,0.16655220469234697,0.00015930236457644602,0.6690277586330029,0.17817371937639198,0.2182628062360802,0.40757238307349664,0.19599109131403117
359,226.6265169571828,209,0.1657227008670024,0.0001584893192461143,0.6628809803344682,0.215311004784689,0.23923444976076555,0.46411483253588515,0.08133971291866028
360,46.060195601314064,1000,0.16489732833849374,0.00015768042352593388,0.6904855994130562,0.357,0.211,0.165,0.267
361,183.9068855277579,403,0.16407606653113102,0.00015687565623717862,0.6828413549296355,0.24813895781637718,0.07692307692307693,0.22332506203473945,0.45161290322580644
362,273.663189597892,164,0.16325889497170032,0.00015607499630921405,0.7049428175117876,0.3048780487804878,0.13414634146341464,0.4451219512195122,0.11585365853658537
363,91.11628422895461,1000,0.16244579328895342,0.00015527842277894576,0.6718836404760254,0.143,0.669,0.127,0.061
364,257.6294268260431,452,0.16163674121309993,0.00015448591479027047,0.6891534908104193,0.2168141592920354,0.08185840707964602,0.3252212389380531,0.37610619469026546
365,261.6811972253126,807,0.16083171857530196,0.00015369745159353004,0.6852495112052426,0.530359355638166,0.13011152416356878,0.14869888475836432,0.19083023543990088
366,-5.233840252334247,114,0.16003070530717145,0.00015291301254496815,0.6573196300837456,0.12280701754385964,0.20175438596491227,0.5175438596491229,0.15789473684210525
367,143.72548966833136,1000,0.1592336814402698,0.00015213257710618982,0.6681977741989699,0.523,0.066,0.122,0.289
368,126.26936121627931,1000,0.15844062710561005,0.00015135612484362367,0.6657117452379553,0.377,0.447,0.123,0.053
369,213.88826137637875,560,0.15765152253316161,0.0001505836354279869,0.668524201420341,0.32142857142857145,0.055357142857142855,0.18214285714285713,0.44107142857142856
370,235.06871835148138,621,0.15686634805135746,0.00014981508863375306,0.6629389975353709,0.16908212560386474,0.5652173913043478,0.178743961352657,0.08695652173913043
371,263.38923243744034,328,0.15608508408660363,0.00014905046433862245,0.6483958052430153,0.5640243902439024,0.08841463414634146,0.25914634146341464,0.08841463414634146
372,261.5002441645194,352,0.15530771116279135,0.0001482897425229953,0.6729557112512274,0.38636363636363635,0.13920454545454544,0.20738636363636365,0.26704545454545453
373,173.3638465556757,1000,0.15453420990081157,0.00014753290326944765,0.6722139372689057,0.533,0.168,0.118,0.181
374,36.1854462502088,120,0.1537645610180717,0.0001467799267622098,0.6817914998605238,0.125,0.16666666666666666,0.6166666666666667,0.09166666666666666
375,268.73925439014454,428,0.15299874532801508,0.00014603079328664748,0.6559068987445859,0.4976635514018692,0.08177570093457943,0.2336448598130841,0.18691588785046728
376,246.78605561563464,770,0.15223674373964258,0.0001452854832287458,0.6539018163482355,0.6012987012987013,0.06753246753246753,0.12727272727272726,0.2038961038961039
377,264.3538425466595,756,0.15147853725703672,0.00014454397707459556,0.6776553113141812,0.6362433862433863,0.14947089947089948,0.14153439153439154,0.07275132275132275
378,27.113905381935325,95,0.1507241069788881,0.0001438062554098824,0.644709191105077,0.16842105263157894,0.14736842105263157,0.5157894736842106,0.16842105263157894
379,243.1362595851098,405,0.14997343409802424,0.00014307229891937854,0.6454298838840469,0.5703703703703704,0.0691358024691358,0.20987654320987653,0.1506172839506173
380,177.2352249660454,692,0.1492264999009407,0.00014234208838643692,0.6533606884631106,0.13583815028901733,0.6040462427745664,0.19653179190751446,0.06358381502890173
381,218.36926283039946,414,0.14848328576733458,0.00014161560469248824,0.6552191488228932,0.18840579710144928,0.5120772946859904,0.2536231884057971,0.04589371980676329
382,256.73773951731573,684,0.14774377316964035,0.00014089282881654024,0.6557915310354187,0.5350877192982456,0.07163742690058479,0.1827485380116959,0.21052631578947367
383,255.06377038673511,606,0.147007943672568,0.00014017374183467976,0.6620127779619512,0.6666666666666666,0.08085808580858085,0.14026402640264027,0.11221122112211221
384,161.34365132757043,749,0.14627577893264343,0.0001394583249195773,0.6335761099971918,0.1308411214953271,0.0801068090787717,0.3030707610146863,0.48598130841121495
385,42.40393223810108,166,0.14554726069775115,0.00013874655933999398,0.6144595905678686,0.1746987951807229,0.13855421686746988,0.5060240963855421,0.18072289156626506
386,263.5931646249127,300,0.1448223708066793,0.00013803842646029123,0.636909626993239,0.34,0.11333333333333333,0.31666666666666665,0.23
387,270.68000087793746,155,0.14410109118866696,0.0001373339077399428,0.6412822313765469,0.23870967741935484,0.13548387096774195,0.5161290322580645,0.10967741935483871
388,171.80355376451683,724,0.14338340386295353,0.00013663298473304928,0.6456670393699107,0.19337016574585636,0.062154696132596686,0.19751381215469613,0.5469613259668509
389,228.33373389676748,881,0.1426692909383306,0.0001359356390878553,0.6375356669601218,0.626560726447219,0.11237230419977298,0.16572077185017026,0.09534619750283768
390,35.862029091774076,152,0.14195873461269595,0.00013524185254626883,0.6648000608701515,0.11842105263157894,0.23684210526315788,0.4407894736842105,0.20394736842105263
391,273.46376807373144,732,0.14125171717260968,0.00013455160694338334,0.6435823664526102,0.6311475409836066,0.08879781420765027,0.13934426229508196,0.1407103825136612
392,249.7707509452925,421,0.1405482209928527,0.00013386488420700205,0.6463434575288552,0.3515439429928741,0.28741092636579574,0.25653206650831356,0.10451306413301663
393,213.22011882300893,556,0.13984822853598727,0.00013318166635716485,0.6444993942834146,0.1420863309352518,0.07913669064748201,0.23201438848920863,0.5467625899280576
394,248.44997929361733,551,0.13915172235191997,0.00013250193550567755,0.6504062732147351,0.6333938294010889,0.0852994555353902,0.19419237749546278,0.08711433756805807
395,155.26321407605093,508,0.13845868507746648,0.00013182567385564342,0.6371586191576658,0.19094488188976377,0.10039370078740158,0.3799212598425197,0.328740157480315
396,284.80210036037727,322,0.1377690994359189,0.00013115286370099735,0.6537232448558891,0.4937888198757764,0.10248447204968944,0.2950310559006211,0.10869565217391304
397,70.65627861679596,1000,0.13708294823661493,0.00013048348742604221,0.6564618920039502,0.183,0.069,0.206,0.542
398,220.8240765668571,483,0.13640021437450947,0.00012981752750498761,0.6404711659832891,0.5320910973084886,0.09109730848861283,0.22567287784679088,0.15113871635610765
399,277.19239888988636,360,0.1357208808297481,0.0001291549665014911,0.628403277559172,0.49722222222222223,0.09166666666666666,0.26944444444444443,0.14166666666666666
400,215.09270891920306,382,0.13504493066724277,0.00012849578706820153,0.636876636976973,0.1256544502617801,0.5392670157068062,0.27225130890052357,0.06282722513089005
401,241.46043755601193,356,0.13437234703624976,0.00012783997194630505,0.6456377110787908,0.5365168539325843,0.12359550561797752,0.20224719101123595,0.13764044943820225
402,264.2683709369901,256,0.13370311316994946,0.00012718750396507303,0.6625969831770238,0.37890625,0.1171875,0.3671875,0.13671875
403,263.854139230994,356,0.1330372123850285,0.0001265383660414126,0.6600620440230949,0.46629213483146065,0.056179775280898875,0.2696629213483146,0.20786516853932585
404,-92.53568100114875,504,0.13237462808126377,0.0001258925411794194,0.646119492232282,0.29365079365079366,0.06746031746031746,0.5396825396825397,0.0992063492063492
405,255.9006437996546,332,0.13171534374110866,0.00012525001246993246,0.6331689857235198,0.45481927710843373,0.11746987951807229,0.29819277108433734,0.12951807228915663
406,266.78856323735124,258,0.13105934292928123,0.00012461076309009165,0.6330950188020551,0.3992248062015504,0.16279069767441862,0.313953488372093,0.12403100775193798
407,273.8724710185234,755,0.1304066092923546,0.00012397477630289708,0.6552362949322896,0.6357615894039735,0.11258278145695365,0.16688741721854305,0.0847682119205298
408,137.23484950906357,1000,0.12975712655834912,0.00012334203545677095,0.6510293977892967,0.301,0.037,0.117,0.545
409,254.75325128099678,212,0.12911087853632688,0.00012271252398512162,0.6441745942610977,0.29245283018867924,0.13679245283018868,0.42924528301886794,0.14150943396226415
410,213.59539129252892,382,0.128467849115988,0.00012208622540590974,0.6217269689837216,0.14921465968586387,0.5392670157068062,0.2513089005235602,0.060209424083769635
411,253.28695175323313,177,0.12782802226726903,0.00012146312332121679,0.628599662071541,0.23728813559322035,0.15819209039548024,0.4519774011299435,0.15254237288135594
412,245.90432504510466,205,0.12719138203994332,0.00012084320141681574,0.6303729475436917,0.32195121951219513,0.14146341463414633,0.36097560975609755,0.17560975609756097
413,104.90334046647426,1000,0.1265579125632235,0.0001202264434617439,0.6377308470073181,0.515,0.043,0.159,0.283
414,279.69466672090863,578,0.12592759804536563,0.00011961283330787796,0.632009767191291,0.48788927335640137,0.08996539792387544,0.18858131487889274,0.23356401384083045
415,234.24405776769825,757,0.1253004227732758,0.00011900235488951118,0.6162833924043933,0.4808454425363276,0.0726552179656539,0.12417437252311757,0.32232496697490093
416,68.85756235938254,141,0.12467637111211817,0.00011839499222293278,0.6559424636906329,0.12056737588652482,0.18439716312056736,0.46808510638297873,0.22695035460992907
417,222.33064519166928,640,0.12405542750492535,0.00011779072940600942,0.6223894512555542,0.5125,0.1078125,0.23125,0.1484375
418,132.84786686726426,1000,0.12343757647221056,0.00011718955061776886,0.6360004748844247,0.483,0.041,0.117,0.359
419,268.3518625148559,225,0.1228228026115817,0.00011659144011798575,0.6299198135459585,0.38222222222222224,0.09777777777777778,0.38666666666666666,0.13333333333333333
420,258.13799216863276,864,0.12221109059735742,0.00011599638224676948,0.6244587876534795,0.5717592592592593,0.04513888888888889,0.17476851851851852,0.20833333333333334
421,301.99385710326266,241,0.12160242518018508,0.00011540436142415419,0.5995319957071176,0.1950207468879668,0.1908713692946058,0.4896265560165975,0.12448132780082988
422,221.88702012060423,278,0.12099679118666054,0.00011481536214969084,0.6290737799564667,0.1079136690647482,0.381294964028777,0.45323741007194246,0.05755395683453238
423,174.71517378061554,1000,0.12039417351894997,0.0001142293690020414,0.6231732350214195,0.488,0.195,0.16,0.157
424,9.744037367498834,157,0.11979455715441345,0.00011364636663857504,0.6259876398118194,0.22929936305732485,0.14012738853503184,0.5031847133757962,0.12738853503184713
425,263.01576496180087,317,0.11919792714523043,0.00011306633979496645,0.629386254868627,0.416403785488959,0.11356466876971609,0.34069400630914826,0.12933753943217666
426,-35.07622925249562,108,0.11860426861802718,0.0001124892732847962,0.6044381690804658,0.16666666666666666,0.17592592592592593,0.5370370370370371,0.12037037037037036
427,245.4769965250973,418,0.11801356677350594,0.00011191515199915312,0.6172463150266035,0.42822966507177035,0.06698564593301436,0.2679425837320574,0.23684210526315788
428,252.70659347875105,303,0.11742580688607601,0.00011134396090623867,0.625376049545092,0.5148514851485149,0.0891089108910891,0.30363036303630364,0.0924092409240924
429,43.80661705971528,176,0.11684097430348667,0.00011077568505097344,0.6261981737868678,0.056818181818181816,0.25,0.48295454545454547,0.21022727272727273
430,232.1669873748544,570,0.1162590544464619,0.00011021030955460552,0.6245506948473856,0.543859649122807,0.19298245614035087,0.19473684210526315,0.06842105263157895
431,265.726594295008,299,0.11568003280833696,0.00010964781961432101,0.6161876970447778,0.43812709030100333,0.11371237458193979,0.34782608695652173,0.10033444816053512
432,221.82781564469224,566,0.1151038949546967,0.00010908820050285642,0.6190427520914223,0.6113074204946997,0.08833922261484099,0.20318021201413428,0.09717314487632508
433,244.6944652991207,516,0.11453062652301578,0.00010853143756811307,0.612992735916985,0.42054263565891475,0.08333333333333333,0.20155038759689922,0.29457364341085274
434,236.19440372668572,373,0.1139602132223006,0.00010797751623277346,0.6201877819204841,0.353887399463807,0.10723860589812333,0.38605898123324395,0.15281501340482573
435,188.8200951711196,817,0.11339264083273302,0.00010742642199391962,0.6103149184742804,0.11627906976744186,0.09424724602203183,0.25091799265605874,0.5385556915544676
436,273.9950681258254,280,0.11282789520531596,0.00010687814042265338,0.6080534180756921,0.40714285714285714,0.09642857142857143,0.38571428571428573,0.11071428571428571
437,244.1295082027977,651,0.11226596226152054,0.0001063326571637186,0.5954131084279461,0.25499231950844853,0.4270353302611367,0.24270353302611367,0.07526881720430108
438,234.0818298361489,330,0.11170682799293526,0.00010578995793512529,0.5946834773038547,0.5060606060606061,0.11818181818181818,0.2636363636363636,0.11212121212121212
439,243.25597119929338,798,0.11115047846091669,0.00010525002852777575,0.6001574075994748,0.40977443609022557,0.06766917293233082,0.11152882205513784,0.41102756892230574
440,139.049763284564,1000,0.11059689979624203,0.0001047128548050924,0.6079345069727963,0.39,0.052,0.11,0.448
441,69.9178055559155,1000,0.11004607819876336,0.00010417842270264782,0.59833404640397,0.313,0.509,0.123,0.055
442,293.0610726209542,321,0.1094979999370636,0.00010364671822779637,0.5898340490489826,0.4392523364485981,0.16199376947040497,0.2554517133956386,0.14330218068535824
443,156.96144151168897,1000,0.10895265134811426,0.00010311772745930794,0.6044102401989265,0.375,0.066,0.197,0.362
444,246.80294033270775,163,0.10841001883693473,0.0001025914365470034,0.581715065647748,0.27607361963190186,0.12269938650306748,0.4601226993865031,0.1411042944785276
445,251.67970618143858,297,0.10787008887625348,0.00010206783171139196,0.5799723652109096,0.3602693602693603,0.08417508417508418,0.40404040404040403,0.15151515151515152
446,266.3261926648966,161,0.10733284800617075,0.00010154689924331044,0.5837713052086826,0.37888198757763975,0.062111801242236024,0.484472049689441,0.07453416149068323
447,288.0819723739255,335,0.10679828283382309,0.00010102862550356429,0.591818087380136,0.3611940298507463,0.2417910447761194,0.2656716417910448,0.13134328358208955
448,284.0674607302028,177,0.10626638003304942,0.00010051299692257053,0.5924855000905516,0.3220338983050847,0.0847457627118644,0.4971751412429379,0.096045197740113
449,234.46058054041075,384,0.10573712634405887,0.0001000000000000024,0.5811803055609405,0.21614583333333334,0.3619791666666667,0.3619791666666667,0.059895833333333336
450,276.6918911622818,387,0.10521050857310017,9.948962130443598e-05,0.5776581964707719,0.5426356589147286,0.09043927648578812,0.2351421188630491,0.13178294573643412
451,123.04393937146868,1000,0.10468651359213282,9.898184747299844e-05,0.5862258621055423,0.331,0.058,0.104,0.507
452,204.97573243062146,425,0.10416512833849978,9.847666521101821e-05,0.5898503752030447,0.20705882352941177,0.5341176470588235,0.19294117647058823,0.06588235294117648
453,281.7814959874619,284,0.1036463398146018,9.797406129167691e-05,0.5894915501876195,0.5528169014084507,0.09507042253521127,0.28169014084507044,0.07042253521126761
454,52.35644167340044,156,0.1031301350875735,9.747402255566301e-05,0.5846356708914809,0.14102564102564102,0.25,0.4230769230769231,0.1858974358974359
455,252.05604114679937,194,0.10261650128896083,9.69765359108273e-05,0.5649825043220821,0.30927835051546393,0.17010309278350516,0.36597938144329895,0.15463917525773196
456,229.98510993654102,780,0.10210542561440039,9.648158833184013e-05,0.5982233718997877,0.42948717948717946,0.10384615384615385,0.2948717948717949,0.1717948717948718
457,267.72522835135567,182,0.10159689532330018,9.598916685985032e-05,0.5895670154735174,0.23626373626373626,0.2032967032967033,0.4065934065934066,0.15384615384615385
458,272.34536632071797,259,0.10109089773852199,9.549925860214595e-05,0.5784652863090266,0.4555984555984556,0.10810810810810811,0.33976833976833976,0.09652509652509653
459,219.50070059439318,488,0.10058742024606539,9.501185073181671e-05,0.5794770267570613,0.12090163934426229,0.22745901639344263,0.36270491803278687,0.2889344262295082
460,258.5531941223177,212,0.10008645029475326,9.452693048741816e-05,0.5839003580371541,0.3915094339622642,0.14622641509433962,0.33490566037735847,0.12735849056603774
461,-1.1470604182380697,220,0.09958797539591889,9.404448517263751e-05,0.583148736523564,0.1590909090909091,0.1409090909090909,0.5318181818181819,0.16818181818181818
462,253.56652970429087,241,0.0990919831230947,9.356450215596125e-05,0.581408888789723,0.43568464730290457,0.07883817427385892,0.38589211618257263,0.0995850622406639
463,286.6085155890112,250,0.09859846111170241,9.308696887034445e-05,0.5685523244261306,0.416,0.1,0.368,0.116
464,242.74031965337716,303,0.09810739705874481,9.261187281288167e-05,0.5710948441229212,0.5115511551155115,0.1188118811881188,0.25742574257425743,0.11221122112211221
465,253.4865394093854,184,0.0976187787224991,9.213920154447967e-05,0.57806280793999,0.30978260869565216,0.10869565217391304,0.47282608695652173,0.10869565217391304
466,280.3387077521615,443,0.09713259392221169,9.166894268953164e-05,0.5756582807944659,0.4966139954853273,0.12866817155756208,0.2708803611738149,0.1038374717832957
467,256.51935167517684,197,0.09664883053779448,9.120108393559328e-05,0.5818515487725312,0.3756345177664975,0.1065989847715736,0.41624365482233505,0.10152284263959391
468,257.1660948940448,351,0.09616747650952286,9.073561303306037e-05,0.5650578470651594,0.36752136752136755,0.07407407407407407,0.2535612535612536,0.30484330484330485
469,264.552536036248,219,0.09568851983773495,9.027251779484805e-05,0.5954844259707294,0.319634703196347,0.1232876712328767,0.4063926940639269,0.1506849315068493
470,47.145903923540914,151,0.09521194858253253,8.981178609607174e-05,0.563752426885695,0.16556291390728478,0.2119205298013245,0.4503311258278146,0.17218543046357615
471,233.42374610805166,551,0.09473775086348335,8.935340587372971e-05,0.560194417114742,0.20871143375680581,0.1397459165154265,0.49909255898366606,0.15245009074410162
472,264.9411551823936,323,0.09426591485932499,8.88973651263872e-05,0.573244419504765,0.39628482972136225,0.11455108359133127,0.33436532507739936,0.15479876160990713
473,257.4134095170252,249,0.09379642880767017,8.844365191386223e-05,0.5634930763857005,0.46987951807228917,0.08835341365461848,0.3413654618473896,0.10040160642570281
474,126.34417393151782,1000,0.09332928100471348,8.799225435691295e-05,0.5682413478220621,0.489,0.037,0.122,0.352
475,151.31178280426428,832,0.09286445980493968,8.754316063692666e-05,0.5580411421595837,0.09014423076923077,0.057692307692307696,0.2620192307692308,0.5901442307692307
476,270.86163843607494,310,0.09240195362083334,8.70963589956103e-05,0.5594504742736308,0.4064516129032258,0.1032258064516129,0.4032258064516129,0.08709677419354839
477,102.96713026165307,1000,0.09194175092259001,8.665183773468267e-05,0.5687811566118075,0.491,0.348,0.11,0.051
478,308.353440078939,479,0.09148384023782877,8.620958521556806e-05,0.5710122668904779,0.5469728601252609,0.09812108559498957,0.19206680584551147,0.162839248434238
479,285.33963287748173,351,0.09102821015130624,8.576958985909162e-05,0.5637780969107847,0.47863247863247865,0.150997150997151,0.19658119658119658,0.1737891737891738
480,-8.974626704301727,163,0.09057484930463203,8.533184014517613e-05,0.5646597889713216,0.20245398773006135,0.147239263803681,0.49693251533742333,0.15337423312883436
481,287.0910237932719,245,0.09012374639598555,8.489632461254036e-05,0.5528486286044568,0.3224489795918367,0.17142857142857143,0.32653061224489793,0.17959183673469387
482,258.44979871839206,604,0.08967489017983431,8.446303185839905e-05,0.5699007628533578,0.4205298013245033,0.076158940397351,0.22682119205298013,0.2764900662251656
483,183.63795557998807,1000,0.08922826946665352,8.40319505381643e-05,0.5673391480858844,0.466,0.072,0.108,0.354
484,248.2177943655478,528,0.08878387312264722,8.36030693651486e-05,0.5469272624950231,0.4109848484848485,0.05303030303030303,0.22727272727272727,0.3087121212121212
485,288.0508734347886,301,0.0883416900694707,8.317637711026927e-05,0.5620731942797675,0.3388704318936877,0.09966777408637874,0.4053156146179402,0.15614617940199335
486,253.64844149735754,294,0.08790170928395427,8.275186260175448e-05,0.5593694899722088,0.17346938775510204,0.14625850340136054,0.5306122448979592,0.14965986394557823
487,260.1775367954607,239,0.08746391979782855,8.232951472485073e-05,0.566941287658464,0.34309623430962344,0.09623430962343096,0.4686192468619247,0.09205020920502092
488,21.128809201903977,108,0.08702831069745101,8.190932242153187e-05,0.5781423695513985,0.17592592592592593,0.1388888888888889,0.5462962962962963,0.1388888888888889
489,275.4008848120511,313,0.08659487112353387,8.149127469020957e-05,0.5661461990247167,0.3003194888178914,0.134185303514377,0.4504792332268371,0.11501597444089456
490,226.29207799695195,260,0.08616359027087342,8.107536058544523e-05,0.5615756428004202,0.07307692307692308,0.5307692307692308,0.2692307692307692,0.12692307692307692
491,5.091490188585354,494,0.08573445738808068,8.066156921766346e-05,0.5545982449681676,0.1882591093117409,0.12955465587044535,0.548582995951417,0.13360323886639677
492,258.4099066557342,332,0.08530746177731334,8.024988975286695e-05,0.5661871221590286,0.5150602409638554,0.12650602409638553,0.21385542168674698,0.14457831325301204
493,296.52468013007467,281,0.0848825927940091,7.984031141235278e-05,0.5486218266430372,0.3914590747330961,0.18149466192170818,0.29537366548042704,0.13167259786476868
494,228.63106492517917,390,0.08445983984662027,7.943282347243025e-05,0.5750370651029311,0.3487179487179487,0.11538461538461539,0.37435897435897436,0.16153846153846155
495,262.82190490199,414,0.0840391923963498,7.902741526414009e-05,0.5649719843650444,0.5096618357487923,0.04106280193236715,0.2608695652173913,0.18840579710144928
496,270.3080680641325,291,0.0836206399568885,7.862407617297512e-05,0.557051630940815,0.4329896907216495,0.09621993127147767,0.3642611683848797,0.10652920962199312
497,292.4831399728198,539,0.08320417209415364,7.822279563860235e-05,0.5449621599131261,0.4044526901669759,0.1836734693877551,0.17625231910946196,0.23562152133580705
498,262.4359874207573,203,0.08278977842602886,7.782356315458647e-05,0.5795423428589234,0.35960591133004927,0.11330049261083744,0.35960591133004927,0.16748768472906403
499,277.43229307468255,271,0.08237744862210536,7.742636826811479e-05,0.5496318489761449,0.24354243542435425,0.13653136531365315,0.47232472324723246,0.14760147601476015
500,277.52516978202505,399,0.08196717240342434,7.703120057972354e-05,0.5564356160074373,0.5137844611528822,0.10275689223057644,0.21052631578947367,0.17293233082706766
501,299.7325000751523,336,0.08155893954222078,7.66380497430256e-05,0.5599342299775978,0.41964285714285715,0.12202380952380952,0.3392857142857143,0.11904761904761904
502,258.5723194130913,253,0.08115273986166843,7.624690546443961e-05,0.5667833273020318,0.5810276679841897,0.07114624505928854,0.2727272727272727,0.07509881422924901
503,246.86684322203823,229,0.08074856323562621,7.585775750292045e-05,0.5567406737249526,0.1615720524017467,0.2314410480349345,0.30131004366812225,0.3056768558951965
504,196.47991640831853,517,0.08034639958838564,7.547059566969111e-05,0.5613671295227762,0.1450676982591876,0.6537717601547389,0.1528046421663443,0.048355899419729204
505,269.28635862662543,352,0.0799462388944198,7.508540982797593e-05,0.5668465319008826,0.3806818181818182,0.13636363636363635,0.34375,0.13920454545454544
506,247.4938034991738,348,0.07954807117813331,7.470218989273521e-05,0.5590229493455954,0.12931034482758622,0.4109195402298851,0.40229885057471265,0.05747126436781609
507,214.5082300628881,580,0.07915188651361367,7.432092583040112e-05,0.5481339571406534,0.44482758620689655,0.10862068965517241,0.31896551724137934,0.12758620689655173
508,232.39621919417203,472,0.07875767502438383,7.394160765861504e-05,0.5666143688716355,0.3220338983050847,0.13983050847457626,0.3580508474576271,0.18008474576271186
509,235.23828583321946,211,0.078365426883156,7.356422544596616e-05,0.5635933004409767,0.22274881516587677,0.10900473933649289,0.5071090047393365,0.16113744075829384
510,267.62155975747874,216,0.07797513231158659,7.318876931173151e-05,0.5403984317979383,0.33796296296296297,0.1527777777777778,0.33796296296296297,0.1712962962962963
511,246.21997096690438,333,0.07758678158003256,7.281522942561718e-05,0.5452287207129141,0.5645645645645646,0.08108108108108109,0.21621621621621623,0.13813813813813813
512,221.32091646188744,623,0.07720036500730874,7.244359600750101e-05,0.5662611432695028,0.5906902086677368,0.060995184590690206,0.2086677367576244,0.13964686998394862
513,289.57739640095883,341,0.07681587296044662,7.207385932717653e-05,0.5594923836271264,0.36950146627565983,0.14076246334310852,0.36950146627565983,0.12023460410557185
514,248.00654524922612,385,0.07643329585445409,7.170600970409811e-05,0.5578734275897475,0.18701298701298702,0.43116883116883115,0.3142857142857143,0.06753246753246753
515,250.34819162589426,554,0.07605262415207657,7.134003750712762e-05,0.5721747593351202,0.4404332129963899,0.351985559566787,0.16787003610108303,0.039711191335740074
516,270.1840046176537,312,0.07567384836355925,7.097593315428215e-05,0.5715268969446644,0.48717948717948717,0.09935897435897435,0.30448717948717946,0.10897435897435898
517,231.68044220604136,538,0.0752969590464105,7.061368711248323e-05,0.5595274332651917,0.40148698884758366,0.0762081784386617,0.24907063197026022,0.2732342007434944
518,318.4750623399738,245,0.07492194680516646,7.025328989730719e-05,0.5671094832967455,0.19183673469387755,0.2530612244897959,0.39183673469387753,0.16326530612244897
519,121.60998984666725,1000,0.07454880229115689,6.989473207273681e-05,0.5651141600365542,0.319,0.099,0.269,0.313
520,312.49883967784956,250,0.07417751620227203,6.953800425091434e-05,0.5599435064235847,0.228,0.148,0.444,0.18
521,101.2726506215697,1000,0.07380807928273078,6.91830970918956e-05,0.5627131709412586,0.365,0.023,0.106,0.506
522,269.21346515952735,225,0.07344048232284993,6.883000130340553e-05,0.5549622513645784,0.24,0.1511111111111111,0.4533333333333333,0.15555555555555556
523,8.87537778893973,141,0.07307471615881456,6.847870764059486e-05,0.5498411902347532,0.1347517730496454,0.2198581560283688,0.44680851063829785,0.19858156028368795
524,302.1922835028404,276,0.0727107716724496,6.812920690579805e-05,0.5459830882216713,0.18840579710144928,0.35144927536231885,0.3188405797101449,0.14130434782608695
525,239.4745653397024,265,0.07234863979099258,6.778148994829249e-05,0.5446661750302687,0.23018867924528302,0.1169811320754717,0.5056603773584906,0.1471698113207547
526,-9.979128537490979,758,0.07198831148686739,6.743554766405891e-05,0.552187954354132,0.20448548812664907,0.09894459102902374,0.16886543535620052,0.5277044854881267
527,299.8768499664978,315,0.07162977777745924,6.709137099554301e-05,0.549398336781877,0.2571428571428571,0.13333333333333333,0.49206349206349204,0.11746031746031746
528,244.20819072131354,289,0.07127302972489075,6.674895093141833e-05,0.5454151947692945,0.20069204152249134,0.23875432525951557,0.30103806228373703,0.25951557093425603
529,254.45195803673303,404,0.07091805843579913,6.64082785063503e-05,0.5563535395740259,0.3415841584158416,0.22772277227722773,0.2079207920792079,0.22277227722772278
530,232.93523987616595,447,0.07056485506111447,6.606934480076148e-05,0.5618910904991252,0.3713646532438479,0.12080536912751678,0.25279642058165547,0.2550335570469799
531,241.09521072586102,293,0.07021341079583919,6.573214094059807e-05,0.5465342329238082,0.3651877133105802,0.12627986348122866,0.36860068259385664,0.13993174061433447
532,28.02873394643433,156,0.06986371687882846,6.539665809709758e-05,0.5643344642637428,0.05128205128205128,0.1858974358974359,0.5705128205128205,0.19230769230769232
533,246.96805183226803,491,0.06951576459257186,6.506288748655759e-05,0.5493637841245804,0.4847250509164969,0.06109979633401222,0.14867617107942974,0.3054989816700611
534,244.8687659946294,464,0.06916954526297603,6.473082037010584e-05,0.5405394125744587,0.20043103448275862,0.1939655172413793,0.4698275862068966,0.13577586206896552
535,279.1015392596661,319,0.06882505025914844,6.440044805347146e-05,0.5347494668708438,0.4670846394984326,0.08463949843260188,0.31974921630094044,0.12852664576802508
536,236.41142984689426,264,0.06848227099318223,6.407176188675723e-05,0.5529431517592238,0.30303030303030304,0.11742424242424243,0.44696969696969696,0.13257575757575757
537,291.1930994266281,333,0.06814119891994212,6.374475326421318e-05,0.5391439461908097,0.36936936936936937,0.16816816816816818,0.3663663663663664,0.0960960960960961
538,261.2677488964846,304,0.06780182553685142,6.341941362401126e-05,0.5447028096264019,0.29605263157894735,0.125,0.4407894736842105,0.13815789473684212
539,145.82415510541273,1000,0.06746414238368,6.309573444802116e-05,0.5476152899055631,0.304,0.083,0.23,0.383
540,238.46842340924073,434,0.06712814104233344,6.27737072615873e-05,0.5508965437462414,0.45161290322580644,0.06682027649769585,0.3087557603686636,0.1728110599078341
541,255.4311636142728,550,0.06679381313664319,6.245332363330693e-05,0.5350704780197302,0.2818181818181818,0.08545454545454545,0.32727272727272727,0.3054545454545455
542,296.734725684163,358,0.0664611503321577,6.213457517480939e-05,0.5177434578418392,0.3547486033519553,0.17039106145251395,0.2849162011173184,0.18994413407821228
543,200.1483479097864,850,0.06613014433593471,6.181745354053646e-05,0.5322398374119479,0.14823529411764705,0.6294117647058823,0.16705882352941176,0.05529411764705883
544,117.88631527646973,1000,0.06580078689633446,6.150195042752389e-05,0.5301532593490322,0.448,0.058,0.158,0.336
545,257.3577209024638,442,0.06547306980281405,6.1188057575184e-05,0.5273274582940725,0.3393665158371041,0.34841628959276016,0.23529411764705882,0.07692307692307693
546,258.1720853175012,333,0.0651469848857227,6.0875766765089345e-05,0.5228220098618881,0.30930930930930933,0.10810810810810811,0.4114114114114114,0.17117117117117117
547,214.48525557389405,332,0.0648225240160981,6.056506982075763e-05,0.53975472246458,0.4457831325301205,0.09337349397590361,0.32831325301204817,0.13253012048192772
548,19.324406927895097,154,0.06449967910546381,6.0255958607437554e-05,0.5266922189206416,0.14935064935064934,0.16883116883116883,0.4935064935064935,0.18831168831168832
549,228.27131622484825,373,0.06417844210562758,5.994842503189588e-05,0.5238709066062178,0.3190348525469169,0.13136729222520108,0.3914209115281501,0.1581769436997319
550,143.53443971866696,1000,0.0638588050084807,5.964246104220548e-05,0.5250711876204546,0.54,0.062,0.198,0.2
551,14.667702945115622,156,0.06354075984579843,5.933805862753456e-05,0.5367472094972613,0.16025641025641027,0.1346153846153846,0.5384615384615384,0.16666666666666666
552,272.91571269708686,237,0.0632242986890413,5.9035209817936916e-05,0.5249989267132065,0.10548523206751055,0.2869198312236287,0.4767932489451477,0.1308016877637131
553,237.2243266154799,249,0.06290941364915748,5.873390668414323e-05,0.5225252396144724,0.3493975903614458,0.11244979919678715,0.42570281124497994,0.11244979919678715
554,230.13329229402086,249,0.06259609687638612,5.8434141337353506e-05,0.5191993331987518,0.30522088353413657,0.13654618473895583,0.42971887550200805,0.1285140562248996
555,261.90050970141743,493,0.06228434056006167,5.813590592903049e-05,0.5251585666605292,0.21095334685598377,0.1257606490872211,0.5070993914807302,0.15618661257606492
556,236.27942690015823,306,0.061974136928419146,5.7839192650694185e-05,0.5284112657167709,0.37254901960784315,0.11437908496732026,0.369281045751634,0.1437908496732026
557,253.2166798139066,250,0.06166547824840039,5.7543993733717426e-05,0.5384990571152608,0.368,0.212,0.304,0.116
558,262.1312447118745,200,0.061358356825461334,5.725030144912246e-05,0.5104755095753282,0.105,0.325,0.485,0.085
559,167.97522695067977,283,0.06105276500338012,5.695810810737859e-05,0.5444395442728047,0.0706713780918728,0.5547703180212014,0.23674911660777384,0.13780918727915195
560,282.3351467944883,334,0.06074869516406628,5.666740605820084e-05,0.5193626636303897,0.3203592814371258,0.23353293413173654,0.25748502994011974,0.18862275449101795
561,246.21250601572524,183,0.06044613972737082,5.637818769034967e-05,0.5136457426959784,0.39344262295081966,0.12021857923497267,0.3825136612021858,0.10382513661202186
562,259.82487999221837,446,0.060145091150897244,5.609044543143168e-05,0.5231228805198034,0.33183856502242154,0.09865470852017937,0.35650224215246634,0.21300448430493274
563,242.78414277052596,297,0.059845541929813534,5.580417174770135e-05,0.5165342027571751,0.32996632996632996,0.12794612794612795,0.38047138047138046,0.16161616161616163
564,238.19317924351128,327,0.05954748459666506,5.551935914386379e-05,0.5358062352263754,0.5382262996941896,0.12232415902140673,0.2324159021406728,0.10703363914373089
565,277.7816800314974,189,0.05925091172118844,5.5236000162878504e-05,0.533503591612695,0.3544973544973545,0.18518518518518517,0.3439153439153439,0.1164021164021164
566,-0.4404790876801741,138,0.058955815910126275,5.495408738576414e-05,0.55031249096427,0.10144927536231885,0.1956521739130435,0.5072463768115942,0.1956521739130435
567,253.71395047769798,204,0.05866218980704289,5.467361343140425e-05,0.52888884697828,0.46078431372549017,0.14215686274509803,0.3235294117647059,0.07352941176470588
568,254.4985192295307,267,0.058370026092140904,5.439457095635402e-05,0.5433560763163204,0.2696629213483146,0.14606741573033707,0.4419475655430712,0.14232209737827714
569,259.89727344684496,239,0.058079317482078785,5.4116952654648034e-05,0.539625920156978,0.3305439330543933,0.23430962343096234,0.27615062761506276,0.1589958158995816
570,274.41642195453437,481,0.05779005672978926,5.3840751257608944e-05,0.5265563651944644,0.3097713097713098,0.1704781704781705,0.40332640332640335,0.11642411642411643
571,249.23419390867187,212,0.05750223662429868,5.35659595336572e-05,0.5110939497193764,0.29245283018867924,0.09433962264150944,0.5141509433962265,0.09905660377358491
572,43.05528401869614,140,0.05721584999054722,5.329257028812169e-05,0.533594942435565,0.2,0.2,0.4357142857142857,0.16428571428571428
573,229.96549956138404,389,0.056930889689210055,5.302057636305136e-05,0.5268105334906463,0.32390745501285345,0.13110539845758354,0.40359897172236503,0.14138817480719795
574,287.10840033011755,340,0.05664734861651935,5.2749970637027824e-05,0.534005532096978,0.12352941176470589,0.4088235294117647,0.3058823529411765,0.16176470588235295
575,264.01675242635736,322,0.056365219704087186,5.248074602497889e-05,0.528352970406593,0.2453416149068323,0.16149068322981366,0.2826086956521739,0.3105590062111801
576,207.61751224326872,295,0.056084495918729355,5.221289547799308e-05,0.5207040259087471,0.08135593220338982,0.5661016949152542,0.27796610169491526,0.07457627118644068
577,230.60065861038026,314,0.05580517026229002,5.1946411983135046e-05,0.5369123772976019,0.35668789808917195,0.10828025477707007,0.445859872611465,0.08917197452229299
578,251.6426814290763,226,0.05552723577146726,5.1681288563261965e-05,0.5154321806773718,0.3495575221238938,0.16371681415929204,0.34513274336283184,0.1415929203539823
579,271.9571652698818,173,0.055250685517639495,5.141751827684087e-05,0.518443019752109,0.2947976878612717,0.12716763005780346,0.4682080924855491,0.10982658959537572
580,275.09750521545163,352,0.05497551260669274,5.11550942177669e-05,0.5276000979090139,0.4602272727272727,0.12215909090909091,0.3181818181818182,0.09943181818181818
581,258.8985917679101,337,0.05470171017884877,5.08940095151825e-05,0.5207463030083475,0.3026706231454006,0.12759643916913946,0.41543026706231456,0.1543026706231454
582,273.9963181480709,280,0.05442927140849408,5.063425733329746e-05,0.5322092247727871,0.26071428571428573,0.1357142857142857,0.3607142857142857,0.24285714285714285
583,286.3373291909969,258,0.05415818950400976,5.0375830871210034e-05,0.5160319413080603,0.18604651162790697,0.2441860465116279,0.3682170542635659,0.20155038759689922
584,148.64854218125322,1000,0.053888457707602165,5.011872336272881e-05,0.5219313048159558,0.577,0.055,0.086,0.282
585,246.53598190455764,290,0.05362006929513446,4.986292807619558e-05,0.5047268381898947,0.2206896551724138,0.16551724137931034,0.47586206896551725,0.13793103448275862
586,315.20912401056455,188,0.05335301757595899,4.960843831430907e-05,0.5085850310472072,0.15425531914893617,0.14361702127659576,0.5159574468085106,0.18617021276595744
587,246.12230654055347,253,0.053087295892750505,4.935524741394963e-05,0.5078064228253719,0.2924901185770751,0.1225296442687747,0.45849802371541504,0.12648221343873517
588,63.62690142437424,168,0.052822897621340174,4.910334874600474e-05,0.5287985313967487,0.05952380952380952,0.19642857142857142,0.5476190476190477,0.19642857142857142
589,117.01149956470022,1000,0.052559816170550465,4.885273571519545e-05,0.5066001031216958,0.71,0.022,0.094,0.174
590,23.701940701736874,100,0.05229804498203084,4.860340175990373e-05,0.5007960255948404,0.06,0.21,0.56,0.17
591,245.0353722596076,481,0.05203757753009425,4.8355340352000625e-05,0.4898784277146673,0.3264033264033264,0.47193347193347196,0.18295218295218296,0.018711018711018712
592,209.09622734702478,945,0.051778407321554455,4.810854499667538e-05,0.5001600815534337,0.17883597883597885,0.6814814814814815,0.10158730158730159,0.0380952380952381
593,244.18215189946824,186,0.05152052789556417,4.786300923226537e-05,0.5009011374891299,0.3655913978494624,0.0913978494623656,0.44623655913978494,0.0967741935483871
594,260.9259939639262,983,0.051263932823453984,4.76187266300869e-05,0.4859434318673759,0.6836215666327569,0.026449643947100712,0.08036622583926754,0.20956256358087488
595,210.58922190488713,283,0.051008615708572125,4.737569079426693e-05,0.4793607660477876,0.18021201413427562,0.3321554770318021,0.3992932862190813,0.08833922261484099
596,314.38345191788335,294,0.050754570186124975,4.713389536157557e-05,0.4701230473434958,0.30272108843537415,0.23469387755102042,0.2891156462585034,0.17346938775510204
597,-25.54732910212796,98,0.0505017899230184,4.689333400125952e-05,0.48633075288218636,0.14285714285714285,0.12244897959183673,0.5816326530612245,0.15306122448979592
598,279.3509473098445,316,0.050250268617699906,4.665400041487629e-05,0.49657900102672925,0.21835443037974683,0.12974683544303797,0.49683544303797467,0.1550632911392405
599,-7.546082042133349,114,0.05000000000000151,4.6415888336129295e-05,0.4839084676219347,0.043859649122807015,0.23684210526315788,0.49122807017543857,0.22807017543859648
600,240.22022015010384,264,0.05,4.617899153070379e-05,0.47050041767616474,0.3143939393939394,0.09848484848484848,0.4810606060606061,0.10606060606060606
601,242.93633800091442,259,0.05,4.594330379610366e-05,0.47234647550368053,0.35135135135135137,0.20463320463320464,0.29343629343629346,0.15057915057915058
602,251.44181868487087,325,0.05,4.5708818961488994e-05,0.47550440761603796,0.44,0.046153846153846156,0.2153846153846154,0.29846153846153844
603,251.27491747885432,278,0.05,4.547553088751453e-05,0.4862279593870007,0.3489208633093525,0.09352517985611511,0.4352517985611511,0.1223021582733813
604,234.6440014141555,462,0.05,4.524343346616893e-05,0.4715186600912495,0.36363636363636365,0.09523809523809523,0.36796536796536794,0.17316017316017315
605,-1.5412469900838346,98,0.05,4.501252062061484e-05,0.4807481055037674,0.10204081632653061,0.17346938775510204,0.6122448979591837,0.11224489795918367
606,296.8021075998961,554,0.05,4.478278630502978e-05,0.4724770230470609,0.351985559566787,0.13537906137184116,0.2148014440433213,0.29783393501805056
607,273.30676289134044,337,0.05,4.4554224504447877e-05,0.46027699611373274,0.4094955489614243,0.08902077151335312,0.3857566765578635,0.11572700296735905
608,231.35022710283363,209,0.05,4.4326829234602346e-05,0.4515135017635725,0.15789473684210525,0.19617224880382775,0.47368421052631576,0.1722488038277512
609,287.4281173594732,263,0.05,4.410059454176883e-05,0.46505397902269535,0.33840304182509506,0.17490494296577946,0.29277566539923955,0.19391634980988592
610,226.82066892945892,983,0.05,4.387551450260952e-05,0.4658886095820598,0.4140386571719227,0.038657171922685654,0.1373346897253306,0.40996948118006105
611,269.65601685425185,242,0.05,4.3651583224018043e-05,0.46466819052397956,0.06198347107438017,0.36363636363636365,0.4256198347107438,0.1487603305785124
612,272.2568446446999,337,0.05,4.3428794842965214e-05,0.46973973550048287,0.1543026706231454,0.19584569732937684,0.5044510385756676,0.14540059347181009
613,223.73422296841957,227,0.05,4.320714352634547e-05,0.46358376128689455,0.2687224669603524,0.13215859030837004,0.4933920704845815,0.10572687224669604
614,252.5666404913808,223,0.05,4.29866234708242e-05,0.44329828274943067,0.21524663677130046,0.273542600896861,0.37668161434977576,0.13452914798206278
615,149.9096298917415,1000,0.05,4.276722890268576e-05,0.4544119566981833,0.489,0.05,0.127,0.334
616,275.2467149344617,332,0.05,4.254895407768233e-05,0.45363469947030693,0.3072289156626506,0.26506024096385544,0.1897590361445783,0.23795180722891565
617,285.08083236383027,284,0.05,4.23317932808835e-05,0.43311087480651556,0.19014084507042253,0.18661971830985916,0.4119718309859155,0.2112676056338028
618,289.5593882732651,337,0.05,4.2115740826526656e-05,0.4375495892985975,0.3323442136498516,0.13056379821958458,0.35014836795252224,0.18694362017804153
619,295.5752768701062,649,0.05,4.19007910578681e-05,0.4433894080507331,0.4530046224961479,0.09090909090909091,0.18952234206471494,0.2665639445300462
620,290.4993352642854,252,0.05,4.168693834703494e-05,0.4538956808562942,0.3412698412698413,0.14285714285714285,0.36904761904761907,0.14682539682539683
621,229.46730472661034,218,0.05,4.147417709487777e-05,0.45219823521014574,0.16055045871559634,0.3394495412844037,0.43577981651376146,0.06422018348623854
622,296.95959304515765,269,0.05,4.126250173082403e-05,0.45196241817450433,0.2379182156133829,0.17472118959107807,0.43866171003717475,0.14869888475836432
623,285.3814986192084,336,0.05,4.1051906712732176e-05,0.4423008219486266,0.27380952380952384,0.1636904761904762,0.43452380952380953,0.12797619047619047
624,229.8969861520264,326,0.05,4.084238652674659e-05,0.4412411215877344,0.41411042944785276,0.11042944785276074,0.3220858895705521,0.15337423312883436
625,216.811298993467,783,0.05,4.063393568715319e-05,0.4344176971142779,0.2796934865900383,0.5146871008939975,0.16347381864623245,0.0421455938697318
626,260.1905961244372,231,0.05,4.04265487362358e-05,0.4445292127192186,0.22943722943722944,0.11688311688311688,0.5194805194805194,0.1341991341991342
627,269.55404320611456,998,0.05,4.022022024413328e-05,0.43611385371058004,0.5270541082164328,0.05511022044088176,0.12424849699398798,0.2935871743486974
628,298.0389145233854,295,0.05,4.001494480869733e-05,0.4317159724493758,0.2745762711864407,0.15254237288135594,0.42033898305084744,0.15254237288135594
629,289.64914898733423,342,0.05,3.981071705535108e-05,0.42365724795850684,0.2573099415204678,0.17251461988304093,0.42105263157894735,0.14912280701754385
630,166.8923340444414,818,0.05,3.960753163694834e-05,0.4253403112978097,0.11124694376528117,0.02567237163814181,0.1136919315403423,0.7493887530562348
631,12.199090663173891,89,0.05,3.940538323363363e-05,0.4438659687192046,0.11235955056179775,0.1797752808988764,0.5730337078651685,0.1348314606741573
632,243.87808519145568,285,0.05,3.920426655270286e-05,0.4265009365633624,0.09473684210526316,0.24210526315789474,0.5508771929824562,0.11228070175438597
633,279.58340858195095,271,0.05,3.90041763284648e-05,0.4305708779906685,0.2066420664206642,0.15129151291512916,0.47232472324723246,0.16974169741697417
634,287.69273433136846,240,0.05,3.8805107322103155e-05,0.4152100102850763,0.2,0.17916666666666667,0.4875,0.13333333333333333
635,221.33589478472413,766,0.05,3.860705432153946e-05,0.4313852005584138,0.5783289817232375,0.048302872062663184,0.13968668407310705,0.23368146214099217
636,226.74009509804273,394,0.05,3.841001214129657e-05,0.42672248440995214,0.15736040609137056,0.2233502538071066,0.49746192893401014,0.1218274111675127
637,295.29747943936127,327,0.05,3.8213975622362915e-05,0.4207636306104818,0.3853211009174312,0.1651376146788991,0.3547400611620795,0.09480122324159021
638,282.142108260584,259,0.05,3.801893963205743e-05,0.4211015238334102,0.22007722007722008,0.12355212355212356,0.5135135135135135,0.14285714285714285
639,61.70694208055478,900,0.05,3.782489906389515e-05,0.4244938156872798,0.12555555555555556,0.2,0.4677777777777778,0.20666666666666667
640,271.57132250479515,246,0.05,3.763184883745353e-05,0.4139091059314641,0.3252032520325203,0.1016260162601626,0.44715447154471544,0.12601626016260162
641,229.35538496061196,366,0.05,3.743978389823941e-05,0.41013016200857083,0.33060109289617484,0.1448087431693989,0.4098360655737705,0.11475409836065574
642,286.867348957393,208,0.05,3.724869921755669e-05,0.4386794533473092,0.21634615384615385,0.14903846153846154,0.46153846153846156,0.17307692307692307
643,268.6741600498176,212,0.05,3.7058589792374664e-05,0.4232255024518516,0.3160377358490566,0.1650943396226415,0.39622641509433965,0.12264150943396226
644,269.8282883216517,325,0.05,3.686945064519703e-05,0.4055657032357789,0.37846153846153846,0.12615384615384614,0.3723076923076923,0.12307692307692308
645,-12.813434170451174,89,0.05,3.668127682393157e-05,0.41255018533025234,0.20224719101123595,0.19101123595505617,0.4943820224719101,0.11235955056179775
646,264.78884849289653,263,0.05,3.6494063401760485e-05,0.42564017974428753,0.34220532319391633,0.09885931558935361,0.467680608365019,0.09125475285171103
647,278.23506521189563,391,0.05,3.63078054770114e-05,0.4307380165400653,0.27621483375959077,0.13810741687979539,0.47058823529411764,0.11508951406649616
648,-23.21099225176293,123,0.05,3.612249817302904e-05,0.4211692091864363,0.14634146341463414,0.16260162601626016,0.5447154471544715,0.14634146341463414
649,221.751899965107,258,0.05,3.593813663804753e-05,0.4158361838271657,0.3488372093023256,0.08139534883720931,0.49224806201550386,0.07751937984496124
650,221.74314634351984,357,0.05,3.575471604506339e-05,0.4277785932523038,0.20728291316526612,0.39775910364145656,0.31932773109243695,0.07563025210084033
651,284.574215902246,445,0.05,3.557223159170912e-05,0.4179051640231001,0.21797752808988763,0.13707865168539327,0.4134831460674157,0.23146067415730337
652,236.96334027296942,235,0.05,3.5390678500127486e-05,0.4107513012867153,0.3702127659574468,0.14468085106382977,0.3617021276595745,0.12340425531914893
653,9.841579807713373,141,0.05,3.5210052016846434e-05,0.4149152139959572,0.24822695035460993,0.14184397163120568,0.475177304964539,0.1347517730496454
654,221.1653043391405,263,0.05,3.5030347412654595e-05,0.4209463813981072,0.19391634980988592,0.16730038022813687,0.4828897338403042,0.155893536121673
655,227.98424766834506,301,0.05,3.4851559982477505e-05,0.41330518366681385,0.16611295681063123,0.3687707641196013,0.33222591362126247,0.132890365448505
656,288.48055703030536,334,0.05,3.467368504525439e-05,0.4413381362770209,0.20359281437125748,0.17964071856287425,0.46706586826347307,0.1497005988023952
657,238.75605084704762,232,0.05,3.4496717943815614e-05,0.4123837938990431,0.11637931034482758,0.41810344827586204,0.3275862068965517,0.13793103448275862
658,226.070303143184,250,0.05,3.4320654044760744e-05,0.41461946756767964,0.228,0.132,0.512,0.128
659,212.14220494593957,485,0.05,3.414548873833723e-05,0.41864306128207474,0.49690721649484537,0.04329896907216495,0.15257731958762888,0.30721649484536084
660,141.110848998534,1000,0.05,3.397121743831973e-05,0.41330937957871094,0.508,0.327,0.119,0.046
661,223.46351742899563,278,0.05,3.379783558189e-05,0.4093095972426663,0.24100719424460432,0.1366906474820144,0.5035971223021583,0.11870503597122302
662,255.9799207612749,303,0.05,3.3625338629517463e-05,0.4114234681636246,0.37293729372937295,0.16501650165016502,0.33663366336633666,0.1254125412541254
663,249.1820434970296,237,0.05,3.345372206484034e-05,0.41517634159289546,0.21940928270042195,0.13924050632911392,0.5063291139240507,0.1350210970464135
664,232.46043571247523,234,0.05,3.328298139454739e-05,0.3984770860566521,0.2905982905982906,0.12393162393162394,0.46153846153846156,0.12393162393162394
665,259.13052328914193,257,0.05,3.311311214826029e-05,0.42309420028998374,0.1828793774319066,0.20622568093385213,0.4980544747081712,0.11284046692607004
666,199.1675692817796,402,0.05,3.2944109878416555e-05,0.41784859084150583,0.1044776119402985,0.3805970149253731,0.4079601990049751,0.10696517412935323
667,245.26446465370933,227,0.05,3.2775970160153124e-05,0.42299496464857617,0.22466960352422907,0.13215859030837004,0.4713656387665198,0.17180616740088106
668,262.1282802125961,322,0.05,3.26086885911905e-05,0.408800119618947,0.33229813664596275,0.17701863354037267,0.36645962732919257,0.12422360248447205
669,240.77719996960226,525,0.05,3.2442260791717464e-05,0.4093701356659854,0.3638095238095238,0.1180952380952381,0.3314285714285714,0.18666666666666668
670,266.91780919389214,261,0.05,3.227668240427644e-05,0.41614175983564883,0.2835249042145594,0.21839080459770116,0.36015325670498083,0.13793103448275862
671,270.15349943224044,282,0.05,3.211194909364938e-05,0.41408649760510785,0.2801418439716312,0.19148936170212766,0.4219858156028369,0.10638297872340426
672,188.0117299305781,333,0.05,3.194805654674426e-05,0.42520898601115587,0.04504504504504504,0.6786786786786787,0.21921921921921922,0.057057057057057055
673,249.96949537924195,288,0.05,3.178500047248217e-05,0.4108829063092915,0.28125,0.13194444444444445,0.46875,0.11805555555555555
674,221.46026795205574,229,0.05,3.1622776601684934e-05,0.39998819680299497,0.24017467248908297,0.1091703056768559,0.49344978165938863,0.1572052401746725
675,232.05465763243782,255,0.05,3.1461380686963373e-05,0.41760306703661776,0.3411764705882353,0.0784313725490196,0.47058823529411764,0.10980392156862745
676,223.89204848257015,275,0.05,3.1300808502606066e-05,0.41608100490430905,0.3927272727272727,0.09454545454545454,0.43636363636363634,0.07636363636363637
677,298.4372314072457,289,0.05,3.1141055844468724e-05,0.4122143667304159,0.2837370242214533,0.17647058823529413,0.41522491349480967,0.1245674740484429
678,252.5230838918919,430,0.05,3.0982118529864115e-05,0.4192353488405968,0.32558139534883723,0.28604651162790695,0.18604651162790697,0.20232558139534884
679,274.5397231075418,312,0.05,3.082399239745255e-05,0.4036694783121746,0.40064102564102566,0.11217948717948718,0.3942307692307692,0.09294871794871795
680,123.12517483762034,1000,0.05,3.066667330713294e-05,0.40994570945849457,0.277,0.063,0.233,0.427
681,235.47126812452865,348,0.05,3.0510157139934383e-05,0.4141088843179339,0.1206896551724138,0.4224137931034483,0.3706896551724138,0.08620689655172414
682,314.22821821723574,255,0.05,3.035443979790832e-05,0.40962135196600263,0.18823529411764706,0.2196078431372549,0.4235294117647059,0.16862745098039217
683,249.39830619266235,279,0.05,3.0199517204021263e-05,0.4008078555480008,0.30824372759856633,0.13978494623655913,0.4014336917562724,0.15053763440860216
684,202.95168177400996,373,0.05,3.0045385302048023e-05,0.4221243494787901,0.10187667560321716,0.3967828418230563,0.4155495978552279,0.08579088471849866
685,266.39906026865356,280,0.05,2.9892040056465527e-05,0.4282470614344727,0.21428571428571427,0.16785714285714284,0.46785714285714286,0.15
686,220.96123337963627,320,0.05,2.9739477452347147e-05,0.4106437065565588,0.175,0.365625,0.384375,0.075
687,294.3478112772649,335,0.05,2.9587693495257588e-05,0.4089004760343739,0.3641791044776119,0.14328358208955225,0.3701492537313433,0.12238805970149254
688,236.3215995881176,278,0.05,2.9436684211148304e-05,0.39922496996191137,0.42805755395683454,0.08633093525179857,0.42805755395683454,0.05755395683453238
689,269.82394471612145,291,0.05,2.928644564625344e-05,0.3968682056570245,0.30584192439862545,0.13745704467353953,0.44329896907216493,0.1134020618556701
690,280.35905097161924,256,0.05,2.9136973866986325e-05,0.41079495257155296,0.2578125,0.1171875,0.47265625,0.15234375
691,-12.00870543748276,154,0.05,2.898826495983647e-05,0.3980158003784629,0.09740259740259741,0.23376623376623376,0.512987012987013,0.15584415584415584
692,211.1521286719907,451,0.05,2.8840315031267124e-05,0.4073646858004001,0.23059866962305986,0.04878048780487805,0.3458980044345898,0.37472283813747226
693,197.33372114463765,270,0.05,2.8693120207613298e-05,0.40881975593454123,0.13333333333333333,0.28888888888888886,0.4777777777777778,0.1
694,234.67897086702763,222,0.05,2.8546676634980377e-05,0.4127020513962339,0.3153153153153153,0.1036036036036036,0.44144144144144143,0.13963963963963963
695,241.46135629101877,530,0.05,2.84009804791432e-05,0.4055605947692532,0.11509433962264151,0.1471698113207547,0.14528301886792452,0.5924528301886792
696,273.5126112872559,243,0.05,2.8256027925445676e-05,0.40567396497232744,0.2222222222222222,0.205761316872428,0.31275720164609055,0.25925925925925924
697,238.96579754389114,269,0.05,2.8111815178700904e-05,0.4098638633177462,0.37174721189591076,0.10037174721189591,0.44981412639405205,0.07806691449814127
698,245.30202672532963,291,0.05,2.796833846309181e-05,0.40676701013822697,0.29896907216494845,0.13745704467353953,0.44673539518900346,0.11683848797250859
699,246.85856503497993,208,0.05,2.7825594022072283e-05,0.4003462185734684,0.28365384615384615,0.1201923076923077,0.4807692307692308,0.11538461538461539
700,277.0173988043399,293,0.05,2.7683578118268825e-05,0.4053759150415111,0.24573378839590443,0.21843003412969283,0.2627986348122867,0.27303754266211605
701,269.6094186788514,435,0.05,2.7542287033382697e-05,0.41887233886452013,0.47586206896551725,0.2482758620689655,0.20689655172413793,0.06896551724137931
702,245.50255474710463,427,0.05,2.740171706809256e-05,0.41891619254204804,0.48243559718969553,0.03981264637002342,0.19672131147540983,0.2810304449648712
703,281.6347614105633,273,0.05,2.726186454195763e-05,0.42263404979545843,0.27472527472527475,0.12087912087912088,0.4725274725274725,0.13186813186813187
704,211.5254904213158,283,0.05,2.7122725793321306e-05,0.4049561845412737,0.3321554770318021,0.21201413427561838,0.3710247349823322,0.08480565371024736
705,233.746976190446,326,0.05,2.6984297179215296e-05,0.41638383889190045,0.4570552147239264,0.1165644171779141,0.31901840490797545,0.10736196319018405
706,264.51619734433297,231,0.05,2.684657507526425e-05,0.4233492694295744,0.30735930735930733,0.15151515151515152,0.4199134199134199,0.12121212121212122
707,229.25082422950516,341,0.05,2.670955587559086e-05,0.40738928946619735,0.2961876832844575,0.10263929618768329,0.4838709677419355,0.11730205278592376
708,305.1655846671148,281,0.05,2.6573235992721436e-05,0.42365769697669026,0.36298932384341637,0.1387900355871886,0.38434163701067614,0.11387900355871886
709,237.1895471811101,222,0.05,2.6437611857491997e-05,0.42344780339445676,0.4189189189189189,0.18018018018018017,0.28378378378378377,0.11711711711711711
710,301.84392021648455,230,0.05,2.6302679918954817e-05,0.40805116572369327,0.16956521739130434,0.23478260869565218,0.43043478260869567,0.16521739130434782
711,224.01746667946392,202,0.05,2.6168436644285447e-05,0.40492980687705576,0.019801980198019802,0.21782178217821782,0.27722772277227725,0.48514851485148514
712,304.57606557933065,247,0.05,2.603487851869022e-05,0.42046841743502666,0.145748987854251,0.2550607287449393,0.4291497975708502,0.1700404858299595
713,208.72243030219389,355,0.05,2.590200204531423e-05,0.4002936644390936,0.19154929577464788,0.14929577464788732,0.49295774647887325,0.16619718309859155
714,268.1145672864387,353,0.05,2.5769803745149768e-05,0.40461207777942465,0.18696883852691218,0.17563739376770537,0.49291784702549574,0.14447592067988668
715,235.46628642358468,234,0.05,2.5638280156945248e-05,0.38303598096121766,0.4444444444444444,0.05555555555555555,0.37606837606837606,0.12393162393162394
716,193.67149211914045,315,0.05,2.5507427837114567e-05,0.4042922565810439,0.05396825396825397,0.6063492063492063,0.26031746031746034,0.07936507936507936
717,232.82441908802338,323,0.05,2.5377243359646956e-05,0.4148511138895628,0.28173374613003094,0.10526315789473684,0.43034055727554177,0.1826625386996904
718,241.05968654446923,342,0.05,2.5247723316017274e-05,0.4194119470416613,0.2719298245614035,0.15204678362573099,0.3888888888888889,0.1871345029239766
719,303.7865535181921,354,0.05,2.5118864315096767e-05,0.40957945391281986,0.3418079096045198,0.14124293785310735,0.3050847457627119,0.211864406779661
720,264.09857497738165,293,0.05,2.4990662983064277e-05,0.41872343904076537,0.40273037542662116,0.07167235494880546,0.32764505119453924,0.19795221843003413
721,279.65500255235804,254,0.05,2.4863115963317916e-05,0.4014629420733493,0.2125984251968504,0.3110236220472441,0.3228346456692913,0.15354330708661418
722,273.66092707547773,246,0.05,2.473621991638717e-05,0.4073445219353926,0.15853658536585366,0.2804878048780488,0.32113821138211385,0.23983739837398374
723,227.43398051778075,274,0.05,2.4609971519845472e-05,0.4119939377172228,0.22627737226277372,0.14233576642335766,0.46715328467153283,0.16423357664233576
724,282.5802889730063,589,0.05,2.448436746822322e-05,0.41126265482937135,0.38030560271646857,0.1765704584040747,0.1799660441426146,0.2631578947368421
725,267.84161399079153,259,0.05,2.4359404472921215e-05,0.4197194386771703,0.305019305019305,0.17374517374517376,0.39768339768339767,0.12355212355212356
726,277.9104850943257,219,0.05,2.4235079262124575e-05,0.40794149585697653,0.4246575342465753,0.1232876712328767,0.3150684931506849,0.136986301369863
727,228.68404095328873,337,0.05,2.4111388580717055e-05,0.4064789908183638,0.27299703264094954,0.14540059347181009,0.42136498516320475,0.16023738872403562
728,211.42247196172846,312,0.05,2.3988329190195842e-05,0.40789455956477777,0.1987179487179487,0.16025641025641027,0.5064102564102564,0.1346153846153846
729,269.9008529469488,267,0.05,2.3865897868586744e-05,0.4046148300549379,0.34831460674157305,0.11610486891385768,0.41198501872659177,0.12359550561797752
730,-15.53089373132704,201,0.05,2.3744091410359837e-05,0.4119610400105129,0.16417910447761194,0.14427860696517414,0.527363184079602,0.16417910447761194
731,204.2127356498318,333,0.05,2.3622906626345543e-05,0.4085897604994697,0.16516516516516516,0.3183183183183183,0.42042042042042044,0.0960960960960961
732,276.77362623479536,225,0.05,2.350234034365113e-05,0.41253919682988704,0.26222222222222225,0.11555555555555555,0.5111111111111111,0.1111111111111111
733,269.7202018454785,296,0.05,2.3382389405577622e-05,0.40776318494268604,0.4560810810810811,0.09121621621621621,0.3581081081081081,0.0945945945945946
734,279.86501444386533,349,0.05,2.3263050671537174e-05,0.40074597354126085,0.3553008595988539,0.1346704871060172,0.3954154727793696,0.11461318051575932
735,230.93308117659817,223,0.05,2.314432101697083e-05,0.40110022406287027,0.31390134529147984,0.11210762331838565,0.47533632286995514,0.09865470852017937
736,219.81245474946584,269,0.05,2.302619733326671e-05,0.41083470452254633,0.10037174721189591,0.3420074349442379,0.40892193308550184,0.14869888475836432
737,286.6330077893313,338,0.05,2.2908676527678637e-05,0.4012243642731032,0.24260355029585798,0.12130177514792899,0.5384615384615384,0.09763313609467456
738,296.99096606621595,315,0.05,2.279175552324514e-05,0.40354401826717834,0.18095238095238095,0.2253968253968254,0.23492063492063492,0.35873015873015873
739,264.98350630783773,207,0.05,2.2675431258708915e-05,0.40616516110467404,0.3719806763285024,0.12077294685990338,0.4251207729468599,0.0821256038647343
740,219.18027958637367,259,0.05,2.2559700688436657e-05,0.39930750232814943,0.4247104247104247,0.1274131274131274,0.3359073359073359,0.11196911196911197
741,216.31746834726698,314,0.05,2.2444560782339324e-05,0.40601552812033787,0.30254777070063693,0.041401273885350316,0.4171974522292994,0.23885350318471338
742,264.70481510773703,352,0.05,2.233000852579281e-05,0.3980077783874569,0.1903409090909091,0.2755681818181818,0.26704545454545453,0.26704545454545453
743,87.51334362649548,1000,0.05,2.2216040919558996e-05,0.4037522129288918,0.483,0.343,0.138,0.036
744,184.88810277100077,539,0.05,2.210265497970725e-05,0.4082839775141907,0.11873840445269017,0.4397031539888683,0.3784786641929499,0.06307977736549165
745,289.71151259308135,380,0.05,2.1989847737536276e-05,0.41094829397199445,0.32894736842105265,0.18947368421052632,0.3263157894736842,0.15526315789473685
746,222.83818871132473,345,0.05,2.1877616239496397e-05,0.41251359799495263,0.4405797101449275,0.11594202898550725,0.3565217391304348,0.08695652173913043
747,140.0492186350566,1000,0.05,2.176595754711223e-05,0.41145383714940853,0.279,0.025,0.133,0.563
748,262.45777397872797,354,0.05,2.1654868736905736e-05,0.3987257718658983,0.5338983050847458,0.02824858757062147,0.2598870056497175,0.17796610169491525
749,218.63018419076303,338,0.05,2.1544346900319697e-05,0.40264736311872346,0.2485207100591716,0.17159763313609466,0.4467455621301775,0.13313609467455623
750,217.3655358531525,433,0.05,2.143438914364154e-05,0.40816888905122556,0.23325635103926096,0.06928406466512702,0.3464203233256351,0.3510392609699769
751,272.9300522541026,377,0.05,2.1324992587927593e-05,0.41278934710176285,0.5623342175066313,0.10610079575596817,0.23607427055702918,0.09549071618037135
752,197.13537376352517,587,0.05,2.1216154368927693e-05,0.41308081037258676,0.17035775127768313,0.5264054514480409,0.23850085178875638,0.06473594548551959
753,247.1479008420165,849,0.05,2.1107871637010202e-05,0.39997648621925214,0.48056537102473496,0.050647820965842166,0.1330977620730271,0.33568904593639576
754,286.752870032357,447,0.05,2.1000141557087397e-05,0.3982806159948125,0.3400447427293065,0.11185682326621924,0.2595078299776286,0.28859060402684567
755,243.3975042916758,259,0.05,2.0892961308541232e-05,0.4021073890539248,0.13513513513513514,0.3359073359073359,0.42084942084942084,0.10810810810810811
756,248.8948605710314,302,0.05,2.0786328085149503e-05,0.3973173390712785,0.39072847682119205,0.10596026490066225,0.34105960264900664,0.16225165562913907
757,291.0831851396896,237,0.05,2.0680239095012362e-05,0.4129752189810566,0.14767932489451477,0.22784810126582278,0.4472573839662447,0.17721518987341772
758,256.93296005747294,256,0.05,2.057469156047922e-05,0.40023635330436474,0.1640625,0.25390625,0.34375,0.23828125
759,259.1358656182685,365,0.05,2.0469682718076032e-05,0.40519891912654765,0.136986301369863,0.3698630136986301,0.25205479452054796,0.2410958904109589
760,248.78703768145346,654,0.05,2.036520981843293e-05,0.3993178181123019,0.40061162079510704,0.32262996941896027,0.2217125382262997,0.05504587155963303
761,261.1942566528728,225,0.05,2.026127012621225e-05,0.4058007600234818,0.1511111111111111,0.2222222222222222,0.4533333333333333,0.17333333333333334
762,236.8218152595138,254,0.05,2.01578609200369e-05,0.40831263971674375,0.38976377952755903,0.11811023622047244,0.3858267716535433,0.1062992125984252
763,250.2046232578996,177,0.05,2.0054979492419124e-05,0.4228529697855349,0.1807909604519774,0.11864406779661017,0.4915254237288136,0.20903954802259886
764,231.49737640178222,249,0.05,1.9952623149689603e-05,0.40090473793071185,0.30120481927710846,0.13654618473895583,0.43373493975903615,0.1285140562248996
765,278.6166791475175,326,0.05,1.9850789211926935e-05,0.41175419008551956,0.1687116564417178,0.16257668711656442,0.5214723926380368,0.147239263803681
766,139.43806898859506,1000,0.05,1.9749475012887463e-05,0.4109506017345971,0.506,0.088,0.114,0.292
767,256.81893121212977,359,0.05,1.964867789993547e-05,0.4019820697928926,0.22562674094707522,0.23119777158774374,0.3231197771587744,0.2200557103064067
768,227.67173039656282,240,0.05,1.9548395233973733e-05,0.3932950537518486,0.32083333333333336,0.12083333333333333,0.4375,0.12083333333333333
769,286.7799023501468,463,0.05,1.944862438937441e-05,0.4044767568420536,0.28725701943844495,0.1900647948164147,0.19222462203023757,0.3304535637149028
770,241.96988903673667,219,0.05,1.934936275391031e-05,0.4000115476961842,0.2191780821917808,0.1598173515981735,0.4611872146118721,0.1598173515981735
771,171.66821457053695,1000,0.05,1.9250607728686487e-05,0.4053038210385412,0.595,0.225,0.129,0.051
772,242.6400396306739,254,0.05,1.915235672807221e-05,0.4037154471155678,0.29133858267716534,0.12598425196850394,0.44881889763779526,0.13385826771653545
773,261.0550897239125,253,0.05,1.905460717963325e-05,0.40771338344132285,0.30039525691699603,0.16996047430830039,0.3952569169960474,0.13438735177865613
774,314.4035619853363,219,0.05,1.895735652406453e-05,0.40020301538485925,0.1917808219178082,0.2054794520547945,0.4840182648401826,0.1187214611872146
775,251.44848085254998,263,0.05,1.8860602215123135e-05,0.4034006373894631,0.19771863117870722,0.2585551330798479,0.3231939163498099,0.22053231939163498
776,242.86581014427267,241,0.05,1.876434171956162e-05,0.4055963208245524,0.2697095435684647,0.13692946058091288,0.45643153526970953,0.13692946058091288
777,283.9871406813679,286,0.05,1.8668572517061694e-05,0.38843017247483635,0.479020979020979,0.08391608391608392,0.36013986013986016,0.07692307692307693
778,264.15647616491265,358,0.05,1.8573292100168245e-05,0.4033642638452029,0.25139664804469275,0.19273743016759776,0.20949720670391062,0.3463687150837989
779,240.93556042100877,243,0.05,1.8478497974223667e-05,0.41198392675504597,0.2962962962962963,0.13168724279835392,0.4609053497942387,0.1111111111111111
780,289.12738377563255,359,0.05,1.8384187657302558e-05,0.3939354403747494,0.18662952646239556,0.18662952646239556,0.46518105849582175,0.1615598885793872
781,296.80794593229734,267,0.05,1.8290358680146737e-05,0.4007469286635774,0.19850187265917604,0.2209737827715356,0.4044943820224719,0.1760299625468165
782,262.5585816730098,268,0.05,1.8197008586100586e-05,0.3979691443602109,0.34328358208955223,0.10820895522388059,0.45149253731343286,0.09701492537313433
783,273.7364076111355,321,0.05,1.8104134931046738e-05,0.4051020123260622,0.35514018691588783,0.19003115264797507,0.29595015576323985,0.1588785046728972
784,251.9141128470569,244,0.05,1.8011735283342077e-05,0.40655554132620514,0.38114754098360654,0.08196721311475409,0.42213114754098363,0.11475409836065574
785,296.27094416041064,361,0.05,1.791980722375408e-05,0.4074678672810653,0.18005540166204986,0.31301939058171746,0.3767313019390582,0.13019390581717452
786,255.7304117211418,365,0.05,1.782834834539747e-05,0.419120203969883,0.2219178082191781,0.2410958904109589,0.3424657534246575,0.19452054794520549
787,253.64864575611352,415,0.05,1.7737356253671193e-05,0.41941607273268666,0.5590361445783133,0.10602409638554217,0.22650602409638554,0.10843373493975904
788,251.61320628436897,213,0.05,1.7646828566195736e-05,0.4047468450556306,0.3192488262910798,0.14084507042253522,0.352112676056338,0.18779342723004694
789,269.6568781985705,320,0.05,1.7556762912750744e-05,0.4117989805197505,0.41875,0.06875,0.396875,0.115625
790,287.24257116784764,213,0.05,1.7467156935212957e-05,0.40744567543715093,0.18779342723004694,0.22065727699530516,0.4272300469483568,0.1643192488262911
791,243.3275758998361,186,0.05,1.737800828749448e-05,0.4151515671095143,0.1935483870967742,0.12365591397849462,0.46774193548387094,0.21505376344086022
792,250.90069506867874,223,0.05,1.728931463548134e-05,0.40337692803787734,0.25112107623318386,0.13004484304932734,0.484304932735426,0.13452914798206278
793,212.6069575619524,280,0.05,1.7201073656972398e-05,0.39203847126970337,0.07142857142857142,0.29285714285714287,0.49642857142857144,0.1392857142857143
794,230.8811569258533,295,0.05,1.7113283041618525e-05,0.40780836172011425,0.2677966101694915,0.19661016949152543,0.3254237288135593,0.21016949152542372
795,262.7160338946561,745,0.05,1.7025940490862124e-05,0.4036858595395985,0.26308724832214764,0.24295302013422818,0.11677852348993288,0.37718120805369126
796,137.42788065735556,1000,0.05,1.6939043717876946e-05,0.40363126172038427,0.248,0.036,0.133,0.583
797,300.31519882071814,387,0.05,1.6852590447508222e-05,0.4011179544306256,0.31266149870801035,0.13953488372093023,0.26356589147286824,0.2842377260981912
798,225.21783696950723,322,0.05,1.676657841621308e-05,0.4072491214885852,0.40683229813664595,0.10559006211180125,0.3944099378881988,0.09316770186335403
799,263.612679482109,475,0.05,1.668100537200129e-05,0.4131267651797656,0.3831578947368421,0.25684210526315787,0.18947368421052632,0.1705263157894737
800,266.10996047484787,257,0.05,1.6595869074376306e-05,0.41226683044910983,0.42412451361867703,0.11284046692607004,0.3657587548638132,0.09727626459143969
801,228.35036426033943,322,0.05,1.6511167294276595e-05,0.4153058402074699,0.07763975155279502,0.3167701863354037,0.4782608695652174,0.12732919254658384
802,236.02157163553878,305,0.05,1.642689781401728e-05,0.39579025758513975,0.33114754098360655,0.1377049180327869,0.4,0.13114754098360656
803,296.8937912188418,217,0.05,1.634305842723207e-05,0.3980254896125629,0.19815668202764977,0.2119815668202765,0.4423963133640553,0.14746543778801843
804,128.1325265394752,1000,0.05,1.6259646938815505e-05,0.39023351785183613,0.558,0.038,0.11,0.294
805,177.73019623546963,599,0.05,1.6176661164865473e-05,0.3993531357294062,0.27545909849749584,0.46410684474123537,0.20534223706176963,0.05509181969949917
806,260.0195064273896,325,0.05,1.6094098932626033e-05,0.398391367959833,0.10153846153846154,0.3261538461538461,0.4707692307692308,0.10153846153846154
807,216.8857746637077,318,0.05,1.601195808043053e-05,0.40118379485964095,0.2610062893081761,0.24528301886792453,0.39937106918238996,0.09433962264150944
808,249.25449364998022,313,0.05,1.5930236457644987e-05,0.4055079794827093,0.36741214057507987,0.11501597444089456,0.43130990415335463,0.08626198083067092
809,230.25162541371677,292,0.05,1.5848931924611812e-05,0.4061960349006037,0.3767123287671233,0.1267123287671233,0.3184931506849315,0.1780821917808219
810,282.033221253422,293,0.05,1.576804235259377e-05,0.3993262240427458,0.310580204778157,0.3310580204778157,0.2696245733788396,0.08873720136518772
811,298.8038738221587,337,0.05,1.568756562371824e-05,0.40420053094625974,0.26409495548961426,0.17804154302670624,0.3086053412462908,0.24925816023738873
812,286.6930916233857,725,0.05,1.560749963092178e-05,0.40062941873682506,0.6082758620689656,0.17655172413793102,0.12275862068965518,0.09241379310344827
813,258.2302493825694,244,0.05,1.5527842277894948e-05,0.4102930474847193,0.3524590163934426,0.09836065573770492,0.45491803278688525,0.0942622950819672
814,231.51640188389072,302,0.05,1.5448591479027417e-05,0.399296220632501,0.2152317880794702,0.3543046357615894,0.33774834437086093,0.09271523178807947
815,250.7674050135288,563,0.05,1.536974515935337e-05,0.4004329024402498,0.5772646536412078,0.13321492007104796,0.1936056838365897,0.09591474245115453
816,286.18283132244284,307,0.05,1.529130125449718e-05,0.3919153518265076,0.14332247557003258,0.1986970684039088,0.5309446254071661,0.1270358306188925
817,257.7825724666425,203,0.05,1.5213257710619348e-05,0.40708779686941865,0.3497536945812808,0.09852216748768473,0.4729064039408867,0.07881773399014778
818,280.1980363020376,363,0.05,1.5135612484362732e-05,0.3970855175394538,0.3085399449035813,0.30303030303030304,0.24517906336088155,0.14325068870523416
819,241.3690142540134,263,0.05,1.5058363542799053e-05,0.39030788636593744,0.41825095057034223,0.06463878326996197,0.43346007604562736,0.08365019011406843
820,236.93033605695518,238,0.05,1.4981508863375668e-05,0.40132038415188087,0.31512605042016806,0.09243697478991597,0.4789915966386555,0.1134453781512605
821,205.52182036880657,316,0.05,1.4905046433862605e-05,0.39962186157071905,0.1930379746835443,0.2310126582278481,0.43037974683544306,0.14556962025316456
822,239.59173271036175,557,0.05,1.4828974252299889e-05,0.3986765085253731,0.20825852782764812,0.05385996409335727,0.20466786355475763,0.533213644524237
823,297.21560528188695,214,0.05,1.4753290326945122e-05,0.386113045535167,0.22897196261682243,0.17289719626168223,0.4719626168224299,0.1261682242990654
824,277.8332328637884,735,0.05,1.4677992676221332e-05,0.3900740319921879,0.3782312925170068,0.07891156462585033,0.11428571428571428,0.42857142857142855
825,290.0318158861903,222,0.05,1.4603079328665099e-05,0.40413758608754613,0.21621621621621623,0.18018018018018017,0.45045045045045046,0.15315315315315314
826,229.75702504591436,411,0.05,1.4528548322874929e-05,0.3984227879851844,0.44768856447688565,0.0827250608272506,0.3771289537712895,0.09245742092457421
827,268.7472048683417,172,0.05,1.4454397707459904e-05,0.4029055438053291,0.29069767441860467,0.11046511627906977,0.5290697674418605,0.06976744186046512
828,281.16499069459064,366,0.05,1.4380625540988587e-05,0.3977707764095457,0.27595628415300544,0.1830601092896175,0.27595628415300544,0.2650273224043716
829,227.79735569441334,238,0.05,1.43072298919382e-05,0.3868468263682402,0.3277310924369748,0.10084033613445378,0.4957983193277311,0.07563025210084033
830,250.59237119602722,250,0.05,1.4234208838644037e-05,0.39802046998844215,0.42,0.096,0.384,0.1
831,252.03005766127325,333,0.05,1.4161560469249165e-05,0.39642664571718694,0.26126126126126126,0.2132132132132132,0.3633633633633634,0.16216216216216217
832,190.51722461047828,600,0.05,1.4089282881654362e-05,0.39379494091862816,0.41833333333333333,0.12,0.25666666666666665,0.205
833,249.204081642974,332,0.05,1.4017374183468312e-05,0.40319893605177204,0.22590361445783133,0.3855421686746988,0.2891566265060241,0.09939759036144578
834,298.09044521689964,350,0.05,1.3945832491958063e-05,0.3902016778415086,0.26857142857142857,0.14,0.4828571428571429,0.10857142857142857
835,261.4507706141493,197,0.05,1.3874655933999729e-05,0.39330526697924073,0.3096446700507614,0.116751269035533,0.41624365482233505,0.15736040609137056
836,247.2842510928059,215,0.05,1.3803842646029452e-05,0.38459847125893704,0.2930232558139535,0.14418604651162792,0.44651162790697674,0.11627906976744186
837,305.19154406860815,226,0.05,1.3733390773994606e-05,0.3874793884266113,0.18141592920353983,0.24778761061946902,0.4336283185840708,0.13716814159292035
838,265.52354702829535,196,0.05,1.3663298473305255e-05,0.3929138369499477,0.3112244897959184,0.11734693877551021,0.46938775510204084,0.10204081632653061
839,296.19550334064763,228,0.05,1.3593563908785854e-05,0.3807732081729214,0.2236842105263158,0.21052631578947367,0.42543859649122806,0.14035087719298245
840,285.6423292282051,235,0.05,1.3524185254627205e-05,0.39748668725866915,0.3021276595744681,0.16170212765957448,0.40425531914893614,0.13191489361702127
841,261.9851282588499,285,0.05,1.3455160694338653e-05,0.389272615513413,0.3192982456140351,0.14035087719298245,0.4105263157894737,0.12982456140350876
842,290.3724384023769,276,0.05,1.3386488420700523e-05,0.3858506937245621,0.2028985507246377,0.17753623188405798,0.5,0.11956521739130435
843,284.03134710840436,302,0.05,1.3318166635716802e-05,0.3966534856024219,0.46688741721854304,0.09602649006622517,0.2814569536423841,0.15562913907284767
844,146.97830078965126,1000,0.05,1.3250193550568068e-05,0.39092568796689214,0.265,0.043,0.107,0.585
845,266.0919288385278,336,0.05,1.3182567385564654e-05,0.39337279579590095,0.34226190476190477,0.10416666666666667,0.4375,0.11607142857142858
846,243.03976410297253,259,0.05,1.3115286370100045e-05,0.4013985134650066,0.44787644787644787,0.09266409266409266,0.37065637065637064,0.0888030888030888
847,233.0796582772098,284,0.05,1.3048348742604528e-05,0.3875746462789416,0.3204225352112676,0.09859154929577464,0.4894366197183099,0.09154929577464789
848,287.0930200153549,284,0.05,1.2981752750499066e-05,0.3952092848720509,0.19014084507042253,0.2112676056338028,0.4753521126760563,0.12323943661971831
849,266.4010939459537,499,0.05,1.2915496650149411e-05,0.3992252029669443,0.3166332665330661,0.1963927855711423,0.23246492985971945,0.2545090180360721
850,292.91769889438524,262,0.05,1.2849578706820454e-05,0.40091922888132436,0.16793893129770993,0.17938931297709923,0.5267175572519084,0.12595419847328243
851,297.722591790352,226,0.05,1.2783997194630804e-05,0.3886353679772906,0.1902654867256637,0.23008849557522124,0.415929203539823,0.16371681415929204
852,252.50440744345448,246,0.05,1.2718750396507599e-05,0.4069166960160965,0.2073170731707317,0.3252032520325203,0.32926829268292684,0.13821138211382114
853,103.50077802176521,1000,0.05,1.2653836604141555e-05,0.39016689207857175,0.466,0.03,0.128,0.376
854,160.34004184740635,1000,0.05,1.2589254117942232e-05,0.3914309412349587,0.323,0.05,0.099,0.528
855,258.72927112850635,237,0.05,1.2525001246993537e-05,0.388646314243942,0.1729957805907173,0.3037974683544304,0.3881856540084388,0.1350210970464135
856,243.791970736735,290,0.05,1.2461076309009455e-05,0.39874212435841877,0.2413793103448276,0.041379310344827586,0.4,0.31724137931034485
857,276.40863976953057,239,0.05,1.2397477630289996e-05,0.3930209492581855,0.15481171548117154,0.1589958158995816,0.34309623430962344,0.34309623430962344
858,244.569974556614,287,0.05,1.2334203545677384e-05,0.39161783129450806,0.42160278745644597,0.08013937282229965,0.4250871080139373,0.07317073170731707
859,241.7975682248961,261,0.05,1.227125239851245e-05,0.38675732728126105,0.3946360153256705,0.05747126436781609,0.48659003831417624,0.06130268199233716
860,274.8234533617936,219,0.05,1.2208622540591259e-05,0.38330541591973527,0.1872146118721461,0.1050228310502283,0.4840182648401826,0.2237442922374429
861,269.2223667575728,207,0.05,1.2146312332121961e-05,0.3854464827253349,0.4057971014492754,0.07729468599033816,0.3671497584541063,0.1497584541062802
862,128.24534167888058,1000,0.05,1.2084320141681855e-05,0.39915986592514474,0.48,0.018,0.124,0.378
863,276.31061997980544,309,0.05,1.2022644346174669e-05,0.39214964081974774,0.37540453074433655,0.08414239482200647,0.44983818770226536,0.09061488673139159
864,204.89274994790796,564,0.05,1.1961283330788072e-05,0.3930501808712309,0.3191489361702128,0.08156028368794327,0.5177304964539007,0.08156028368794327
865,265.93765785636623,233,0.05,1.1900235488951392e-05,0.3984787379973027,0.22317596566523606,0.14163090128755365,0.5278969957081545,0.1072961373390558
866,260.95802404359927,236,0.05,1.1839499222293551e-05,0.38634877511251814,0.4533898305084746,0.05508474576271186,0.4152542372881356,0.07627118644067797
867,162.24009274949506,1000,0.05,1.1779072940601213e-05,0.3961794996580464,0.452,0.05,0.119,0.379
868,219.9954258799869,541,0.05,1.1718955061777156e-05,0.3929066592344393,0.2365988909426987,0.13863216266173753,0.5064695009242144,0.11829944547134935
869,251.8780174457375,260,0.05,1.1659144011798844e-05,0.39290273405412446,0.36923076923076925,0.08846153846153847,0.43846153846153846,0.10384615384615385
870,242.44680976617258,246,0.05,1.1599638224677214e-05,0.3803836932930222,0.3780487804878049,0.08943089430894309,0.44308943089430897,0.08943089430894309
871,273.0037062400478,291,0.05,1.1540436142415684e-05,0.39044914267066005,0.44673539518900346,0.12027491408934708,0.3333333333333333,0.09965635738831616
872,281.9649128836124,306,0.05,1.1481536214969347e-05,0.3852913723481796,0.26143790849673204,0.17973856209150327,0.3562091503267974,0.20261437908496732
873,291.2507435370525,306,0.05,1.1422936900204401e-05,0.3933293153040554,0.3300653594771242,0.2549019607843137,0.21568627450980393,0.19934640522875818
874,291.9991710165573,234,0.05,1.1364636663857762e-05,0.3951416882656174,0.19658119658119658,0.21367521367521367,0.42735042735042733,0.1623931623931624
875,274.900460025083,219,0.05,1.1306633979496903e-05,0.3831139572764466,0.1598173515981735,0.1461187214611872,0.45662100456621,0.2374429223744292
876,231.38262618546855,298,0.05,1.1248927328479877e-05,0.38615165955421443,0.23154362416107382,0.11409395973154363,0.5268456375838926,0.12751677852348994
877,232.32254285192417,190,0.05,1.1191515199915568e-05,0.38666375016774984,0.32105263157894737,0.08947368421052632,0.4473684210526316,0.14210526315789473
878,291.6961604800912,332,0.05,1.1134396090624121e-05,0.37912535038229356,0.2740963855421687,0.1686746987951807,0.3042168674698795,0.25301204819277107
879,241.2386662172116,355,0.05,1.1077568505097596e-05,0.3800787098712799,0.2647887323943662,0.14647887323943662,0.4788732394366197,0.10985915492957747
880,289.95615154100346,229,0.05,1.1021030955460803e-05,0.3946278630221589,0.27074235807860264,0.20087336244541484,0.3537117903930131,0.17467248908296942
881,247.53098435482968,520,0.05,1.0964781961432352e-05,0.38206765620702604,0.45,0.08076923076923077,0.20961538461538462,0.25961538461538464
882,248.8278743220909,258,0.05,1.090882005028589e-05,0.3910836434895213,0.4069767441860465,0.06589147286821706,0.4728682170542636,0.05426356589147287
883,259.3164312979359,305,0.05,1.0853143756811554e-05,0.3934882100604569,0.4,0.09508196721311475,0.32786885245901637,0.17704918032786884
884,263.4545620386608,303,0.05,1.0797751623277591e-05,0.3953810103793047,0.3465346534653465,0.07920792079207921,0.49504950495049505,0.07920792079207921
885,258.3164656240481,549,0.05,1.0742642199392206e-05,0.3883945330240007,0.47358834244080145,0.07468123861566485,0.18214936247723132,0.26958105646630237
886,294.076591497343,267,0.05,1.068781404226558e-05,0.3991583148308868,0.19850187265917604,0.20599250936329588,0.4868913857677903,0.10861423220973783
887,239.44712137618092,356,0.05,1.06332657163721e-05,0.3862342365577964,0.3651685393258427,0.08146067415730338,0.4943820224719101,0.05898876404494382
888,275.349506759218,349,0.05,1.057899579351277e-05,0.37533131795257607,0.3982808022922636,0.14613180515759314,0.29512893982808025,0.16045845272206305
889,258.323573299871,432,0.05,1.0525002852777813e-05,0.38355331962532774,0.27546296296296297,0.09722222222222222,0.5462962962962963,0.08101851851851852
890,234.49640633272952,346,0.05,1.0471285480509478e-05,0.38187025938228614,0.35260115606936415,0.07803468208092486,0.4913294797687861,0.07803468208092486
891,239.66072274768834,317,0.05,1.0417842270265019e-05,0.40203994177308433,0.3312302839116719,0.09779179810725552,0.4794952681388013,0.0914826498422713
892,280.8447796514039,294,0.05,1.0364671822779873e-05,0.3844788879657223,0.48639455782312924,0.17687074829931973,0.24149659863945577,0.09523809523809523
893,291.89021597119734,350,0.05,1.0311772745931029e-05,0.38400451200135793,0.26571428571428574,0.25142857142857145,0.36857142857142855,0.11428571428571428
894,42.52223858015299,117,0.05,1.0259143654700573e-05,0.39044337443475985,0.1111111111111111,0.20512820512820512,0.5982905982905983,0.08547008547008547
895,279.8393134623496,325,0.05,1.0206783171139428e-05,0.3811610638056099,0.28307692307692306,0.09846153846153846,0.5353846153846153,0.08307692307692308
896,255.41514868948232,502,0.05,1.0154689924331274e-05,0.39750979401436437,0.4820717131474104,0.06374501992031872,0.3187250996015936,0.13545816733067728
897,274.6937464608025,194,0.05,1.0102862550356658e-05,0.39553197830969916,0.26288659793814434,0.17525773195876287,0.4639175257731959,0.0979381443298969
898,253.89483418197457,458,0.05,1.005129969225728e-05,0.3903282680514872,0.388646288209607,0.06986899563318777,0.2096069868995633,0.3318777292576419
899,258.98923241056787,251,0.05,1.0000000000000467e-05,0.39026071855844835,0.18326693227091634,0.1394422310756972,0.5179282868525896,0.1593625498007968
900,169.1753801247756,1000,0.05,1e-05,0.38684531232002056,0.309,0.032,0.13,0.529
901,197.59289821562606,715,0.05,1e-05,0.3889840957606719,0.12167832167832168,0.17902097902097902,0.22097902097902097,0.4783216783216783
902,238.11918892483723,229,0.05,1e-05,0.393509380568965,0.26200873362445415,0.12663755458515283,0.4890829694323144,0.1222707423580786
903,256.4661273749472,313,0.05,1e-05,0.3882581900774895,0.3738019169329074,0.15654952076677317,0.3035143769968051,0.16613418530351437
904,273.7438011410581,229,0.05,1e-05,0.3821500547618698,0.17903930131004367,0.20087336244541484,0.38427947598253276,0.23580786026200873
905,229.96438313744716,369,0.05,1e-05,0.38717249216250577,0.4173441734417344,0.0975609756097561,0.3956639566395664,0.08943089430894309
906,273.67956587471485,252,0.05,1e-05,0.39058937871483,0.2222222222222222,0.25396825396825395,0.38095238095238093,0.14285714285714285
907,169.152018721327,1000,0.05,1e-05,0.39006706162982335,0.406,0.041,0.114,0.439
908,262.2519122167604,287,0.05,1e-05,0.3822433023963511,0.45993031358885017,0.09407665505226481,0.3554006968641115,0.09059233449477352
909,236.55741300645457,223,0.05,1e-05,0.39789865267007074,0.336322869955157,0.09865470852017937,0.5022421524663677,0.06278026905829596
910,254.96358859806932,247,0.05,1e-05,0.38519560678920634,0.3967611336032389,0.0931174089068826,0.44534412955465585,0.06477732793522267
911,257.8756483913709,240,0.05,1e-05,0.3856200845240906,0.325,0.08333333333333333,0.4791666666666667,0.1125
912,156.317424914636,1000,0.05,1e-05,0.3925832030975143,0.639,0.042,0.099,0.22
913,154.6244177377797,1000,0.05,1e-05,0.38328188453261974,0.281,0.026,0.125,0.568
914,231.1583086049244,278,0.05,1e-05,0.3920813315293305,0.06115107913669065,0.11151079136690648,0.381294964028777,0.4460431654676259
915,247.52353985238048,291,0.05,1e-05,0.382981940229704,0.35738831615120276,0.08247422680412371,0.48109965635738833,0.07903780068728522
916,276.12399925563943,287,0.05,1e-05,0.3923090237337902,0.3623693379790941,0.1602787456445993,0.34146341463414637,0.13588850174216027
917,217.2342479602213,375,0.05,1e-05,0.39520452081737417,0.25866666666666666,0.128,0.504,0.10933333333333334
918,284.0600447268338,360,0.05,1e-05,0.38444962516646275,0.3138888888888889,0.26944444444444443,0.2638888888888889,0.1527777777777778
919,269.391545046202,236,0.05,1e-05,0.38872922573190366,0.4322033898305085,0.0423728813559322,0.4830508474576271,0.0423728813559322
920,151.83396383693568,1000,0.05,1e-05,0.3880869414669878,0.629,0.045,0.109,0.217
921,267.154078088607,261,0.05,1e-05,0.3753628277735255,0.421455938697318,0.07279693486590039,0.421455938697318,0.0842911877394636
922,261.66229517570105,229,0.05,1e-05,0.38265407972343574,0.23580786026200873,0.10480349344978165,0.39737991266375544,0.26200873362445415
923,247.8440159317996,258,0.05,1e-05,0.36433625031080186,0.29457364341085274,0.15891472868217055,0.4108527131782946,0.13565891472868216
924,221.46155582521965,548,0.05,1e-05,0.38144062847428867,0.42883211678832117,0.08576642335766424,0.39233576642335766,0.09306569343065693
925,298.31749711474316,258,0.05,1e-05,0.3900273494993491,0.24806201550387597,0.2751937984496124,0.32170542635658916,0.15503875968992248
926,263.50393092223214,491,0.05,1e-05,0.3933780256039256,0.604887983706721,0.09775967413441955,0.18737270875763748,0.109979633401222
927,240.1140818815018,251,0.05,1e-05,0.3773780532463691,0.38247011952191234,0.0796812749003984,0.47808764940239046,0.05976095617529881
928,273.0880363325695,387,0.05,1e-05,0.37985072825534516,0.34366925064599485,0.09560723514211886,0.46770025839793283,0.09302325581395349
929,271.25625739527845,355,0.05,1e-05,0.3898360171766635,0.4,0.11267605633802817,0.30704225352112674,0.18028169014084508
930,234.41215434830738,390,0.05,1e-05,0.39311798388467456,0.27692307692307694,0.10256410256410256,0.5230769230769231,0.09743589743589744
931,261.22173476837963,290,0.05,1e-05,0.3719228154922734,0.42758620689655175,0.0896551724137931,0.39655172413793105,0.08620689655172414
932,146.13871470606415,1000,0.05,1e-05,0.3836595559465702,0.607,0.043,0.119,0.231
933,268.690398924512,242,0.05,1e-05,0.38042636309845934,0.3925619834710744,0.07851239669421488,0.43388429752066116,0.09504132231404959
934,244.82290229706518,304,0.05,1e-05,0.39902405477372377,0.4901315789473684,0.0625,0.3782894736842105,0.06907894736842106
935,281.4363301353037,131,0.05,1e-05,0.3775678014497523,0.3282442748091603,0.11450381679389313,0.4732824427480916,0.08396946564885496
936,222.96604851001626,402,0.05,1e-05,0.377379718586869,0.05970149253731343,0.15422885572139303,0.35323383084577115,0.43283582089552236
937,277.57836561188304,176,0.05,1e-05,0.38104921590305824,0.2556818181818182,0.125,0.5340909090909091,0.08522727272727272
938,250.36644364387413,224,0.05,1e-05,0.37205653827911195,0.33035714285714285,0.09821428571428571,0.46875,0.10267857142857142
939,234.4039218355284,395,0.05,1e-05,0.38107658192516,0.22278481012658227,0.15443037974683543,0.5164556962025316,0.10632911392405063
940,260.965281899739,230,0.05,1e-05,0.3760975561335409,0.23478260869565218,0.12608695652173912,0.5217391304347826,0.11739130434782609
941,238.91339106734802,236,0.05,1e-05,0.3919284706825827,0.3432203389830508,0.07203389830508475,0.3559322033898305,0.2288135593220339
942,260.9340633234767,311,0.05,1e-05,0.37837452370713437,0.27009646302250806,0.09967845659163987,0.5337620578778135,0.09646302250803858
943,229.84390574330564,261,0.05,1e-05,0.3745994176141163,0.3448275862068966,0.09578544061302682,0.47509578544061304,0.0842911877394636
944,237.90986031096278,284,0.05,1e-05,0.3817442434044998,0.21830985915492956,0.11971830985915492,0.5316901408450704,0.13028169014084506
945,248.55677862359164,365,0.05,1e-05,0.3826630170901094,0.40273972602739727,0.09041095890410959,0.4191780821917808,0.08767123287671233
946,221.0473511675994,549,0.05,1e-05,0.38016493218290226,0.5664845173041895,0.0546448087431694,0.25318761384335153,0.12568306010928962
947,241.45741813504787,487,0.05,1e-05,0.38004589835151126,0.162217659137577,0.433264887063655,0.2731006160164271,0.13141683778234087
948,24.16404609996148,119,0.05,1e-05,0.37224297567257436,0.12605042016806722,0.15966386554621848,0.5882352941176471,0.12605042016806722
949,262.43993935853536,272,0.05,1e-05,0.3920936152210431,0.34191176470588236,0.07352941176470588,0.5183823529411765,0.0661764705882353
950,22.770696687785573,134,0.05,1e-05,0.3800195880133357,0.1044776119402985,0.17164179104477612,0.5597014925373134,0.16417910447761194
951,156.8134237949465,1000,0.05,1e-05,0.3773342242590572,0.516,0.031,0.099,0.354
952,215.21391512548757,473,0.05,1e-05,0.3843566603185773,0.37209302325581395,0.08668076109936575,0.45454545454545453,0.08668076109936575
953,242.40389107516268,633,0.05,1e-05,0.38260940117939346,0.33175355450236965,0.36492890995260663,0.20063191153238547,0.10268562401263823
954,264.25253085897805,229,0.05,1e-05,0.38326490311459666,0.32751091703056767,0.14410480349344978,0.4017467248908297,0.12663755458515283
955,130.00509861418143,1000,0.05,1e-05,0.3850034718201563,0.334,0.055,0.191,0.42
956,213.65255350412934,257,0.05,1e-05,0.38506957688801197,0.3540856031128405,0.06614785992217899,0.5136186770428015,0.06614785992217899
957,233.9519520763873,314,0.05,1e-05,0.38016693512889604,0.321656050955414,0.08598726114649681,0.5063694267515924,0.08598726114649681
958,265.63134751906966,333,0.05,1e-05,0.3763189085773992,0.17417417417417416,0.12912912912912913,0.30930930930930933,0.38738738738738737
959,278.3908854461413,343,0.05,1e-05,0.3776345668403299,0.3323615160349854,0.08163265306122448,0.4314868804664723,0.15451895043731778
960,253.34673195795287,309,0.05,1e-05,0.3819889942673825,0.3365695792880259,0.07119741100323625,0.5436893203883495,0.04854368932038835
961,145.6446316517479,1000,0.05,1e-05,0.3821452496856655,0.45,0.062,0.114,0.374
962,281.91807922479796,281,0.05,1e-05,0.37835638472290695,0.18861209964412812,0.1601423487544484,0.5160142348754448,0.13523131672597866
963,261.9746818356454,374,0.05,1e-05,0.38053131271672835,0.35561497326203206,0.06951871657754011,0.3850267379679144,0.18983957219251338
964,271.27650717227647,287,0.05,1e-05,0.37358339101449883,0.1916376306620209,0.09059233449477352,0.41114982578397213,0.30662020905923343
965,130.5868787207698,1000,0.05,1e-05,0.3771123332228467,0.415,0.037,0.109,0.439
966,243.60869997824523,261,0.05,1e-05,0.3834701698449266,0.2950191570881226,0.09961685823754789,0.47509578544061304,0.13026819923371646
967,124.25039965750469,1000,0.05,1e-05,0.3735791969031458,0.483,0.043,0.147,0.327
968,270.0121036905749,356,0.05,1e-05,0.3856619027417834,0.3089887640449438,0.10112359550561797,0.5056179775280899,0.08426966292134831
969,251.3704102713249,190,0.05,1e-05,0.383892236176215,0.33157894736842103,0.07368421052631578,0.48947368421052634,0.10526315789473684
970,156.38598390094546,1000,0.05,1e-05,0.3810853028955025,0.517,0.045,0.113,0.325
971,265.18180768579316,301,0.05,1e-05,0.3762484887488256,0.2823920265780731,0.21926910299003322,0.3388704318936877,0.15946843853820597
972,287.0846936635923,364,0.05,1e-05,0.3831267669085624,0.26373626373626374,0.11813186813186813,0.510989010989011,0.10714285714285714
973,264.622296262346,263,0.05,1e-05,0.37416037046493245,0.20912547528517111,0.13688212927756654,0.55893536121673,0.09505703422053231
974,225.39897196412895,350,0.05,1e-05,0.3834594461493321,0.33714285714285713,0.05142857142857143,0.26857142857142857,0.34285714285714286
975,242.07163909527503,289,0.05,1e-05,0.3753864674027021,0.24567474048442905,0.10726643598615918,0.5432525951557093,0.10380622837370242
976,290.36150604098583,279,0.05,1e-05,0.3770538195245037,0.2222222222222222,0.26881720430107525,0.36917562724014336,0.13978494623655913
977,183.00824352060124,323,0.05,1e-05,0.37236082869097076,0.16408668730650156,0.06501547987616099,0.4613003095975232,0.30959752321981426
978,235.9691625747738,301,0.05,1e-05,0.38992492733421225,0.3920265780730897,0.059800664451827246,0.4983388704318937,0.04983388704318937
979,261.78788099389624,217,0.05,1e-05,0.3813438641745396,0.3870967741935484,0.08294930875576037,0.4423963133640553,0.08755760368663594
980,294.6890148283712,328,0.05,1e-05,0.3801273075417544,0.2926829268292683,0.21646341463414634,0.25914634146341464,0.23170731707317074
981,122.5257928727887,1000,0.05,1e-05,0.38393696665271937,0.415,0.03,0.151,0.404
982,264.8399733500961,455,0.05,1e-05,0.3856015628304127,0.3054945054945055,0.1076923076923077,0.4857142857142857,0.1010989010989011
983,240.4512709610359,259,0.05,1e-05,0.37825371711937567,0.19305019305019305,0.15444015444015444,0.4362934362934363,0.21621621621621623
984,266.62206383171895,237,0.05,1e-05,0.3655262527452166,0.3333333333333333,0.05485232067510549,0.5485232067510548,0.06329113924050633
985,244.41021013375,228,0.05,1e-05,0.3918495411489943,0.35526315789473684,0.06578947368421052,0.5043859649122807,0.07456140350877193
986,261.2917711878081,223,0.05,1e-05,0.3755631240921561,0.15695067264573992,0.22869955156950672,0.47085201793721976,0.14349775784753363
987,232.85796079939277,233,0.05,1e-05,0.37472484115535376,0.3905579399141631,0.060085836909871244,0.5064377682403434,0.04291845493562232
988,290.4360289215282,376,0.05,1e-05,0.3825795516472892,0.3617021276595745,0.1356382978723404,0.39361702127659576,0.10904255319148937
989,92.2302729364399,1000,0.05,1e-05,0.3841572295166538,0.404,0.02,0.17,0.406
990,282.14062972189936,409,0.05,1e-05,0.37994264629780916,0.20293398533007334,0.08312958435207823,0.2591687041564792,0.4547677261613692
991,254.60861015089776,214,0.05,1e-05,0.37282166623025614,0.38317757009345793,0.06542056074766354,0.4672897196261682,0.08411214953271028
992,258.8516329732895,315,0.05,1e-05,0.37726122750763746,0.23809523809523808,0.13333333333333333,0.5238095238095238,0.10476190476190476
993,237.40081835218268,231,0.05,1e-05,0.3820553397378334,0.341991341991342,0.08225108225108226,0.5108225108225108,0.06493506493506493
994,271.47827656730783,313,0.05,1e-05,0.3799023053453546,0.26517571884984026,0.10543130990415335,0.549520766773163,0.07987220447284345
995,246.83846307325925,224,0.05,1e-05,0.40310717889211445,0.3794642857142857,0.08928571428571429,0.45535714285714285,0.07589285714285714
996,276.55189429872803,219,0.05,1e-05,0.3879558529188454,0.3378995433789954,0.1004566210045662,0.4794520547945205,0.0821917808219178
997,289.1305683412717,336,0.05,1e-05,0.37730975732534017,0.24404761904761904,0.12797619047619047,0.5208333333333334,0.10714285714285714
998,238.30689609300669,405,0.05,1e-05,0.3777142377914877,0.4567901234567901,0.04197530864197531,0.3432098765432099,0.1580246913580247
999,288.253189472816,390,0.05,1e-05,0.3763284864734246,0.24358974358974358,0.11282051282051282,0.26666666666666666,0.3769230769230769
