Episode,Total_Reward,Steps,Epsilon,Learning_Rate,Average_Loss,Action_0_Percentage,Action_1_Percentage,Action_2_Percentage,Action_3_Percentage
0,-86.54424778810628,80,0.9950195566196387,0.000994896213044336,0.0,0.3,0.2375,0.225,0.2375
1,-315.34255673292324,94,0.9900639180555424,0.0009898184747299606,0.0,0.23404255319148937,0.2553191489361702,0.2872340425531915,0.22340425531914893
2,-70.54234089346559,78,0.9851329607687281,0.0009847666521101584,0.0,0.24358974358974358,0.24358974358974358,0.3076923076923077,0.20512820512820512
3,-126.5509650075868,104,0.9802265618354918,0.0009797406129167456,0.0,0.375,0.19230769230769232,0.2403846153846154,0.19230769230769232
4,-95.90005405491866,87,0.975344598944344,0.0009747402255566067,0.0,0.26436781609195403,0.3103448275862069,0.2413793103448276,0.1839080459770115
5,-65.69969329470621,72,0.9704869503929605,0.0009697653591082497,0.0,0.2222222222222222,0.2638888888888889,0.375,0.1388888888888889
6,-101.16863613265878,130,0.9656534950851489,0.000964815883318378,0.0,0.27692307692307694,0.23076923076923078,0.26153846153846155,0.23076923076923078
7,-166.14837187731257,90,0.9608441125278293,0.0009598916685984801,0.0,0.28888888888888886,0.26666666666666666,0.25555555555555554,0.18888888888888888
8,-163.31220783362494,76,0.956058682828031,0.0009549925860214364,0.0,0.25,0.27631578947368424,0.21052631578947367,0.2631578947368421
9,-69.01920632429304,61,0.9512970866899032,0.0009501185073181442,0.0,0.21311475409836064,0.26229508196721313,0.22950819672131148,0.29508196721311475
10,-303.74346362722576,124,0.9465592054117414,0.0009452693048741588,0.0,0.3064516129032258,0.25,0.23387096774193547,0.20967741935483872
11,-500.1985153938916,107,0.9418449208830285,0.0009404448517263523,0.0,0.2523364485981308,0.17757009345794392,0.2897196261682243,0.2803738317757009
12,-275.68360232842156,108,0.9371541155814898,0.0009356450215595899,0.0,0.2222222222222222,0.21296296296296297,0.28703703703703703,0.2777777777777778
13,-128.46084913226196,82,0.9324866725701636,0.000930869688703422,0.0,0.3048780487804878,0.2804878048780488,0.25609756097560976,0.15853658536585366
14,-109.59934214457138,77,0.9278424754944864,0.0009261187281287943,0.0,0.19480519480519481,0.3116883116883117,0.2857142857142857,0.2077922077922078
15,-244.88753897510466,119,0.9232214085793918,0.0009213920154447743,0.0,0.15966386554621848,0.2689075630252101,0.31092436974789917,0.2605042016806723
16,-163.4409700389285,102,0.9186233566264248,0.0009166894268952941,0.0,0.24509803921568626,0.23529411764705882,0.2549019607843137,0.2647058823529412
17,-140.84193593703424,60,0.9140482050108695,0.0009120108393559106,0.0,0.35,0.2833333333333333,0.11666666666666667,0.25
18,-220.88220739990217,68,0.9094958396788919,0.0009073561303305816,0.0,0.22058823529411764,0.3088235294117647,0.3382352941176471,0.1323529411764706
19,-463.1935428506895,104,0.904966147144697,0.0009027251779484585,0.0,0.2980769230769231,0.28846153846153844,0.2980769230769231,0.11538461538461539
20,-129.763180641175,75,0.9004590144876992,0.0008981178609606956,0.0,0.21333333333333335,0.22666666666666666,0.24,0.32
21,-273.51354545517665,84,0.8959743293497072,0.0008935340587372753,0.0,0.20238095238095238,0.32142857142857145,0.30952380952380953,0.16666666666666666
22,-122.96369796073435,81,0.8915119799321238,0.0008889736512638504,0.0,0.24691358024691357,0.18518518518518517,0.25925925925925924,0.30864197530864196
23,-449.50381580675116,91,0.8870718549931581,0.0008844365191386009,0.0,0.25274725274725274,0.15384615384615385,0.31868131868131866,0.27472527472527475
24,-288.3945479095731,155,0.8826538438450526,0.0008799225435691082,0.0,0.25806451612903225,0.1935483870967742,0.3096774193548387,0.23870967741935484
25,-600.2526532380275,112,0.878257836351324,0.0008754316063692454,0.0,0.20535714285714285,0.1875,0.29464285714285715,0.3125
26,-100.46032482941791,104,0.8738837229240176,0.0008709635899560819,0.0,0.17307692307692307,0.25,0.36538461538461536,0.21153846153846154
27,-89.79393441025488,76,0.8695313945209752,0.0008665183773468056,0.0,0.3026315789473684,0.23684210526315788,0.2631578947368421,0.19736842105263158
28,-263.81467796098786,80,0.8652007426431169,0.0008620958521556597,0.0,0.25,0.225,0.3125,0.2125
29,-56.71912342815203,84,0.8608916593317363,0.0008576958985908955,0.0,0.19047619047619047,0.2619047619047619,0.3333333333333333,0.21428571428571427
30,-153.88789336082027,97,0.8566040371658092,0.0008533184014517406,0.0,0.20618556701030927,0.23711340206185566,0.32989690721649484,0.2268041237113402
31,-327.5944364783293,92,0.852337769259316,0.000848963246125383,0.0,0.25,0.31521739130434784,0.32608695652173914,0.10869565217391304
32,-162.02608216526517,60,0.8480927492585766,0.0008446303185839699,0.0,0.16666666666666666,0.25,0.23333333333333334,0.35
33,-17.55034872111503,83,0.8438688713395993,0.0008403195053816226,0.0,0.21686746987951808,0.18072289156626506,0.3253012048192771,0.27710843373493976
34,-296.09831275180187,109,0.8396660302054431,0.0008360306936514657,0.0,0.1926605504587156,0.14678899082568808,0.3761467889908257,0.28440366972477066
35,-176.42913584235617,107,0.8354841210835922,0.0008317637711026725,0.0,0.2336448598130841,0.1308411214953271,0.42990654205607476,0.205607476635514
36,-485.01830703476855,96,0.8313230397233444,0.0008275186260175247,0.0,0.17708333333333334,0.3125,0.3541666666666667,0.15625
37,-306.81942029795937,94,0.8271826823932125,0.0008232951472484873,0.0,0.20212765957446807,0.19148936170212766,0.3617021276595745,0.24468085106382978
38,-101.5756272397222,110,0.8230629458783377,0.0008190932242152989,0.0,0.23636363636363636,0.21818181818181817,0.38181818181818183,0.16363636363636364
39,-552.277507385751,110,0.8189637274779172,0.000814912746902076,0.0,0.17272727272727273,0.16363636363636364,0.4,0.2636363636363636
40,-431.69072281541287,91,0.8148849250026439,0.0008107536058544327,0.0,0.2087912087912088,0.2087912087912088,0.26373626373626374,0.31868131868131866
41,-104.06667529509554,112,0.8108264367721583,0.0008066156921766152,0.0,0.24107142857142858,0.22321428571428573,0.3392857142857143,0.19642857142857142
42,-449.4845997174557,83,0.8067881616125144,0.0008024988975286502,0.0,0.18072289156626506,0.1686746987951807,0.3614457831325301,0.2891566265060241
43,-71.84991789766727,71,0.8027699988536575,0.0007984031141235085,0.0,0.16901408450704225,0.19718309859154928,0.38028169014084506,0.2535211267605634
44,-41.59304621117013,113,0.7987718483269142,0.0007943282347242834,0.0,0.19469026548672566,0.17699115044247787,0.34513274336283184,0.2831858407079646
45,-12.631911240588778,150,0.7947936103624954,0.0007902741526413818,0.0,0.14666666666666667,0.24666666666666667,0.3333333333333333,0.2733333333333333
46,-203.27011451490702,131,0.7908351857870121,0.0007862407617297322,0.0,0.21374045801526717,0.22137404580152673,0.3435114503816794,0.22137404580152673
47,-168.7358274257182,134,0.7868964759210023,0.0007822279563860046,0.0,0.20149253731343283,0.20149253731343283,0.373134328358209,0.22388059701492538
48,-81.17653384602932,107,0.7829773825764719,0.0007782356315458458,0.0,0.21495327102803738,0.21495327102803738,0.411214953271028,0.1588785046728972
49,-328.571257331065,93,0.7790778080544463,0.000774263682681129,0.0,0.12903225806451613,0.23655913978494625,0.3763440860215054,0.25806451612903225
50,-407.7040624647261,79,0.7751976551425351,0.0007703120057972166,0.0,0.1518987341772152,0.21518987341772153,0.5063291139240507,0.12658227848101267
51,-132.546464788326,103,0.771336827112509,0.0007663804974302373,0.0,0.22330097087378642,0.1941747572815534,0.2912621359223301,0.2912621359223301
52,-356.07950181776914,98,0.7674952277178876,0.0007624690546443775,1.5346904227639726,0.1836734693877551,0.25510204081632654,0.29591836734693877,0.2653061224489796
53,-113.7265362022485,103,0.7636727611915411,0.0007585775750291859,1.0528104714948932,0.24271844660194175,0.24271844660194175,0.2815533980582524,0.23300970873786409
54,-84.64935467677662,122,0.7598693322433026,0.0007547059566968927,0.9540677333642787,0.16393442622950818,0.22131147540983606,0.4180327868852459,0.19672131147540983
55,-37.60829755751455,112,0.7560848460575919,0.000750854098279741,0.8928340156183647,0.13392857142857142,0.20535714285714285,0.45535714285714285,0.20535714285714285
56,-101.28357966574205,97,0.7523192082910528,0.0007470218989273339,0.8420506046974856,0.25773195876288657,0.12371134020618557,0.44329896907216493,0.17525773195876287
57,-61.920312236596715,109,0.748572325070201,0.0007432092583039931,0.8124984893674061,0.2018348623853211,0.21100917431192662,0.41284403669724773,0.1743119266055046
58,-135.3195500734759,77,0.7448441029890834,0.0007394160765861323,0.7557970723083288,0.2077922077922078,0.16883116883116883,0.4025974025974026,0.22077922077922077
59,-210.65459502606913,115,0.7411344491069503,0.0007356422544596437,0.747660463927278,0.17391304347826086,0.30434782608695654,0.2782608695652174,0.24347826086956523
60,-53.18605683145686,83,0.7374432709459379,0.0007318876931172971,0.7499064991011227,0.2289156626506024,0.2289156626506024,0.3253012048192771,0.21686746987951808
61,-89.11938838236479,95,0.7337704764887631,0.000728152294256154,0.7362001091084712,0.16842105263157894,0.21052631578947367,0.3368421052631579,0.28421052631578947
62,-343.3232355434874,112,0.7301159741764301,0.0007244359600749925,0.7050256680451962,0.13392857142857142,0.24107142857142858,0.33035714285714285,0.29464285714285715
63,-121.28969650210296,86,0.7264796729059471,0.0007207385932717478,0.6911410307202067,0.13953488372093023,0.37209302325581395,0.20930232558139536,0.27906976744186046
64,-55.905115166322496,170,0.7228614820280556,0.0007170600970409636,0.6913988280074088,0.17647058823529413,0.2529411764705882,0.35294117647058826,0.21764705882352942
65,-110.61765419837538,131,0.7192613113449707,0.0007134003750712587,0.689037606792057,0.17557251908396945,0.16793893129770993,0.42748091603053434,0.22900763358778625
66,-59.65342477575719,171,0.7156790711081327,0.0007097593315428041,0.6735413135188985,0.1871345029239766,0.2222222222222222,0.4152046783625731,0.17543859649122806
67,-43.2461350107445,163,0.712114672015969,0.000706136871124815,0.6737964491927046,0.19631901840490798,0.15337423312883436,0.49079754601226994,0.15950920245398773
68,-267.1216942612019,97,0.708568025211669,0.0007025328989730546,0.6896127512641633,0.20618556701030927,0.17525773195876287,0.4020618556701031,0.21649484536082475
69,-215.92883616506586,118,0.7050390422809678,0.000698947320727351,0.6693984758838908,0.19491525423728814,0.19491525423728814,0.3559322033898305,0.2542372881355932
70,-95.15311164570927,135,0.7015276352499433,0.0006953800425091263,0.6814050553647778,0.17777777777777778,0.17777777777777778,0.4074074074074074,0.23703703703703705
71,-124.67259559481377,157,0.6980337165828222,0.000691830970918939,0.6902716262274784,0.16560509554140126,0.21656050955414013,0.3630573248407643,0.25477707006369427
72,-133.37289912208217,107,0.6945571991797983,0.0006883000130340385,0.6756233813507625,0.14953271028037382,0.2336448598130841,0.411214953271028,0.205607476635514
73,-128.76542977850735,126,0.691097996374861,0.0006847870764059319,1.0757510911148325,0.1746031746031746,0.24603174603174602,0.3253968253968254,0.25396825396825395
74,-112.84627509932213,105,0.6876560219336348,0.0006812920690579639,1.096356929196608,0.11428571428571428,0.19047619047619047,0.44761904761904764,0.24761904761904763
75,-233.03888060965355,214,0.6842311900512299,0.0006778148994829084,0.9226808043812008,0.18691588785046728,0.18691588785046728,0.3925233644859813,0.2336448598130841
76,-85.02370146394296,108,0.6808234153501025,0.0006743554766405727,0.8589094993324857,0.2037037037037037,0.1111111111111111,0.5092592592592593,0.17592592592592593
77,-85.34404347488118,70,0.6774326128779271,0.0006709137099554139,0.8756723557122511,0.12857142857142856,0.18571428571428572,0.42857142857142855,0.2571428571428571
78,-392.6405347028983,127,0.6740586981054784,0.0006674895093141672,0.7930486149474637,0.2283464566929134,0.23622047244094488,0.2677165354330709,0.2677165354330709
79,-154.56847639554076,109,0.670701586924524,0.0006640827850634869,0.8175474764744631,0.1559633027522936,0.29357798165137616,0.3577981651376147,0.1926605504587156
80,-56.17216934175948,135,0.6673611956457279,0.0006606934480075987,0.7690905866119888,0.18518518518518517,0.15555555555555556,0.48148148148148145,0.17777777777777778
81,-15.700992263967265,98,0.6640374409965641,0.0006573214094059647,0.755451627124767,0.19387755102040816,0.1836734693877551,0.45918367346938777,0.16326530612244897
82,-98.42355671464836,112,0.6607302401192408,0.0006539665809709598,0.7719476017102374,0.15178571428571427,0.2767857142857143,0.38392857142857145,0.1875
83,-129.632271472404,107,0.6574395105686344,0.0006506288748655599,0.7494753876453069,0.17757009345794392,0.2803738317757009,0.3644859813084112,0.17757009345794392
84,-51.665698245234104,124,0.6541651703102348,0.0006473082037010426,0.7491750265186694,0.1693548387096774,0.14516129032258066,0.43548387096774194,0.25
85,-72.23769119055305,119,0.6509071377181003,0.0006440044805346987,0.7388891785933253,0.19327731092436976,0.20168067226890757,0.40336134453781514,0.20168067226890757
86,-91.41693899384181,103,0.6476653315728222,0.0006407176188675564,0.7241426759035835,0.1941747572815534,0.22330097087378642,0.36893203883495146,0.21359223300970873
87,-83.45143619594876,117,0.6444396710595008,0.000637447532642116,0.7207574230863636,0.17094017094017094,0.18803418803418803,0.48717948717948717,0.15384615384615385
88,-237.83782727654608,156,0.6412300757657303,0.0006341941362400969,0.7435179712177646,0.16025641025641027,0.20512820512820512,0.40384615384615385,0.23076923076923078
89,-80.29691173756915,174,0.6380364656795943,0.000630957344480196,0.7236343884059289,0.1781609195402299,0.16666666666666666,0.4367816091954023,0.21839080459770116
90,-103.8457502679593,212,0.6348587611876713,0.0006277370726158575,0.7129012628158743,0.1509433962264151,0.19339622641509435,0.46226415094339623,0.19339622641509435
91,-9.047953834476417,1000,0.6316968830730497,0.0006245332363330539,0.983455443466194,0.2,0.18,0.183,0.437
92,-273.5029077715775,212,0.6285507525133537,0.0006213457517480785,0.88353851771421,0.12264150943396226,0.21226415094339623,0.4009433962264151,0.2641509433962264
93,-138.50692254456789,242,0.6254202910787774,0.0006181745354053494,0.8497032503787361,0.13636363636363635,0.19421487603305784,0.47520661157024796,0.19421487603305784
94,-99.46311499132347,88,0.6223054207301305,0.0006150195042752238,0.8857425222351619,0.20454545454545456,0.26136363636363635,0.3977272727272727,0.13636363636363635
95,-89.18599154616344,151,0.6192060638168921,0.0006118805757518249,0.867577916459989,0.15894039735099338,0.17880794701986755,0.4768211920529801,0.18543046357615894
96,-112.14678419601785,151,0.6161221430752757,0.0006087576676508784,0.8318148712694734,0.15894039735099338,0.1986754966887417,0.4966887417218543,0.1456953642384106
97,-77.7311427029952,134,0.6130535816263024,0.0006056506982075613,0.8212966577467299,0.1791044776119403,0.1865671641791045,0.44776119402985076,0.1865671641791045
98,-46.2813819655695,1000,0.6100003029738849,0.0006025595860743607,0.9567079094743645,0.324,0.191,0.228,0.257
99,-86.0116673274473,152,0.6069622310029202,0.000599484250318944,1.1411761342394897,0.19078947368421054,0.17105263157894737,0.4144736842105263,0.2236842105263158
100,-79.86354819147614,94,0.6039392899773924,0.0005964246104220401,1.108163542404656,0.19148936170212766,0.19148936170212766,0.39361702127659576,0.22340425531914893
101,-217.79214286642514,158,0.6009314045384845,0.000593380586275331,1.0539205763730797,0.13924050632911392,0.22784810126582278,0.3987341772151899,0.23417721518987342
102,-59.24089200416351,201,0.5979384997026995,0.0005903520981793547,1.048384805658,0.16417910447761194,0.15920398009950248,0.4925373134328358,0.18407960199004975
103,-0.18379512412349186,107,0.5949605008599921,0.0005873390668414179,0.977834740692643,0.19626168224299065,0.1308411214953271,0.5514018691588785,0.12149532710280374
104,-195.8628243868177,225,0.5919973337719074,0.0005843414133735207,0.9540918466700254,0.14222222222222222,0.23555555555555555,0.43555555555555553,0.18666666666666668
105,-161.64154070171307,112,0.5890489245697316,0.0005813590592902906,0.9421576968931484,0.16964285714285715,0.29464285714285715,0.2857142857142857,0.25
106,-99.77530455940276,128,0.5861151997526493,0.0005783919265069276,0.9813115756787754,0.1953125,0.2109375,0.4140625,0.1796875
107,-52.79410365956195,137,0.583196086185912,0.0005754399373371601,0.9645834931424833,0.12408759124087591,0.2116788321167883,0.49635036496350365,0.1678832116788321
108,-239.26983532782714,131,0.5802915110990148,0.0005725030144912106,0.9505919964018176,0.16030534351145037,0.1984732824427481,0.35877862595419846,0.2824427480916031
109,-101.09062725363653,156,0.5774014020838818,0.0005695810810737719,0.957192875588348,0.1282051282051282,0.19230769230769232,0.44871794871794873,0.23076923076923078
110,-3.895726184093192,145,0.5745256870930618,0.0005666740605819945,0.9559579755576626,0.10344827586206896,0.1310344827586207,0.5793103448275863,0.18620689655172415
111,-65.74897364810222,288,0.5716642944379317,0.0005637818769034828,0.9119163909461719,0.17708333333333334,0.1527777777777778,0.5173611111111112,0.1527777777777778
112,-130.75440186247033,218,0.5688171527869094,0.000560904454314303,0.9152100054810621,0.15137614678899083,0.17889908256880735,0.41743119266055045,0.25229357798165136
113,-209.0862300896783,146,0.5659841911636758,0.0005580417174769997,1.3246911868101823,0.2054794520547945,0.1780821917808219,0.4315068493150685,0.18493150684931506
114,-48.18069591924504,182,0.5631653389454055,0.0005551935914386241,1.2346899569060399,0.14285714285714285,0.18681318681318682,0.5164835164835165,0.15384615384615385
115,-117.66350608300186,176,0.5603605258610059,0.0005523600016287713,1.145354459880554,0.1534090909090909,0.22727272727272727,0.42613636363636365,0.19318181818181818
116,-76.05346897165444,130,0.5575696819893657,0.0005495408738576278,1.1436880702521224,0.11538461538461539,0.19230769230769232,0.43846153846153846,0.25384615384615383
117,-169.44807486014818,129,0.5547927377576116,0.000546736134314029,1.047565551112199,0.13178294573643412,0.24031007751937986,0.4186046511627907,0.20930232558139536
118,-50.72972013591318,169,0.5520296239393742,0.0005439457095635269,1.0375706546822772,0.1301775147928994,0.1301775147928994,0.5739644970414202,0.16568047337278108
119,-21.72393804866152,1000,0.5492802716530619,0.000541169526546467,1.0073735885825463,0.209,0.356,0.283,0.152
120,14.401694405530634,157,0.5465446123601444,0.0005384075125760762,0.9636705943014513,0.15286624203821655,0.29936305732484075,0.29936305732484075,0.2484076433121019
121,-90.2249828762386,238,0.5438225778634432,0.0005356595953365588,0.9548457659774975,0.13445378151260504,0.1722689075630252,0.5504201680672269,0.14285714285714285
122,-97.37213062664144,165,0.5411141003054323,0.0005329257028812037,0.968617838776937,0.12727272727272726,0.18787878787878787,0.47878787878787876,0.20606060606060606
123,-13.387649109099916,1000,0.5384191121665459,0.0005302057636305005,1.268263992213966,0.368,0.198,0.286,0.148
124,-18.26154216499141,159,0.535737546263496,0.0005274997063702652,1.1471574210631401,0.14465408805031446,0.14465408805031446,0.559748427672956,0.1509433962264151
125,-97.28069249927677,216,0.533069335747597,0.000524807460249776,1.1199620204146739,0.12962962962962962,0.16666666666666666,0.47685185185185186,0.22685185185185186
126,-22.40308668429438,100,0.5304144141030992,0.000522128954779918,1.1824820573641694,0.19,0.09,0.54,0.18
127,-91.19535050125643,140,0.5277727151455311,0.0005194641198313376,1.0163733013326257,0.11428571428571428,0.20714285714285716,0.4357142857142857,0.24285714285714285
128,-18.225430132421096,148,0.5251441730200492,0.0005168128856326069,1.0208823043971884,0.10135135135135136,0.13513513513513514,0.5472972972972973,0.21621621621621623
129,-29.897552268240744,104,0.5225287221997962,0.0005141751827683961,1.0255461991906016,0.10576923076923077,0.18269230769230768,0.5576923076923077,0.15384615384615385
130,-46.62971306665804,1000,0.5199262974842676,0.0005115509421776565,1.1343420233183954,0.296,0.295,0.237,0.172
131,-22.500419339609692,229,0.5173368339976863,0.0005089400951518125,1.1221959343531964,0.18340611353711792,0.15283842794759825,0.5065502183406113,0.1572052401746725
132,-123.47886693116209,183,0.5147602671873854,0.0005063425733329622,1.1611273266412676,0.12021857923497267,0.1912568306010929,0.45901639344262296,0.22950819672131148
133,-66.02876927653037,145,0.512196532822199,0.000503758308712088,1.1593396947464887,0.13793103448275862,0.22758620689655173,0.43448275862068964,0.2
134,-17.332019031849953,145,0.5096455669908607,0.0005011872336272758,1.1747563009631667,0.19310344827586207,0.1310344827586207,0.5655172413793104,0.1103448275862069
135,-22.50295183797715,157,0.5071073061004107,0.0004986292807619435,1.118354598041079,0.10828025477707007,0.17834394904458598,0.535031847133758,0.17834394904458598
136,-11.773764542683432,1000,0.50458168687461,0.0004960843831430785,1.07403105720025,0.248,0.153,0.244,0.355
137,-217.0375868481372,200,0.5020686463523638,0.0004935524741394842,1.0196580165062281,0.135,0.18,0.505,0.18
138,-2.478481731652323,180,0.49956812188615124,0.0004910334874600353,1.2452660052191271,0.1,0.15,0.5944444444444444,0.15555555555555556
139,-79.146471238867,187,0.49708005114046383,0.0004885273571519426,1.2853255689799357,0.1497326203208556,0.19786096256684493,0.46524064171123,0.18716577540106952
140,-21.427157711626975,321,0.49460437209025165,0.0004860340175990254,1.2685126559175002,0.14018691588785046,0.1838006230529595,0.5109034267912772,0.16510903426791276
141,-123.73468182037553,125,0.492141023019377,0.00048355340351999445,1.195236356063268,0.152,0.2,0.376,0.272
142,-63.20741372173078,121,0.48968994251907594,0.0004810854499667421,1.1449614418710246,0.09917355371900827,0.24793388429752067,0.4297520661157025,0.2231404958677686
143,-2.7328384133918564,1000,0.4872510694864273,0.000478630092322642,1.1189607800951762,0.207,0.144,0.258,0.391
144,-47.395437532792954,295,0.4848243431228297,0.0004761872663008574,1.0584728375380055,0.11864406779661017,0.1864406779661017,0.5288135593220339,0.16610169491525423
145,-40.151434997240635,173,0.4824097029324856,0.00047375690794265767,1.0420022078952509,0.08670520231213873,0.21965317919075145,0.4797687861271676,0.2138728323699422
146,-31.794633396905425,108,0.4800070887208934,0.00047133895361574417,1.048555029800218,0.2037037037037037,0.17592592592592593,0.4722222222222222,0.14814814814814814
147,-9.668924568853825,114,0.47761644059334696,0.0004689333400125837,1.1638186621530988,0.13157894736842105,0.2631578947368421,0.3333333333333333,0.2719298245614035
148,-50.502933124732884,121,0.4752376989534421,0.0004665400041487515,1.372574814044544,0.10743801652892562,0.2396694214876033,0.39669421487603307,0.256198347107438
149,-92.94585283824156,113,0.4728708045015913,0.0004641588833612816,1.374328883033956,0.1415929203539823,0.25663716814159293,0.3185840707964602,0.2831858407079646
150,-44.06231946517733,291,0.4705156982335452,0.0004617899153070266,1.2638750382023327,0.14776632302405499,0.1718213058419244,0.5051546391752577,0.17525773195876287
151,-50.92590767666402,118,0.4681723214389219,0.00045943303796102536,1.265822406323189,0.1271186440677966,0.2542372881355932,0.3389830508474576,0.2796610169491525
152,-43.09772573127201,170,0.46584061569974305,0.00045708818961487873,1.2313672132359708,0.15294117647058825,0.1588235294117647,0.5411764705882353,0.14705882352941177
153,10.273266388924071,202,0.4635205228889778,0.0004547553088751342,1.1772170252209493,0.0891089108910891,0.21782178217821782,0.5346534653465347,0.15841584158415842
154,-61.87454327964973,305,0.4612119851690938,0.00045243433466167824,1.1222429120555955,0.10163934426229508,0.18032786885245902,0.521311475409836,0.19672131147540983
155,-33.60999065169145,160,0.4589149449906151,0.00045012520620613735,1.0894569991470893,0.15625,0.1625,0.51875,0.1625
156,-34.92312381053932,277,0.4566293450906877,0.0004478278630502868,1.1328283006555446,0.09747292418772563,0.18050541516245489,0.51985559566787,0.20216606498194944
157,-61.44577553729236,141,0.45435512849165205,0.0004455422450444678,1.1188749168459677,0.15602836879432624,0.1773049645390071,0.524822695035461,0.14184397163120568
158,-42.159703699132045,1000,0.4520922384996226,0.0004432682923460125,1.2361610491878332,0.284,0.238,0.317,0.161
159,-16.601882583714747,1000,0.44984061870307446,0.00044100594541767737,1.2198545578258322,0.406,0.127,0.217,0.25
160,20.688824326101912,1000,0.4476002129714371,0.0004387551450260843,1.1294431755760137,0.184,0.149,0.214,0.453
161,1.8535160222554339,96,0.4453709654536952,0.00043651583224016963,1.2602816558481436,0.13541666666666666,0.1875,0.5104166666666666,0.16666666666666666
162,7.898568563869873,171,0.44315282057699623,0.00043428794842964135,1.4569817763032191,0.15789473684210525,0.14035087719298245,0.5497076023391813,0.15204678362573099
163,-56.76509382264436,236,0.4409457230452651,0.000432071435263444,1.3498094654896187,0.15254237288135594,0.19491525423728814,0.4533898305084746,0.19915254237288135
164,-13.180584027585411,193,0.4387496178378257,0.00042986623470823136,1.3362122230166769,0.12953367875647667,0.23316062176165803,0.46632124352331605,0.17098445595854922
165,-62.670800713385134,167,0.43656445020802925,0.00042767228902684703,1.2590228901190084,0.1497005988023952,0.1317365269461078,0.5508982035928144,0.16766467065868262
166,12.973218646866414,134,0.4343901656818896,0.0004254895407768128,1.2461097751261043,0.12686567164179105,0.1865671641791045,0.5,0.1865671641791045
167,-58.06326942832697,1000,0.4322267100567252,0.0004233179328088246,1.2068032861746574,0.218,0.159,0.318,0.305
168,-36.11070084679051,89,0.4300740293998078,0.0004211574082652562,1.1621100320806113,0.11235955056179775,0.16853932584269662,0.5280898876404494,0.19101123595505617
169,-4.684479761472296,1000,0.4279320700470182,0.0004190079105786707,1.170445957191091,0.397,0.178,0.204,0.221
170,-88.44607562728066,385,0.4258007786015082,0.00041686938347033914,1.2339355095023827,0.15324675324675324,0.15584415584415584,0.535064935064935,0.15584415584415584
171,-21.285730882571855,171,0.42368010193236966,0.00041474177094876744,1.1757653433141828,0.0935672514619883,0.18128654970760233,0.5029239766081871,0.2222222222222222
172,-37.74640058513038,172,0.4215699871733098,0.00041262501730823006,1.2057094687081737,0.11627906976744186,0.12790697674418605,0.5697674418604651,0.18604651162790697
173,0.1436495737077763,169,0.4194703817213335,0.0004105190671273116,1.1719756543659658,0.10650887573964497,0.1952662721893491,0.5207100591715976,0.17751479289940827
174,-10.106628051398966,1000,0.41738123323543186,0.0004084238652674558,1.0981337525870685,0.225,0.159,0.225,0.391
175,-78.61308092807235,156,0.41530248963527744,0.00040633935687152184,1.1063273672892102,0.1346153846153846,0.21153846153846154,0.46794871794871795,0.1858974358974359
176,22.24522777901136,153,0.41323409909992587,0.000404265487362348,1.1575148048035504,0.13071895424836602,0.1437908496732026,0.5686274509803921,0.1568627450980392
177,-85.46504141704017,1000,0.4111760100665241,0.00040220220244132287,1.075763143165658,0.183,0.147,0.358,0.312
178,-103.23632078820394,507,0.4091281712290249,0.00040014944808696346,1.0270865429767668,0.11834319526627218,0.16765285996055226,0.5502958579881657,0.16370808678500987
179,-20.80171387648332,215,0.407090531536908,0.000398107170553501,1.0869625738130415,0.10697674418604651,0.17209302325581396,0.5255813953488372,0.19534883720930232
180,-32.41552797256334,1000,0.40506304019390726,0.00039607531636947366,1.0902014918847245,0.26,0.132,0.313,0.295
181,-50.521093379855294,188,0.40304564665674447,0.0003940538323363266,1.0632523583355973,0.13297872340425532,0.21808510638297873,0.4521276595744681,0.19680851063829788
182,15.827564797841001,1000,0.40103830063386947,0.00039204266552701896,1.0693120489053909,0.438,0.127,0.241,0.194
183,17.404335758243484,1000,0.39904095208420615,0.00039004176328463834,1.0318292366052575,0.425,0.182,0.189,0.204
184,-41.24156476903975,1000,0.3970535512159053,0.00038805107322102195,1.094273265200653,0.319,0.13,0.23,0.321
185,-3.3875313542208905,1000,0.3950760484851031,0.000386070543215385,1.035163919811234,0.359,0.113,0.211,0.317
186,32.823200911545776,1000,0.39310839459468616,0.00038410012141295614,1.0679787008437533,0.41,0.219,0.171,0.2
187,-103.63891406099424,1000,0.3911505404930626,0.0003821397562236197,1.0307015515278937,0.284,0.137,0.37,0.209
188,19.930502553501206,1000,0.38920243737293914,0.00038018939632056487,1.012502528894838,0.332,0.135,0.249,0.284
189,-43.769522165616905,237,0.3872640366701046,0.00037824899063894216,1.1027472067479034,0.14767932489451477,0.16877637130801687,0.4810126582278481,0.20253164556962025
190,-117.59703991073917,162,0.385335290062219,0.000376318488374526,1.1181834364127585,0.18518518518518517,0.14814814814814814,0.5432098765432098,0.12345679012345678
191,-115.54709024684202,1000,0.38341614946760905,0.0003743978389823848,1.0791753821347938,0.179,0.17,0.385,0.266
192,-39.86749743348551,1000,0.3815065670440695,0.0003724869921755577,1.0594326761918686,0.381,0.146,0.267,0.206
193,-22.848004629708253,1000,0.3796064951876705,0.0003705858979237375,1.0988038633724286,0.331,0.363,0.19,0.116
194,30.443203145241444,1000,0.3777158865315709,0.00036869450645196124,1.0495573865425196,0.349,0.229,0.128,0.294
195,-65.05786953090916,1000,0.37583469394483743,0.0003668127682393067,1.0431630860529622,0.275,0.265,0.321,0.139
196,-16.004778220763725,142,0.37396287053126975,0.00036494063401759587,1.120195392060078,0.16901408450704225,0.19718309859154928,0.4225352112676056,0.2112676056338028
197,-73.93328924809585,1000,0.3721003696282314,0.00036307805477010503,1.0419393562337,0.361,0.168,0.342,0.129
198,-67.30610651072301,368,0.3702471448054865,0.00036122498173028143,1.0026396060878484,0.16847826086956522,0.15217391304347827,0.529891304347826,0.14945652173913043
199,-43.1487908300686,1000,0.3684031498640423,0.0003593813663804664,1.032290824006117,0.429,0.159,0.263,0.149
200,-20.163320221801683,1000,0.3665683388349977,0.000357547160450625,1.0125008637157944,0.423,0.127,0.217,0.233
201,-92.54635628198312,1000,0.3647426659783969,0.00035572231591708236,0.9764714919186356,0.203,0.31,0.304,0.183
202,-69.40704510648656,357,0.36292608578208946,0.0003539067850012661,1.111742043820806,0.18487394957983194,0.1484593837535014,0.5294117647058824,0.13725490196078433
203,-159.76469749898888,447,0.36111855296059564,0.0003521005201684556,1.027721542524182,0.12080536912751678,0.1789709172259508,0.5123042505592841,0.18791946308724833
204,-14.512989781612873,117,0.3593200224539774,0.0003503034741265373,1.0397654708714297,0.11965811965811966,0.17094017094017094,0.5470085470085471,0.1623931623931624
205,-83.92577668771436,204,0.3575304494267152,0.00034851559982476644,1.0444963245460062,0.10294117647058823,0.20098039215686275,0.5392156862745098,0.1568627450980392
206,-14.554341433274104,141,0.3557497892665903,0.0003467368504525353,0.9957505192262222,0.12056737588652482,0.19858156028368795,0.475177304964539,0.20567375886524822
207,-19.03954897378676,1000,0.35397799758357257,0.0003449671794381476,1.018402616195278,0.256,0.434,0.191,0.119
208,-64.79752056481945,1000,0.3522150302087139,0.0003432065404475989,1.0475186617696586,0.367,0.117,0.354,0.162
209,-36.66667900095025,1000,0.35046084319304716,0.0003414548873833638,1.029051359994166,0.281,0.159,0.416,0.144
210,-28.621958779253035,1000,0.3487153928064905,0.0003397121743831888,1.023932602610353,0.451,0.153,0.226,0.17
211,-33.90417432299194,1000,0.34697863553675734,0.0003379783558188916,1.0540994432950752,0.41,0.151,0.284,0.155
212,-33.91343228435852,1000,0.3452505280882715,0.0003362533862951663,1.0088781618483387,0.462,0.12,0.244,0.174
213,-29.22472635318145,1000,0.34353102738108804,0.00033453722064839516,1.0324291940520627,0.337,0.114,0.258,0.291
214,-21.73107307032069,97,0.34182009054981916,0.00033282981394546575,1.060117935487651,0.16494845360824742,0.18556701030927836,0.5463917525773195,0.10309278350515463
215,-35.907625027590534,1000,0.3401176749425658,0.00033113112148259473,0.9858368575821205,0.274,0.112,0.249,0.365
216,-251.48881359130579,524,0.3384237381198542,0.00032944109878415743,1.00590429507416,0.14885496183206107,0.37595419847328243,0.34541984732824427,0.1297709923664122
217,-19.280401088542988,1000,0.33673823785357804,0.0003277597016015232,1.0261717886450696,0.389,0.136,0.305,0.17
218,-84.54060633966157,336,0.3350611321259457,0.00032608688591189696,1.015449443731498,0.15773809523809523,0.16071428571428573,0.5059523809523809,0.17559523809523808
219,-36.2007322012973,109,0.33339237912843267,0.0003244226079171667,0.9941647039336869,0.13761467889908258,0.22935779816513763,0.44036697247706424,0.1926605504587156
220,-11.361844987277621,113,0.3317319372607396,0.0003227668240427565,0.9463892384550279,0.12389380530973451,0.13274336283185842,0.5575221238938053,0.18584070796460178
221,-0.10096116522522508,1000,0.3300797651297549,0.00032111949093648594,0.9638360274539609,0.135,0.109,0.178,0.578
222,-65.88690593366675,163,0.3284358215485232,0.0003194805654674348,0.9700555732664644,0.20245398773006135,0.15950920245398773,0.4233128834355828,0.2147239263803681
223,-57.147500068392766,1000,0.32680006553521834,0.00031785000472481386,1.0133411898280864,0.22,0.129,0.357,0.294
224,-27.329990384201523,111,0.3251724563121218,0.00031622776601684157,0.9463357653702068,0.18018018018018017,0.2072072072072072,0.42342342342342343,0.1891891891891892
225,-110.90900086626428,1000,0.3235529533046063,0.000314613806869626,0.9651198940697667,0.221,0.13,0.355,0.294
226,-125.3491454696254,314,0.32194151614012406,0.00031300808502605297,0.9665565856360475,0.08917197452229299,0.1337579617834395,0.6146496815286624,0.1624203821656051
227,-19.93591035685273,1000,0.32033810464720053,0.0003114105584446796,0.967736866143241,0.287,0.165,0.392,0.156
228,-94.06157508459741,1000,0.3187426788544329,0.00030982118529863353,0.9445452722728649,0.13,0.214,0.297,0.359
229,-112.9727323918099,349,0.31715519898949374,0.00030823992397451796,0.9029640105934998,0.11174785100286533,0.17478510028653296,0.5530085959885387,0.16045845272206305
230,-24.51105743214077,1000,0.31557562547813933,0.0003066667330713219,0.9985454633498204,0.494,0.118,0.247,0.141
231,-93.63932296126933,1000,0.3140039189432234,0.0003051015713993363,0.9690647154464705,0.263,0.211,0.209,0.317
232,26.518659103769863,113,0.3124400402037151,0.00030354439797907574,0.9376604231153396,0.08849557522123894,0.13274336283185842,0.6106194690265486,0.168141592920354
233,-129.96473239771532,138,0.3108839502737227,0.0003019951720402052,0.9719013575977413,0.13043478260869565,0.2536231884057971,0.427536231884058,0.18840579710144928
234,-120.26213417651603,367,0.30933561036152135,0.00030045385302047284,0.9459595332711626,0.11716621253405994,0.15803814713896458,0.5613079019073569,0.16348773841961853
235,1.8767938024546993,145,0.3077949818685863,0.0002989204005646479,0.9286408501742417,0.21379310344827587,0.2,0.41379310344827586,0.1724137931034483
236,-19.195153593041752,76,0.3062620263886305,0.00029739477452346417,0.9305133663990907,0.07894736842105263,0.21052631578947367,0.5263157894736842,0.18421052631578946
237,-83.91729806966485,1000,0.3047367057066472,0.00029587693495256864,0.9381907042908231,0.269,0.224,0.3,0.207
238,-34.29509774945258,119,0.3032189817979574,0.00029436684211147583,0.9340621472836353,0.24369747899159663,0.13445378151260504,0.48739495798319327,0.13445378151260504
239,-52.126124612493214,1000,0.3017088168272619,0.0002928644564625272,0.9206268686117808,0.346,0.148,0.281,0.225
240,8.175338775594142,1000,0.30020617314769793,0.0002913697386698561,0.9791819619502499,0.37,0.111,0.203,0.316
241,-64.37070532453835,98,0.2987110132999009,0.0002898826495983576,0.950418029746377,0.14285714285714285,0.21428571428571427,0.47959183673469385,0.16326530612244897
242,30.95211775874094,1000,0.2972233000110704,0.0002884031503126642,0.9369651335242573,0.37,0.118,0.227,0.285
243,17.58290234915748,1000,0.2957429961940411,0.00028693120207612594,0.9640378441580977,0.489,0.154,0.226,0.131
244,-52.94465693197854,1000,0.29427006494635827,0.0002854667663497968,0.9608692238806296,0.329,0.16,0.384,0.127
245,-44.7554311790914,125,0.2928044695493577,0.00028400980479142507,0.9356645157426613,0.112,0.24,0.472,0.176
246,-7.029384031178156,1000,0.2913461734672504,0.00028256027925444986,0.952468634131351,0.482,0.237,0.184,0.097
247,-29.609800414821407,120,0.28989514034621183,0.0002811181517870022,0.9434178372005637,0.3333333333333333,0.16666666666666666,0.39166666666666666,0.10833333333333334
248,-74.19698913435354,100,0.2884513340134756,0.0002796833846309113,0.9588585910769666,0.08,0.15,0.51,0.26
249,4.618659785535136,1000,0.2870147184764318,0.00027825594022071605,0.88591456599964,0.523,0.132,0.205,0.14
250,-23.450196568001985,1000,0.28558525792172956,0.0002768357811826815,0.867347476766259,0.472,0.144,0.265,0.119
251,-4.393826508316439,1000,0.2841629167143845,0.0002754228703338202,0.8903872944056244,0.51,0.114,0.216,0.16
252,-11.547641804874564,1000,0.28274765939689017,0.0002740171706809189,0.8510165553239408,0.257,0.213,0.384,0.146
253,-38.5793374053142,371,0.28133945068833427,0.0002726186454195696,0.8582516856473498,0.14016172506738545,0.1752021563342318,0.5309973045822103,0.15363881401617252
254,154.32108467617695,716,0.2799382554835191,0.00027122725793320634,0.8704373380801146,0.5111731843575419,0.1270949720670391,0.23324022346368714,0.12849162011173185
255,-157.74748911053337,1000,0.2785440388520863,0.0002698429717921463,0.8581800324206712,0.108,0.136,0.427,0.329
256,-4.726099011604987,74,0.27715676603764633,0.00026846575075263585,0.8472093873753376,0.1891891891891892,0.25675675675675674,0.44594594594594594,0.10810810810810811
257,-3.3860920299625317,1000,0.27577640245691176,0.00026709555875590197,0.8516642357306099,0.445,0.141,0.268,0.146
258,25.94473886283282,1000,0.2744029136988354,0.00026573235992720774,0.8469704501748975,0.569,0.185,0.171,0.075
259,-38.14462748295305,1000,0.2730362655237522,0.00026437611857491343,0.8336186217720378,0.505,0.12,0.253,0.122
260,-100.45102600255824,1000,0.2716764238625259,0.00026302679918954166,0.8457440691504859,0.098,0.138,0.315,0.449
261,32.766477627404925,1000,0.2703233548156995,0.000261684366442848,0.8465806808219586,0.575,0.122,0.185,0.118
262,-10.177558300394955,1000,0.2689770246526506,0.00026034878518689574,0.8234001935852318,0.565,0.118,0.213,0.104
263,41.06921626124877,1000,0.26763739981075,0.00025902002045313587,0.8336749871657909,0.514,0.095,0.125,0.266
264,30.991873575726633,1000,0.2663044468945255,0.0002576980374514913,0.8195425707338405,0.333,0.105,0.2,0.362
265,-30.926021386274783,1000,0.2649781326748289,0.0002563828015694461,0.8105147413871716,0.492,0.161,0.251,0.096
266,-33.904507937248,1000,0.26365842408800805,0.00025507427837113934,0.8273275428767046,0.454,0.229,0.226,0.091
267,1.6824879442103629,1000,0.26234528823508246,0.00025377243359646324,0.8224355590349051,0.487,0.113,0.204,0.196
268,19.51601631880721,1000,0.2610386923809231,0.00025247723316016644,0.8217626842027015,0.498,0.122,0.227,0.153
269,84.01899047042215,1000,0.25973860395343634,0.0002511886431509614,0.8150605313886206,0.404,0.092,0.159,0.345
270,-34.655168984683044,1000,0.25844499054275216,0.0002499066298306366,0.8186894369480748,0.407,0.175,0.296,0.122
271,15.663262256551832,1000,0.257157819900416,0.00024863115963317297,0.803608908996398,0.418,0.143,0.221,0.218
272,-13.219914288191461,276,0.2558770599385848,0.0002473621991638655,0.7886014795974389,0.08695652173913043,0.17391304347826086,0.5217391304347826,0.21739130434782608
273,-13.51511565200717,1000,0.25460267872922737,0.0002460997151984486,0.804955669716875,0.346,0.117,0.27,0.267
274,0.26336653265465415,1000,0.25333464450332815,0.00024484367468222606,0.7795510501022064,0.366,0.352,0.189,0.093
275,56.109148467290886,1000,0.25207292565009537,0.00024359404472920604,0.7636063910214734,0.451,0.113,0.191,0.245
276,21.96292432972714,1000,0.25081749071617304,0.00024235079262123965,0.7686888524994031,0.255,0.096,0.208,0.441
277,18.918528688374213,1000,0.24956830840485686,0.00024111388580716448,0.7611215499082105,0.497,0.102,0.183,0.218
278,-39.43920297575577,113,0.2483253475753139,0.00023988329190195238,0.7042004458460118,0.17699115044247787,0.168141592920354,0.5309734513274337,0.12389380530973451
279,4.700356503965328,1000,0.24708857724180652,0.00023865897868586143,0.7449268845672087,0.539,0.118,0.242,0.101
280,28.53940794907755,1000,0.24585796657291967,0.0002374409141035924,0.7459944056629567,0.507,0.194,0.193,0.106
281,-52.28976675433011,1000,0.24463348489079248,0.00023622906626344953,0.7260160239856559,0.091,0.237,0.227,0.445
282,33.39601266148506,1000,0.2434151016703534,0.0002350234034365054,0.7263030203656543,0.468,0.199,0.203,0.13
283,2.8252125616605657,1000,0.2422027865385593,0.00023382389405577036,0.7250596294426299,0.469,0.176,0.248,0.107
284,-51.41420959117078,244,0.24099650927363828,0.00023263050671536593,0.6976902917397543,0.13114754098360656,0.1762295081967213,0.5450819672131147,0.14754098360655737
285,51.10581245558308,1000,0.2397962398043362,0.0002314432101697025,0.7075533711419835,0.597,0.156,0.176,0.071
286,189.4858085809117,858,0.23860194820916716,0.00023026197333266135,0.7104340984837708,0.5291375291375291,0.21561771561771562,0.17715617715617715,0.0780885780885781
287,46.46615270781268,1000,0.2374136047156675,0.00022908676527678062,0.7049582065011679,0.487,0.178,0.231,0.104
288,96.99272001293754,973,0.23623117969965363,0.0002279175552324457,0.6949229352924736,0.5169578622816033,0.11202466598150052,0.18602261048304214,0.18499486125385406
289,20.564301531575776,1000,0.23505464368448353,0.00022675431258708346,0.6798191168186772,0.508,0.136,0.234,0.122
290,-19.625424599309554,261,0.23388396734032196,0.0002255970068843609,0.6603949384047644,0.13793103448275862,0.1685823754789272,0.5440613026819924,0.14942528735632185
291,8.719331680460217,1000,0.23271912148340923,0.00022444560782338763,0.6737309026216262,0.256,0.129,0.327,0.288
292,252.1530228244608,202,0.2315600770753337,0.00022330008525792253,0.6666008809603254,0.4603960396039604,0.1188118811881188,0.3069306930693069,0.11386138613861387
293,184.18875502013248,587,0.2304068052223079,0.00022216040919558445,0.6721833929716562,0.5877342419080068,0.10051107325383304,0.21124361158432708,0.10051107325383304
294,199.4706480672616,381,0.22925927717444824,0.000221026549797067,0.6723569854557173,0.37270341207349084,0.10761154855643044,0.35170603674540685,0.1679790026246719
295,190.60460465422992,408,0.22811746432505836,0.0002198984773753573,0.6520468950521074,0.2549019607843137,0.14215686274509803,0.47794117647058826,0.125
296,123.23619637880816,748,0.2269813382099158,0.00021877616239495854,0.676066151916829,0.06818181818181818,0.12566844919786097,0.20454545454545456,0.6016042780748663
297,182.1980948493882,605,0.2258508705065627,0.0002176595754711169,0.6637752198963938,0.4909090909090909,0.09256198347107437,0.31239669421487604,0.10413223140495868
298,13.711898211620454,1000,0.22472603303359945,0.000216548687369052,0.6518812207505105,0.595,0.096,0.2,0.109
299,39.9420716165599,1000,0.2236067977499824,0.00021544346900319165,0.665717591551842,0.607,0.108,0.156,0.129
300,-2.3462880222801443,1000,0.22249313675432472,0.00021434389143641013,0.674818202274973,0.161,0.084,0.167,0.588
301,25.717245340395564,1000,0.22138502228420082,0.00021324992587927068,0.661319176641918,0.444,0.121,0.238,0.197
302,19.367191684306707,1000,0.22028242671545434,0.0002121615436892717,0.658664745401878,0.573,0.123,0.191,0.113
303,242.08376467772413,268,0.21918532256150944,0.00021107871637009683,0.66274221525661,0.3358208955223881,0.11567164179104478,0.39552238805970147,0.15298507462686567
304,46.487933025935774,1000,0.21809368247268562,0.00021000141557086878,0.6433578109578078,0.587,0.171,0.156,0.086
305,14.027144229151821,1000,0.21700747923551592,0.00020892961308540718,0.65582461781863,0.506,0.098,0.211,0.185
306,34.108495896374066,1000,0.2159266857720685,0.00020786328085148993,0.6456378276763381,0.544,0.096,0.198,0.162
307,191.0190095894442,461,0.21485127513927166,0.00020680239095011854,0.6409296968938244,0.527114967462039,0.11062906724511931,0.24295010845986983,0.1193058568329718
308,45.81019319155566,1000,0.21378122052824208,0.00020574691560478717,0.6305411387061519,0.714,0.08,0.124,0.082
309,198.98113498303877,479,0.21271649526361663,0.00020469682718075532,0.6232521784336242,0.5407098121085595,0.13987473903966596,0.1941544885177453,0.12526096033402923
310,150.81105750946554,748,0.21165707280288729,0.00020365209818432435,0.618725720551993,0.5935828877005348,0.11497326203208556,0.2072192513368984,0.08422459893048129
311,214.265616070858,377,0.2106029267357395,0.00020261270126211757,0.5976490200817096,0.4907161803713528,0.129973474801061,0.23872679045092837,0.14058355437665782
312,-40.76694387348584,194,0.20955403078339377,0.0002015786092003641,0.6398016909084723,0.17525773195876287,0.20103092783505155,0.4793814432989691,0.14432989690721648
313,229.48190862997583,334,0.2085103587979506,0.00020054979492418635,0.64006835669367,0.11676646706586827,0.27844311377245506,0.3562874251497006,0.24850299401197604
314,26.26757857077547,89,0.20747188476173858,0.00019952623149689116,0.6291735637563939,0.15730337078651685,0.16853932584269662,0.550561797752809,0.12359550561797752
315,43.98077414519101,1000,0.2064385827866659,0.0001985078921192645,0.6318139175469365,0.651,0.096,0.142,0.111
316,21.08026332442303,1000,0.20541042711357488,0.00019749475012886982,0.6264540648524592,0.584,0.09,0.14,0.186
317,271.6687436792455,254,0.2043873921115999,0.00019648677899934995,0.6201030508884576,0.20866141732283464,0.23622047244094488,0.3779527559055118,0.17716535433070865
318,-40.69626310881294,1000,0.20336945227752837,0.00019548395233973259,0.6312628527613665,0.194,0.413,0.284,0.109
319,15.797241489398502,121,0.20235658223516506,0.0001944862438937394,0.6110479963164899,0.12396694214876033,0.21487603305785125,0.4297520661157025,0.23140495867768596
320,16.768861442222374,77,0.2013487567346994,0.0001934936275390984,0.6495227978472848,0.2077922077922078,0.14285714285714285,0.4805194805194805,0.16883116883116883
321,158.49106781236682,349,0.20034595065207608,0.0001925060772868602,0.6203519374869315,0.11461318051575932,0.09742120343839542,0.3553008595988539,0.4326647564469914
322,243.3103240450786,211,0.19934813898836876,0.00019152356728071747,0.6080406492826539,0.43601895734597157,0.13270142180094788,0.2843601895734597,0.14691943127962084
323,203.40942745558638,446,0.1983552968691568,0.00019054607179632788,0.61417005643579,0.5493273542600897,0.1412556053811659,0.21524663677130046,0.09417040358744394
324,208.01303451730075,538,0.1973673995439052,0.00018957356524064073,0.6153476771809525,0.4256505576208178,0.13382899628252787,0.30297397769516726,0.137546468401487
325,6.920922449751583,1000,0.19638442238534762,0.0001886060221512268,0.613031114798984,0.668,0.135,0.115,0.082
326,201.45163487902119,409,0.19540634088887243,0.00018764341719561167,0.6023740962413493,0.19559902200489,0.061124694376528114,0.19559902200489,0.5476772616136919
327,168.76880062255645,589,0.1944331306719118,0.00018668572517061246,0.6041256067048777,0.533106960950764,0.1273344651952462,0.22750424448217318,0.11205432937181664
328,48.77370989367045,1000,0.19346476747333397,0.00018573292100167797,0.6009382774182522,0.63,0.075,0.132,0.163
329,11.900140061003027,1000,0.19250122715283827,0.0001847849797422322,0.5861858407034327,0.567,0.135,0.115,0.183
330,39.14142836449744,1000,0.19154248569035348,0.00018384187657302114,0.5889416024914472,0.636,0.141,0.12,0.103
331,52.618832238266215,1000,0.190588519185439,0.00018290358680146294,0.5789378956297634,0.529,0.193,0.146,0.132
332,30.48469111567661,1000,0.18963930385668903,0.00018197008586100144,0.5657516290936982,0.592,0.176,0.148,0.084
333,157.41059084435977,827,0.18869481604113966,0.00018104134931046296,0.5691511951824619,0.6299879081015719,0.1717049576783555,0.12333736396614269,0.07496977025392987
334,216.76122982332868,384,0.1877550321936791,0.00018011735283341638,0.5688954032929533,0.5807291666666666,0.11197916666666667,0.22395833333333334,0.08333333333333333
335,-19.50715417849733,117,0.18681992888646057,0.00017919807223753644,0.5582716863051552,0.1794871794871795,0.2222222222222222,0.36752136752136755,0.23076923076923078
336,104.74839206076211,788,0.18588948280831843,0.00017828348345397035,0.5668843166580678,0.09898477157360407,0.23857868020304568,0.21065989847715735,0.4517766497461929
337,165.52296564245648,782,0.18496367076418696,0.0001773735625367076,0.5633772662398843,0.5728900255754475,0.16751918158567775,0.1585677749360614,0.1010230179028133
338,-21.83615390436853,1000,0.18404246967452215,0.00017646828566195307,0.5750052191862332,0.324,0.102,0.307,0.267
339,25.593998160791486,1000,0.18312585657472633,0.00017556762912750317,0.5554494379562919,0.661,0.123,0.117,0.099
340,35.01876169566529,92,0.18221380861457573,0.00017467156935212534,0.5611632277578081,0.13043478260869565,0.17391304347826086,0.532608695652174,0.16304347826086957
341,34.13945505382003,1000,0.18130630305765083,0.00017378008287494056,0.565842936239885,0.557,0.1,0.143,0.2
342,-15.084447964938462,92,0.18040331728076958,0.0001728931463548092,0.5682570989780851,0.21739130434782608,0.17391304347826086,0.43478260869565216,0.17391304347826086
343,72.26788929677384,1000,0.17950482877342336,0.0001720107365697198,0.5585401576377488,0.744,0.076,0.102,0.078
344,55.34427168087635,1000,0.17861081513721588,0.00017113283041618108,0.5494780878090139,0.72,0.093,0.115,0.072
345,199.91535247137136,366,0.17772125408530481,0.00017025940490861708,0.5700839388203587,0.6120218579234973,0.08196721311475409,0.19398907103825136,0.11202185792349727
346,-3.238586552767174,100,0.17683612344184615,0.00016939043717876533,0.5701552621235723,0.28,0.17,0.42,0.13
347,190.2465453867945,744,0.17595540114144145,0.0001685259044750781,0.5597796179257767,0.6532258064516129,0.10349462365591398,0.14516129032258066,0.09811827956989247
348,-39.462124957104834,105,0.17507906522858774,0.0001676657841621267,0.5607081337598718,0.20952380952380953,0.23809523809523808,0.3238095238095238,0.22857142857142856
349,157.08265292065528,878,0.17420709385713018,0.00016681005372000884,0.5575798029845005,0.6548974943052391,0.10250569476082004,0.1571753986332574,0.08542141230068337
350,45.75594211162461,1000,0.17333946528971744,0.00016595869074375902,0.560090090247964,0.633,0.112,0.101,0.154
351,190.11099326185015,612,0.1724761578972599,0.00016511167294276194,0.5488412291627182,0.4526143790849673,0.238562091503268,0.2173202614379085,0.0915032679738562
352,-45.196944686560876,108,0.17161715015839032,0.0001642689781401688,0.5434262345890931,0.24074074074074073,0.14814814814814814,0.5,0.1111111111111111
353,245.3713443687435,389,0.1707624206589275,0.00016343058427231672,0.5484761146596556,0.3033419023136247,0.15938303341902313,0.38817480719794345,0.14910025706940874
354,248.91401811379376,398,0.16991194809134227,0.0001625964693881511,0.5460103085242156,0.314070351758794,0.2663316582914573,0.2914572864321608,0.12814070351758794
355,27.971712531092095,1000,0.16906571125422645,0.00016176661164865082,0.5474500274956027,0.226,0.065,0.135,0.574
356,185.21232195163702,660,0.16822368905176427,0.00016094098932625646,0.5516366684852757,0.6636363636363637,0.08484848484848485,0.15606060606060607,0.09545454545454546
357,240.82682076385134,308,0.16738586049320645,0.00016011958080430143,0.5319601131484778,0.538961038961039,0.10064935064935066,0.2694805194805195,0.09090909090909091
358,213.82686209649364,314,0.16655220469234697,0.00015930236457644602,0.5475293236938961,0.5286624203821656,0.11464968152866242,0.23885350318471338,0.1178343949044586
359,32.784684413075794,1000,0.1657227008670024,0.0001584893192461143,0.5410428501408596,0.37,0.437,0.119,0.074
360,40.22944506821107,1000,0.16489732833849374,0.00015768042352593388,0.5369001597137444,0.586,0.183,0.119,0.112
361,1.5337234322334194,1000,0.16407606653113102,0.00015687565623717862,0.5381358866784226,0.161,0.068,0.131,0.64
362,144.00511102569752,957,0.16325889497170032,0.00015607499630921405,0.5394143751452363,0.46499477533960293,0.2173458725182863,0.219435736677116,0.09822361546499478
363,22.587865909280083,1000,0.16244579328895342,0.00015527842277894576,0.5375911826696406,0.486,0.183,0.125,0.206
364,-18.88382552670086,1000,0.16163674121309993,0.00015448591479027047,0.5447741488259631,0.259,0.109,0.236,0.396
365,15.394792954656651,128,0.16083171857530196,0.00015369745159353004,0.54551346208309,0.0703125,0.1640625,0.578125,0.1875
366,263.7279280423214,196,0.16003070530717145,0.00015291301254496815,0.540423026313108,0.3826530612244898,0.08163265306122448,0.4387755102040816,0.09693877551020408
367,74.3898882190817,1000,0.1592336814402698,0.00015213257710618982,0.5413013354531482,0.66,0.101,0.124,0.115
368,149.21790375684463,405,0.15844062710561005,0.00015135612484362367,0.5453115818850076,0.0962962962962963,0.5061728395061729,0.3012345679012346,0.0962962962962963
369,214.67611747383984,387,0.15765152253316161,0.0001505836354279869,0.5414309544861802,0.268733850129199,0.13178294573643412,0.36175710594315247,0.23772609819121446
370,191.85051005796407,777,0.15686634805135746,0.00014981508863375306,0.5372346483091911,0.5173745173745173,0.12483912483912483,0.22651222651222652,0.13127413127413126
371,185.56195472663242,648,0.15608508408660363,0.00014905046433862245,0.5297075692411395,0.6682098765432098,0.08796296296296297,0.16358024691358025,0.08024691358024691
372,31.89719054522558,1000,0.15530771116279135,0.0001482897425229953,0.5277773873764539,0.314,0.484,0.135,0.067
373,214.27857232547498,258,0.15453420990081157,0.00014753290326944765,0.5234804950100553,0.46124031007751937,0.08527131782945736,0.34108527131782945,0.1124031007751938
374,166.65390255653307,805,0.1537645610180717,0.0001467799267622098,0.5210721844610587,0.653416149068323,0.062111801242236024,0.14906832298136646,0.13540372670807455
375,220.06267044567986,544,0.15299874532801508,0.00014603079328664748,0.5305095226741698,0.3014705882352941,0.1636029411764706,0.3272058823529412,0.20772058823529413
376,257.70379779339413,366,0.15223674373964258,0.0001452854832287458,0.5190277633519773,0.43989071038251365,0.23497267759562843,0.20491803278688525,0.12021857923497267
377,41.83501789965383,1000,0.15147853725703672,0.00014454397707459556,0.5280327062759106,0.647,0.194,0.107,0.052
378,218.98122057380385,429,0.1507241069788881,0.0001438062554098824,0.5214945791772675,0.62004662004662,0.08158508158508158,0.20046620046620048,0.0979020979020979
379,-30.15469131694416,1000,0.14997343409802424,0.00014307229891937854,0.5111697297707148,0.215,0.077,0.208,0.5
380,6.7318214724123635,119,0.1492264999009407,0.00014234208838643692,0.514200982405401,0.15966386554621848,0.1092436974789916,0.6218487394957983,0.1092436974789916
381,208.23313208112398,262,0.14848328576733458,0.00014161560469248824,0.5298220838577288,0.5190839694656488,0.09541984732824428,0.26717557251908397,0.1183206106870229
382,221.26009946309395,307,0.14774377316964035,0.00014089282881654024,0.5179858874752721,0.46905537459283386,0.12052117263843648,0.2964169381107492,0.11400651465798045
383,34.52441332797527,1000,0.147007943672568,0.00014017374183467976,0.5130480259001582,0.599,0.267,0.078,0.056
384,166.87406222729985,952,0.14627577893264343,0.0001394583249195773,0.5135737481060002,0.45588235294117646,0.3277310924369748,0.12184873949579832,0.09453781512605042
385,-51.639395803038646,306,0.14554726069775115,0.00013874655933999398,0.5099279518592712,0.14705882352941177,0.14052287581699346,0.5326797385620915,0.17973856209150327
386,214.04958948125196,414,0.1448223708066793,0.00013803842646029123,0.520449638122759,0.6328502415458938,0.09178743961352658,0.20772946859903382,0.06763285024154589
387,164.58811495803656,522,0.14410109118866696,0.0001373339077399428,0.5169110909540315,0.12260536398467432,0.07471264367816093,0.2796934865900383,0.5229885057471264
388,-232.4759182432595,480,0.14338340386295353,0.00013663298473304928,0.5009170127762693,0.08541666666666667,0.1625,0.46041666666666664,0.2916666666666667
389,235.34442161580694,338,0.1426692909383306,0.0001359356390878553,0.5098846164253898,0.6420118343195266,0.05325443786982249,0.21005917159763313,0.09467455621301775
390,231.91205957315196,318,0.14195873461269595,0.00013524185254626883,0.5148893463033882,0.4779874213836478,0.1289308176100629,0.2641509433962264,0.1289308176100629
391,20.117687436339143,1000,0.14125171717260968,0.00013455160694338334,0.5354350379904506,0.705,0.114,0.107,0.074
392,219.04486477214044,426,0.1405482209928527,0.00013386488420700205,0.5302611642669014,0.38967136150234744,0.13849765258215962,0.3474178403755869,0.12441314553990611
393,235.4442708179058,333,0.13984822853598727,0.00013318166635716485,0.5244950782650541,0.35735735735735735,0.15615615615615616,0.34534534534534533,0.14114114114114115
394,125.5851498199969,930,0.13915172235191997,0.00013250193550567755,0.5223164414184864,0.5290322580645161,0.1,0.15913978494623657,0.2118279569892473
395,226.85391102499023,419,0.13845868507746648,0.00013182567385564342,0.5228803049426783,0.4105011933174224,0.13365155131264916,0.33651551312649164,0.11933174224343675
396,-12.834778765497461,126,0.1377690994359189,0.00013115286370099735,0.4948882390589409,0.09523809523809523,0.1746031746031746,0.5079365079365079,0.2222222222222222
397,220.6490098084666,405,0.13708294823661493,0.00013048348742604221,0.5115590016413821,0.34814814814814815,0.2691358024691358,0.3160493827160494,0.06666666666666667
398,9.088520011360085,1000,0.13640021437450947,0.00012981752750498761,0.5103254716457711,0.553,0.065,0.252,0.13
399,5.679288751565437,155,0.1357208808297481,0.0001291549665014911,0.5293798690507785,0.16129032258064516,0.22580645161290322,0.45161290322580644,0.16129032258064516
400,264.2163247005707,334,0.13504493066724277,0.00012849578706820153,0.5093202904125925,0.49101796407185627,0.1407185628742515,0.26047904191616766,0.10778443113772455
401,96.68163252657094,595,0.13437234703624976,0.00012783997194630505,0.5039162572395555,0.08235294117647059,0.21176470588235294,0.3983193277310924,0.30756302521008405
402,198.3281512070816,370,0.13370311316994946,0.00012718750396507303,0.5126595673583187,0.37027027027027026,0.22432432432432434,0.2864864864864865,0.11891891891891893
403,15.035462717961323,114,0.1330372123850285,0.0001265383660414126,0.4849497370971944,0.21929824561403508,0.14035087719298245,0.543859649122807,0.09649122807017543
404,180.04810896987777,975,0.13237462808126377,0.0001258925411794194,0.49421750804700143,0.6882051282051282,0.10461538461538461,0.10666666666666667,0.10051282051282051
405,175.03410463326694,930,0.13171534374110866,0.00012525001246993246,0.5101925468730665,0.6344086021505376,0.07634408602150537,0.13548387096774195,0.15376344086021507
406,234.28352444162675,293,0.13105934292928123,0.00012461076309009165,0.5027478099823902,0.5426621160409556,0.10921501706484642,0.2696245733788396,0.07849829351535836
407,185.78681263186104,848,0.1304066092923546,0.00012397477630289708,0.5044214162917373,0.6875,0.0660377358490566,0.16273584905660377,0.08372641509433962
408,-63.50795568476358,1000,0.12975712655834912,0.00012334203545677095,0.502009713943003,0.246,0.126,0.445,0.183
409,217.67329122343665,392,0.12911087853632688,0.00012271252398512162,0.4984091519599285,0.5051020408163265,0.0663265306122449,0.3086734693877551,0.11989795918367346
410,188.48042620633623,266,0.128467849115988,0.00012208622540590974,0.5070348618575639,0.05263157894736842,0.5338345864661654,0.2857142857142857,0.12781954887218044
411,30.41640079182453,1000,0.12782802226726903,0.00012146312332121679,0.5023254095555323,0.152,0.054,0.131,0.663
412,35.56658998681161,1000,0.12719138203994332,0.00012084320141681574,0.5068835433733191,0.594,0.25,0.111,0.045
413,42.995861667547295,1000,0.1265579125632235,0.0001202264434617439,0.5000964421542964,0.669,0.081,0.174,0.076
414,200.78403963562084,323,0.12592759804536563,0.00011961283330787796,0.5051952666799769,0.2693498452012384,0.1393188854489164,0.44891640866873067,0.14241486068111456
415,180.66845479310592,347,0.1253004227732758,0.00011900235488951118,0.4902411115876901,0.08645533141210375,0.12680115273775217,0.3976945244956772,0.38904899135446686
416,173.66351856368198,787,0.12467637111211817,0.00011839499222293278,0.4987120281106951,0.48792884371029227,0.10673443456162643,0.2554002541296061,0.14993646759847523
417,90.84490563202559,542,0.12405542750492535,0.00011779072940600942,0.5020865464807385,0.13837638376383765,0.22509225092250923,0.4059040590405904,0.23062730627306274
418,156.78159218090303,832,0.12343757647221056,0.00011718955061776886,0.5015158503881255,0.5432692307692307,0.06129807692307692,0.13581730769230768,0.25961538461538464
419,244.11493052112036,234,0.1228228026115817,0.00011659144011798575,0.4905534614688986,0.2777777777777778,0.13675213675213677,0.452991452991453,0.13247863247863248
420,196.40263404137153,307,0.12221109059735742,0.00011599638224676948,0.48940518741648115,0.48859934853420195,0.14006514657980457,0.30293159609120524,0.06840390879478828
421,222.68852058824604,182,0.12160242518018508,0.00011540436142415419,0.49578521666285974,0.25824175824175827,0.15384615384615385,0.45604395604395603,0.13186813186813187
422,-14.366630410228908,154,0.12099679118666054,0.00011481536214969084,0.5004263288623529,0.21428571428571427,0.13636363636363635,0.5454545454545454,0.1038961038961039
423,153.64593010689222,452,0.12039417351894997,0.0001142293690020414,0.4902764166531422,0.14380530973451328,0.14601769911504425,0.4269911504424779,0.2831858407079646
424,-138.67667510971043,635,0.11979455715441345,0.00011364636663857504,0.490662421349463,0.08976377952755905,0.18425196850393702,0.5606299212598426,0.16535433070866143
425,-4.960300097522406,109,0.11919792714523043,0.00011306633979496645,0.4978843806498599,0.06422018348623854,0.1559633027522936,0.5688073394495413,0.21100917431192662
426,251.00724669287982,323,0.11860426861802718,0.0001124892732847962,0.4984340505483826,0.4055727554179567,0.1609907120743034,0.26006191950464397,0.17337461300309598
427,236.4421262443933,385,0.11801356677350594,0.00011191515199915312,0.48930156325446683,0.4077922077922078,0.24155844155844156,0.2519480519480519,0.0987012987012987
428,219.67752747536457,348,0.11742580688607601,0.00011134396090623867,0.4872476036830697,0.4827586206896552,0.09482758620689655,0.3390804597701149,0.08333333333333333
429,158.51245880326925,494,0.11684097430348667,0.00011077568505097344,0.4866533434485887,0.06882591093117409,0.5141700404858299,0.3097165991902834,0.10728744939271255
430,224.5934229322507,237,0.1162590544464619,0.00011021030955460552,0.48784781167177377,0.0970464135021097,0.3881856540084388,0.4345991561181435,0.08016877637130802
431,169.2214444370692,564,0.11568003280833696,0.00010964781961432101,0.4905396318795011,0.6117021276595744,0.13829787234042554,0.16843971631205673,0.08156028368794327
432,194.67712130577786,510,0.1151038949546967,0.00010908820050285642,0.48368365341630937,0.3,0.2725490196078431,0.33137254901960783,0.09607843137254903
433,181.94800415179375,531,0.11453062652301578,0.00010853143756811307,0.48949810520925313,0.6741996233521658,0.07721280602636535,0.1638418079096045,0.0847457627118644
434,47.13823068677149,86,0.1139602132223006,0.00010797751623277346,0.4879959830002068,0.18604651162790697,0.10465116279069768,0.5697674418604651,0.13953488372093023
435,198.33334720473545,674,0.11339264083273302,0.00010742642199391962,0.4856269863955446,0.5964391691394659,0.07566765578635015,0.24183976261127596,0.08605341246290801
436,-25.66088007850857,192,0.11282789520531596,0.00010687814042265338,0.5014319332603088,0.09895833333333333,0.1875,0.5104166666666666,0.203125
437,192.3673252942669,343,0.11226596226152054,0.0001063326571637186,0.4797590443299097,0.119533527696793,0.239067055393586,0.5160349854227405,0.12536443148688048
438,145.41998170828705,624,0.11170682799293526,0.00010578995793512529,0.4833358019364154,0.0673076923076923,0.5,0.33814102564102566,0.09455128205128205
439,125.68137431277323,659,0.11115047846091669,0.00010525002852777575,0.4784511839877133,0.11987860394537178,0.17298937784522003,0.18968133535660092,0.5174506828528073
440,130.55650340180267,970,0.11059689979624203,0.0001047128548050924,0.48052937101549215,0.4247422680412371,0.3288659793814433,0.1463917525773196,0.1
441,19.45652742074354,167,0.11004607819876336,0.00010417842270264782,0.47994754574683524,0.15568862275449102,0.18562874251497005,0.5269461077844312,0.1317365269461078
442,-17.32660169187955,1000,0.1094979999370636,0.00010364671822779637,0.4719754229475533,0.412,0.181,0.307,0.1
443,175.9746869482201,416,0.10895265134811426,0.00010311772745930794,0.4706212943283127,0.39903846153846156,0.2091346153846154,0.31971153846153844,0.07211538461538461
444,170.31262113519136,764,0.10841001883693473,0.0001025914365470034,0.47401671121431044,0.32591623036649214,0.06675392670157068,0.12958115183246074,0.47774869109947643
445,-113.30375386119718,507,0.10787008887625348,0.00010206783171139196,0.4649906186346536,0.04339250493096647,0.1992110453648915,0.5502958579881657,0.20710059171597633
446,-67.34682305120396,1000,0.10733284800617075,0.00010154689924331044,0.4767054289684667,0.115,0.628,0.192,0.065
447,242.85681005027504,222,0.10679828283382309,0.00010102862550356429,0.47047340375232527,0.36036036036036034,0.1981981981981982,0.32882882882882886,0.11261261261261261
448,226.2908991148327,270,0.10626638003304942,0.00010051299692257053,0.459478738039981,0.1814814814814815,0.14444444444444443,0.5,0.17407407407407408
449,179.9256651536076,460,0.10573712634405887,0.0001000000000000024,0.4765939991300585,0.33260869565217394,0.10869565217391304,0.41304347826086957,0.14565217391304347
450,223.03726582458862,430,0.10521050857310017,9.948962130443598e-05,0.47582122018433454,0.2,0.17906976744186046,0.40232558139534885,0.2186046511627907
451,235.22808171476288,443,0.10468651359213282,9.898184747299844e-05,0.466266815188378,0.44469525959367945,0.25733634311512416,0.17832957110609482,0.11963882618510158
452,195.69412634883696,842,0.10416512833849978,9.847666521101821e-05,0.46523496087594146,0.3016627078384798,0.4489311163895487,0.1840855106888361,0.06532066508313539
453,148.91990725389462,811,0.1036463398146018,9.797406129167691e-05,0.4804907990795016,0.5709001233045623,0.2441430332922318,0.1282367447595561,0.05672009864364982
454,183.56181728386483,266,0.1031301350875735,9.747402255566301e-05,0.4758985639061853,0.19172932330827067,0.29699248120300753,0.41729323308270677,0.09398496240601503
455,209.75798964204068,372,0.10261650128896083,9.69765359108273e-05,0.4641444876407355,0.29838709677419356,0.10215053763440861,0.31989247311827956,0.27956989247311825
456,182.65932637158474,373,0.10210542561440039,9.648158833184013e-05,0.47344645399729324,0.09115281501340483,0.5093833780160858,0.32439678284182305,0.07506702412868632
457,217.2158858071304,520,0.10159689532330018,9.598916685985032e-05,0.4689762501840692,0.40384615384615385,0.1423076923076923,0.19423076923076923,0.25961538461538464
458,-30.49405522163437,101,0.10109089773852199,9.549925860214595e-05,0.4880603635806078,0.1485148514851485,0.1485148514851485,0.5544554455445545,0.1485148514851485
459,223.9496815432176,217,0.10058742024606539,9.501185073181671e-05,0.4742688222182824,0.03686635944700461,0.3456221198156682,0.5023041474654378,0.1152073732718894
460,186.0187783319042,370,0.10008645029475326,9.452693048741816e-05,0.4797318880093606,0.11891891891891893,0.4972972972972973,0.2891891891891892,0.0945945945945946
461,223.55352183727445,271,0.09958797539591889,9.404448517263751e-05,0.47358146231675785,0.36162361623616235,0.0959409594095941,0.4132841328413284,0.12915129151291513
462,-121.15170677541154,1000,0.0990919831230947,9.356450215596125e-05,0.4807257594034743,0.123,0.156,0.572,0.149
463,206.20376747516048,684,0.09859846111170241,9.308696887034445e-05,0.4628879242958601,0.6593567251461988,0.12134502923976608,0.10526315789473684,0.11403508771929824
464,165.74426341589412,321,0.09810739705874481,9.261187281288167e-05,0.4661242258577776,0.07476635514018691,0.4485981308411215,0.4174454828660436,0.059190031152647975
465,194.7355065938322,443,0.0976187787224991,9.213920154447967e-05,0.4850113964137013,0.39954853273137697,0.10835214446952596,0.37020316027088035,0.12189616252821671
466,154.51271609760465,679,0.09713259392221169,9.166894268953164e-05,0.4824323926703261,0.27835051546391754,0.3122238586156112,0.28276877761413843,0.12665684830633284
467,202.69236683963413,228,0.09664883053779448,9.120108393559328e-05,0.4672098358842427,0.19298245614035087,0.14473684210526316,0.4956140350877193,0.16666666666666666
468,200.95868646881962,453,0.09616747650952286,9.073561303306037e-05,0.474051961074913,0.33774834437086093,0.17660044150110377,0.2958057395143488,0.18984547461368653
469,257.17265255036386,228,0.09568851983773495,9.027251779484805e-05,0.4679613601942346,0.3201754385964912,0.14912280701754385,0.4605263157894737,0.07017543859649122
470,189.88602329118203,399,0.09521194858253253,8.981178609607174e-05,0.4864327323307078,0.568922305764411,0.06516290726817042,0.2832080200501253,0.08270676691729323
471,203.57611012802863,488,0.09473775086348335,8.935340587372971e-05,0.48249184389635513,0.45491803278688525,0.06762295081967214,0.15163934426229508,0.32581967213114754
472,233.70375214426292,286,0.09426591485932499,8.88973651263872e-05,0.48886850858545183,0.4965034965034965,0.14685314685314685,0.24825174825174826,0.10839160839160839
473,227.3992661489377,278,0.09379642880767017,8.844365191386223e-05,0.48162809311384697,0.38848920863309355,0.09712230215827339,0.381294964028777,0.13309352517985612
474,237.3707135282818,396,0.09332928100471348,8.799225435691295e-05,0.4774938049104713,0.23232323232323232,0.16414141414141414,0.45454545454545453,0.14898989898989898
475,211.73406262356804,261,0.09286445980493968,8.754316063692666e-05,0.47793214626370667,0.4367816091954023,0.10727969348659004,0.31800766283524906,0.13793103448275862
476,201.6897431728009,312,0.09240195362083334,8.70963589956103e-05,0.47004219494171234,0.14423076923076922,0.34935897435897434,0.3333333333333333,0.17307692307692307
477,235.1640323921423,455,0.09194175092259001,8.665183773468267e-05,0.477759317008026,0.421978021978022,0.12087912087912088,0.3516483516483517,0.1054945054945055
478,233.7503200530805,340,0.09148384023782877,8.620958521556806e-05,0.4776077089321461,0.4117647058823529,0.12058823529411765,0.36764705882352944,0.1
479,-69.88902411307845,1000,0.09102821015130624,8.576958985909162e-05,0.47670317883693014,0.397,0.068,0.457,0.078
480,230.63693088173648,246,0.09057484930463203,8.533184014517613e-05,0.4700990611292618,0.35772357723577236,0.08536585365853659,0.45528455284552843,0.1016260162601626
481,238.7514066982609,292,0.09012374639598555,8.489632461254036e-05,0.4818185690531989,0.2910958904109589,0.14726027397260275,0.410958904109589,0.1506849315068493
482,225.26603403674625,421,0.08967489017983431,8.446303185839905e-05,0.47623384713867506,0.3919239904988123,0.10926365795724466,0.3681710213776722,0.13064133016627077
483,26.56941866751425,1000,0.08922826946665352,8.40319505381643e-05,0.48936085354149417,0.664,0.136,0.139,0.061
484,114.27320831920284,680,0.08878387312264722,8.36030693651486e-05,0.4866346731557887,0.3602941176470588,0.08529411764705883,0.36176470588235293,0.19264705882352942
485,198.69880395471662,333,0.0883416900694707,8.317637711026927e-05,0.4784110331102618,0.2732732732732733,0.11411411411411411,0.4744744744744745,0.13813813813813813
486,240.3920196760586,318,0.08790170928395427,8.275186260175448e-05,0.48008892213697985,0.22012578616352202,0.1509433962264151,0.4591194968553459,0.16981132075471697
487,-32.18531639135455,140,0.08746391979782855,8.232951472485073e-05,0.4651548861375718,0.14285714285714285,0.12857142857142856,0.5785714285714286,0.15
488,248.12418274216,254,0.08702831069745101,8.190932242153187e-05,0.485192956069627,0.452755905511811,0.08661417322834646,0.41732283464566927,0.04330708661417323
489,230.03653813002924,242,0.08659487112353387,8.149127469020957e-05,0.4846407765773424,0.30165289256198347,0.128099173553719,0.4669421487603306,0.10330578512396695
490,196.375900107189,254,0.08616359027087342,8.107536058544523e-05,0.47851425156502064,0.2559055118110236,0.1220472440944882,0.44881889763779526,0.1732283464566929
491,207.97634565923812,457,0.08573445738808068,8.066156921766346e-05,0.4684917412421323,0.25601750547045954,0.1487964989059081,0.4726477024070022,0.12253829321663019
492,225.43911210465114,255,0.08530746177731334,8.024988975286695e-05,0.4765344081165491,0.32941176470588235,0.09803921568627451,0.45098039215686275,0.12156862745098039
493,248.38201550428536,288,0.0848825927940091,7.984031141235278e-05,0.47511009319425807,0.2152777777777778,0.16666666666666666,0.4583333333333333,0.1597222222222222
494,244.16774084404219,253,0.08445983984662027,7.943282347243025e-05,0.4697055170325163,0.23715415019762845,0.17786561264822134,0.4268774703557312,0.15810276679841898
495,137.70898933800584,761,0.0840391923963498,7.902741526414009e-05,0.47866351734679335,0.4454664914586071,0.2076215505913272,0.2706964520367937,0.07621550591327202
496,268.08305139071246,275,0.0836206399568885,7.862407617297512e-05,0.4796368794403704,0.4036363636363636,0.11636363636363636,0.4,0.08
497,200.64032199582215,399,0.08320417209415364,7.822279563860235e-05,0.48585306938108114,0.21303258145363407,0.13032581453634084,0.506265664160401,0.15037593984962405
498,153.32628903783024,887,0.08278977842602886,7.782356315458647e-05,0.48183783335574853,0.4926719278466742,0.3258173618940248,0.14430665163472378,0.03720405862457723
499,-40.58903529528186,168,0.08237744862210536,7.742636826811479e-05,0.48299482118537995,0.22023809523809523,0.125,0.5297619047619048,0.125
500,244.08587764975303,245,0.08196717240342434,7.703120057972354e-05,0.47406018615217344,0.22857142857142856,0.14285714285714285,0.44081632653061226,0.18775510204081633
501,195.84157117738462,348,0.08155893954222078,7.66380497430256e-05,0.47083140739828483,0.22126436781609196,0.12643678160919541,0.5172413793103449,0.13505747126436782
502,198.21326304647027,308,0.08115273986166843,7.624690546443961e-05,0.48355787960141844,0.37987012987012986,0.1038961038961039,0.4155844155844156,0.10064935064935066
503,187.81549294703612,386,0.08074856323562621,7.585775750292045e-05,0.4865463431641846,0.38082901554404147,0.10362694300518134,0.38082901554404147,0.13471502590673576
504,184.89308833977532,417,0.08034639958838564,7.547059566969111e-05,0.47728357558613316,0.290167865707434,0.18465227817745802,0.2637889688249401,0.26139088729016785
505,17.17182750259012,104,0.0799462388944198,7.508540982797593e-05,0.4782645677472541,0.20192307692307693,0.17307692307692307,0.47115384615384615,0.15384615384615385
506,233.2422867586083,215,0.07954807117813331,7.470218989273521e-05,0.47766804492120013,0.30697674418604654,0.09767441860465116,0.46511627906976744,0.13023255813953488
507,-115.98581920433955,1000,0.07915188651361367,7.432092583040112e-05,0.4784771255957746,0.17,0.127,0.579,0.124
508,145.72863467418924,402,0.07875767502438383,7.394160765861504e-05,0.48094416195725137,0.14676616915422885,0.1044776119402985,0.5124378109452736,0.236318407960199
509,209.428655102689,343,0.078365426883156,7.356422544596616e-05,0.48084688980092727,0.36151603498542273,0.119533527696793,0.4139941690962099,0.10495626822157435
510,25.083027772065037,935,0.07797513231158659,7.318876931173151e-05,0.48098189450153955,0.16470588235294117,0.19679144385026737,0.5262032085561498,0.11229946524064172
511,-149.59570852710135,1000,0.07758678158003256,7.281522942561718e-05,0.4732156242049332,0.131,0.143,0.586,0.14
512,238.23048741270483,264,0.07720036500730874,7.244359600750101e-05,0.48547224212899986,0.3484848484848485,0.07954545454545454,0.4356060606060606,0.13636363636363635
513,219.7750391181554,194,0.07681587296044662,7.207385932717653e-05,0.46929607944449275,0.30927835051546393,0.12371134020618557,0.4587628865979381,0.10824742268041238
514,206.3297212461411,441,0.07643329585445409,7.170600970409811e-05,0.48417897519272174,0.4331065759637188,0.10657596371882086,0.36281179138321995,0.09750566893424037
515,148.31373600281825,720,0.07605262415207657,7.134003750712762e-05,0.47412786103552096,0.23333333333333334,0.12777777777777777,0.5027777777777778,0.1361111111111111
516,207.54173257118532,444,0.07567384836355925,7.097593315428215e-05,0.47384344846201026,0.23423423423423423,0.1373873873873874,0.4864864864864865,0.14189189189189189
517,153.3224039152518,460,0.0752969590464105,7.061368711248323e-05,0.47576858158021296,0.17173913043478262,0.39565217391304347,0.2565217391304348,0.17608695652173914
518,252.9384906826803,242,0.07492194680516646,7.025328989730719e-05,0.46990806940427826,0.256198347107438,0.1652892561983471,0.4297520661157025,0.1487603305785124
519,244.95456621271768,235,0.07454880229115689,6.989473207273681e-05,0.4682594352185822,0.22127659574468084,0.16170212765957448,0.44680851063829785,0.1702127659574468
520,163.89568182976146,651,0.07417751620227203,6.953800425091434e-05,0.4725768596745938,0.3087557603686636,0.2857142857142857,0.1597542242703533,0.2457757296466974
521,197.9314341254892,365,0.07380807928273078,6.91830970918956e-05,0.47156415442560945,0.3917808219178082,0.11506849315068493,0.3863013698630137,0.10684931506849316
522,209.11742483451928,271,0.07344048232284993,6.883000130340553e-05,0.47582329796907646,0.2066420664206642,0.14760147601476015,0.4833948339483395,0.16236162361623616
523,225.2623338755126,235,0.07307471615881456,6.847870764059486e-05,0.4624763996323097,0.2765957446808511,0.09361702127659574,0.5148936170212766,0.1148936170212766
524,215.95139261455736,304,0.0727107716724496,6.812920690579805e-05,0.4713431479192945,0.4473684210526316,0.08881578947368421,0.3651315789473684,0.09868421052631579
525,151.95995847599647,420,0.07234863979099258,6.778148994829249e-05,0.4685897725209057,0.10952380952380952,0.09761904761904762,0.46190476190476193,0.33095238095238094
526,222.78614187573191,351,0.07198831148686739,6.743554766405891e-05,0.47408339170212516,0.4586894586894587,0.08262108262108261,0.3789173789173789,0.07977207977207977
527,277.60524772220026,285,0.07162977777745924,6.709137099554301e-05,0.47360474880136566,0.28771929824561404,0.34035087719298246,0.2596491228070175,0.11228070175438597
528,232.78085228320103,360,0.07127302972489075,6.674895093141833e-05,0.46898148304300585,0.49722222222222223,0.09722222222222222,0.3,0.10555555555555556
529,37.877533733974275,1000,0.07091805843579913,6.64082785063503e-05,0.4688769810988876,0.411,0.426,0.123,0.04
530,226.38185626051325,357,0.07056485506111447,6.606934480076148e-05,0.4622030596640561,0.3753501400560224,0.10364145658263306,0.40336134453781514,0.11764705882352941
531,210.40064927644931,373,0.07021341079583919,6.573214094059807e-05,0.4666861872260335,0.3163538873994638,0.10455764075067024,0.45308310991957107,0.1260053619302949
532,190.85679355533605,477,0.06986371687882846,6.539665809709758e-05,0.46259737135197876,0.3060796645702306,0.1761006289308176,0.3857442348008386,0.1320754716981132
533,-13.23010715353314,178,0.06951576459257186,6.506288748655759e-05,0.4634047032637155,0.34831460674157305,0.06179775280898876,0.5280898876404494,0.06179775280898876
534,214.2085196033326,270,0.06916954526297603,6.473082037010584e-05,0.46594820321476227,0.4777777777777778,0.2037037037037037,0.24074074074074073,0.07777777777777778
535,222.60642642260117,624,0.06882505025914844,6.440044805347146e-05,0.46731200232718506,0.4935897435897436,0.1330128205128205,0.1842948717948718,0.1891025641025641
536,232.14320829052053,226,0.06848227099318223,6.407176188675723e-05,0.4549189538325848,0.30973451327433627,0.09734513274336283,0.4646017699115044,0.12831858407079647
537,219.10442672765492,171,0.06814119891994212,6.374475326421318e-05,0.45098425909053724,0.29239766081871343,0.11695906432748537,0.4678362573099415,0.12280701754385964
538,202.67742928559636,346,0.06780182553685142,6.341941362401126e-05,0.4597324413621258,0.3959537572254335,0.12138728323699421,0.3872832369942196,0.0953757225433526
539,209.3837688910011,342,0.06746414238368,6.309573444802116e-05,0.4494610688950352,0.45614035087719296,0.07894736842105263,0.3567251461988304,0.10818713450292397
540,182.3605065344565,300,0.06712814104233344,6.27737072615873e-05,0.4616802708788335,0.21666666666666667,0.11,0.5533333333333333,0.12
541,238.72093219373866,284,0.06679381313664319,6.245332363330693e-05,0.46021910251380604,0.2112676056338028,0.13380281690140844,0.4823943661971831,0.17253521126760563
542,227.28229026284964,295,0.0664611503321577,6.213457517480939e-05,0.4628112603695352,0.2305084745762712,0.10847457627118644,0.5220338983050847,0.13898305084745763
543,-90.95836022094055,1000,0.06613014433593471,6.181745354053646e-05,0.45237179391949633,0.249,0.205,0.405,0.141
544,190.75892036307658,292,0.06580078689633446,6.150195042752389e-05,0.4490118299207712,0.2808219178082192,0.1267123287671233,0.4794520547945205,0.11301369863013698
545,265.4940209475678,208,0.06547306980281405,6.1188057575184e-05,0.45190319930088374,0.25961538461538464,0.10576923076923077,0.47596153846153844,0.15865384615384615
546,242.94113774155392,173,0.0651469848857227,6.0875766765089345e-05,0.45482561989041914,0.4277456647398844,0.10982658959537572,0.3988439306358382,0.06358381502890173
547,123.99201912768508,686,0.0648225240160981,6.056506982075763e-05,0.444280663511692,0.44169096209912534,0.11807580174927114,0.2857142857142857,0.15451895043731778
548,193.50254250918493,370,0.06449967910546381,6.0255958607437554e-05,0.44937302571593973,0.2756756756756757,0.12972972972972974,0.44054054054054054,0.15405405405405406
549,107.90273875773914,981,0.06417844210562758,5.994842503189588e-05,0.4399533738151353,0.3853211009174312,0.04994903160040775,0.21100917431192662,0.35372069317023447
550,228.71823113802407,251,0.0638588050084807,5.964246104220548e-05,0.44048228977823317,0.20717131474103587,0.13545816733067728,0.5139442231075697,0.14342629482071714
551,223.58782581180574,352,0.06354075984579843,5.933805862753456e-05,0.4360523127210254,0.29261363636363635,0.125,0.45454545454545453,0.1278409090909091
552,2.2406758950083088,105,0.0632242986890413,5.9035209817936916e-05,0.4401617115429062,0.3333333333333333,0.08571428571428572,0.47619047619047616,0.10476190476190476
553,218.23399950199462,288,0.06290941364915748,5.873390668414323e-05,0.44320777782960447,0.3472222222222222,0.07291666666666667,0.4861111111111111,0.09375
554,42.031538964216566,1000,0.06259609687638612,5.8434141337353506e-05,0.4379071941720681,0.507,0.335,0.117,0.041
555,72.26057406425578,852,0.06228434056006167,5.813590592903049e-05,0.4399384308112609,0.3028169014084507,0.0892018779342723,0.48708920187793425,0.12089201877934272
556,274.6398766366789,205,0.061974136928419146,5.7839192650694185e-05,0.4434875772345729,0.2926829268292683,0.08292682926829269,0.5560975609756098,0.06829268292682927
557,-141.68265447219875,1000,0.06166547824840039,5.7543993733717426e-05,0.4410335004645699,0.215,0.109,0.565,0.111
558,-96.9764700623938,286,0.061358356825461334,5.725030144912246e-05,0.4299263235525182,0.1258741258741259,0.15384615384615385,0.5629370629370629,0.15734265734265734
559,243.50326628907834,231,0.06105276500338012,5.695810810737859e-05,0.42801323548684006,0.3333333333333333,0.12987012987012986,0.38961038961038963,0.1471861471861472
560,84.69558000660466,749,0.06074869516406628,5.666740605820084e-05,0.4331444192777634,0.1068090787716956,0.22563417890520696,0.5033377837116155,0.16421895861148197
561,233.3690833432711,295,0.06044613972737082,5.637818769034967e-05,0.43040879102640356,0.3559322033898305,0.08813559322033898,0.46779661016949153,0.08813559322033898
562,244.04264002437952,221,0.060145091150897244,5.609044543143168e-05,0.43408317410763386,0.23529411764705882,0.10407239819004525,0.5294117647058824,0.13122171945701358
563,224.90947687043112,268,0.059845541929813534,5.580417174770135e-05,0.427473618329426,0.26865671641791045,0.12686567164179105,0.48507462686567165,0.11940298507462686
564,212.79124271677983,304,0.05954748459666506,5.551935914386379e-05,0.4306708310658708,0.42105263157894735,0.09868421052631579,0.3684210526315789,0.1118421052631579
565,-25.573230779462904,287,0.05925091172118844,5.5236000162878504e-05,0.4283234151721511,0.27526132404181186,0.08013937282229965,0.5749128919860628,0.06968641114982578
566,202.69307724004682,318,0.058955815910126275,5.495408738576414e-05,0.4315033322633502,0.41509433962264153,0.05660377358490566,0.4559748427672956,0.07232704402515723
567,26.041960146106533,820,0.05866218980704289,5.467361343140425e-05,0.4304955789266513,0.14268292682926828,0.2073170731707317,0.47317073170731705,0.17682926829268292
568,177.76695287063572,726,0.058370026092140904,5.439457095635402e-05,0.4267535392931888,0.3333333333333333,0.15013774104683195,0.3774104683195592,0.13911845730027547
569,210.68101729179423,217,0.058079317482078785,5.4116952654648034e-05,0.4376236376372695,0.3087557603686636,0.10138248847926268,0.48847926267281105,0.10138248847926268
570,235.34793225680153,255,0.05779005672978926,5.3840751257608944e-05,0.42593615319895467,0.43529411764705883,0.1450980392156863,0.3137254901960784,0.10588235294117647
571,210.51957864461923,348,0.05750223662429868,5.35659595336572e-05,0.4238162825970445,0.10344827586206896,0.31896551724137934,0.42528735632183906,0.15229885057471265
572,225.45239106834092,270,0.05721584999054722,5.329257028812169e-05,0.4324390264426323,0.3074074074074074,0.10740740740740741,0.45925925925925926,0.1259259259259259
573,187.25207034090494,297,0.056930889689210055,5.302057636305136e-05,0.4264118010815677,0.19528619528619529,0.23232323232323232,0.5084175084175084,0.06397306397306397
574,244.1344782636077,205,0.05664734861651935,5.2749970637027824e-05,0.4289167051957294,0.25853658536585367,0.14634146341463414,0.48292682926829267,0.11219512195121951
575,230.412291156828,262,0.056365219704087186,5.248074602497889e-05,0.4254981131220535,0.2862595419847328,0.1183206106870229,0.4541984732824427,0.14122137404580154
576,207.41888861922394,432,0.056084495918729355,5.221289547799308e-05,0.4330253957461749,0.11574074074074074,0.44907407407407407,0.27314814814814814,0.16203703703703703
577,226.16266125463585,243,0.05580517026229002,5.1946411983135046e-05,0.42192326626779164,0.30864197530864196,0.12345679012345678,0.45267489711934156,0.11522633744855967
578,228.149417064792,278,0.05552723577146726,5.1681288563261965e-05,0.4162950582533976,0.2841726618705036,0.1510791366906475,0.4352517985611511,0.12949640287769784
579,222.59399043472166,477,0.055250685517639495,5.141751827684087e-05,0.42562660496505,0.47379454926624737,0.24947589098532494,0.20545073375262055,0.07127882599580712
580,211.2697819632707,332,0.05497551260669274,5.11550942177669e-05,0.42697423027831355,0.16265060240963855,0.2319277108433735,0.5150602409638554,0.09036144578313253
581,231.0289400868309,273,0.05470171017884877,5.08940095151825e-05,0.426903729244691,0.31135531135531136,0.10622710622710622,0.4908424908424908,0.09157509157509157
582,192.52718503684932,296,0.05442927140849408,5.063425733329746e-05,0.42390872331375223,0.27702702702702703,0.11824324324324324,0.48986486486486486,0.11486486486486487
583,256.14619671623086,289,0.05415818950400976,5.0375830871210034e-05,0.41379950373344426,0.3356401384083045,0.09688581314878893,0.49480968858131485,0.0726643598615917
584,-160.5123041791342,1000,0.053888457707602165,5.011872336272881e-05,0.423690187141044,0.119,0.155,0.579,0.147
585,-109.98803412962747,580,0.05362006929513446,4.986292807619558e-05,0.411545617821256,0.22241379310344828,0.11724137931034483,0.5637931034482758,0.09655172413793103
586,195.77832893486087,505,0.05335301757595899,4.960843831430907e-05,0.4186135682576162,0.4178217821782178,0.24752475247524752,0.27920792079207923,0.055445544554455446
587,256.4126599028908,324,0.053087295892750505,4.935524741394963e-05,0.42357219232322185,0.24382716049382716,0.15123456790123457,0.39814814814814814,0.20679012345679013
588,220.00932255330684,283,0.052822897621340174,4.910334874600474e-05,0.41639117048925256,0.3215547703180212,0.10954063604240283,0.4734982332155477,0.09540636042402827
589,260.43626015876566,287,0.052559816170550465,4.885273571519545e-05,0.4154011879904778,0.39372822299651566,0.12195121951219512,0.26480836236933797,0.21951219512195122
590,201.5203190663202,402,0.05229804498203084,4.860340175990373e-05,0.41251878362689615,0.24378109452736318,0.14676616915422885,0.48507462686567165,0.12437810945273632
591,216.11968078160487,284,0.05203757753009425,4.8355340352000625e-05,0.4111449508443979,0.38028169014084506,0.0880281690140845,0.43309859154929575,0.09859154929577464
592,132.3824693285061,442,0.051778407321554455,4.810854499667538e-05,0.41427636294486253,0.18778280542986425,0.09049773755656108,0.48868778280542985,0.2330316742081448
593,246.87715222247664,248,0.05152052789556417,4.786300923226537e-05,0.42294074851482094,0.36693548387096775,0.10080645161290322,0.45564516129032256,0.07661290322580645
594,215.22357385751286,238,0.051263932823453984,4.76187266300869e-05,0.41021705200356295,0.226890756302521,0.12605042016806722,0.5126050420168067,0.13445378151260504
595,-284.20913899757556,999,0.051008615708572125,4.737569079426693e-05,0.41216479562650904,0.07707707707707707,0.17617617617617617,0.5665665665665666,0.18018018018018017
596,224.18295593391645,251,0.050754570186124975,4.713389536157557e-05,0.4198335372170767,0.38247011952191234,0.12350597609561753,0.3386454183266932,0.1553784860557769
597,255.0768575569192,246,0.0505017899230184,4.689333400125952e-05,0.41037896915579136,0.44308943089430897,0.13414634146341464,0.3252032520325203,0.0975609756097561
598,205.51520936230742,281,0.050250268617699906,4.665400041487629e-05,0.41755101833313246,0.25622775800711745,0.10320284697508897,0.5160142348754448,0.12455516014234876
599,177.06142176511156,378,0.05000000000000151,4.6415888336129295e-05,0.41447274443514825,0.21428571428571427,0.12962962962962962,0.5185185185185185,0.13756613756613756
600,183.00064497013102,465,0.05,4.617899153070379e-05,0.4061380708317762,0.26881720430107525,0.13978494623655913,0.47956989247311826,0.11182795698924732
601,261.46339750784784,256,0.05,4.594330379610366e-05,0.40899839138263216,0.21484375,0.2265625,0.296875,0.26171875
602,214.52669269571925,284,0.05,4.5708818961488994e-05,0.4025908769985394,0.41901408450704225,0.07042253521126761,0.44366197183098594,0.06690140845070422
603,200.83439081753596,317,0.05,4.547553088751453e-05,0.4050998896996566,0.28391167192429023,0.13249211356466878,0.4794952681388013,0.10410094637223975
604,223.51623461703014,355,0.05,4.524343346616893e-05,0.4047671133265112,0.11267605633802817,0.3408450704225352,0.3436619718309859,0.2028169014084507
605,245.51018112858586,307,0.05,4.501252062061484e-05,0.4072212140122215,0.31921824104234525,0.11400651465798045,0.4364820846905538,0.13029315960912052
606,233.50690570358978,367,0.05,4.478278630502978e-05,0.4066895204443377,0.28610354223433243,0.2098092643051771,0.4087193460490463,0.09536784741144415
607,200.83730549546698,344,0.05,4.4554224504447877e-05,0.41103211629409925,0.1686046511627907,0.0755813953488372,0.4476744186046512,0.3081395348837209
608,167.55847200885225,799,0.05,4.4326829234602346e-05,0.3988144918808989,0.392991239048811,0.07634543178973717,0.30037546933667086,0.23028785982478098
609,221.61374780109176,364,0.05,4.410059454176883e-05,0.4002727486050651,0.3434065934065934,0.12637362637362637,0.36538461538461536,0.16483516483516483
610,194.88557194209142,358,0.05,4.387551450260952e-05,0.4009244464181645,0.4022346368715084,0.07541899441340782,0.4441340782122905,0.0782122905027933
611,177.23997888699074,346,0.05,4.3651583224018043e-05,0.3958232629623139,0.315028901734104,0.0953757225433526,0.5057803468208093,0.0838150289017341
612,13.373694002367207,1000,0.05,4.3428794842965214e-05,0.39800612411654684,0.71,0.089,0.167,0.034
613,242.3308146014079,271,0.05,4.320714352634547e-05,0.41269874531795964,0.2988929889298893,0.11808118081180811,0.4575645756457565,0.12546125461254612
614,216.3755752749664,285,0.05,4.29866234708242e-05,0.3997446300270649,0.43508771929824563,0.08421052631578947,0.37894736842105264,0.10175438596491228
615,195.83408143298396,572,0.05,4.276722890268576e-05,0.4050293161514809,0.43006993006993005,0.2465034965034965,0.23251748251748253,0.09090909090909091
616,140.60047292923994,510,0.05,4.254895407768233e-05,0.3986753455817906,0.2235294117647059,0.17450980392156862,0.4980392156862745,0.10392156862745099
617,-94.25846002830335,1000,0.05,4.23317932808835e-05,0.39794729520679006,0.042,0.346,0.356,0.256
618,144.36752987331877,461,0.05,4.2115740826526656e-05,0.4018314892679107,0.175704989154013,0.2754880694143167,0.455531453362256,0.09327548806941431
619,243.75643901015462,244,0.05,4.19007910578681e-05,0.3924600383331195,0.3442622950819672,0.05327868852459016,0.5327868852459017,0.06967213114754098
620,201.87193775930663,327,0.05,4.168693834703494e-05,0.39418336674145554,0.37003058103975534,0.08868501529051988,0.42507645259938837,0.1162079510703364
621,193.59705310821852,292,0.05,4.147417709487777e-05,0.3942904839609798,0.3150684931506849,0.07534246575342465,0.5136986301369864,0.0958904109589041
622,223.4340606636689,234,0.05,4.126250173082403e-05,0.39934164063742744,0.32051282051282054,0.05128205128205128,0.5256410256410257,0.10256410256410256
623,216.56500233066106,217,0.05,4.1051906712732176e-05,0.3948786116598132,0.2903225806451613,0.07834101382488479,0.543778801843318,0.08755760368663594
624,233.98812291992385,286,0.05,4.084238652674659e-05,0.41242562634237245,0.4405594405594406,0.0979020979020979,0.34615384615384615,0.11538461538461539
625,216.55623097081187,232,0.05,4.063393568715319e-05,0.4222031829797195,0.3577586206896552,0.07327586206896551,0.4698275862068966,0.09913793103448276
626,210.16591225434394,318,0.05,4.04265487362358e-05,0.4069150893787602,0.22012578616352202,0.3238993710691824,0.3710691823899371,0.08490566037735849
627,220.3193769316049,271,0.05,4.022022024413328e-05,0.39607180314038937,0.36531365313653136,0.08856088560885608,0.44280442804428044,0.1033210332103321
628,250.66159331158573,255,0.05,4.001494480869733e-05,0.41872691846714605,0.44313725490196076,0.10588235294117647,0.3686274509803922,0.08235294117647059
629,125.27247963647056,613,0.05,3.981071705535108e-05,0.4048753587070691,0.12398042414355628,0.4110929853181077,0.3605220228384992,0.10440456769983687
630,219.85278415670678,273,0.05,3.960753163694834e-05,0.4048824088033097,0.2967032967032967,0.09157509157509157,0.5018315018315018,0.10989010989010989
631,-135.08250608008342,1000,0.05,3.940538323363363e-05,0.4021359184574089,0.062,0.187,0.564,0.187
632,226.9511066323555,210,0.05,3.920426655270286e-05,0.3986020751608558,0.4238095238095238,0.05714285714285714,0.45714285714285713,0.06190476190476191
633,-2.013097998070159,1000,0.05,3.90041763284648e-05,0.3933488094431615,0.433,0.384,0.149,0.034
634,224.67974303806642,311,0.05,3.8805107322103155e-05,0.3989856056528603,0.2765273311897106,0.19292604501607716,0.40192926045016075,0.12861736334405144
635,236.30689465217023,210,0.05,3.860705432153946e-05,0.3956202283670469,0.46190476190476193,0.08095238095238096,0.3952380952380952,0.06190476190476191
636,219.00864058780644,235,0.05,3.841001214129657e-05,0.3974083603072249,0.4425531914893617,0.0851063829787234,0.3872340425531915,0.0851063829787234
637,228.30554967790792,220,0.05,3.8213975622362915e-05,0.39228896123620877,0.2590909090909091,0.07272727272727272,0.5,0.16818181818181818
638,152.46814360893217,641,0.05,3.801893963205743e-05,0.397144858737629,0.3962558502340094,0.31825273010920435,0.23400936037441497,0.0514820592823713
639,254.89996963548523,248,0.05,3.782489906389515e-05,0.4003285019058802,0.3911290322580645,0.0967741935483871,0.4153225806451613,0.0967741935483871
640,242.00721392413075,242,0.05,3.763184883745353e-05,0.4000336696679084,0.4049586776859504,0.049586776859504134,0.45454545454545453,0.09090909090909091
641,269.0709152074313,171,0.05,3.743978389823941e-05,0.3872908036557043,0.2807017543859649,0.11695906432748537,0.49707602339181284,0.10526315789473684
642,251.03104715574395,266,0.05,3.724869921755669e-05,0.39039653927149714,0.462406015037594,0.07518796992481203,0.37969924812030076,0.08270676691729323
643,175.72691511114897,643,0.05,3.7058589792374664e-05,0.3892971298694714,0.3545878693623639,0.33748055987558323,0.24416796267496113,0.06376360808709176
644,152.791742439462,481,0.05,3.686945064519703e-05,0.3943346503490447,0.2494802494802495,0.23076923076923078,0.44282744282744285,0.07692307692307693
645,209.17531602438663,263,0.05,3.668127682393157e-05,0.3861854914592125,0.40304182509505704,0.11026615969581749,0.4068441064638783,0.07984790874524715
646,235.55774514901614,217,0.05,3.6494063401760485e-05,0.3924334965150563,0.3640552995391705,0.059907834101382486,0.5161290322580645,0.059907834101382486
647,226.0945432419124,264,0.05,3.63078054770114e-05,0.3890760012033784,0.32954545454545453,0.06439393939393939,0.5037878787878788,0.10227272727272728
648,228.12320434289379,276,0.05,3.612249817302904e-05,0.3818768044350417,0.3079710144927536,0.09420289855072464,0.4673913043478261,0.13043478260869565
649,165.49882376346403,552,0.05,3.593813663804753e-05,0.3877849742902273,0.20833333333333334,0.09782608695652174,0.3894927536231884,0.30434782608695654
650,4.342669473429721,1000,0.05,3.575471604506339e-05,0.38829735721200653,0.411,0.381,0.162,0.046
651,230.25721818187608,224,0.05,3.557223159170912e-05,0.382756098148702,0.36607142857142855,0.09375,0.45982142857142855,0.08035714285714286
652,193.82209314348486,281,0.05,3.5390678500127486e-05,0.37995230411698283,0.4306049822064057,0.060498220640569395,0.4483985765124555,0.060498220640569395
653,228.6472667995938,158,0.05,3.5210052016846434e-05,0.39708734052071515,0.25949367088607594,0.12658227848101267,0.4810126582278481,0.13291139240506328
654,233.38291848106252,273,0.05,3.5030347412654595e-05,0.38405291957787346,0.3992673992673993,0.14652014652014653,0.3626373626373626,0.09157509157509157
655,258.63898604038604,237,0.05,3.4851559982477505e-05,0.3804016393905651,0.5358649789029536,0.05907172995780591,0.35864978902953587,0.046413502109704644
656,235.2698199335238,291,0.05,3.467368504525439e-05,0.37597770967813243,0.41237113402061853,0.09965635738831616,0.3917525773195876,0.09621993127147767
657,250.47711315049415,207,0.05,3.4496717943815614e-05,0.37997228792269505,0.28502415458937197,0.08695652173913043,0.5217391304347826,0.10628019323671498
658,196.2923123582272,470,0.05,3.4320654044760744e-05,0.38372745761977883,0.41702127659574467,0.24680851063829787,0.25957446808510637,0.07659574468085106
659,248.2728990679554,192,0.05,3.414548873833723e-05,0.3799503869561242,0.4114583333333333,0.14583333333333334,0.3541666666666667,0.08854166666666667
660,-46.06895170453886,1000,0.05,3.397121743831973e-05,0.3774080470703343,0.31,0.137,0.437,0.116
661,214.93273937734142,338,0.05,3.379783558189e-05,0.37374728947213676,0.4289940828402367,0.06804733727810651,0.4437869822485207,0.05917159763313609
662,234.64935145599068,211,0.05,3.3625338629517463e-05,0.36860400669027166,0.44075829383886256,0.0947867298578199,0.35545023696682465,0.10900473933649289
663,257.1133346535408,233,0.05,3.345372206484034e-05,0.3715624681462582,0.34763948497854075,0.17167381974248927,0.37339055793991416,0.1072961373390558
664,152.65047880362312,393,0.05,3.328298139454739e-05,0.37438324410770163,0.16793893129770993,0.061068702290076333,0.3384223918575064,0.43256997455470736
665,166.87510595096538,632,0.05,3.311311214826029e-05,0.3738472297293723,0.5727848101265823,0.05379746835443038,0.1962025316455696,0.17721518987341772
666,86.19970035737524,747,0.05,3.2944109878416555e-05,0.3803019000378759,0.19812583668005354,0.22356091030789826,0.4926372155287818,0.0856760374832664
667,231.4819510947649,253,0.05,3.2775970160153124e-05,0.3820258957042857,0.2964426877470356,0.10276679841897234,0.4901185770750988,0.11067193675889328
668,14.680575961620573,1000,0.05,3.26086885911905e-05,0.37533479104641787,0.287,0.464,0.211,0.038
669,244.94615162797376,215,0.05,3.2442260791717464e-05,0.3797009504728611,0.3023255813953488,0.10697674418604651,0.4325581395348837,0.15813953488372093
670,233.08796297475226,252,0.05,3.227668240427644e-05,0.3716158898908716,0.5476190476190477,0.07539682539682539,0.32936507936507936,0.047619047619047616
671,263.9457057059659,161,0.05,3.211194909364938e-05,0.37862149534381445,0.30434782608695654,0.10559006211180125,0.5031055900621118,0.08695652173913043
672,231.1805393040462,322,0.05,3.194805654674426e-05,0.3674330542307916,0.2826086956521739,0.09316770186335403,0.2732919254658385,0.35093167701863354
673,235.6571354074678,211,0.05,3.178500047248217e-05,0.3702937653117639,0.4075829383886256,0.0995260663507109,0.4075829383886256,0.08530805687203792
674,-143.09224006890938,1000,0.05,3.1622776601684934e-05,0.37643628352047726,0.119,0.154,0.571,0.156
675,62.01002799652462,1000,0.05,3.1461380686963373e-05,0.37280637442284126,0.732,0.03,0.117,0.121
676,257.6954101400995,176,0.05,3.1300808502606066e-05,0.3741321005575162,0.5,0.0625,0.3806818181818182,0.056818181818181816
677,28.28565721326089,77,0.05,3.1141055844468724e-05,0.36653058913948167,0.16883116883116883,0.15584415584415584,0.5584415584415584,0.11688311688311688
678,169.8181915834206,438,0.05,3.0982118529864115e-05,0.36079414606017385,0.3607305936073059,0.07990867579908675,0.454337899543379,0.1050228310502283
679,216.16389189693004,298,0.05,3.082399239745255e-05,0.37259224546980907,0.09731543624161074,0.41946308724832215,0.3859060402684564,0.09731543624161074
680,226.65884518913558,169,0.05,3.066667330713294e-05,0.3651672324754908,0.3609467455621302,0.13609467455621302,0.4319526627218935,0.07100591715976332
681,255.58924790636388,222,0.05,3.0510157139934383e-05,0.37341670576785624,0.40540540540540543,0.17567567567567569,0.3153153153153153,0.1036036036036036
682,241.87014673578545,180,0.05,3.035443979790832e-05,0.3672908608318581,0.5055555555555555,0.12222222222222222,0.3055555555555556,0.06666666666666667
683,45.880820580719856,838,0.05,3.0199517204021263e-05,0.3679905236926398,0.27088305489260145,0.10143198090692124,0.5334128878281623,0.09427207637231504
684,236.63395270561918,202,0.05,3.0045385302048023e-05,0.3660610483523532,0.4801980198019802,0.11386138613861387,0.3217821782178218,0.08415841584158416
685,248.24457827229372,173,0.05,2.9892040056465527e-05,0.36430152625600404,0.35260115606936415,0.1329479768786127,0.4046242774566474,0.10982658959537572
686,257.7293838966401,281,0.05,2.9739477452347147e-05,0.3693162748290913,0.398576512455516,0.1601423487544484,0.35587188612099646,0.08540925266903915
687,39.837131134708855,1000,0.05,2.9587693495257588e-05,0.36343539162702393,0.509,0.33,0.144,0.017
688,265.3230441174347,215,0.05,2.9436684211148304e-05,0.3775132563365751,0.4186046511627907,0.14883720930232558,0.3395348837209302,0.09302325581395349
689,237.36583488253572,200,0.05,2.928644564625344e-05,0.36150172848051115,0.365,0.09,0.49,0.055
690,-16.396308029100254,236,0.05,2.9136973866986325e-05,0.3688225515603148,0.17372881355932204,0.16101694915254236,0.5423728813559322,0.1228813559322034
691,261.8246798088523,207,0.05,2.898826495983647e-05,0.3609164289559657,0.4927536231884058,0.11594202898550725,0.30917874396135264,0.0821256038647343
692,248.66628323687274,244,0.05,2.8840315031267124e-05,0.35804767126280673,0.4180327868852459,0.06557377049180328,0.4385245901639344,0.0778688524590164
693,235.7388143249573,172,0.05,2.8693120207613298e-05,0.37314688664953827,0.11046511627906977,0.0872093023255814,0.37209302325581395,0.43023255813953487
694,19.27363156681955,1000,0.05,2.8546676634980377e-05,0.36683430725089333,0.578,0.034,0.159,0.229
695,118.88558047663699,801,0.05,2.84009804791432e-05,0.37005367801123124,0.16104868913857678,0.0599250936329588,0.27715355805243447,0.50187265917603
696,205.0913347294291,409,0.05,2.8256027925445676e-05,0.36911654628802215,0.07334963325183375,0.05623471882640587,0.26894865525672373,0.6014669926650367
697,252.9577142388485,310,0.05,2.8111815178700904e-05,0.3696782144888069,0.22580645161290322,0.06129032258064516,0.3387096774193548,0.3741935483870968
698,204.35816567823457,461,0.05,2.796833846309181e-05,0.36709306299933103,0.4598698481561822,0.2754880694143167,0.19305856832971802,0.07158351409978309
699,203.84673608932061,303,0.05,2.7825594022072283e-05,0.35854130444537147,0.43564356435643564,0.07920792079207921,0.41254125412541254,0.07260726072607261
700,-123.22107906828117,1000,0.05,2.7683578118268825e-05,0.3660657562597588,0.226,0.111,0.566,0.097
701,231.4408382592307,227,0.05,2.7542287033382697e-05,0.3477043185701862,0.1762114537444934,0.05286343612334802,0.41409691629955947,0.3568281938325991
702,40.083158779328585,1000,0.05,2.740171706809256e-05,0.3670454117317147,0.652,0.138,0.164,0.046
703,235.42054150865968,451,0.05,2.726186454195763e-05,0.36303809278623805,0.3902439024390244,0.12638580931263857,0.28159645232815966,0.2017738359201774
704,210.48743795790233,247,0.05,2.7122725793321306e-05,0.3564788955561035,0.3360323886639676,0.0728744939271255,0.4979757085020243,0.0931174089068826
705,247.46357726746066,212,0.05,2.6984297179215296e-05,0.36442046571322984,0.37264150943396224,0.10377358490566038,0.44339622641509435,0.08018867924528301
706,243.986875580129,189,0.05,2.684657507526425e-05,0.3591641857444304,0.5978835978835979,0.0582010582010582,0.291005291005291,0.05291005291005291
707,221.54240207403006,228,0.05,2.670955587559086e-05,0.3635349824301664,0.3026315789473684,0.09649122807017543,0.4868421052631579,0.11403508771929824
708,234.66229677702353,320,0.05,2.6573235992721436e-05,0.360109496399504,0.30625,0.10625,0.44375,0.14375
709,238.67437389776094,218,0.05,2.6437611857491997e-05,0.35745373217101667,0.463302752293578,0.16055045871559634,0.3440366972477064,0.03211009174311927
710,259.9116404537335,154,0.05,2.6302679918954817e-05,0.34771326736339936,0.4675324675324675,0.05194805194805195,0.44805194805194803,0.032467532467532464
711,61.87132134112935,1000,0.05,2.6168436644285447e-05,0.35855383690987436,0.586,0.046,0.125,0.243
712,215.64261195337576,358,0.05,2.603487851869022e-05,0.3596334184798752,0.16201117318435754,0.3016759776536313,0.4720670391061452,0.06424581005586592
713,163.9699164517556,407,0.05,2.590200204531423e-05,0.3606994005417595,0.20393120393120392,0.08353808353808354,0.35135135135135137,0.36117936117936117
714,30.93542791780132,1000,0.05,2.5769803745149768e-05,0.3594201938588006,0.539,0.03,0.116,0.315
715,201.38000407630244,361,0.05,2.5638280156945248e-05,0.3618675316111584,0.27977839335180055,0.1329639889196676,0.42382271468144045,0.1634349030470914
716,229.04763748509902,199,0.05,2.5507427837114567e-05,0.35442042620210534,0.46733668341708545,0.08542713567839195,0.38190954773869346,0.06532663316582915
717,239.70263690736894,246,0.05,2.5377243359646956e-05,0.3555194867040727,0.3699186991869919,0.07723577235772358,0.47560975609756095,0.07723577235772358
718,238.0669689327212,168,0.05,2.5247723316017274e-05,0.36292056337821904,0.4583333333333333,0.08333333333333333,0.36904761904761907,0.08928571428571429
719,241.42349248207458,210,0.05,2.5118864315096767e-05,0.3541389232932549,0.46190476190476193,0.05714285714285714,0.42857142857142855,0.05238095238095238
720,218.76246951219468,338,0.05,2.4990662983064277e-05,0.35609509010025386,0.22485207100591717,0.19230769230769232,0.31952662721893493,0.26331360946745563
721,240.37957648607028,256,0.05,2.4863115963317916e-05,0.3578616034879534,0.41796875,0.0703125,0.43359375,0.078125
722,17.73805297282952,129,0.05,2.473621991638717e-05,0.3504842934003089,0.31007751937984496,0.13953488372093023,0.43410852713178294,0.11627906976744186
723,266.1862265387981,231,0.05,2.4609971519845472e-05,0.36045982571154433,0.6277056277056277,0.047619047619047616,0.2727272727272727,0.05194805194805195
724,230.60196783549347,231,0.05,2.448436746822322e-05,0.3609954425397726,0.30303030303030304,0.08225108225108226,0.5108225108225108,0.1038961038961039
725,179.4634681983099,413,0.05,2.4359404472921215e-05,0.3577295115987616,0.2179176755447942,0.13317191283292978,0.4745762711864407,0.17433414043583534
726,227.34236384892765,167,0.05,2.4235079262124575e-05,0.36135339243487746,0.4431137724550898,0.07784431137724551,0.4311377245508982,0.04790419161676647
727,213.86046327542988,355,0.05,2.4111388580717055e-05,0.35393769117518664,0.29014084507042254,0.16056338028169015,0.36056338028169016,0.18873239436619718
728,208.043009752683,369,0.05,2.3988329190195842e-05,0.3557636660510965,0.34146341463414637,0.07859078590785908,0.5013550135501355,0.07859078590785908
729,11.072769172193016,1000,0.05,2.3865897868586744e-05,0.35570677855895655,0.583,0.032,0.109,0.276
730,207.45947846256735,286,0.05,2.3744091410359837e-05,0.3433517827465847,0.45454545454545453,0.06993006993006994,0.3706293706293706,0.1048951048951049
731,199.39756642435185,377,0.05,2.3622906626345543e-05,0.35720474853804257,0.21485411140583555,0.16180371352785147,0.47480106100795755,0.14854111405835543
732,174.67819358878504,355,0.05,2.350234034365113e-05,0.3504618291045068,0.29295774647887324,0.11267605633802817,0.4422535211267606,0.15211267605633802
733,210.10233019616715,304,0.05,2.3382389405577622e-05,0.3581076108643119,0.18421052631578946,0.33223684210526316,0.39473684210526316,0.08881578947368421
734,266.7904037663766,167,0.05,2.3263050671537174e-05,0.34315596442204555,0.24550898203592814,0.1377245508982036,0.5029940119760479,0.11377245508982035
735,234.2101004066857,152,0.05,2.314432101697083e-05,0.3583977222668799,0.45394736842105265,0.05921052631578947,0.4407894736842105,0.046052631578947366
736,60.75266638444873,1000,0.05,2.302619733326671e-05,0.34839613610803083,0.565,0.029,0.111,0.295
737,188.54682856392287,324,0.05,2.2908676527678637e-05,0.34734942904227134,0.16358024691358025,0.2932098765432099,0.45987654320987653,0.08333333333333333
738,197.50053787937298,255,0.05,2.279175552324514e-05,0.34406482362001833,0.35294117647058826,0.07450980392156863,0.4823529411764706,0.09019607843137255
739,234.195855291114,222,0.05,2.2675431258708915e-05,0.3472773742498435,0.15315315315315314,0.26576576576576577,0.49099099099099097,0.09009009009009009
740,268.3133058357488,246,0.05,2.2559700688436657e-05,0.3467103381405007,0.36585365853658536,0.06504065040650407,0.483739837398374,0.08536585365853659
741,-15.071169558937749,1000,0.05,2.2444560782339324e-05,0.3556719444835799,0.086,0.044,0.172,0.698
742,173.55360158591213,348,0.05,2.233000852579281e-05,0.35671554135963807,0.13218390804597702,0.3735632183908046,0.4224137931034483,0.07183908045977011
743,238.25788239758353,152,0.05,2.2216040919558996e-05,0.3505633897932721,0.42105263157894735,0.09868421052631579,0.3815789473684211,0.09868421052631579
744,221.58652214635742,430,0.05,2.210265497970725e-05,0.342704582739193,0.4069767441860465,0.07906976744186046,0.30697674418604654,0.2069767441860465
745,219.7188387139853,268,0.05,2.1989847737536276e-05,0.3541237355562555,0.6194029850746269,0.048507462686567165,0.2835820895522388,0.048507462686567165
746,233.06660988719565,297,0.05,2.1877616239496397e-05,0.34885588132746004,0.45454545454545453,0.09427609427609428,0.36363636363636365,0.08754208754208755
747,146.57116641346988,429,0.05,2.176595754711223e-05,0.35171611201772957,0.3473193473193473,0.1655011655011655,0.3916083916083916,0.09557109557109557
748,236.78380475491468,160,0.05,2.1654868736905736e-05,0.35109525154217347,0.45,0.05625,0.4625,0.03125
749,205.45577271589454,369,0.05,2.1544346900319697e-05,0.347385350835993,0.3956639566395664,0.10569105691056911,0.4254742547425474,0.07317073170731707
750,192.93651939210733,427,0.05,2.143438914364154e-05,0.34518965940901525,0.3442622950819672,0.3583138173302108,0.2529274004683841,0.04449648711943794
751,207.58096923454752,315,0.05,2.1324992587927593e-05,0.3467156997996581,0.326984126984127,0.0761904761904762,0.47619047619047616,0.12063492063492064
752,230.826923712253,164,0.05,2.1216154368927693e-05,0.3507645529744583,0.524390243902439,0.07926829268292683,0.3048780487804878,0.09146341463414634
753,195.71132022556077,340,0.05,2.1107871637010202e-05,0.34959844817749364,0.15588235294117647,0.07647058823529412,0.38823529411764707,0.37941176470588234
754,146.38580941146017,428,0.05,2.1000141557087397e-05,0.35042621984032196,0.12149532710280374,0.1939252336448598,0.5420560747663551,0.1425233644859813
755,17.403073699971035,1000,0.05,2.0892961308541232e-05,0.35285582955781425,0.511,0.046,0.143,0.3
756,208.8763502267143,285,0.05,2.0786328085149503e-05,0.35697408767520283,0.3508771929824561,0.08421052631578947,0.45964912280701753,0.10526315789473684
757,-8.421993076383202,193,0.05,2.0680239095012362e-05,0.35001821814615797,0.10362694300518134,0.18134715025906736,0.5595854922279793,0.15544041450777202
758,9.172674025466733,131,0.05,2.057469156047922e-05,0.35379424006090837,0.13740458015267176,0.183206106870229,0.5267175572519084,0.15267175572519084
759,23.680123215453946,166,0.05,2.0469682718076032e-05,0.34759771266773976,0.21084337349397592,0.13855421686746988,0.5662650602409639,0.08433734939759036
760,229.61502175338262,207,0.05,2.036520981843293e-05,0.34972080023225416,0.1642512077294686,0.25120772946859904,0.5024154589371981,0.0821256038647343
761,219.46868868247003,263,0.05,2.026127012621225e-05,0.34704378388850354,0.3231939163498099,0.09505703422053231,0.49049429657794674,0.09125475285171103
762,240.92793535673886,422,0.05,2.01578609200369e-05,0.3475476594500947,0.6327014218009479,0.04739336492890995,0.25829383886255924,0.061611374407582936
763,198.3061580867039,303,0.05,2.0054979492419124e-05,0.3506161942432689,0.2871287128712871,0.27722772277227725,0.36633663366336633,0.06930693069306931
764,250.61699589989666,231,0.05,1.9952623149689603e-05,0.35282651420867345,0.4069264069264069,0.05627705627705628,0.42857142857142855,0.10822510822510822
765,176.59094255491726,515,0.05,1.9850789211926935e-05,0.34916717635007477,0.3825242718446602,0.09514563106796116,0.4077669902912621,0.1145631067961165
766,211.6219528134962,249,0.05,1.9749475012887463e-05,0.34702924582956723,0.18072289156626506,0.08835341365461848,0.41365461847389556,0.3172690763052209
767,216.0895173254838,167,0.05,1.964867789993547e-05,0.3569580717737851,0.48502994011976047,0.07784431137724551,0.3532934131736527,0.08383233532934131
768,169.0180317263044,391,0.05,1.9548395233973733e-05,0.3457574539285159,0.30434782608695654,0.12020460358056266,0.47570332480818417,0.09974424552429667
769,-20.539836239168192,1000,0.05,1.944862438937441e-05,0.3478625388105566,0.563,0.115,0.248,0.074
770,207.25135579003512,307,0.05,1.934936275391031e-05,0.3467547826009131,0.11726384364820847,0.10097719869706841,0.501628664495114,0.28013029315960913
771,250.6963114775927,194,0.05,1.9250607728686487e-05,0.35376785334338595,0.13402061855670103,0.06701030927835051,0.4072164948453608,0.3917525773195876
772,233.29998999256802,227,0.05,1.915235672807221e-05,0.3450095804401589,0.3039647577092511,0.14977973568281938,0.44933920704845814,0.09691629955947137
773,233.36054563439697,157,0.05,1.905460717963325e-05,0.35386425362858803,0.5286624203821656,0.05732484076433121,0.36942675159235666,0.044585987261146494
774,248.92642275252652,244,0.05,1.895735652406453e-05,0.34515354920405544,0.46311475409836067,0.11475409836065574,0.3319672131147541,0.09016393442622951
775,266.0005148685002,203,0.05,1.8860602215123135e-05,0.3541860117360158,0.270935960591133,0.12315270935960591,0.4876847290640394,0.11822660098522167
776,257.2385511268093,298,0.05,1.876434171956162e-05,0.3483974124557125,0.3959731543624161,0.0738255033557047,0.3523489932885906,0.17785234899328858
777,44.4626597680454,81,0.05,1.8668572517061694e-05,0.3604120616872784,0.2716049382716049,0.09876543209876543,0.5925925925925926,0.037037037037037035
778,-30.67165743182474,372,0.05,1.8573292100168245e-05,0.35188554493638285,0.1881720430107527,0.1532258064516129,0.532258064516129,0.12634408602150538
779,-20.926091536914214,239,0.05,1.8478497974223667e-05,0.3561592802573746,0.2301255230125523,0.12133891213389121,0.5104602510460251,0.13807531380753138
780,63.47810416072216,1000,0.05,1.8384187657302558e-05,0.3478173540327145,0.533,0.321,0.118,0.028
781,213.10683416432477,458,0.05,1.8290358680146737e-05,0.34690440197280936,0.519650655021834,0.04148471615720524,0.28602620087336245,0.15283842794759825
782,236.87087828046413,134,0.05,1.8197008586100586e-05,0.35643207537195026,0.47761194029850745,0.03731343283582089,0.43283582089552236,0.05223880597014925
783,36.93189286423793,1000,0.05,1.8104134931046738e-05,0.34931575759299077,0.321,0.023,0.112,0.544
784,222.21273427500063,313,0.05,1.8011735283342077e-05,0.345970040220082,0.34824281150159747,0.08306709265175719,0.48562300319488816,0.08306709265175719
785,162.02885163530624,437,0.05,1.791980722375408e-05,0.3401249607929814,0.18306636155606407,0.1945080091533181,0.505720823798627,0.11670480549199085
786,251.90116218823104,159,0.05,1.782834834539747e-05,0.35164056238869423,0.5283018867924528,0.05660377358490566,0.3333333333333333,0.08176100628930817
787,238.5950084764189,255,0.05,1.7737356253671193e-05,0.34455310232974395,0.396078431372549,0.09803921568627451,0.396078431372549,0.10980392156862745
788,87.45679478390498,805,0.05,1.7646828566195736e-05,0.34672373500114767,0.13167701863354037,0.47080745341614905,0.3279503105590062,0.06956521739130435
789,213.9922631820478,282,0.05,1.7556762912750744e-05,0.35709174149043516,0.36879432624113473,0.09929078014184398,0.37943262411347517,0.1524822695035461
790,247.86694457150628,198,0.05,1.7467156935212957e-05,0.34572194335065004,0.5404040404040404,0.09595959595959595,0.2727272727272727,0.09090909090909091
791,186.49316099237416,288,0.05,1.737800828749448e-05,0.3484731324658974,0.3229166666666667,0.12152777777777778,0.46875,0.08680555555555555
792,244.8789959660765,219,0.05,1.728931463548134e-05,0.35163654286739027,0.0730593607305936,0.4292237442922374,0.410958904109589,0.0867579908675799
793,209.30608982521642,428,0.05,1.7201073656972398e-05,0.34675251132738666,0.308411214953271,0.0514018691588785,0.2219626168224299,0.4182242990654206
794,93.3700767989826,707,0.05,1.7113283041618525e-05,0.344889140126673,0.27722772277227725,0.09476661951909476,0.5275813295615276,0.10042432814710042
795,31.058948415019582,1000,0.05,1.7025940490862124e-05,0.34692980596972667,0.47,0.043,0.136,0.351
796,228.58894502925367,235,0.05,1.6939043717876946e-05,0.35295085103886165,0.4425531914893617,0.1702127659574468,0.25957446808510637,0.1276595744680851
797,20.714017430299975,93,0.05,1.6852590447508222e-05,0.3422945391643233,0.12903225806451613,0.13978494623655913,0.5913978494623656,0.13978494623655913
798,261.665449745431,350,0.05,1.676657841621308e-05,0.34209982922275833,0.35428571428571426,0.21428571428571427,0.3457142857142857,0.08571428571428572
799,-258.1237569785351,980,0.05,1.668100537200129e-05,0.3497330655978092,0.22551020408163266,0.09693877551020408,0.5673469387755102,0.11020408163265306
800,147.61259091178312,451,0.05,1.6595869074376306e-05,0.3539686418136552,0.1574279379157428,0.3259423503325942,0.4434589800443459,0.07317073170731707
801,254.00562677156202,192,0.05,1.6511167294276595e-05,0.34667320270927987,0.3333333333333333,0.07291666666666667,0.515625,0.078125
802,7.7793374926096135,100,0.05,1.642689781401728e-05,0.35013483998128003,0.29,0.13,0.5,0.08
803,213.9278061213164,223,0.05,1.634305842723207e-05,0.3651711788790481,0.4304932735426009,0.13901345291479822,0.3094170403587444,0.1210762331838565
804,17.377437257108568,151,0.05,1.6259646938815505e-05,0.3509968981869326,0.17218543046357615,0.1390728476821192,0.5629139072847682,0.12582781456953643
805,233.91718328643069,256,0.05,1.6176661164865473e-05,0.3464698011204491,0.3125,0.1171875,0.41015625,0.16015625
806,208.30573072333593,257,0.05,1.6094098932626033e-05,0.3558265089533364,0.490272373540856,0.06614785992217899,0.35797665369649806,0.08560311284046693
807,238.47486898616378,295,0.05,1.601195808043053e-05,0.3459766699051424,0.36271186440677966,0.1016949152542373,0.4610169491525424,0.07457627118644068
808,-110.65868848070308,1000,0.05,1.5930236457644987e-05,0.3502750995154556,0.263,0.088,0.554,0.095
809,11.131753320159175,1000,0.05,1.5848931924611812e-05,0.3546687739512139,0.412,0.044,0.146,0.398
810,269.52643578746836,158,0.05,1.576804235259377e-05,0.35347756477706116,0.46835443037974683,0.05063291139240506,0.43037974683544306,0.05063291139240506
811,231.21536789797148,250,0.05,1.568756562371824e-05,0.3476923697602688,0.468,0.068,0.404,0.06
812,172.39988703645514,435,0.05,1.560749963092178e-05,0.343571186374756,0.14942528735632185,0.2942528735632184,0.4482758620689655,0.10804597701149425
813,-136.4149448590257,1000,0.05,1.5527842277894948e-05,0.3452981158640076,0.248,0.089,0.571,0.092
814,252.92747857894298,383,0.05,1.5448591479027417e-05,0.3495748609090359,0.4464751958224543,0.0783289817232376,0.2689295039164491,0.206266318537859
815,232.447821291028,241,0.05,1.536974515935337e-05,0.34835079779221695,0.33195020746887965,0.07883817427385892,0.43568464730290457,0.15352697095435686
816,51.44020429112602,832,0.05,1.529130125449718e-05,0.3485098325586002,0.21033653846153846,0.20072115384615385,0.5012019230769231,0.08774038461538461
817,42.023218005712124,100,0.05,1.5213257710619348e-05,0.3576392614077876,0.31,0.12,0.51,0.06
818,238.2421423962701,244,0.05,1.5135612484362732e-05,0.3458132188381457,0.3975409836065574,0.14754098360655737,0.3770491803278688,0.0778688524590164
819,44.64457629860845,979,0.05,1.5058363542799053e-05,0.35000816263910883,0.14198161389172625,0.27068437180796734,0.4616956077630235,0.12563840653728295
820,268.3097530027807,222,0.05,1.4981508863375668e-05,0.3554767516143374,0.3063063063063063,0.09009009009009009,0.49099099099099097,0.11261261261261261
821,21.032399098894615,1000,0.05,1.4905046433862605e-05,0.34868470894196685,0.492,0.058,0.236,0.214
822,22.651460021815538,88,0.05,1.4828974252299889e-05,0.3421331953976569,0.3409090909090909,0.06818181818181818,0.5113636363636364,0.07954545454545454
823,15.302439930134753,193,0.05,1.4753290326945122e-05,0.34719979484712565,0.13989637305699482,0.16062176165803108,0.5233160621761658,0.17616580310880828
824,239.137852785332,327,0.05,1.4677992676221332e-05,0.3564828085059473,0.37920489296636084,0.19571865443425077,0.345565749235474,0.07951070336391437
825,41.82757830115355,162,0.05,1.4603079328665099e-05,0.3625750275996489,0.20987654320987653,0.16049382716049382,0.4691358024691358,0.16049382716049382
826,215.9517067927511,279,0.05,1.4528548322874929e-05,0.35608396326628483,0.41935483870967744,0.11469534050179211,0.37992831541218636,0.08602150537634409
827,189.66568459409172,250,0.05,1.4454397707459904e-05,0.3527672793605608,0.316,0.172,0.44,0.072
828,187.0298152526292,312,0.05,1.4380625540988587e-05,0.35425946621257215,0.15064102564102563,0.08012820512820513,0.3942307692307692,0.375
829,204.71261609443718,520,0.05,1.43072298919382e-05,0.3510950675898097,0.3326923076923077,0.11538461538461539,0.4326923076923077,0.11923076923076924
830,233.21996116234027,245,0.05,1.4234208838644037e-05,0.34565527346563807,0.3224489795918367,0.21224489795918366,0.37551020408163266,0.08979591836734693
831,37.075927780007845,85,0.05,1.4161560469249165e-05,0.3524678985768228,0.36470588235294116,0.08235294117647059,0.5058823529411764,0.047058823529411764
832,214.48986311832925,274,0.05,1.4089282881654362e-05,0.35262313583722604,0.24817518248175183,0.3029197080291971,0.3795620437956204,0.06934306569343066
833,161.13494210007224,363,0.05,1.4017374183468312e-05,0.3490363711918622,0.30578512396694213,0.07162534435261708,0.49586776859504134,0.12672176308539945
834,-9.598007751241838,178,0.05,1.3945832491958063e-05,0.3408215256106862,0.15730337078651685,0.15730337078651685,0.5674157303370787,0.11797752808988764
835,200.80196943728686,484,0.05,1.3874655933999729e-05,0.3511145808207318,0.09504132231404959,0.5909090909090909,0.2665289256198347,0.047520661157024795
836,273.03809317891756,132,0.05,1.3803842646029452e-05,0.33782363528371473,0.38636363636363635,0.045454545454545456,0.4696969696969697,0.09848484848484848
837,222.26860418127407,244,0.05,1.3733390773994606e-05,0.3553308416925521,0.319672131147541,0.0860655737704918,0.5040983606557377,0.09016393442622951
838,208.2594293363869,282,0.05,1.3663298473305255e-05,0.3512724743229754,0.23404255319148937,0.1453900709219858,0.48936170212765956,0.13120567375886524
839,234.2012291313853,212,0.05,1.3593563908785854e-05,0.35117041687144773,0.2783018867924528,0.1509433962264151,0.4339622641509434,0.13679245283018868
840,257.1806426641598,282,0.05,1.3524185254627205e-05,0.35249383567625425,0.2872340425531915,0.19858156028368795,0.3829787234042553,0.13120567375886524
841,214.61237548626116,348,0.05,1.3455160694338653e-05,0.347431212724817,0.22413793103448276,0.22413793103448276,0.47701149425287354,0.07471264367816093
842,223.66775319754504,220,0.05,1.3386488420700523e-05,0.3393686711363589,0.36818181818181817,0.12272727272727273,0.34545454545454546,0.16363636363636364
843,79.92003236767484,789,0.05,1.3318166635716802e-05,0.3518545115273919,0.15716096324461343,0.1444866920152091,0.5513307984790875,0.14702154626108999
844,156.54779012791946,509,0.05,1.3250193550568068e-05,0.3533714318543052,0.1905697445972495,0.15324165029469547,0.5127701375245579,0.14341846758349705
845,237.8155773985442,185,0.05,1.3182567385564654e-05,0.34788965270844485,0.43783783783783786,0.10810810810810811,0.34594594594594597,0.10810810810810811
846,229.3859203346382,241,0.05,1.3115286370100045e-05,0.3407691539386914,0.1078838174273859,0.36929460580912865,0.45228215767634855,0.07053941908713693
847,203.76791910739422,253,0.05,1.3048348742604528e-05,0.3418466793660648,0.3557312252964427,0.08695652173913043,0.39920948616600793,0.15810276679841898
848,-41.135662702455875,1000,0.05,1.2981752750499066e-05,0.35014090695419864,0.249,0.286,0.389,0.076
849,232.96193671467313,286,0.05,1.2915496650149411e-05,0.3480771356182555,0.22727272727272727,0.24125874125874125,0.4230769230769231,0.10839160839160839
850,194.68530419132924,371,0.05,1.2849578706820454e-05,0.35175794142810446,0.23180592991913745,0.0889487870619946,0.3018867924528302,0.37735849056603776
851,77.31854003684886,725,0.05,1.2783997194630804e-05,0.350283372009081,0.08551724137931034,0.34620689655172415,0.4482758620689655,0.12
852,248.83139783848702,182,0.05,1.2718750396507599e-05,0.36117515195787053,0.5604395604395604,0.06593406593406594,0.3076923076923077,0.06593406593406594
853,219.02639776298003,255,0.05,1.2653836604141555e-05,0.3577392570812982,0.11764705882352941,0.054901960784313725,0.32941176470588235,0.4980392156862745
854,229.17526073707467,145,0.05,1.2589254117942232e-05,0.34918307840713936,0.42758620689655175,0.0896551724137931,0.4,0.08275862068965517
855,186.02627840095099,528,0.05,1.2525001246993537e-05,0.351799022627571,0.3314393939393939,0.10606060606060606,0.4621212121212121,0.10037878787878787
856,177.62345127371995,318,0.05,1.2461076309009455e-05,0.34910936105106544,0.17295597484276728,0.10377358490566038,0.44025157232704404,0.2830188679245283
857,16.87442248201175,1000,0.05,1.2397477630289996e-05,0.3525630263519422,0.441,0.033,0.124,0.402
858,252.36318306392081,189,0.05,1.2334203545677384e-05,0.353511355046415,0.5185185185185185,0.037037037037037035,0.3439153439153439,0.10052910052910052
859,226.60038892283814,289,0.05,1.227125239851245e-05,0.35145954702785104,0.3806228373702422,0.10726643598615918,0.4083044982698962,0.10380622837370242
860,238.19370360358,176,0.05,1.2208622540591259e-05,0.35206429907853015,0.07386363636363637,0.48863636363636365,0.36363636363636365,0.07386363636363637
861,219.35075474738045,315,0.05,1.2146312332121961e-05,0.3513322744183115,0.4031746031746032,0.08888888888888889,0.36507936507936506,0.14285714285714285
862,47.35338815059858,1000,0.05,1.2084320141681855e-05,0.3500962584182141,0.533,0.018,0.102,0.347
863,242.4619374031894,231,0.05,1.2022644346174669e-05,0.3463790475785414,0.2727272727272727,0.11688311688311688,0.5194805194805194,0.09090909090909091
864,235.1302008836378,325,0.05,1.1961283330788072e-05,0.3433851572753794,0.49846153846153846,0.07384615384615385,0.28,0.1476923076923077
865,61.06250148586255,1000,0.05,1.1900235488951392e-05,0.34915622463218143,0.584,0.283,0.112,0.021
866,216.79007032206542,198,0.05,1.1839499222293551e-05,0.3497503663954838,0.32323232323232326,0.11616161616161616,0.4696969696969697,0.09090909090909091
867,263.9743882852847,132,0.05,1.1779072940601213e-05,0.35602374438234463,0.4393939393939394,0.05303030303030303,0.4696969696969697,0.03787878787878788
868,246.71877010523914,214,0.05,1.1718955061777156e-05,0.3493747181598558,0.3037383177570093,0.12149532710280374,0.4766355140186916,0.09813084112149532
869,205.91779105800046,461,0.05,1.1659144011798844e-05,0.34805131329706823,0.08676789587852494,0.4750542299349241,0.3275488069414317,0.11062906724511931
870,267.88231471188783,186,0.05,1.1599638224677214e-05,0.3536939008049948,0.3548387096774194,0.12903225806451613,0.3924731182795699,0.12365591397849462
871,237.50210391688057,167,0.05,1.1540436142415684e-05,0.3475898563169605,0.281437125748503,0.09580838323353294,0.5089820359281437,0.11377245508982035
872,260.0899384751673,188,0.05,1.1481536214969347e-05,0.3489372137687758,0.425531914893617,0.09042553191489362,0.35106382978723405,0.13297872340425532
873,119.14874921102302,637,0.05,1.1422936900204401e-05,0.3487950955841714,0.3516483516483517,0.0706436420722135,0.5133437990580848,0.06436420722135008
874,211.22501696354436,281,0.05,1.1364636663857762e-05,0.35280918204301415,0.4199288256227758,0.099644128113879,0.398576512455516,0.08185053380782918
875,248.17689904173253,347,0.05,1.1306633979496903e-05,0.3448102680784494,0.2507204610951009,0.1642651296829971,0.4610951008645533,0.1239193083573487
876,18.854885198805206,161,0.05,1.1248927328479877e-05,0.3527002046859342,0.2732919254658385,0.08695652173913043,0.5527950310559007,0.08695652173913043
877,232.9126469800307,169,0.05,1.1191515199915568e-05,0.3485141219553651,0.4970414201183432,0.07692307692307693,0.3431952662721893,0.08284023668639054
878,242.35656084227327,188,0.05,1.1134396090624121e-05,0.3437747599497182,0.2925531914893617,0.13297872340425532,0.30319148936170215,0.2712765957446808
879,223.49728773333408,252,0.05,1.1077568505097596e-05,0.34681317773596315,0.3492063492063492,0.11507936507936507,0.4007936507936508,0.1349206349206349
880,263.00088954088596,153,0.05,1.1021030955460803e-05,0.34231910645931296,0.33986928104575165,0.09803921568627451,0.4444444444444444,0.11764705882352941
881,268.0729769618364,217,0.05,1.0964781961432352e-05,0.3450050325837964,0.31336405529953915,0.11981566820276497,0.43317972350230416,0.1336405529953917
882,206.90035241864396,229,0.05,1.090882005028589e-05,0.3517124123925745,0.25327510917030566,0.3318777292576419,0.35807860262008734,0.056768558951965066
883,242.21512725126658,166,0.05,1.0853143756811554e-05,0.3457044509037206,0.39759036144578314,0.10843373493975904,0.35542168674698793,0.13855421686746988
884,29.38456285984458,107,0.05,1.0797751623277591e-05,0.34874635847176,0.21495327102803738,0.1588785046728972,0.5233644859813084,0.102803738317757
885,226.82838470722854,172,0.05,1.0742642199392206e-05,0.345733926925031,0.36046511627906974,0.13372093023255813,0.38372093023255816,0.12209302325581395
886,249.35072532543907,236,0.05,1.068781404226558e-05,0.3514950332842636,0.24152542372881355,0.13983050847457626,0.4661016949152542,0.15254237288135594
887,231.3484812214039,242,0.05,1.06332657163721e-05,0.3515419290834465,0.2809917355371901,0.10330578512396695,0.48760330578512395,0.128099173553719
888,245.38067892444622,257,0.05,1.057899579351277e-05,0.35041156237423676,0.3346303501945525,0.08171206225680934,0.4669260700389105,0.11673151750972763
889,268.175709535628,240,0.05,1.0525002852777813e-05,0.3461860328982632,0.4166666666666667,0.1125,0.3625,0.10833333333333334
890,257.95342391951374,191,0.05,1.0471285480509478e-05,0.35978328343045674,0.2513089005235602,0.13612565445026178,0.49214659685863876,0.12041884816753927
891,-127.54443076902619,1000,0.05,1.0417842270265019e-05,0.35518376135699337,0.216,0.109,0.566,0.109
892,266.2695657747602,216,0.05,1.0364671822779873e-05,0.35892576207995,0.2962962962962963,0.12037037037037036,0.48148148148148145,0.10185185185185185
893,259.609396760043,194,0.05,1.0311772745931029e-05,0.35805992582935703,0.29381443298969073,0.10824742268041238,0.4845360824742268,0.1134020618556701
894,-122.72260477934935,1000,0.05,1.0259143654700573e-05,0.3510741650194853,0.112,0.291,0.479,0.118
895,159.55481341013854,366,0.05,1.0206783171139428e-05,0.3516365222850094,0.21311475409836064,0.30601092896174864,0.4180327868852459,0.06284153005464481
896,49.244569473734316,134,0.05,1.0154689924331274e-05,0.341896843639583,0.291044776119403,0.15671641791044777,0.4253731343283582,0.12686567164179105
897,18.464127009694334,1000,0.05,1.0102862550356658e-05,0.35044346048322816,0.462,0.028,0.113,0.397
898,233.7176188036416,181,0.05,1.005129969225728e-05,0.35062481139714297,0.287292817679558,0.13259668508287292,0.46408839779005523,0.11602209944751381
899,234.31805250735735,231,0.05,1.0000000000000467e-05,0.3523981691082521,0.3116883116883117,0.11688311688311688,0.42857142857142855,0.14285714285714285
900,23.53632293239712,1000,0.05,1e-05,0.3510659274473953,0.521,0.026,0.122,0.331
901,204.77907223384426,271,0.05,1e-05,0.3569238815818565,0.33579335793357934,0.1033210332103321,0.45018450184501846,0.11070110701107011
902,238.0505361717971,176,0.05,1e-05,0.3354834933855029,0.32386363636363635,0.125,0.44886363636363635,0.10227272727272728
903,240.89498842311048,287,0.05,1e-05,0.34049137013925007,0.554006968641115,0.06620209059233449,0.30662020905923343,0.07317073170731707
904,51.22808275367683,1000,0.05,1e-05,0.34932365513514574,0.57,0.257,0.131,0.042
905,216.61005498759036,248,0.05,1e-05,0.35111683776544567,0.13306451612903225,0.4475806451612903,0.3467741935483871,0.07258064516129033
906,235.52097522385537,340,0.05,1e-05,0.3428505329379816,0.4588235294117647,0.06470588235294118,0.36764705882352944,0.10882352941176471
907,13.217360985724483,964,0.05,1e-05,0.3460762195628932,0.07780082987551867,0.18672199170124482,0.5466804979253111,0.1887966804979253
908,186.91255278158206,461,0.05,1e-05,0.34731031237300297,0.3405639913232104,0.06724511930585683,0.4598698481561822,0.13232104121475055
909,221.77229971975106,326,0.05,1e-05,0.34318999068263345,0.2852760736196319,0.2822085889570552,0.3588957055214724,0.0736196319018405
910,255.1040694017826,188,0.05,1e-05,0.3490805729566119,0.4734042553191489,0.10106382978723404,0.31382978723404253,0.11170212765957446
911,246.67797750569952,283,0.05,1e-05,0.3454400506800998,0.3745583038869258,0.14840989399293286,0.33568904593639576,0.1413427561837456
912,217.38412704284173,264,0.05,1e-05,0.34626478700439345,0.32954545454545453,0.10606060606060606,0.4431818181818182,0.12121212121212122
913,229.71869118250632,156,0.05,1e-05,0.3531253859773274,0.3525641025641026,0.10256410256410256,0.44871794871794873,0.09615384615384616
914,14.432398530808166,1000,0.05,1e-05,0.3506536417400366,0.398,0.408,0.157,0.037
915,55.92236124255778,1000,0.05,1e-05,0.3498767029879539,0.695,0.148,0.122,0.035
916,250.2341103409248,245,0.05,1e-05,0.34124389841847874,0.5591836734693878,0.06938775510204082,0.27346938775510204,0.09795918367346938
917,241.14265403533935,192,0.05,1e-05,0.34251003648958295,0.4479166666666667,0.109375,0.3125,0.13020833333333334
918,236.00075502531618,272,0.05,1e-05,0.3441363484467614,0.23529411764705882,0.14705882352941177,0.4742647058823529,0.14338235294117646
919,263.7751476937,232,0.05,1e-05,0.34296292754291335,0.22413793103448276,0.14224137931034483,0.39655172413793105,0.23706896551724138
920,206.3924527443222,357,0.05,1e-05,0.3461311445124092,0.41456582633053224,0.08683473389355742,0.4173669467787115,0.08123249299719888
921,261.04003944843805,293,0.05,1e-05,0.3547067320625432,0.4539249146757679,0.09897610921501707,0.32081911262798635,0.12627986348122866
922,237.99565137222194,172,0.05,1e-05,0.34183687460443135,0.36627906976744184,0.11627906976744186,0.38953488372093026,0.12790697674418605
923,239.2134565504489,274,0.05,1e-05,0.345007088441984,0.4233576642335766,0.13503649635036497,0.32116788321167883,0.12043795620437957
924,269.004358037976,248,0.05,1e-05,0.34046432958545736,0.39919354838709675,0.12096774193548387,0.3588709677419355,0.12096774193548387
925,238.44229969209684,290,0.05,1e-05,0.347028392295416,0.4586206896551724,0.1103448275862069,0.3310344827586207,0.1
926,245.95297203828983,178,0.05,1e-05,0.34773564633669984,0.550561797752809,0.06179775280898876,0.33146067415730335,0.056179775280898875
927,237.34495429583927,193,0.05,1e-05,0.3484579728469245,0.49222797927461137,0.09844559585492228,0.3160621761658031,0.09326424870466321
928,241.25370156457046,208,0.05,1e-05,0.3479660011914571,0.3317307692307692,0.11057692307692307,0.46153846153846156,0.09615384615384616
929,55.80579256612276,101,0.05,1e-05,0.33313059545719065,0.1188118811881188,0.15841584158415842,0.5742574257425742,0.1485148514851485
930,202.1706864296308,384,0.05,1e-05,0.34514297520933174,0.4010416666666667,0.09895833333333333,0.4166666666666667,0.08333333333333333
931,227.0989710023631,229,0.05,1e-05,0.33874871590823113,0.3231441048034934,0.1091703056768559,0.4366812227074236,0.13100436681222707
932,248.66115527014006,150,0.05,1e-05,0.3441767884093768,0.38,0.1,0.41333333333333333,0.10666666666666667
933,216.70382938867056,258,0.05,1e-05,0.34246280723490236,0.17054263565891473,0.35271317829457366,0.3992248062015504,0.07751937984496124
934,227.4433299074157,201,0.05,1e-05,0.3590761308053007,0.43283582089552236,0.13432835820895522,0.3283582089552239,0.1044776119402985
935,232.32713019660153,210,0.05,1e-05,0.34650837439063603,0.4857142857142857,0.11428571428571428,0.3,0.1
936,232.67515569254508,170,0.05,1e-05,0.3516924613048456,0.37058823529411766,0.1411764705882353,0.3764705882352941,0.11176470588235295
937,235.0699141805994,172,0.05,1e-05,0.35233681198619116,0.42441860465116277,0.09883720930232558,0.37790697674418605,0.09883720930232558
938,248.0014518108966,218,0.05,1e-05,0.35209670516212,0.30275229357798167,0.12844036697247707,0.41284403669724773,0.1559633027522936
939,258.6238950173398,170,0.05,1e-05,0.34772276421732123,0.49411764705882355,0.03529411764705882,0.4411764705882353,0.029411764705882353
940,251.12702864561987,278,0.05,1e-05,0.3503259185399529,0.6079136690647482,0.050359712230215826,0.24820143884892087,0.09352517985611511
941,240.4512815417032,184,0.05,1e-05,0.340534398227955,0.22282608695652173,0.14673913043478262,0.4891304347826087,0.14130434782608695
942,250.92824186460362,212,0.05,1e-05,0.34395747350189,0.21226415094339623,0.21226415094339623,0.4339622641509434,0.14150943396226415
943,236.96016562230173,160,0.05,1e-05,0.34419618671032276,0.2875,0.1375,0.44375,0.13125
944,248.49454267367693,168,0.05,1e-05,0.35050492960855484,0.35714285714285715,0.13095238095238096,0.4107142857142857,0.10119047619047619
945,257.8824832087991,207,0.05,1e-05,0.3463864245813704,0.3671497584541063,0.0966183574879227,0.42028985507246375,0.11594202898550725
946,222.7091159915862,206,0.05,1e-05,0.349815576524546,0.1407766990291262,0.2912621359223301,0.5097087378640777,0.05825242718446602
947,80.96221605977593,661,0.05,1e-05,0.3489652444275468,0.24205748865355523,0.1059001512859304,0.5264750378214826,0.12556732223903178
948,219.0694694422271,342,0.05,1e-05,0.354679990317835,0.18421052631578946,0.43567251461988304,0.3216374269005848,0.05847953216374269
949,250.6517624799736,322,0.05,1e-05,0.3463484977281185,0.4472049689440994,0.055900621118012424,0.2484472049689441,0.2484472049689441
950,185.41344955174335,339,0.05,1e-05,0.3432164673216429,0.25073746312684364,0.14454277286135694,0.5014749262536873,0.10324483775811209
951,226.7585387298501,329,0.05,1e-05,0.3460462671640817,0.24012158054711247,0.14285714285714285,0.48936170212765956,0.1276595744680851
952,119.23033000764255,677,0.05,1e-05,0.34571048647062275,0.19202363367799113,0.18168389955686853,0.5096011816838996,0.11669128508124077
953,253.83001746951857,142,0.05,1e-05,0.3486134300032384,0.34507042253521125,0.1056338028169014,0.4154929577464789,0.13380281690140844
954,234.7210491103058,168,0.05,1e-05,0.349633774049613,0.35714285714285715,0.11904761904761904,0.38095238095238093,0.14285714285714285
955,228.39354292975392,212,0.05,1e-05,0.34303994559288437,0.3915094339622642,0.11320754716981132,0.3490566037735849,0.14622641509433962
956,205.06473732777454,360,0.05,1e-05,0.3517294320717053,0.38333333333333336,0.09444444444444444,0.425,0.09722222222222222
957,243.45339357244254,249,0.05,1e-05,0.34382667543960543,0.3092369477911647,0.10040160642570281,0.46987951807228917,0.12048192771084337
958,-84.262015874088,1000,0.05,1e-05,0.34748245602209,0.167,0.123,0.568,0.142
959,51.18601267443506,1000,0.05,1e-05,0.3541400792437348,0.709,0.131,0.129,0.031
960,17.45246833741028,88,0.05,1e-05,0.35475158567604076,0.09090909090909091,0.14772727272727273,0.6363636363636364,0.125
961,234.94236614149628,306,0.05,1e-05,0.3449649446552685,0.3660130718954248,0.13398692810457516,0.39215686274509803,0.10784313725490197
962,209.18091511555184,277,0.05,1e-05,0.35785451171420474,0.22743682310469315,0.11913357400722022,0.5595667870036101,0.09386281588447654
963,246.01319064292178,193,0.05,1e-05,0.34240433408404847,0.23316062176165803,0.19170984455958548,0.41968911917098445,0.15544041450777202
964,234.46936379728135,297,0.05,1e-05,0.34934921912534705,0.49158249158249157,0.06397306397306397,0.37373737373737376,0.0707070707070707
965,242.18530536867647,160,0.05,1e-05,0.34592171618177714,0.30625,0.1,0.5,0.09375
966,233.521919526594,277,0.05,1e-05,0.35162932253389584,0.36101083032490977,0.09747292418772563,0.3574007220216607,0.18411552346570398
967,233.3469974115478,213,0.05,1e-05,0.3471507747887343,0.4131455399061033,0.06572769953051644,0.3568075117370892,0.1643192488262911
968,261.35934016039494,193,0.05,1e-05,0.34903247142740584,0.25906735751295334,0.18652849740932642,0.45595854922279794,0.09844559585492228
969,215.0754632789563,367,0.05,1e-05,0.3453062108941042,0.3869209809264305,0.1444141689373297,0.2724795640326976,0.19618528610354224
970,231.5343732920167,223,0.05,1e-05,0.34826952181138976,0.33183856502242154,0.1210762331838565,0.4663677130044843,0.08071748878923767
971,235.5489829062995,266,0.05,1e-05,0.3490651445815011,0.40601503759398494,0.15413533834586465,0.33458646616541354,0.10526315789473684
972,242.4900045228089,155,0.05,1e-05,0.33998835066594413,0.4064516129032258,0.12258064516129032,0.3935483870967742,0.07741935483870968
973,188.79438838799746,461,0.05,1e-05,0.34757006608996627,0.2754880694143167,0.09761388286334056,0.25813449023861174,0.368763557483731
974,209.58482518748622,397,0.05,1e-05,0.3463745308960607,0.3879093198992443,0.11083123425692695,0.40302267002518893,0.0982367758186398
975,248.8739677602612,284,0.05,1e-05,0.34436661822903947,0.33098591549295775,0.13732394366197184,0.39436619718309857,0.13732394366197184
976,202.71970483487564,431,0.05,1e-05,0.35396842664972095,0.41299303944315546,0.05336426914153132,0.1902552204176334,0.3433874709976798
977,266.9534500830265,149,0.05,1e-05,0.3441837451546067,0.38926174496644295,0.087248322147651,0.436241610738255,0.087248322147651
978,237.0913337597057,202,0.05,1e-05,0.34266543432824936,0.2623762376237624,0.16831683168316833,0.44554455445544555,0.12376237623762376
979,155.21197578587297,582,0.05,1e-05,0.34984510251280576,0.05326460481099656,0.6890034364261168,0.211340206185567,0.04639175257731959
980,253.99299501058232,245,0.05,1e-05,0.3475278186672206,0.40816326530612246,0.08979591836734693,0.4163265306122449,0.08571428571428572
981,258.1238836099417,263,0.05,1e-05,0.3450154109719239,0.4296577946768061,0.09125475285171103,0.38783269961977185,0.09125475285171103
982,215.29115844759662,255,0.05,1e-05,0.35279328933289666,0.07450980392156863,0.3843137254901961,0.4392156862745098,0.10196078431372549
983,56.31190352641893,1000,0.05,1e-05,0.35260830078583055,0.639,0.243,0.096,0.022
984,-26.276688346811117,1000,0.05,1e-05,0.34688395636154873,0.242,0.046,0.369,0.343
985,235.062752694426,265,0.05,1e-05,0.34689072116825803,0.35094339622641507,0.08679245283018867,0.4339622641509434,0.12830188679245283
986,265.4631157053563,164,0.05,1e-05,0.3416108473336144,0.38414634146341464,0.06097560975609756,0.4329268292682927,0.12195121951219512
987,233.88417883578347,343,0.05,1e-05,0.35716466497963845,0.46355685131195334,0.05539358600583091,0.37317784256559766,0.10787172011661808
988,261.05183739006634,170,0.05,1e-05,0.35065515431245714,0.3941176470588235,0.09411764705882353,0.4294117647058823,0.08235294117647059
989,243.43076967315352,143,0.05,1e-05,0.344378294306124,0.32167832167832167,0.11888111888111888,0.44755244755244755,0.11188811188811189
990,259.4465474963954,212,0.05,1e-05,0.35816582108725603,0.3490566037735849,0.09433962264150944,0.4858490566037736,0.07075471698113207
991,229.30135191724176,179,0.05,1e-05,0.34100126127634883,0.441340782122905,0.0782122905027933,0.3743016759776536,0.10614525139664804
992,274.2086381579928,134,0.05,1e-05,0.3389770851284451,0.3358208955223881,0.07462686567164178,0.48507462686567165,0.1044776119402985
993,250.5943442669433,342,0.05,1e-05,0.3523334575140045,0.24269005847953215,0.14327485380116958,0.45614035087719296,0.15789473684210525
994,10.407487846060825,1000,0.05,1e-05,0.34663921887348875,0.093,0.029,0.156,0.722
995,226.3397105230463,203,0.05,1e-05,0.34443980210342623,0.33004926108374383,0.14285714285714285,0.4039408866995074,0.12315270935960591
996,29.419880504192967,1000,0.05,1e-05,0.3514780203364094,0.242,0.637,0.094,0.027
997,16.05923059075892,1000,0.05,1e-05,0.3486129615276274,0.517,0.276,0.17,0.037
998,158.0691359946631,526,0.05,1e-05,0.35053136935407525,0.35551330798479086,0.0779467680608365,0.4752851711026616,0.09125475285171103
999,256.0144065237846,239,0.05,1e-05,0.3530152781151632,0.30962343096234307,0.15481171548117154,0.3723849372384937,0.16317991631799164
