Episode,Total_Reward,Steps,Epsilon,Learning_Rate,Average_Loss,Action_0_Percentage,Action_1_Percentage,Action_2_Percentage,Action_3_Percentage
0,-96.20041235763568,80,0.9950195566196387,0.000994896213044336,0.0,0.25,0.225,0.275,0.25
1,-213.6025984596081,109,0.9900639180555424,0.0009898184747299606,0.0,0.21100917431192662,0.3853211009174312,0.1743119266055046,0.22935779816513763
2,-126.13316640342401,80,0.9851329607687281,0.0009847666521101584,0.0,0.3,0.2,0.225,0.275
3,-241.35752251564497,141,0.9802265618354918,0.0009797406129167456,0.0,0.19858156028368795,0.20567375886524822,0.3262411347517731,0.2695035460992908
4,-120.26626102793999,104,0.975344598944344,0.0009747402255566067,0.0,0.27884615384615385,0.2692307692307692,0.15384615384615385,0.2980769230769231
5,-142.3672582133422,74,0.9704869503929605,0.0009697653591082497,0.0,0.2702702702702703,0.2972972972972973,0.25675675675675674,0.17567567567567569
6,-144.9595869466581,119,0.9656534950851489,0.000964815883318378,0.0,0.2857142857142857,0.2605042016806723,0.226890756302521,0.226890756302521
7,-125.07031546885405,76,0.9608441125278293,0.0009598916685984801,0.0,0.3026315789473684,0.2631578947368421,0.23684210526315788,0.19736842105263158
8,-158.50540174857082,98,0.956058682828031,0.0009549925860214364,0.0,0.25510204081632654,0.2857142857142857,0.14285714285714285,0.3163265306122449
9,-361.37735726964036,93,0.9512970866899032,0.0009501185073181442,0.0,0.3010752688172043,0.3333333333333333,0.17204301075268819,0.1935483870967742
10,-246.95044588005052,91,0.9465592054117414,0.0009452693048741588,0.0,0.23076923076923078,0.18681318681318682,0.2857142857142857,0.2967032967032967
11,-330.5656648050916,98,0.9418449208830285,0.0009404448517263523,0.0,0.21428571428571427,0.24489795918367346,0.24489795918367346,0.29591836734693877
12,-195.79900599393673,84,0.9371541155814898,0.0009356450215595899,0.0,0.23809523809523808,0.2261904761904762,0.2619047619047619,0.27380952380952384
13,-178.48015048416303,76,0.9324866725701636,0.000930869688703422,0.0,0.2236842105263158,0.18421052631578946,0.3684210526315789,0.2236842105263158
14,-394.0504215234248,106,0.9278424754944864,0.0009261187281287943,0.0,0.29245283018867924,0.2641509433962264,0.2169811320754717,0.22641509433962265
15,-46.58970856028678,79,0.9232214085793918,0.0009213920154447743,0.0,0.1518987341772152,0.25316455696202533,0.379746835443038,0.21518987341772153
16,-316.67837764951435,104,0.9186233566264248,0.0009166894268952941,0.0,0.21153846153846154,0.23076923076923078,0.2692307692307692,0.28846153846153844
17,-259.90519984272646,96,0.9140482050108695,0.0009120108393559106,0.0,0.2708333333333333,0.22916666666666666,0.2708333333333333,0.22916666666666666
18,-424.0948520699993,111,0.9094958396788919,0.0009073561303305816,0.0,0.1981981981981982,0.1981981981981982,0.34234234234234234,0.26126126126126126
19,-144.6226972843487,94,0.904966147144697,0.0009027251779484585,0.0,0.2978723404255319,0.20212765957446807,0.2765957446808511,0.22340425531914893
20,-2.2351813597507117,84,0.9004590144876992,0.0008981178609606956,0.0,0.32142857142857145,0.27380952380952384,0.25,0.15476190476190477
21,-139.91751441738168,99,0.8959743293497072,0.0008935340587372753,0.0,0.1717171717171717,0.26262626262626265,0.2828282828282828,0.2828282828282828
22,-91.06237822105062,86,0.8915119799321238,0.0008889736512638504,0.0,0.2558139534883721,0.23255813953488372,0.37209302325581395,0.13953488372093023
23,-60.561797591892784,70,0.8870718549931581,0.0008844365191386009,0.0,0.21428571428571427,0.2,0.2714285714285714,0.3142857142857143
24,-424.79773135968287,90,0.8826538438450526,0.0008799225435691082,0.0,0.24444444444444444,0.15555555555555556,0.3333333333333333,0.26666666666666666
25,-154.92187229828258,91,0.878257836351324,0.0008754316063692454,0.0,0.23076923076923078,0.26373626373626374,0.21978021978021978,0.2857142857142857
26,-108.22755261090553,62,0.8738837229240176,0.0008709635899560819,0.0,0.3064516129032258,0.27419354838709675,0.1935483870967742,0.22580645161290322
27,-419.8644512203607,143,0.8695313945209752,0.0008665183773468056,0.0,0.22377622377622378,0.20279720279720279,0.34265734265734266,0.23076923076923078
28,-288.221399548863,101,0.8652007426431169,0.0008620958521556597,0.0,0.27722772277227725,0.22772277227722773,0.2871287128712871,0.2079207920792079
29,-244.41809612392788,79,0.8608916593317363,0.0008576958985908955,0.0,0.22784810126582278,0.35443037974683544,0.21518987341772153,0.20253164556962025
30,-102.33161528322233,68,0.8566040371658092,0.0008533184014517406,0.0,0.29411764705882354,0.2647058823529412,0.20588235294117646,0.23529411764705882
31,-199.78584428291956,87,0.852337769259316,0.000848963246125383,0.0,0.3103448275862069,0.26436781609195403,0.21839080459770116,0.20689655172413793
32,-178.01630438348687,115,0.8480927492585766,0.0008446303185839699,0.0,0.23478260869565218,0.22608695652173913,0.30434782608695654,0.23478260869565218
33,-84.19227653700749,75,0.8438688713395993,0.0008403195053816226,0.0,0.26666666666666666,0.14666666666666667,0.38666666666666666,0.2
34,-341.87560659677024,73,0.8396660302054431,0.0008360306936514657,0.0,0.2191780821917808,0.410958904109589,0.2602739726027397,0.1095890410958904
35,-156.23065127448973,102,0.8354841210835922,0.0008317637711026725,0.0,0.20588235294117646,0.2647058823529412,0.3137254901960784,0.21568627450980393
36,-459.5178288253394,89,0.8313230397233444,0.0008275186260175247,0.0,0.16853932584269662,0.29213483146067415,0.39325842696629215,0.14606741573033707
37,-362.810918006972,102,0.8271826823932125,0.0008232951472484873,0.0,0.29411764705882354,0.2549019607843137,0.18627450980392157,0.2647058823529412
38,-306.4290148122594,113,0.8230629458783377,0.0008190932242152989,0.0,0.25663716814159293,0.26548672566371684,0.2743362831858407,0.20353982300884957
39,-100.90717551063541,79,0.8189637274779172,0.000814912746902076,0.0,0.21518987341772153,0.31645569620253167,0.25316455696202533,0.21518987341772153
40,-339.0613070051076,124,0.8148849250026439,0.0008107536058544327,0.0,0.23387096774193547,0.20161290322580644,0.4274193548387097,0.13709677419354838
41,-226.6158640150831,115,0.8108264367721583,0.0008066156921766152,0.0,0.1826086956521739,0.3217391304347826,0.2956521739130435,0.2
42,-108.55536877323956,79,0.8067881616125144,0.0008024988975286502,0.0,0.20253164556962025,0.3037974683544304,0.25316455696202533,0.24050632911392406
43,-315.1487742134832,90,0.8027699988536575,0.0007984031141235085,0.0,0.18888888888888888,0.2111111111111111,0.43333333333333335,0.16666666666666666
44,-100.35511095318152,60,0.7987718483269142,0.0007943282347242834,0.0,0.23333333333333334,0.4166666666666667,0.25,0.1
45,-267.26679850019093,116,0.7947936103624954,0.0007902741526413818,0.0,0.1896551724137931,0.35344827586206895,0.25862068965517243,0.19827586206896552
46,-168.8994692715618,107,0.7908351857870121,0.0007862407617297322,0.0,0.2336448598130841,0.308411214953271,0.2523364485981308,0.205607476635514
47,-266.67962864118056,82,0.7868964759210023,0.0007822279563860046,0.0,0.25609756097560976,0.2926829268292683,0.3170731707317073,0.13414634146341464
48,-282.16467802023453,85,0.7829773825764719,0.0007782356315458458,0.0,0.21176470588235294,0.4,0.27058823529411763,0.11764705882352941
49,-272.5549390885098,97,0.7790778080544463,0.000774263682681129,0.0,0.17525773195876287,0.21649484536082475,0.422680412371134,0.18556701030927836
50,-292.0080122744658,84,0.7751976551425351,0.0007703120057972166,0.0,0.05952380952380952,0.3333333333333333,0.38095238095238093,0.2261904761904762
51,-198.59280936772294,62,0.771336827112509,0.0007663804974302373,0.0,0.1774193548387097,0.5161290322580645,0.14516129032258066,0.16129032258064516
52,-228.12922095177507,78,0.7674952277178876,0.0007624690546443775,0.0,0.19230769230769232,0.2948717948717949,0.21794871794871795,0.2948717948717949
53,-413.4633754448778,181,0.7636727611915411,0.0007585775750291859,1.5293705388766963,0.19337016574585636,0.13259668508287292,0.430939226519337,0.2430939226519337
54,-179.6776434688445,84,0.7598693322433026,0.0007547059566968927,1.0805664412085538,0.20238095238095238,0.20238095238095238,0.39285714285714285,0.20238095238095238
55,-191.96494545943244,159,0.7560848460575919,0.000750854098279741,0.8595767699796983,0.16981132075471697,0.2578616352201258,0.36477987421383645,0.20754716981132076
56,-207.35495082871984,147,0.7523192082910528,0.0007470218989273339,0.7462205651887537,0.11564625850340136,0.25170068027210885,0.38095238095238093,0.25170068027210885
57,-81.69333804379481,141,0.748572325070201,0.0007432092583039931,0.6745298330827572,0.19858156028368795,0.20567375886524822,0.36879432624113473,0.22695035460992907
58,-106.31444788037498,205,0.7448441029890834,0.0007394160765861323,0.6878899555987302,0.18536585365853658,0.17073170731707318,0.4585365853658537,0.18536585365853658
59,-110.63029623046214,126,0.7411344491069503,0.0007356422544596437,0.6345397131598296,0.14285714285714285,0.21428571428571427,0.3888888888888889,0.25396825396825395
60,-213.30370939875453,167,0.7374432709459379,0.0007318876931172971,0.6321628446988918,0.1497005988023952,0.2275449101796407,0.40119760479041916,0.2215568862275449
61,-135.20347252721476,98,0.7337704764887631,0.000728152294256154,0.6366598852754594,0.1326530612244898,0.15306122448979592,0.4897959183673469,0.22448979591836735
62,-131.83470430679114,121,0.7301159741764301,0.0007244359600749925,0.6289707392878823,0.14049586776859505,0.1487603305785124,0.4380165289256198,0.2727272727272727
63,-143.07795381579916,105,0.7264796729059471,0.0007207385932717478,0.6142599523654302,0.18095238095238095,0.2,0.3333333333333333,0.2857142857142857
64,-165.4706743571233,124,0.7228614820280556,0.0007170600970409636,0.6152267130481779,0.18548387096774194,0.20161290322580644,0.3870967741935484,0.22580645161290322
65,-156.98548997499603,114,0.7192613113449707,0.0007134003750712587,0.6167541683343376,0.20175438596491227,0.20175438596491227,0.3333333333333333,0.2631578947368421
66,-40.69185507602706,149,0.7156790711081327,0.0007097593315428041,0.6118319103702934,0.174496644295302,0.174496644295302,0.47651006711409394,0.174496644295302
67,-89.42517054037069,110,0.712114672015969,0.000706136871124815,0.614903037825412,0.23636363636363636,0.2,0.37272727272727274,0.19090909090909092
68,-45.384888211785345,88,0.708568025211669,0.0007025328989730546,0.6031322473792075,0.26136363636363635,0.14772727272727273,0.48863636363636365,0.10227272727272728
69,-38.4555236486376,88,0.7050390422809678,0.000698947320727351,0.5968003480245424,0.19318181818181818,0.20454545454545456,0.5227272727272727,0.07954545454545454
70,-165.80926628634825,124,0.7015276352499433,0.0006953800425091263,0.6200414495155273,0.1693548387096774,0.20161290322580644,0.43548387096774194,0.1935483870967742
71,-187.402924992899,133,0.6980337165828222,0.000691830970918939,0.6275298685108884,0.18045112781954886,0.18796992481203006,0.40601503759398494,0.22556390977443608
72,-165.7788734884553,111,0.6945571991797983,0.0006883000130340385,0.5963877760272548,0.2882882882882883,0.27927927927927926,0.2072072072072072,0.22522522522522523
73,-116.3158900966323,101,0.691097996374861,0.0006847870764059319,1.119336359989878,0.2376237623762376,0.13861386138613863,0.39603960396039606,0.22772277227722773
74,-120.6820502629806,154,0.6876560219336348,0.0006812920690579639,1.048421953354676,0.19480519480519481,0.17532467532467533,0.4675324675324675,0.16233766233766234
75,24.26496549703549,105,0.6842311900512299,0.0006778148994829084,0.9707067428016117,0.14285714285714285,0.19047619047619047,0.47619047619047616,0.19047619047619047
76,-98.17697674703818,83,0.6808234153501025,0.0006743554766405727,0.8149480914505491,0.1686746987951807,0.25301204819277107,0.43373493975903615,0.14457831325301204
77,-96.02993386535502,132,0.6774326128779271,0.0006709137099554139,0.815999005312496,0.2196969696969697,0.14393939393939395,0.48484848484848486,0.15151515151515152
78,-176.5665540547891,115,0.6740586981054784,0.0006674895093141672,0.739298075110378,0.19130434782608696,0.26956521739130435,0.28695652173913044,0.25217391304347825
79,-255.2508486492232,146,0.670701586924524,0.0006640827850634869,0.7819132662392735,0.2054794520547945,0.2328767123287671,0.3904109589041096,0.17123287671232876
80,-10.125291414690011,106,0.6673611956457279,0.0006606934480075987,0.7772055483912245,0.14150943396226415,0.1320754716981132,0.5377358490566038,0.18867924528301888
81,-37.69539443478685,143,0.6640374409965641,0.0006573214094059647,0.7439629602625342,0.13286713286713286,0.23776223776223776,0.42657342657342656,0.20279720279720279
82,-220.63398130430397,115,0.6607302401192408,0.0006539665809709598,0.7634353943495412,0.22608695652173913,0.2608695652173913,0.3130434782608696,0.2
83,-92.37027001616896,97,0.6574395105686344,0.0006506288748655599,0.7181944944632329,0.17525773195876287,0.26804123711340205,0.38144329896907214,0.17525773195876287
84,-59.362270238139324,126,0.6541651703102348,0.0006473082037010426,0.7192633706384571,0.2222222222222222,0.1984126984126984,0.373015873015873,0.20634920634920634
85,-183.76557124485385,322,0.6509071377181003,0.0006440044805346987,0.725981488772483,0.18322981366459629,0.2639751552795031,0.35714285714285715,0.1956521739130435
86,-116.00821887880508,92,0.6476653315728222,0.0006407176188675564,0.7275565556196576,0.18478260869565216,0.20652173913043478,0.43478260869565216,0.17391304347826086
87,-116.4148362062866,105,0.6444396710595008,0.000637447532642116,0.7188214513317177,0.14285714285714285,0.3142857142857143,0.29523809523809524,0.24761904761904763
88,-134.73906564374505,97,0.6412300757657303,0.0006341941362400969,0.7235361442134314,0.16494845360824742,0.20618556701030927,0.36082474226804123,0.26804123711340205
89,-85.36076647879256,144,0.6380364656795943,0.000630957344480196,0.7161955657329228,0.1527777777777778,0.2638888888888889,0.3333333333333333,0.25
90,-144.95031914409532,178,0.6348587611876713,0.0006277370726158575,0.7166598937420289,0.1348314606741573,0.24157303370786518,0.3539325842696629,0.2696629213483146
91,-27.570780771846756,126,0.6316968830730497,0.0006245332363330539,0.7136734606302031,0.11904761904761904,0.3253968253968254,0.29365079365079366,0.2619047619047619
92,-122.01003036942741,164,0.6285507525133537,0.0006213457517480785,1.2693940210391983,0.20121951219512196,0.1951219512195122,0.4024390243902439,0.20121951219512196
93,-5.655431817654332,131,0.6254202910787774,0.0006181745354053494,1.0761775517925207,0.20610687022900764,0.2366412213740458,0.24427480916030533,0.31297709923664124
94,-80.98825137272141,89,0.6223054207301305,0.0006150195042752238,1.0911728271454948,0.12359550561797752,0.15730337078651685,0.5056179775280899,0.21348314606741572
95,-87.84356892956944,113,0.6192060638168921,0.0006118805757518249,0.9983325420043951,0.09734513274336283,0.23008849557522124,0.504424778761062,0.168141592920354
96,-63.705985318605975,156,0.6161221430752757,0.0006087576676508784,0.8917702497572659,0.14102564102564102,0.22435897435897437,0.3717948717948718,0.26282051282051283
97,-82.63949085709461,97,0.6130535816263024,0.0006056506982075613,0.8430167094611104,0.15463917525773196,0.25773195876288657,0.4329896907216495,0.15463917525773196
98,-72.49790734191293,142,0.6100003029738849,0.0006025595860743607,0.8492904384966163,0.15492957746478872,0.2746478873239437,0.3380281690140845,0.2323943661971831
99,-101.77212979392512,94,0.6069622310029202,0.000599484250318944,0.8031305974783531,0.1702127659574468,0.22340425531914893,0.44680851063829785,0.1595744680851064
100,-82.35357723347371,98,0.6039392899773924,0.0005964246104220401,0.7998402428917687,0.16326530612244897,0.1836734693877551,0.42857142857142855,0.22448979591836735
101,-142.35974220263176,209,0.6009314045384845,0.000593380586275331,0.7823062586041785,0.1291866028708134,0.215311004784689,0.46411483253588515,0.19138755980861244
102,-95.15305748391535,136,0.5979384997026995,0.0005903520981793547,0.7797538515258519,0.10294117647058823,0.19117647058823528,0.4485294117647059,0.25735294117647056
103,-60.12978548131187,138,0.5949605008599921,0.0005873390668414179,0.7389692361103022,0.09420289855072464,0.3188405797101449,0.3333333333333333,0.2536231884057971
104,-14.340979318400215,134,0.5919973337719074,0.0005843414133735207,0.7715468962793363,0.21641791044776118,0.26119402985074625,0.41044776119402987,0.11194029850746269
105,-126.27929453149451,175,0.5890489245697316,0.0005813590592902906,0.7618832196894534,0.15428571428571428,0.21714285714285714,0.45714285714285713,0.17142857142857143
106,-70.23636373206986,127,0.5861151997526493,0.0005783919265069276,0.7267780589285053,0.14173228346456693,0.18110236220472442,0.5196850393700787,0.15748031496062992
107,-42.490217716931014,185,0.583196086185912,0.0005754399373371601,0.734938174326189,0.15675675675675677,0.1837837837837838,0.4972972972972973,0.16216216216216217
108,-44.570483578539324,146,0.5802915110990148,0.0005725030144912106,0.7408419605914358,0.14383561643835616,0.22602739726027396,0.3972602739726027,0.2328767123287671
109,-89.6437787770645,133,0.5774014020838818,0.0005695810810737719,0.7271408679413653,0.13533834586466165,0.23308270676691728,0.42105263157894735,0.21052631578947367
110,-91.0432161157912,139,0.5745256870930618,0.0005666740605819945,1.1975997099681734,0.17266187050359713,0.23741007194244604,0.4172661870503597,0.17266187050359713
111,-110.73770961991839,184,0.5716642944379317,0.0005637818769034828,1.264491997259739,0.16304347826086957,0.13043478260869565,0.5380434782608695,0.16847826086956522
112,-163.2321998282141,200,0.5688171527869094,0.000560904454314303,1.1399294077425615,0.15,0.27,0.365,0.215
113,-115.05265008610552,104,0.5659841911636758,0.0005580417174769997,1.0154315135894514,0.1346153846153846,0.19230769230769232,0.49038461538461536,0.18269230769230768
114,-218.62058521043167,166,0.5631653389454055,0.0005551935914386241,1.0205889555499148,0.13253012048192772,0.21084337349397592,0.3795180722891566,0.27710843373493976
115,-47.55408953014892,174,0.5603605258610059,0.0005523600016287713,0.980072186876566,0.13218390804597702,0.1896551724137931,0.4942528735632184,0.1839080459770115
116,-140.37519046040018,141,0.5575696819893657,0.0005495408738576278,0.918112162831584,0.1276595744680851,0.2765957446808511,0.3475177304964539,0.24822695035460993
117,-95.8261642417469,214,0.5547927377576116,0.000546736134314029,0.932087356238311,0.1822429906542056,0.17757009345794392,0.45794392523364486,0.1822429906542056
118,-117.20214426525322,106,0.5520296239393742,0.0005439457095635269,0.83299686534242,0.19811320754716982,0.1792452830188679,0.44339622641509435,0.1792452830188679
119,-223.3248816962693,237,0.5492802716530619,0.000541169526546467,0.8850067805306395,0.11392405063291139,0.19831223628691982,0.4641350210970464,0.22362869198312235
120,-69.33211316935899,132,0.5465446123601444,0.0005384075125760762,0.8160922503901383,0.13636363636363635,0.19696969696969696,0.48484848484848486,0.18181818181818182
121,-77.26928316350998,238,0.5438225778634432,0.0005356595953365588,0.8580959062393345,0.1092436974789916,0.1722689075630252,0.5336134453781513,0.18487394957983194
122,-122.0012899515074,98,0.5411141003054323,0.0005329257028812037,0.8007045163894976,0.1326530612244898,0.23469387755102042,0.45918367346938777,0.17346938775510204
123,-102.89847332696158,315,0.5384191121665459,0.0005302057636305005,0.8052140888758218,0.13968253968253969,0.24126984126984127,0.4507936507936508,0.16825396825396827
124,-106.52847055698885,169,0.535737546263496,0.0005274997063702652,1.050410766489803,0.1952662721893491,0.20118343195266272,0.47337278106508873,0.1301775147928994
125,-14.096924433680513,143,0.533069335747597,0.000524807460249776,1.4075561391354623,0.16783216783216784,0.15384615384615385,0.5314685314685315,0.14685314685314685
126,-77.29566117980482,100,0.5304144141030992,0.000522128954779918,1.3057625712264485,0.14,0.25,0.39,0.22
127,-40.37442457040151,158,0.5277727151455311,0.0005194641198313376,1.1999560330383194,0.1518987341772152,0.13924050632911392,0.5569620253164557,0.1518987341772152
128,-69.13130160533524,168,0.5251441730200492,0.0005168128856326069,1.1516746050170967,0.20833333333333334,0.13095238095238096,0.49404761904761907,0.16666666666666666
129,-102.75789566150634,142,0.5225287221997962,0.0005141751827683961,1.0748777528182518,0.09859154929577464,0.2535211267605634,0.4154929577464789,0.2323943661971831
130,-143.14309293887396,208,0.5199262974842676,0.0005115509421776565,1.11494281124686,0.1778846153846154,0.15384615384615385,0.49038461538461536,0.1778846153846154
131,-197.70910261565993,197,0.5173368339976863,0.0005089400951518125,1.0179866582454848,0.14213197969543148,0.2436548223350254,0.39593908629441626,0.2182741116751269
132,-265.76604642384297,441,0.5147602671873854,0.0005063425733329622,0.9870660883374051,0.1111111111111111,0.20861678004535147,0.4852607709750567,0.19501133786848074
133,-22.78899533783033,155,0.512196532822199,0.000503758308712088,0.949907977787755,0.14193548387096774,0.1935483870967742,0.49032258064516127,0.17419354838709677
134,-333.0438501899731,202,0.5096455669908607,0.0005011872336272758,0.862000400866703,0.16336633663366337,0.24257425742574257,0.3811881188118812,0.21287128712871287
135,-61.76822525366228,126,0.5071073061004107,0.0004986292807619435,0.9149433553713637,0.1349206349206349,0.18253968253968253,0.48412698412698413,0.1984126984126984
136,-84.17943118620406,196,0.50458168687461,0.0004960843831430785,0.9128112194560368,0.14285714285714285,0.1836734693877551,0.47959183673469385,0.19387755102040816
137,-201.34899867320897,179,0.5020686463523638,0.0004935524741394842,0.9354145628204176,0.11173184357541899,0.2569832402234637,0.4134078212290503,0.21787709497206703
138,-104.64441841400715,105,0.49956812188615124,0.0004910334874600353,1.30502185359203,0.14285714285714285,0.2571428571428571,0.45714285714285713,0.14285714285714285
139,-30.60717606140645,238,0.49708005114046383,0.0004885273571519426,1.4652850509790136,0.11764705882352941,0.14705882352941177,0.542016806722689,0.19327731092436976
140,-65.73408535497441,226,0.49460437209025165,0.0004860340175990254,1.2647136725065748,0.09734513274336283,0.18141592920353983,0.5530973451327433,0.168141592920354
141,-44.59079182587014,155,0.492141023019377,0.00048355340351999445,1.1864771048129792,0.08387096774193549,0.17419354838709677,0.5548387096774193,0.1870967741935484
142,-27.92849382429948,260,0.48968994251907594,0.0004810854499667421,1.1565181182530013,0.12307692307692308,0.18846153846153846,0.5115384615384615,0.17692307692307693
143,-44.2322527711559,109,0.4872510694864273,0.000478630092322642,1.0504550430617758,0.09174311926605505,0.22935779816513763,0.4954128440366973,0.1834862385321101
144,-96.26092822650325,166,0.4848243431228297,0.0004761872663008574,1.0890151972574165,0.15060240963855423,0.21084337349397592,0.3855421686746988,0.25301204819277107
145,-141.26885653697408,197,0.4824097029324856,0.00047375690794265767,1.0771208785738935,0.09644670050761421,0.22842639593908629,0.48223350253807107,0.19289340101522842
146,-51.26618079959587,86,0.4800070887208934,0.00047133895361574417,1.0194165260586594,0.20930232558139536,0.12790697674418605,0.45348837209302323,0.20930232558139536
147,-64.89560118526862,191,0.47761644059334696,0.0004689333400125837,1.0341976507076864,0.14136125654450263,0.17277486910994763,0.4973821989528796,0.18848167539267016
148,-98.65945983804556,467,0.4752376989534421,0.0004665400041487515,0.968759469477044,0.21413276231263384,0.18843683083511778,0.42184154175588867,0.17558886509635974
149,-88.70061322282227,212,0.4728708045015913,0.0004641588833612816,0.938633174373181,0.10377358490566038,0.2028301886792453,0.5047169811320755,0.18867924528301888
150,-82.16085207762461,283,0.4705156982335452,0.0004617899153070266,1.3270375645761068,0.10600706713780919,0.21201413427561838,0.47703180212014135,0.2049469964664311
151,-117.44242772699467,418,0.4681723214389219,0.00045943303796102536,1.3024719901551045,0.11961722488038277,0.1674641148325359,0.5598086124401914,0.15311004784688995
152,-63.350812644270064,201,0.46584061569974305,0.00045708818961487873,1.177800033304218,0.11442786069651742,0.13432835820895522,0.5771144278606966,0.17412935323383086
153,9.636460856185892,186,0.4635205228889778,0.0004547553088751342,1.1994817271598142,0.17204301075268819,0.1935483870967742,0.40860215053763443,0.22580645161290322
154,-90.20223874129005,151,0.4612119851690938,0.00045243433466167824,1.1087820184568737,0.11258278145695365,0.1456953642384106,0.5562913907284768,0.18543046357615894
155,-222.67725636250447,209,0.4589149449906151,0.00045012520620613735,1.1355832352537933,0.15311004784688995,0.2535885167464115,0.41626794258373206,0.17703349282296652
156,-246.41106209997832,166,0.4566293450906877,0.0004478278630502868,1.144346241261762,0.0963855421686747,0.2289156626506024,0.4457831325301205,0.2289156626506024
157,-58.649283396606116,65,0.45435512849165205,0.0004455422450444678,1.1116582408499442,0.12307692307692308,0.23076923076923078,0.36923076923076925,0.27692307692307694
158,-160.79470987795133,387,0.4520922384996226,0.0004432682923460125,1.022597818236479,0.1343669250645995,0.19638242894056848,0.5064599483204134,0.16279069767441862
159,-29.20670512151439,214,0.44984061870307446,0.00044100594541767737,1.0063852463225595,0.13551401869158877,0.17757009345794392,0.4766355140186916,0.2102803738317757
160,-21.414653952208084,233,0.4476002129714371,0.0004387551450260843,1.051306654947954,0.13304721030042918,0.15021459227467812,0.5364806866952789,0.18025751072961374
161,-98.44680471610157,246,0.4453709654536952,0.00043651583224016963,1.29229400693776,0.08943089430894309,0.2073170731707317,0.5365853658536586,0.16666666666666666
162,7.035152911337448,174,0.44315282057699623,0.00043428794842964135,1.3462692416658861,0.09770114942528736,0.19540229885057472,0.5459770114942529,0.16091954022988506
163,-70.1993339749205,195,0.4409457230452651,0.000432071435263444,1.2845158400927548,0.1282051282051282,0.20512820512820512,0.4256410256410256,0.24102564102564103
164,-24.42481441037536,185,0.4387496178378257,0.00042986623470823136,1.2250679160947078,0.11351351351351352,0.1945945945945946,0.5243243243243243,0.16756756756756758
165,-31.31264493705153,189,0.43656445020802925,0.00042767228902684703,1.194662192738907,0.1111111111111111,0.164021164021164,0.5608465608465608,0.164021164021164
166,-66.06103456327413,156,0.4343901656818896,0.0004254895407768128,1.1321866923271728,0.1346153846153846,0.23717948717948717,0.4551282051282051,0.17307692307692307
167,-18.367857207044054,258,0.4322267100567252,0.0004233179328088246,1.1493288941590007,0.12790697674418605,0.19767441860465115,0.5038759689922481,0.17054263565891473
168,11.141429082532156,143,0.4300740293998078,0.0004211574082652562,1.1989507520164222,0.13986013986013987,0.1958041958041958,0.46853146853146854,0.1958041958041958
169,17.375470386168374,135,0.4279320700470182,0.0004190079105786707,1.0465841053827865,0.0962962962962963,0.17777777777777778,0.5333333333333333,0.1925925925925926
170,-22.399024227057907,242,0.4258007786015082,0.00041686938347033914,1.118566616769296,0.09917355371900827,0.1859504132231405,0.5413223140495868,0.17355371900826447
171,-57.458855846615755,1000,0.42368010193236966,0.00041474177094876744,1.1711320159338747,0.212,0.174,0.399,0.215
172,-83.95547630302671,172,0.4215699871733098,0.00041262501730823006,1.3476314148254716,0.1511627906976744,0.2441860465116279,0.4011627906976744,0.20348837209302326
173,-107.72304313641223,277,0.4194703817213335,0.0004105190671273116,1.255708815061678,0.1263537906137184,0.17689530685920576,0.5234657039711191,0.17328519855595667
174,-80.73506718661524,163,0.41738123323543186,0.0004084238652674558,1.2225346051350348,0.08588957055214724,0.19631901840490798,0.5030674846625767,0.2147239263803681
175,-111.25069163995539,405,0.41530248963527744,0.00040633935687152184,1.1871496502221852,0.15555555555555556,0.16049382716049382,0.5333333333333333,0.1506172839506173
176,-38.876334810809155,1000,0.41323409909992587,0.000404265487362348,1.143796101012152,0.225,0.166,0.403,0.206
177,-60.31742464716917,1000,0.4111760100665241,0.00040220220244132287,1.2955426495846578,0.192,0.218,0.231,0.359
178,-102.59783862939027,228,0.4091281712290249,0.00040014944808696346,1.3026834275339139,0.12280701754385964,0.2324561403508772,0.4868421052631579,0.15789473684210525
179,-178.77111458527997,201,0.407090531536908,0.000398107170553501,1.2519686340730218,0.10945273631840796,0.21393034825870647,0.4925373134328358,0.18407960199004975
180,-43.91715376977409,294,0.40506304019390726,0.00039607531636947366,1.177120291484415,0.12585034013605442,0.14965986394557823,0.54421768707483,0.18027210884353742
181,-87.59778180451235,182,0.40304564665674447,0.0003940538323363266,1.1475744990619259,0.07142857142857142,0.23076923076923078,0.5,0.1978021978021978
182,-45.195216908139344,229,0.40103830063386947,0.00039204266552701896,1.1426342015623066,0.08733624454148471,0.20087336244541484,0.537117903930131,0.17467248908296942
183,-132.12553596756203,529,0.39904095208420615,0.00039004176328463834,1.1326453394871023,0.12476370510396975,0.16446124763705103,0.5311909262759924,0.17958412098298676
184,-208.95939858147395,406,0.3970535512159053,0.00038805107322102195,1.2805868154805673,0.10344827586206896,0.16748768472906403,0.5467980295566502,0.18226600985221675
185,-108.69004438775103,366,0.3950760484851031,0.000386070543215385,1.2516756461803575,0.10655737704918032,0.16939890710382513,0.5355191256830601,0.1885245901639344
186,-41.819947816537336,1000,0.39310839459468616,0.00038410012141295614,1.1909518621294346,0.202,0.141,0.243,0.414
187,-144.57072515192033,258,0.3911505404930626,0.0003821397562236197,1.1938650593039613,0.15503875968992248,0.18604651162790697,0.4689922480620155,0.18992248062015504
188,-38.023064904980394,287,0.38920243737293914,0.00038018939632056487,1.1368829880744713,0.13937282229965156,0.20557491289198607,0.4878048780487805,0.1672473867595819
189,-176.0892812319453,452,0.3872640366701046,0.00037824899063894216,1.2697397280581286,0.11946902654867257,0.168141592920354,0.5243362831858407,0.18805309734513273
190,-52.29866991594728,229,0.385335290062219,0.000376318488374526,1.214453656217797,0.15283842794759825,0.20087336244541484,0.4890829694323144,0.1572052401746725
191,-86.1323640350145,425,0.38341614946760905,0.0003743978389823848,1.2216636779944432,0.12470588235294118,0.17647058823529413,0.5317647058823529,0.16705882352941176
192,-37.76125722727455,1000,0.3815065670440695,0.0003724869921755577,1.1884253743434725,0.273,0.121,0.338,0.268
193,-25.251324633158234,1000,0.3796064951876705,0.0003705858979237375,1.2409458295922673,0.277,0.215,0.317,0.191
194,-110.82925610052513,359,0.3777158865315709,0.00036869450645196124,1.2925372331513554,0.12256267409470752,0.1894150417827298,0.5348189415041783,0.1532033426183844
195,-57.683346796259556,1000,0.37583469394483743,0.0003668127682393067,1.2380857446544613,0.269,0.199,0.255,0.277
196,18.429765271760836,1000,0.37396287053126975,0.00036494063401759587,1.281165720342015,0.315,0.217,0.231,0.237
197,-32.31694725595709,1000,0.3721003696282314,0.00036307805477010503,1.3308329234104845,0.281,0.163,0.38,0.176
198,16.382576395026028,1000,0.3702471448054865,0.00036122498173028143,1.2397182401706939,0.205,0.169,0.261,0.365
199,-120.01832163585988,1000,0.3684031498640423,0.0003593813663804664,1.2814860986234062,0.267,0.332,0.284,0.117
200,-108.02498925683462,548,0.3665683388349977,0.000357547160450625,1.2416528490756698,0.14233576642335766,0.15875912408759124,0.5474452554744526,0.15145985401459855
201,-128.4451941342496,1000,0.3647426659783969,0.00035572231591708236,1.1832186264979467,0.095,0.161,0.57,0.174
202,-144.70991307460162,166,0.36292608578208946,0.0003539067850012661,1.1179956608037855,0.1746987951807229,0.1746987951807229,0.4879518072289157,0.16265060240963855
203,-144.8701772154378,157,0.36111855296059564,0.0003521005201684556,1.287925133461757,0.16560509554140126,0.1464968152866242,0.5605095541401274,0.12738853503184713
204,-149.03262275903128,277,0.3593200224539774,0.0003503034741265373,1.2720003031733673,0.09386281588447654,0.19133574007220217,0.5487364620938628,0.16606498194945848
205,11.72634656484496,178,0.3575304494267152,0.00034851559982476644,1.2821756758360667,0.11797752808988764,0.14606741573033707,0.5786516853932584,0.15730337078651685
206,-10.832257430754566,156,0.3557497892665903,0.0003467368504525353,1.22999637191947,0.10897435897435898,0.22435897435897437,0.5,0.16666666666666666
207,-55.05134427465799,95,0.35397799758357257,0.0003449671794381476,1.2071857507321055,0.08421052631578947,0.22105263157894736,0.4421052631578947,0.25263157894736843
208,-43.747396884167316,1000,0.3522150302087139,0.0003432065404475989,1.2090558651600987,0.419,0.115,0.279,0.187
209,-104.69654317517056,330,0.35046084319304716,0.0003414548873833638,1.1858292126351195,0.16363636363636364,0.18181818181818182,0.5272727272727272,0.12727272727272726
210,-37.96911719658149,1000,0.3487153928064905,0.0003397121743831888,1.2235326245374791,0.344,0.171,0.307,0.178
211,-65.35782457737534,180,0.34697863553675734,0.0003379783558188916,1.2925943184953728,0.09444444444444444,0.2111111111111111,0.4666666666666667,0.22777777777777777
212,-48.26188620139839,238,0.3452505280882715,0.0003362533862951663,1.2384241673687733,0.18907563025210083,0.1722689075630252,0.47058823529411764,0.16806722689075632
213,-65.87618477060143,1000,0.34353102738108804,0.00033453722064839516,1.2114521135589322,0.207,0.191,0.42,0.182
214,-47.47001057000283,1000,0.34182009054981916,0.00033282981394546575,1.2475678882444599,0.224,0.165,0.441,0.17
215,-44.12109945123806,287,0.3401176749425658,0.00033113112148259473,1.2207568971023812,0.1254355400696864,0.1916376306620209,0.5226480836236934,0.1602787456445993
216,-17.412412643074806,1000,0.3384237381198542,0.00032944109878415743,1.2222536823073433,0.325,0.332,0.206,0.137
217,25.831639404359763,115,0.33673823785357804,0.0003277597016015232,1.2094522248640294,0.14782608695652175,0.11304347826086956,0.6,0.1391304347826087
218,-44.651090130209575,1000,0.3350611321259457,0.00032608688591189696,1.2185755692565723,0.192,0.152,0.258,0.398
219,7.559567398658075,229,0.33339237912843267,0.0003244226079171667,1.2624928573345566,0.07860262008733625,0.15283842794759825,0.611353711790393,0.1572052401746725
220,-61.1336397338024,418,0.3317319372607396,0.0003227668240427565,1.2074865702349127,0.1076555023923445,0.17464114832535885,0.5311004784688995,0.18660287081339713
221,-118.84841020242652,531,0.3300797651297549,0.00032111949093648594,1.2151134120172113,0.12052730696798493,0.16760828625235405,0.5404896421845574,0.1713747645951036
222,-20.66039384032448,1000,0.3284358215485232,0.0003194805654674348,1.1922272934546416,0.346,0.119,0.187,0.348
223,-25.62726997930611,1000,0.32680006553521834,0.00031785000472481386,1.1986549971729263,0.426,0.134,0.25,0.19
224,-38.67815449087059,1000,0.3251724563121218,0.00031622776601684157,1.1727459439721828,0.36,0.154,0.306,0.18
225,-306.7554611884905,631,0.3235529533046063,0.000314613806869626,1.1701682548674466,0.12678288431061807,0.14421553090332806,0.5309033280507132,0.19809825673534073
226,-49.19377371838519,1000,0.32194151614012406,0.00031300808502605297,1.2057076695930273,0.208,0.279,0.321,0.192
227,-16.86011606480416,1000,0.32033810464720053,0.0003114105584446796,1.191519501543258,0.327,0.206,0.288,0.179
228,-16.730867872890975,1000,0.3187426788544329,0.00030982118529863353,1.182528659069705,0.275,0.153,0.228,0.344
229,-82.3917438655735,1000,0.31715519898949374,0.00030823992397451796,1.1492986443767006,0.197,0.326,0.369,0.108
230,-140.15144550653486,1000,0.31557562547813933,0.0003066667330713219,1.1416826347935998,0.124,0.161,0.567,0.148
231,26.241477997265438,1000,0.3140039189432234,0.0003051015713993363,1.1794501682400735,0.196,0.16,0.164,0.48
232,-55.55459282771818,1000,0.3124400402037151,0.00030354439797907574,1.174055913599472,0.17,0.133,0.346,0.351
233,32.67963259401478,1000,0.3108839502737227,0.0003019951720402052,1.1878156617466709,0.376,0.31,0.202,0.112
234,-239.4091573440989,934,0.30933561036152135,0.00030045385302047284,1.153309063117556,0.1745182012847966,0.13276231263383298,0.5546038543897216,0.1381156316916488
235,-180.82404726247034,639,0.3077949818685863,0.0002989204005646479,1.145810326834366,0.15492957746478872,0.14553990610328638,0.5524256651017214,0.14710485133020346
236,-31.564001709804998,1000,0.3062620263886305,0.00029739477452346417,1.1487813483307874,0.331,0.25,0.299,0.12
237,-101.09638828330192,1000,0.3047367057066472,0.00029587693495256864,1.1292555390456833,0.286,0.129,0.462,0.123
238,-35.19656764713063,1000,0.3032189817979574,0.00029436684211147583,1.1132587971813501,0.236,0.13,0.289,0.345
239,5.506005826323857,161,0.3017088168272619,0.0002928644564625272,1.1078432057123948,0.09316770186335403,0.20496894409937888,0.4782608695652174,0.2236024844720497
240,-101.83351318470227,179,0.30020617314769793,0.0002913697386698561,1.1197033167242723,0.12290502793296089,0.18994413407821228,0.5418994413407822,0.1452513966480447
241,-60.175313930621265,191,0.2987110132999009,0.0002898826495983576,1.0473370573661445,0.17277486910994763,0.18324607329842932,0.49214659685863876,0.1518324607329843
242,-80.92698293747935,1000,0.2972233000110704,0.0002884031503126642,1.088762170658957,0.127,0.398,0.294,0.181
243,-8.057381848913705,1000,0.2957429961940411,0.00028693120207612594,1.0849940984201003,0.329,0.16,0.31,0.201
244,-30.940438907847636,1000,0.29427006494635827,0.0002854667663497968,1.0698463020504891,0.367,0.113,0.232,0.288
245,-28.454035282669743,1000,0.2928044695493577,0.00028400980479142507,1.0616468400714067,0.282,0.305,0.281,0.132
246,-46.764323236319186,1000,0.2913461734672504,0.00028256027925444986,1.1114242481076777,0.228,0.362,0.312,0.098
247,16.93097623969055,1000,0.28989514034621183,0.0002811181517870022,1.0929441411135026,0.414,0.141,0.211,0.234
248,-25.087548258242226,1000,0.2884513340134756,0.0002796833846309113,1.0853888214291274,0.341,0.207,0.271,0.181
249,-141.82730725523442,1000,0.2870147184764318,0.00027825594022071605,1.0833603328288846,0.13,0.136,0.486,0.248
250,-283.3760806745786,500,0.28558525792172956,0.0002768357811826815,1.0721683483537707,0.084,0.186,0.542,0.188
251,-3.134366816530206,1000,0.2841629167143845,0.0002754228703338202,1.08981669856784,0.357,0.196,0.274,0.173
252,17.131397712987116,1000,0.28274765939689017,0.0002740171706809189,1.1120472055102324,0.456,0.144,0.219,0.181
253,-118.06516731894014,95,0.28133945068833427,0.0002726186454195696,1.0737444820982396,0.05263157894736842,0.21052631578947367,0.5473684210526316,0.18947368421052632
254,-39.04899309983809,1000,0.2799382554835191,0.00027122725793320634,1.0751988011791185,0.197,0.421,0.249,0.133
255,42.79850604476869,1000,0.2785440388520863,0.0002698429717921463,1.089058312244727,0.417,0.253,0.187,0.143
256,-55.411475092825015,1000,0.27715676603764633,0.00026846575075263585,1.05807711245245,0.379,0.146,0.337,0.138
257,-43.364692778617005,1000,0.27577640245691176,0.00026709555875590197,1.0681812409184022,0.349,0.139,0.355,0.157
258,-39.16500188680775,1000,0.2744029136988354,0.00026573235992720774,1.083778099431981,0.213,0.289,0.299,0.199
259,-61.2146217907421,1000,0.2730362655237522,0.00026437611857491343,1.065635981670132,0.229,0.14,0.437,0.194
260,-54.994548693490465,1000,0.2716764238625259,0.00026302679918954166,1.0553333936623743,0.259,0.168,0.395,0.178
261,24.715590450493416,1000,0.2703233548156995,0.000261684366442848,1.038286155492416,0.529,0.113,0.171,0.187
262,-106.07956931645167,340,0.2689770246526506,0.00026034878518689574,1.0318115794685776,0.05588235294117647,0.1676470588235294,0.5588235294117647,0.21764705882352942
263,12.257667692351308,1000,0.26763739981075,0.00025902002045313587,1.08101730932899,0.387,0.264,0.215,0.134
264,41.44397265984547,1000,0.2663044468945255,0.0002576980374514913,1.0698750889787703,0.42,0.189,0.166,0.225
265,-35.41053668503164,1000,0.2649781326748289,0.0002563828015694461,1.0360139709226024,0.208,0.11,0.296,0.386
266,42.97910397035876,1000,0.26365842408800805,0.00025507427837113934,1.0839758868952794,0.383,0.274,0.177,0.166
267,-60.268636326771656,1000,0.26234528823508246,0.00025377243359646324,1.0517393440094447,0.205,0.396,0.286,0.113
268,7.14370893768806,1000,0.2610386923809231,0.00025247723316016644,1.0482127900590485,0.377,0.168,0.254,0.201
269,1.6875096058364178,1000,0.25973860395343634,0.0002511886431509614,1.0343228426364623,0.382,0.214,0.159,0.245
270,-43.852088183551224,1000,0.25844499054275216,0.0002499066298306366,1.0310367394977331,0.264,0.09,0.253,0.393
271,79.31794078522887,969,0.257157819900416,0.00024863115963317297,1.0273834845877912,0.2868937048503612,0.20743034055727555,0.37048503611971106,0.13519091847265222
272,-8.781674222537495,1000,0.2558770599385848,0.0002473621991638655,0.9827910690394542,0.419,0.148,0.216,0.217
273,-19.764144762081383,1000,0.25460267872922737,0.0002460997151984486,0.9989890099549068,0.319,0.12,0.331,0.23
274,-129.04556150920828,1000,0.25333464450332815,0.00024484367468222606,0.9768984144346354,0.221,0.222,0.429,0.128
275,-90.07680532945317,360,0.25207292565009537,0.00024359404472920604,0.9848266711038927,0.19444444444444445,0.1361111111111111,0.5277777777777778,0.14166666666666666
276,3.0001195847962596,1000,0.25081749071617304,0.00024235079262123965,0.964893626947922,0.38,0.126,0.236,0.258
277,6.471899481573221,1000,0.24956830840485686,0.00024111388580716448,0.9606343774013854,0.261,0.111,0.229,0.399
278,-18.433364412982012,1000,0.2483253475753139,0.00023988329190195238,0.9570524604799703,0.464,0.11,0.234,0.192
279,7.350274961405117,1000,0.24708857724180652,0.00023865897868586143,0.9391673436926206,0.448,0.124,0.177,0.251
280,-30.772091474583036,220,0.24585796657291967,0.0002374409141035924,0.9675184042343966,0.12272727272727273,0.20909090909090908,0.4818181818181818,0.18636363636363637
281,21.59380327020472,1000,0.24463348489079248,0.00023622906626344953,0.9037735211748554,0.446,0.117,0.226,0.211
282,49.615809572676454,1000,0.2434151016703534,0.0002350234034365054,0.9112974214362205,0.567,0.108,0.17,0.155
283,-194.8371338269127,262,0.2422027865385593,0.00023382389405577036,0.9168245914696056,0.16030534351145037,0.1183206106870229,0.5076335877862596,0.21374045801526717
284,-30.07079057858724,1000,0.24099650927363828,0.00023263050671536593,0.8963023812030567,0.361,0.187,0.301,0.151
285,-15.14498569573657,1000,0.2397962398043362,0.0002314432101697025,0.9061059229759139,0.496,0.105,0.275,0.124
286,-47.17185309459443,83,0.23860194820916716,0.00023026197333266135,0.8619277344760929,0.03614457831325301,0.26506024096385544,0.4939759036144578,0.20481927710843373
287,-48.813294426942804,1000,0.2374136047156675,0.00022908676527678062,0.8722787086682221,0.397,0.1,0.178,0.325
288,94.71440299273561,976,0.23623117969965363,0.0002279175552324457,0.8703197120436901,0.42008196721311475,0.2827868852459016,0.19569672131147542,0.1014344262295082
289,232.82550400751782,263,0.23505464368448353,0.00022675431258708346,0.8833132601296585,0.2965779467680608,0.23954372623574144,0.34220532319391633,0.12167300380228137
290,123.77904993164947,556,0.23388396734032196,0.0002255970068843609,0.8984348228071674,0.12949640287769784,0.11510791366906475,0.41906474820143885,0.3363309352517986
291,203.77856326615284,484,0.23271912148340923,0.00022444560782338763,0.8900617653994366,0.5020661157024794,0.1012396694214876,0.28512396694214875,0.1115702479338843
292,80.00370310114525,1000,0.2315600770753337,0.00022330008525792253,0.865193281005478,0.591,0.136,0.134,0.139
293,-119.32002469197647,380,0.2304068052223079,0.00022216040919558445,0.8767680570517802,0.08947368421052632,0.18421052631578946,0.5447368421052632,0.18157894736842106
294,-53.63919839243184,287,0.22925927717444824,0.000221026549797067,0.8714721906083865,0.11149825783972125,0.20557491289198607,0.49825783972125437,0.18466898954703834
295,34.83323590089573,1000,0.22811746432505836,0.0002198984773753573,0.8550085778380538,0.539,0.17,0.152,0.139
296,30.20902786669652,1000,0.2269813382099158,0.00021877616239495854,0.836120312349473,0.305,0.402,0.18,0.113
297,-6.763114100317725,1000,0.2258508705065627,0.0002176595754711169,0.848206717892563,0.275,0.076,0.199,0.45
298,-76.52233214975026,438,0.22472603303359945,0.000216548687369052,0.8447407966054139,0.13013698630136986,0.1598173515981735,0.5388127853881278,0.17123287671232876
299,173.94850267051027,786,0.2236067977499824,0.00021544346900319165,0.8377127272102582,0.48091603053435117,0.22646310432569974,0.178117048346056,0.11450381679389313
300,125.12710952665807,931,0.22249313675432472,0.00021434389143641013,0.828743274818173,0.5639097744360902,0.14070891514500536,0.17722878625134264,0.11815252416756176
301,-0.8446286001533638,1000,0.22138502228420082,0.00021324992587927068,0.8289630764372061,0.311,0.403,0.189,0.097
302,-48.92216949679269,1000,0.22028242671545434,0.0002121615436892717,0.8194558022268214,0.185,0.544,0.18,0.091
303,-47.555896772505335,1000,0.21918532256150944,0.00021107871637009683,0.8239868662870093,0.504,0.087,0.256,0.153
304,25.011543701291707,1000,0.21809368247268562,0.00021000141557086878,0.7962847156338588,0.632,0.075,0.151,0.142
305,217.97154515387,406,0.21700747923551592,0.00020892961308540718,0.7943193063423483,0.3620689655172414,0.12561576354679804,0.3842364532019704,0.12807881773399016
306,196.4285596777311,576,0.2159266857720685,0.00020786328085148993,0.8038233033780299,0.4045138888888889,0.1753472222222222,0.2777777777777778,0.1423611111111111
307,32.43061155459832,1000,0.21485127513927166,0.00020680239095011854,0.7996937987561762,0.463,0.268,0.146,0.123
308,-4.010412057407386,1000,0.21378122052824208,0.00020574691560478717,0.7999426903666549,0.547,0.09,0.174,0.189
309,50.67232108563054,1000,0.21271649526361663,0.00020469682718075532,0.7889895696918764,0.608,0.117,0.135,0.14
310,5.944652154578056,1000,0.21165707280288729,0.00020365209818432435,0.7727514259503369,0.302,0.399,0.197,0.102
311,18.534328888541808,1000,0.2106029267357395,0.00020261270126211757,0.788455206424173,0.644,0.104,0.138,0.114
312,135.29009282465034,747,0.20955403078339377,0.0002015786092003641,0.7760831553711336,0.46184738955823296,0.12583668005354753,0.32396251673360105,0.08835341365461848
313,15.142716788482398,1000,0.2085103587979506,0.00020054979492418635,0.7664534750179336,0.598,0.083,0.171,0.148
314,-27.63323850619969,1000,0.20747188476173858,0.00019952623149689116,0.7649952552364689,0.116,0.085,0.234,0.565
315,116.62383017203081,767,0.2064385827866659,0.0001985078921192645,0.7689947942406098,0.3728813559322034,0.10039113428943937,0.34419817470664926,0.18252933507170796
316,194.02021074113395,457,0.20541042711357488,0.00019749475012886982,0.7477885575465214,0.6105032822757112,0.0962800875273523,0.175054704595186,0.11816192560175055
317,0.16054931214757037,1000,0.2043873921115999,0.00019648677899934995,0.7486624944404332,0.478,0.25,0.199,0.073
318,30.729951256235154,1000,0.20336945227752837,0.00019548395233973259,0.7377486602441973,0.391,0.374,0.144,0.091
319,-23.295325175493566,1000,0.20235658223516506,0.0001944862438937394,0.7540021503300557,0.463,0.098,0.266,0.173
320,23.38111431430499,1000,0.2013487567346994,0.0001934936275390984,0.7738647027206467,0.288,0.06,0.144,0.508
321,22.726690566967676,1000,0.20034595065207608,0.0001925060772868602,0.7712894458327971,0.37,0.12,0.209,0.301
322,155.1448791901203,855,0.19934813898836876,0.00019152356728071747,0.7482627591347917,0.5251461988304094,0.08888888888888889,0.2152046783625731,0.17076023391812867
323,9.718552439604162,1000,0.1983552968691568,0.00019054607179632788,0.7522728346582599,0.481,0.284,0.157,0.078
324,172.2531879709822,756,0.1973673995439052,0.00018957356524064073,0.7708910673164256,0.6018518518518519,0.11243386243386243,0.15211640211640212,0.1335978835978836
325,148.81525308302307,941,0.19638442238534762,0.0001886060221512268,0.7519258351181725,0.6046758767268863,0.09564293304994687,0.14665249734325186,0.153028692879915
326,44.58952912991476,1000,0.19540634088887243,0.00018764341719561167,0.7368080325227819,0.576,0.102,0.15,0.172
327,121.90606957872654,992,0.1944331306719118,0.00018668572517061246,0.7294879152109748,0.6350806451612904,0.10483870967741936,0.14012096774193547,0.11995967741935484
328,22.831477714187812,1000,0.19346476747333397,0.00018573292100167797,0.7215324947601621,0.59,0.122,0.205,0.083
329,12.484432086545723,147,0.19250122715283827,0.0001847849797422322,0.697766902554654,0.22448979591836735,0.14965986394557823,0.4421768707482993,0.1836734693877551
330,12.021766394042448,1000,0.19154248569035348,0.00018384187657302114,0.7087697540749922,0.281,0.475,0.16,0.084
331,240.6387035159688,235,0.190588519185439,0.00018290358680146294,0.7459706079864594,0.4595744680851064,0.10212765957446808,0.3404255319148936,0.09787234042553192
332,-11.914504899996938,1000,0.18963930385668903,0.00018197008586100144,0.7141726646853722,0.326,0.249,0.204,0.221
333,4.591502380991926,172,0.18869481604113966,0.00018104134931046296,0.6884323250490577,0.13953488372093023,0.1569767441860465,0.5581395348837209,0.14534883720930233
334,65.87552279751293,1000,0.1877550321936791,0.00018011735283341638,0.7104660223606727,0.468,0.089,0.155,0.288
335,19.267035674064438,1000,0.18681992888646057,0.00017919807223753644,0.7126906855245315,0.196,0.092,0.194,0.518
336,221.3273484790438,304,0.18588948280831843,0.00017828348345397035,0.7066874044318434,0.23684210526315788,0.15460526315789475,0.3717105263157895,0.23684210526315788
337,-85.07714017194812,498,0.18496367076418696,0.0001773735625367076,0.7057070747572134,0.19076305220883535,0.1144578313253012,0.572289156626506,0.12248995983935743
338,223.7151843120411,254,0.18404246967452215,0.00017646828566195307,0.705534096494171,0.2952755905511811,0.13385826771653545,0.46062992125984253,0.11023622047244094
339,5.1270327839476835,93,0.18312585657472633,0.00017556762912750317,0.7189979566849014,0.17204301075268819,0.0967741935483871,0.6129032258064516,0.11827956989247312
340,12.709462181518347,1000,0.18221380861457573,0.00017467156935212534,0.7002376223199385,0.416,0.373,0.153,0.058
341,29.510886981198894,194,0.18130630305765083,0.00017378008287494056,0.7048693095443154,0.13402061855670103,0.13402061855670103,0.6134020618556701,0.11855670103092783
342,219.50307477145796,297,0.18040331728076958,0.0001728931463548092,0.7070530427029171,0.468013468013468,0.12457912457912458,0.28619528619528617,0.12121212121212122
343,14.760637922294581,1000,0.17950482877342336,0.0001720107365697198,0.6973368100119953,0.449,0.194,0.257,0.1
344,-90.83175794587629,182,0.17861081513721588,0.00017113283041618108,0.7120082367542016,0.13736263736263737,0.15934065934065933,0.4945054945054945,0.2087912087912088
345,-9.748873441606449,121,0.17772125408530481,0.00017025940490861708,0.7081329307153796,0.1652892561983471,0.18181818181818182,0.4462809917355372,0.2066115702479339
346,-117.5375448436066,1000,0.17683612344184615,0.00016939043717876533,0.6946660443085954,0.165,0.116,0.488,0.231
347,-27.574703542400147,1000,0.17595540114144145,0.0001685259044750781,0.6853824085518484,0.113,0.565,0.249,0.073
348,228.79129718591548,228,0.17507906522858774,0.0001676657841621267,0.6848284684466199,0.36403508771929827,0.15350877192982457,0.3201754385964912,0.16228070175438597
349,32.83983174338573,1000,0.17420709385713018,0.00016681005372000884,0.6805892291440933,0.636,0.096,0.111,0.157
350,160.36515238096058,743,0.17333946528971744,0.00016595869074375902,0.6774272014501469,0.6864064602960969,0.07671601615074024,0.12382234185733512,0.11305518169582772
351,33.606962988453496,1000,0.1724761578972599,0.00016511167294276194,0.6777673955042448,0.307,0.058,0.138,0.497
352,-5.371187980902326,1000,0.17161715015839032,0.0001642689781401688,0.6801099922679222,0.321,0.268,0.289,0.122
353,27.0165120849083,158,0.1707624206589275,0.00016343058427231672,0.6831862184458414,0.23417721518987342,0.14556962025316456,0.4620253164556962,0.15822784810126583
354,165.98218545720016,719,0.16991194809134227,0.0001625964693881511,0.6665638764909274,0.6050069541029207,0.08344923504867872,0.15438108484005564,0.1571627260083449
355,192.24824693665653,440,0.16906571125422645,0.00016176661164865082,0.6808977402833323,0.36363636363636365,0.15,0.36818181818181817,0.11818181818181818
356,59.47355191449739,1000,0.16822368905176427,0.00016094098932625646,0.6660734474684386,0.589,0.07,0.105,0.236
357,197.40136976262107,479,0.16738586049320645,0.00016011958080430143,0.6601390605952462,0.6137787056367432,0.11899791231732777,0.17536534446764093,0.0918580375782881
358,244.94078154561174,165,0.16655220469234697,0.00015930236457644602,0.655393628374172,0.30303030303030304,0.15757575757575756,0.40606060606060607,0.13333333333333333
359,253.96175909698522,366,0.1657227008670024,0.0001584893192461143,0.6550758637605747,0.319672131147541,0.20765027322404372,0.3360655737704918,0.1366120218579235
360,194.8535901324227,672,0.16489732833849374,0.00015768042352593388,0.6564939161937604,0.5595238095238095,0.12946428571428573,0.16666666666666666,0.14434523809523808
361,131.64280159144033,612,0.16407606653113102,0.00015687565623717862,0.6582841172802912,0.25,0.1568627450980392,0.46078431372549017,0.1323529411764706
362,48.02086861481509,1000,0.16325889497170032,0.00015607499630921405,0.6680012113874789,0.598,0.183,0.143,0.076
363,144.79813817387895,438,0.16244579328895342,0.00015527842277894576,0.6674358132100207,0.1780821917808219,0.08904109589041095,0.3082191780821918,0.4246575342465753
364,172.2079294355012,806,0.16163674121309993,0.00015448591479027047,0.665931193171157,0.49007444168734493,0.25682382133995035,0.18734491315136476,0.06575682382133995
365,44.00719657070994,98,0.16083171857530196,0.00015369745159353004,0.673902477476662,0.29591836734693877,0.05102040816326531,0.5612244897959183,0.09183673469387756
366,237.4027662158704,289,0.16003070530717145,0.00015291301254496815,0.660008903817713,0.3944636678200692,0.13494809688581316,0.3217993079584775,0.14878892733564014
367,220.95156649926423,512,0.1592336814402698,0.00015213257710618982,0.6708669941398523,0.642578125,0.111328125,0.16015625,0.0859375
368,63.71681750337412,1000,0.15844062710561005,0.00015135612484362367,0.6489849291664693,0.472,0.079,0.169,0.28
369,216.11753704511506,404,0.15765152253316161,0.0001505836354279869,0.6402565673491909,0.48514851485148514,0.07920792079207921,0.31683168316831684,0.1188118811881188
370,194.77483652753693,494,0.15686634805135746,0.00014981508863375306,0.6507610823278772,0.6153846153846154,0.1396761133603239,0.18218623481781376,0.06275303643724696
371,221.68592764106683,420,0.15608508408660363,0.00014905046433862245,0.6485555772865396,0.4857142857142857,0.11666666666666667,0.3047619047619048,0.09285714285714286
372,207.17814454964875,328,0.15530771116279135,0.0001482897425229953,0.6437976326015585,0.5060975609756098,0.10670731707317073,0.2896341463414634,0.0975609756097561
373,196.25202745791518,459,0.15453420990081157,0.00014753290326944765,0.6430100551187191,0.6797385620915033,0.07625272331154684,0.17429193899782136,0.06971677559912855
374,188.83316758166183,799,0.1537645610180717,0.0001467799267622098,0.647693494159298,0.72090112640801,0.07259073842302878,0.12265331664580725,0.08385481852315395
375,81.19603062302947,720,0.15299874532801508,0.00014603079328664748,0.6464077554560509,0.15,0.39166666666666666,0.3736111111111111,0.08472222222222223
376,101.1405025793897,979,0.15223674373964258,0.0001452854832287458,0.643201899128894,0.4923391215526047,0.21450459652706844,0.21552604698672115,0.07763023493360573
377,212.22796047389974,452,0.15147853725703672,0.00014454397707459556,0.6335088606533117,0.504424778761062,0.11283185840707964,0.19690265486725664,0.18584070796460178
378,162.23638646006458,797,0.1507241069788881,0.0001438062554098824,0.6400585818762595,0.5859473023839398,0.12170639899623588,0.12045169385194479,0.17189460476787954
379,176.55434572860577,596,0.14997343409802424,0.00014307229891937854,0.636941189090165,0.5721476510067114,0.08557046979865772,0.15100671140939598,0.1912751677852349
380,262.39170445582596,201,0.1492264999009407,0.00014234208838643692,0.6378247592996712,0.34328358208955223,0.13432835820895522,0.3880597014925373,0.13432835820895522
381,125.67921664360895,863,0.14848328576733458,0.00014161560469248824,0.6375348868467033,0.25955967555040554,0.10776361529548088,0.2931633835457706,0.33951332560834296
382,214.18164351938776,627,0.14774377316964035,0.00014089282881654024,0.6432657614116506,0.5661881977671451,0.10207336523125997,0.22807017543859648,0.10366826156299841
383,268.94275892002804,172,0.147007943672568,0.00014017374183467976,0.6421706655548609,0.31976744186046513,0.13953488372093023,0.4476744186046512,0.09302325581395349
384,212.48013175518375,557,0.14627577893264343,0.0001394583249195773,0.6322306276089985,0.5709156193895871,0.11669658886894076,0.19210053859964094,0.12028725314183124
385,32.63041703371877,253,0.14554726069775115,0.00013874655933999398,0.6360314185039859,0.1225296442687747,0.16996047430830039,0.5059288537549407,0.2015810276679842
386,205.84214335926572,473,0.1448223708066793,0.00013803842646029123,0.6301196405229412,0.6131078224101479,0.07188160676532769,0.1945031712473573,0.12050739957716702
387,52.34199274405377,1000,0.14410109118866696,0.0001373339077399428,0.6285064177325483,0.626,0.135,0.128,0.111
388,135.98444455500723,689,0.14338340386295353,0.00013663298473304928,0.6296486366878238,0.26850507982583455,0.19593613933236576,0.40783744557329465,0.12772133526850507
389,268.1074274698515,364,0.1426692909383306,0.0001359356390878553,0.6166738164050601,0.45604395604395603,0.14835164835164835,0.28296703296703296,0.11263736263736264
390,214.93433474810467,189,0.14195873461269595,0.00013524185254626883,0.6156674060374765,0.3386243386243386,0.15343915343915343,0.38095238095238093,0.12698412698412698
391,230.35445105419046,500,0.14125171717260968,0.00013455160694338334,0.6208547896206525,0.596,0.154,0.152,0.098
392,210.36179954635458,577,0.1405482209928527,0.00013386488420700205,0.6132852830688471,0.5805892547660312,0.15077989601386482,0.17677642980935876,0.09185441941074524
393,226.47222921763552,337,0.13984822853598727,0.00013318166635716485,0.6255166907477272,0.5608308605341247,0.10385756676557864,0.26112759643916916,0.07418397626112759
394,12.54094671134136,1000,0.13915172235191997,0.00013250193550567755,0.6136580643323483,0.381,0.356,0.203,0.06
395,31.564707347254114,129,0.13845868507746648,0.00013182567385564342,0.601456395671999,0.13178294573643412,0.13178294573643412,0.5891472868217055,0.14728682170542637
396,-36.78608924528122,110,0.1377690994359189,0.00013115286370099735,0.6197474395187508,0.11818181818181818,0.13636363636363635,0.5181818181818182,0.22727272727272727
397,208.54292201771923,267,0.13708294823661493,0.00013048348742604221,0.6130049640540451,0.250936329588015,0.13857677902621723,0.47191011235955055,0.13857677902621723
398,218.2989521397625,485,0.13640021437450947,0.00012981752750498761,0.6001449208792934,0.6185567010309279,0.07835051546391752,0.18762886597938144,0.1154639175257732
399,222.6679756382277,252,0.1357208808297481,0.0001291549665014911,0.6012009689991445,0.5515873015873016,0.0992063492063492,0.25,0.0992063492063492
400,-22.39390751511894,107,0.13504493066724277,0.00012849578706820153,0.638291337834375,0.21495327102803738,0.14953271028037382,0.5046728971962616,0.1308411214953271
401,167.64789870378905,482,0.13437234703624976,0.00012783997194630505,0.6105575365561018,0.3817427385892116,0.10580912863070539,0.34232365145228216,0.17012448132780084
402,-64.57487080283929,235,0.13370311316994946,0.00012718750396507303,0.6071171501668612,0.11063829787234042,0.2170212765957447,0.49361702127659574,0.17872340425531916
403,74.88668619320889,1000,0.1330372123850285,0.0001265383660414126,0.6127129311019662,0.498,0.053,0.111,0.338
404,154.36897232716285,901,0.13237462808126377,0.0001258925411794194,0.5992956250919012,0.5183129855715871,0.15871254162042175,0.10543840177580466,0.21753607103218647
405,29.672401388746266,133,0.13171534374110866,0.00012525001246993246,0.602508064369104,0.24060150375939848,0.09774436090225563,0.556390977443609,0.10526315789473684
406,264.6412724391515,313,0.13105934292928123,0.00012461076309009165,0.6060073148754868,0.3769968051118211,0.14057507987220447,0.31629392971246006,0.16613418530351437
407,-63.950685415312414,1000,0.1304066092923546,0.00012397477630289708,0.5991445000122968,0.148,0.498,0.283,0.071
408,212.4427816295968,463,0.12975712655834912,0.00012334203545677095,0.5980330488863148,0.4773218142548596,0.12742980561555076,0.23110151187904968,0.16414686825053995
409,35.029819666883014,163,0.12911087853632688,0.00012271252398512162,0.6017625950310849,0.2392638036809816,0.15950920245398773,0.44785276073619634,0.15337423312883436
410,221.31114623488963,237,0.128467849115988,0.00012208622540590974,0.5969027846782191,0.5274261603375527,0.10548523206751055,0.2616033755274262,0.10548523206751055
411,236.4402609454647,242,0.12782802226726903,0.00012146312332121679,0.5832738528319779,0.39669421487603307,0.10743801652892562,0.35537190082644626,0.14049586776859505
412,124.32714685366663,974,0.12719138203994332,0.00012084320141681574,0.5932425681868883,0.35728952772073924,0.048254620123203286,0.11806981519507187,0.47638603696098564
413,-46.05210497107109,175,0.1265579125632235,0.0001202264434617439,0.5901798164901769,0.08571428571428572,0.2342857142857143,0.5142857142857142,0.1657142857142857
414,-38.292593791287175,195,0.12592759804536563,0.00011961283330787796,0.5820139809302776,0.15384615384615385,0.19487179487179487,0.46153846153846156,0.18974358974358974
415,208.2155953873921,327,0.1253004227732758,0.00011900235488951118,0.5868197159586135,0.28440366972477066,0.15902140672782875,0.4648318042813456,0.09174311926605505
416,218.7611130326124,363,0.12467637111211817,0.00011839499222293278,0.5915327517614498,0.34710743801652894,0.12121212121212122,0.4022038567493113,0.12947658402203857
417,43.92578867204982,1000,0.12405542750492535,0.00011779072940600942,0.5937504050322691,0.567,0.049,0.108,0.276
418,137.70889284211552,491,0.12343757647221056,0.00011718955061776886,0.5957822723712687,0.1670061099796334,0.2606924643584521,0.48065173116089616,0.09164969450101833
419,-11.563674403611854,1000,0.1228228026115817,0.00011659144011798575,0.5908967753034144,0.262,0.057,0.196,0.485
420,150.00335372112053,406,0.12221109059735742,0.00011599638224676948,0.5955332704820271,0.11822660098522167,0.3669950738916256,0.42857142857142855,0.08620689655172414
421,-12.47397916026175,1000,0.12160242518018508,0.00011540436142415419,0.5948545580358627,0.201,0.527,0.202,0.07
422,228.24778532005925,237,0.12099679118666054,0.00011481536214969084,0.595489389788884,0.31223628691983124,0.10126582278481013,0.3924050632911392,0.1940928270042194
423,210.76150914564477,393,0.12039417351894997,0.0001142293690020414,0.5925356759203411,0.4529262086513995,0.1475826972010178,0.2748091603053435,0.12468193384223919
424,197.93288065529265,346,0.11979455715441345,0.00011364636663857504,0.5815738478357286,0.23410404624277456,0.14450867052023122,0.47109826589595377,0.15028901734104047
425,244.48729995558935,279,0.11919792714523043,0.00011306633979496645,0.5854166915530046,0.4659498207885305,0.0931899641577061,0.2903225806451613,0.15053763440860216
426,39.6070522340218,1000,0.11860426861802718,0.0001124892732847962,0.5944428540692422,0.477,0.046,0.129,0.348
427,200.91223272558366,751,0.11801356677350594,0.00011191515199915312,0.592284182465351,0.5739014647137151,0.085219707057257,0.12916111850865514,0.21171770972037285
428,204.18078425489767,834,0.11742580688607601,0.00011134396090623867,0.5873091392903245,0.5983213429256595,0.1079136690647482,0.10431654676258993,0.18944844124700239
429,57.95951259339539,1000,0.11684097430348667,0.00011077568505097344,0.5855425351320437,0.584,0.037,0.09,0.289
430,209.26849854760303,514,0.1162590544464619,0.00011021030955460552,0.5738664549391508,0.5175097276264592,0.08754863813229571,0.14396887159533073,0.2509727626459144
431,94.51119733581162,558,0.11568003280833696,0.00010964781961432101,0.5749249680372297,0.13978494623655913,0.3387096774193548,0.41935483870967744,0.10215053763440861
432,-215.95066733055,238,0.1151038949546967,0.00010908820050285642,0.5677075789317324,0.23949579831932774,0.22268907563025211,0.37815126050420167,0.15966386554621848
433,-13.323436312623716,1000,0.11453062652301578,0.00010853143756811307,0.5861302963958072,0.295,0.461,0.189,0.055
434,239.41160722828351,423,0.1139602132223006,0.00010797751623277346,0.5789389345076489,0.5200945626477541,0.11347517730496454,0.16784869976359337,0.19858156028368795
435,44.365039666748906,1000,0.11339264083273302,0.00010742642199391962,0.5744884496569274,0.613,0.072,0.089,0.226
436,226.52519164818753,334,0.11282789520531596,0.00010687814042265338,0.5775898929736891,0.5868263473053892,0.0718562874251497,0.24850299401197604,0.09281437125748503
437,192.96654247978276,504,0.11226596226152054,0.0001063326571637186,0.5820396275737981,0.5595238095238095,0.09523809523809523,0.21031746031746032,0.1349206349206349
438,204.44255542239063,638,0.11170682799293526,0.00010578995793512529,0.5715001759478638,0.5626959247648903,0.06896551724137931,0.1238244514106583,0.2445141065830721
439,192.62273799504572,485,0.11115047846091669,0.00010525002852777575,0.5657740575039284,0.4742268041237113,0.088659793814433,0.3422680412371134,0.09484536082474226
440,210.21238816643475,233,0.11059689979624203,0.0001047128548050924,0.5676461849028412,0.3776824034334764,0.09871244635193133,0.3948497854077253,0.12875536480686695
441,47.35245439498505,1000,0.11004607819876336,0.00010417842270264782,0.5762586453796528,0.576,0.038,0.112,0.274
442,31.649158727901465,117,0.1094979999370636,0.00010364671822779637,0.5705417867376708,0.23076923076923078,0.09401709401709402,0.5641025641025641,0.1111111111111111
443,50.439040414629346,106,0.10895265134811426,0.00010311772745930794,0.5608779463420895,0.1320754716981132,0.1509433962264151,0.5943396226415094,0.12264150943396226
444,187.9685831786993,508,0.10841001883693473,0.0001025914365470034,0.5691716648915071,0.687007874015748,0.07677165354330709,0.1377952755905512,0.0984251968503937
445,21.693503866993638,105,0.10787008887625348,0.00010206783171139196,0.5698385411713104,0.17142857142857143,0.14285714285714285,0.5428571428571428,0.14285714285714285
446,4.6261841441129175,1000,0.10733284800617075,0.00010154689924331044,0.5631541071052684,0.073,0.759,0.122,0.046
447,225.32867062411174,279,0.10679828283382309,0.00010102862550356429,0.566616132727361,0.4767025089605735,0.17921146953405018,0.22580645161290322,0.11827956989247312
448,275.97708566567815,231,0.10626638003304942,0.00010051299692257053,0.5740554355787671,0.45021645021645024,0.08225108225108226,0.3463203463203463,0.12121212121212122
449,210.55219763158289,431,0.10573712634405887,0.0001000000000000024,0.5840889436351894,0.6102088167053364,0.08816705336426914,0.2296983758700696,0.07192575406032482
450,224.16031243212836,211,0.10521050857310017,9.948962130443598e-05,0.5706522152352538,0.1848341232227488,0.15165876777251186,0.4597156398104265,0.2037914691943128
451,-9.486924422287359,139,0.10468651359213282,9.898184747299844e-05,0.5680955775625159,0.20863309352517986,0.18705035971223022,0.43884892086330934,0.16546762589928057
452,249.94324425966116,184,0.10416512833849978,9.847666521101821e-05,0.5608657864762686,0.27717391304347827,0.17391304347826086,0.34782608695652173,0.20108695652173914
453,190.17774174768198,440,0.1036463398146018,9.797406129167691e-05,0.5551647243647279,0.35909090909090907,0.12954545454545455,0.35,0.16136363636363638
454,23.409415371023314,173,0.1031301350875735,9.747402255566301e-05,0.5602664387911322,0.2023121387283237,0.16184971098265896,0.47398843930635837,0.16184971098265896
455,215.48106395016657,328,0.10261650128896083,9.69765359108273e-05,0.5668846383512425,0.20121951219512196,0.4115853658536585,0.29573170731707316,0.09146341463414634
456,234.61957331530704,215,0.10210542561440039,9.648158833184013e-05,0.5647892954262724,0.4790697674418605,0.13023255813953488,0.27906976744186046,0.11162790697674418
457,214.76423802705926,776,0.10159689532330018,9.598916685985032e-05,0.5621713044008227,0.39690721649484534,0.1056701030927835,0.13659793814432988,0.36082474226804123
458,7.188618762286822,138,0.10109089773852199,9.549925860214595e-05,0.5700978357767041,0.2318840579710145,0.16666666666666666,0.47101449275362317,0.13043478260869565
459,225.04817705495918,261,0.10058742024606539,9.501185073181671e-05,0.5681700342432143,0.47126436781609193,0.13793103448275862,0.26436781609195403,0.12643678160919541
460,241.05793413336494,255,0.10008645029475326,9.452693048741816e-05,0.5677366670261411,0.5607843137254902,0.09019607843137255,0.2549019607843137,0.09411764705882353
461,54.26609396366055,109,0.09958797539591889,9.404448517263751e-05,0.5642889267337848,0.1651376146788991,0.12844036697247707,0.5963302752293578,0.11009174311926606
462,15.840422920153387,101,0.0990919831230947,9.356450215596125e-05,0.5632157653456138,0.15841584158415842,0.15841584158415842,0.5148514851485149,0.16831683168316833
463,18.355875109589135,103,0.09859846111170241,9.308696887034445e-05,0.5474020881692094,0.20388349514563106,0.13592233009708737,0.5242718446601942,0.13592233009708737
464,153.28270593770455,563,0.09810739705874481,9.261187281288167e-05,0.5631137467929964,0.25044404973357015,0.12078152753108348,0.4724689165186501,0.15630550621669628
465,236.17139560158847,411,0.0976187787224991,9.213920154447967e-05,0.5711018490427634,0.6496350364963503,0.0681265206812652,0.1654501216545012,0.11678832116788321
466,21.550650067036756,136,0.09713259392221169,9.166894268953164e-05,0.5866416400788521,0.2647058823529412,0.14705882352941177,0.4852941176470588,0.10294117647058823
467,35.201254799141935,1000,0.09664883053779448,9.120108393559328e-05,0.5719145997823869,0.602,0.049,0.143,0.206
468,227.79798500205132,212,0.09616747650952286,9.073561303306037e-05,0.5739486763277323,0.5094339622641509,0.09905660377358491,0.32547169811320753,0.0660377358490566
469,92.54181091379387,1000,0.09568851983773495,9.027251779484805e-05,0.5656994871411033,0.57,0.084,0.125,0.221
470,244.3914973300224,251,0.09521194858253253,8.981178609607174e-05,0.5765291060119845,0.44621513944223107,0.11553784860557768,0.3107569721115538,0.12749003984063745
471,244.5693053584348,252,0.09473775086348335,8.935340587372971e-05,0.5686450890860051,0.3531746031746032,0.08333333333333333,0.44841269841269843,0.11507936507936507
472,249.14222637498113,433,0.09426591485932499,8.88973651263872e-05,0.5556875715265552,0.44341801385681295,0.11316397228637413,0.2817551963048499,0.16166281755196305
473,243.35631566137357,283,0.09379642880767017,8.844365191386223e-05,0.5714265896646915,0.4911660777385159,0.1166077738515901,0.2756183745583039,0.1166077738515901
474,181.88158800490874,706,0.09332928100471348,8.799225435691295e-05,0.560053769743447,0.5906515580736544,0.1274787535410765,0.15722379603399433,0.12464589235127478
475,258.8445087179207,313,0.09286445980493968,8.754316063692666e-05,0.5589315259834653,0.43769968051118213,0.14057507987220447,0.268370607028754,0.15335463258785942
476,212.52470520775137,355,0.09240195362083334,8.70963589956103e-05,0.5499523508163714,0.6309859154929578,0.08732394366197183,0.2028169014084507,0.07887323943661972
477,33.72491341098339,141,0.09194175092259001,8.665183773468267e-05,0.5757320451573503,0.18439716312056736,0.1276595744680851,0.5602836879432624,0.1276595744680851
478,173.57931821996317,312,0.09148384023782877,8.620958521556806e-05,0.5621497520478504,0.125,0.483974358974359,0.3076923076923077,0.08333333333333333
479,228.55659753915148,174,0.09102821015130624,8.576958985909162e-05,0.559052585211834,0.43103448275862066,0.14367816091954022,0.3218390804597701,0.10344827586206896
480,233.74806461751714,444,0.09057484930463203,8.533184014517613e-05,0.5573306947798445,0.6914414414414415,0.06306306306306306,0.17117117117117117,0.07432432432432433
481,256.86237967747036,369,0.09012374639598555,8.489632461254036e-05,0.5590768576164024,0.47696476964769646,0.1842818428184282,0.21680216802168023,0.12195121951219512
482,250.3038930478208,265,0.08967489017983431,8.446303185839905e-05,0.5543500918621653,0.5358490566037736,0.08679245283018867,0.27547169811320754,0.1018867924528302
483,25.062307102336717,104,0.08922826946665352,8.40319505381643e-05,0.5448627515313955,0.3076923076923077,0.08653846153846154,0.49038461538461536,0.11538461538461539
484,232.08333072204553,266,0.08878387312264722,8.36030693651486e-05,0.5614824383043114,0.462406015037594,0.08646616541353383,0.33458646616541354,0.11654135338345864
485,226.53923397344687,309,0.0883416900694707,8.317637711026927e-05,0.5523541112667976,0.3333333333333333,0.11326860841423948,0.3042071197411003,0.24919093851132687
486,223.98860496394957,330,0.08790170928395427,8.275186260175448e-05,0.571463068606214,0.5,0.1606060606060606,0.24848484848484848,0.09090909090909091
487,-35.027741585139125,189,0.08746391979782855,8.232951472485073e-05,0.5699572083786645,0.14285714285714285,0.17989417989417988,0.4973544973544973,0.17989417989417988
488,262.13913061248513,207,0.08702831069745101,8.190932242153187e-05,0.5615643939724487,0.5362318840579711,0.07246376811594203,0.3140096618357488,0.07729468599033816
489,269.5541869071649,166,0.08659487112353387,8.149127469020957e-05,0.5530405024298629,0.3674698795180723,0.09036144578313253,0.42771084337349397,0.1144578313253012
490,259.88606973832816,178,0.08616359027087342,8.107536058544523e-05,0.5651205118720484,0.5,0.06741573033707865,0.34831460674157305,0.08426966292134831
491,217.05980822306228,276,0.08573445738808068,8.066156921766346e-05,0.5539306905980711,0.36594202898550726,0.10507246376811594,0.33695652173913043,0.19202898550724637
492,195.2854481171768,450,0.08530746177731334,8.024988975286695e-05,0.5513390743044807,0.36444444444444446,0.1688888888888889,0.35555555555555557,0.1111111111111111
493,248.96526593497356,202,0.0848825927940091,7.984031141235278e-05,0.5567200304318515,0.5693069306930693,0.054455445544554455,0.28217821782178215,0.09405940594059406
494,240.52253958851236,184,0.08445983984662027,7.943282347243025e-05,0.5673782231233441,0.3967391304347826,0.13043478260869565,0.34782608695652173,0.125
495,210.417590396712,321,0.0840391923963498,7.902741526414009e-05,0.5406205366972251,0.5607476635514018,0.09657320872274143,0.2367601246105919,0.1059190031152648
496,232.7218179005431,308,0.0836206399568885,7.862407617297512e-05,0.5512152022394865,0.22402597402597402,0.29545454545454547,0.30194805194805197,0.17857142857142858
497,234.32165922618452,503,0.08320417209415364,7.822279563860235e-05,0.5428949699892919,0.34592445328031807,0.2644135188866799,0.23658051689860835,0.15308151093439365
498,-11.020388325146712,142,0.08278977842602886,7.782356315458647e-05,0.5403328770059023,0.14788732394366197,0.15492957746478872,0.5211267605633803,0.176056338028169
499,230.69895847885522,264,0.08237744862210536,7.742636826811479e-05,0.555515201809042,0.4734848484848485,0.14772727272727273,0.32575757575757575,0.05303030303030303
500,207.09555309021076,299,0.08196717240342434,7.703120057972354e-05,0.5463032237049047,0.1605351170568562,0.06688963210702341,0.3110367892976589,0.46153846153846156
501,238.82058541460722,225,0.08155893954222078,7.66380497430256e-05,0.5402712056063891,0.26222222222222225,0.23555555555555555,0.3422222222222222,0.16
502,186.86458814263244,507,0.08115273986166843,7.624690546443961e-05,0.5525429431922735,0.5404339250493096,0.09664694280078895,0.20907297830374755,0.15384615384615385
503,274.20101496688983,144,0.08074856323562621,7.585775750292045e-05,0.5398225125121886,0.3611111111111111,0.06944444444444445,0.4930555555555556,0.0763888888888889
504,199.9956998955463,361,0.08034639958838564,7.547059566969111e-05,0.5350813789228552,0.3850415512465374,0.21329639889196675,0.3074792243767313,0.09418282548476455
505,238.53395027724108,242,0.0799462388944198,7.508540982797593e-05,0.5495998926639287,0.5785123966942148,0.0743801652892562,0.30165289256198347,0.045454545454545456
506,150.97758561351773,394,0.07954807117813331,7.470218989273521e-05,0.5446681633466174,0.10152284263959391,0.3248730964467005,0.47715736040609136,0.09644670050761421
507,247.15215675098418,379,0.07915188651361367,7.432092583040112e-05,0.5438702441534196,0.46437994722955145,0.15303430079155672,0.20316622691292877,0.17941952506596306
508,238.05624973307192,206,0.07875767502438383,7.394160765861504e-05,0.5388807992675652,0.33495145631067963,0.17475728155339806,0.3737864077669903,0.11650485436893204
509,233.14277426377214,220,0.078365426883156,7.356422544596616e-05,0.5530962967603605,0.38181818181818183,0.1318181818181818,0.37727272727272726,0.10909090909090909
510,-160.14948214316723,1000,0.07797513231158659,7.318876931173151e-05,0.5406571026120682,0.112,0.151,0.574,0.163
511,206.56535796061507,319,0.07758678158003256,7.281522942561718e-05,0.5466454801360532,0.5047021943573667,0.09090909090909091,0.2476489028213166,0.15673981191222572
512,-52.164638094704586,1000,0.07720036500730874,7.244359600750101e-05,0.5434843909023741,0.241,0.288,0.366,0.105
513,247.24824792950176,342,0.07681587296044662,7.207385932717653e-05,0.5346843283090202,0.42105263157894735,0.09649122807017543,0.26900584795321636,0.2134502923976608
514,39.447610143879814,114,0.07643329585445409,7.170600970409811e-05,0.5446801157476997,0.16666666666666666,0.18421052631578946,0.4824561403508772,0.16666666666666666
515,171.21992130531277,427,0.07605262415207657,7.134003750712762e-05,0.5384535818377449,0.08665105386416862,0.5971896955503513,0.2459016393442623,0.0702576112412178
516,243.8401653984467,217,0.07567384836355925,7.097593315428215e-05,0.537655971495591,0.4055299539170507,0.1382488479262673,0.34101382488479265,0.1152073732718894
517,281.0434735634084,202,0.0752969590464105,7.061368711248323e-05,0.5507866719467275,0.24752475247524752,0.22277227722772278,0.3564356435643564,0.17326732673267325
518,252.48207575537342,176,0.07492194680516646,7.025328989730719e-05,0.5466941440688239,0.3806818181818182,0.10795454545454546,0.42045454545454547,0.09090909090909091
519,231.70308856461855,292,0.07454880229115689,6.989473207273681e-05,0.5454673058345013,0.3253424657534247,0.1267123287671233,0.4452054794520548,0.10273972602739725
520,225.82814315309682,223,0.07417751620227203,6.953800425091434e-05,0.5353280868318013,0.5067264573991032,0.1210762331838565,0.273542600896861,0.09865470852017937
521,0.7201604096409824,83,0.07380807928273078,6.91830970918956e-05,0.5476773331258277,0.12048192771084337,0.13253012048192772,0.5421686746987951,0.20481927710843373
522,276.547803852613,150,0.07344048232284993,6.883000130340553e-05,0.5450606791681069,0.44666666666666666,0.06666666666666667,0.4266666666666667,0.06
523,219.83860669924525,507,0.07307471615881456,6.847870764059486e-05,0.5379434646270518,0.5384615384615384,0.17357001972386588,0.15976331360946747,0.1282051282051282
524,228.84140184420946,275,0.0727107716724496,6.812920690579805e-05,0.5438436918904375,0.3927272727272727,0.19636363636363635,0.33454545454545453,0.07636363636363637
525,-6.297423010905163,135,0.07234863979099258,6.778148994829249e-05,0.543842462429837,0.2222222222222222,0.16296296296296298,0.4666666666666667,0.14814814814814814
526,188.58704717705814,544,0.07198831148686739,6.743554766405891e-05,0.5447769350387744,0.40441176470588236,0.09375,0.1636029411764706,0.3382352941176471
527,230.43248295065285,218,0.07162977777745924,6.709137099554301e-05,0.54165931017613,0.4908256880733945,0.0963302752293578,0.3211009174311927,0.09174311926605505
528,268.8739947237343,248,0.07127302972489075,6.674895093141833e-05,0.5465877155189961,0.3346774193548387,0.17338709677419356,0.3346774193548387,0.15725806451612903
529,246.74477514177437,217,0.07091805843579913,6.64082785063503e-05,0.5433032834420176,0.3870967741935484,0.12442396313364056,0.31336405529953915,0.17511520737327188
530,84.1868527311984,696,0.07056485506111447,6.606934480076148e-05,0.5443940397474085,0.0617816091954023,0.46551724137931033,0.3706896551724138,0.10201149425287356
531,217.95363722853062,295,0.07021341079583919,6.573214094059807e-05,0.5411994005051838,0.3254237288135593,0.1288135593220339,0.4542372881355932,0.09152542372881356
532,191.13837985080815,326,0.06986371687882846,6.539665809709758e-05,0.5314239412701154,0.27607361963190186,0.13803680981595093,0.4723926380368098,0.11349693251533742
533,181.6338349217839,344,0.06951576459257186,6.506288748655759e-05,0.5481385571475771,0.125,0.438953488372093,0.3808139534883721,0.055232558139534885
534,224.09872640518574,425,0.06916954526297603,6.473082037010584e-05,0.5492113185066947,0.24941176470588236,0.3176470588235294,0.15529411764705883,0.2776470588235294
535,13.950983490260953,211,0.06882505025914844,6.440044805347146e-05,0.5462823273199707,0.23696682464454977,0.12322274881516587,0.4928909952606635,0.14691943127962084
536,222.32814422213224,240,0.06848227099318223,6.407176188675723e-05,0.5523980740208609,0.09583333333333334,0.10833333333333334,0.25833333333333336,0.5375
537,262.2074256477562,174,0.06814119891994212,6.374475326421318e-05,0.5453872585429406,0.3563218390804598,0.1206896551724138,0.3793103448275862,0.14367816091954022
538,253.29060413167448,212,0.06780182553685142,6.341941362401126e-05,0.5451837478578825,0.47641509433962265,0.11320754716981132,0.2971698113207547,0.11320754716981132
539,232.8035032501463,373,0.06746414238368,6.309573444802116e-05,0.5517814610198445,0.42359249329758714,0.1554959785522788,0.225201072386059,0.19571045576407506
540,244.27125341484833,175,0.06712814104233344,6.27737072615873e-05,0.5488403838180013,0.38857142857142857,0.12571428571428572,0.36,0.12571428571428572
541,222.7960290994825,194,0.06679381313664319,6.245332363330693e-05,0.5429907020265218,0.4948453608247423,0.08247422680412371,0.33505154639175255,0.08762886597938144
542,230.34170551269835,603,0.0664611503321577,6.213457517480939e-05,0.5464254592841112,0.5091210613598673,0.27197346600331673,0.15091210613598674,0.06799336650082918
543,244.67701898868108,210,0.06613014433593471,6.181745354053646e-05,0.5466614677866043,0.29523809523809524,0.16666666666666666,0.3904761904761905,0.14761904761904762
544,240.66270118814987,243,0.06580078689633446,6.150195042752389e-05,0.5562313993493743,0.3497942386831276,0.12757201646090535,0.40329218106995884,0.11934156378600823
545,145.9889145392634,896,0.06547306980281405,6.1188057575184e-05,0.5437585207220081,0.41629464285714285,0.2924107142857143,0.12388392857142858,0.16741071428571427
546,172.06757881167078,418,0.0651469848857227,6.0875766765089345e-05,0.5460987678822206,0.2607655502392344,0.11004784688995216,0.44019138755980863,0.18899521531100477
547,255.4181327632849,209,0.0648225240160981,6.056506982075763e-05,0.528587750612532,0.5023923444976076,0.0861244019138756,0.3492822966507177,0.06220095693779904
548,-12.587112225438446,75,0.06449967910546381,6.0255958607437554e-05,0.5391709062181869,0.28,0.12,0.48,0.12
549,262.5284975633318,205,0.06417844210562758,5.994842503189588e-05,0.5358408189384032,0.6048780487804878,0.04878048780487805,0.28780487804878047,0.05853658536585366
550,232.01104422057986,329,0.0638588050084807,5.964246104220548e-05,0.536307713010587,0.48632218844984804,0.11854103343465046,0.2887537993920973,0.10638297872340426
551,245.78487197795397,196,0.06354075984579843,5.933805862753456e-05,0.5517855230364715,0.5204081632653061,0.07653061224489796,0.32142857142857145,0.08163265306122448
552,191.15603082149823,262,0.0632242986890413,5.9035209817936916e-05,0.5444903246804099,0.183206106870229,0.13740458015267176,0.49236641221374045,0.18702290076335878
553,-2.2332768533108265,106,0.06290941364915748,5.873390668414323e-05,0.5383115145687395,0.12264150943396226,0.22641509433962265,0.46226415094339623,0.18867924528301888
554,58.67597273209162,1000,0.06259609687638612,5.8434141337353506e-05,0.5406667816451668,0.698,0.193,0.068,0.041
555,231.62930431455032,209,0.06228434056006167,5.813590592903049e-05,0.5370229104765207,0.3684210526315789,0.11961722488038277,0.37320574162679426,0.13875598086124402
556,209.73162449535403,206,0.061974136928419146,5.7839192650694185e-05,0.5337060659914876,0.0825242718446602,0.1553398058252427,0.3883495145631068,0.3737864077669903
557,112.69309414788135,718,0.06166547824840039,5.7543993733717426e-05,0.5401838253788711,0.2827298050139276,0.11420612813370473,0.49303621169916434,0.11002785515320335
558,112.60488031647338,585,0.061358356825461334,5.725030144912246e-05,0.5410473590533729,0.08205128205128205,0.5504273504273505,0.30256410256410254,0.06495726495726496
559,181.38536125965118,412,0.06105276500338012,5.695810810737859e-05,0.5460827843631095,0.3616504854368932,0.2912621359223301,0.24029126213592233,0.10679611650485436
560,179.04872928804113,521,0.06074869516406628,5.666740605820084e-05,0.5325917197369481,0.3512476007677543,0.2380038387715931,0.18042226487523993,0.23032629558541268
561,220.38870755735218,223,0.06044613972737082,5.637818769034967e-05,0.5433816333836661,0.36771300448430494,0.15695067264573992,0.36771300448430494,0.10762331838565023
562,160.6486119641602,652,0.060145091150897244,5.609044543143168e-05,0.5416515149947376,0.4616564417177914,0.26533742331288346,0.21012269938650308,0.06288343558282208
563,223.4293654226804,229,0.059845541929813534,5.580417174770135e-05,0.5431486240670209,0.2838427947598253,0.13537117903930132,0.40611353711790393,0.17467248908296942
564,219.78474223531185,301,0.05954748459666506,5.551935914386379e-05,0.5402827103709911,0.33222591362126247,0.16943521594684385,0.3687707641196013,0.12956810631229235
565,222.10234423338886,217,0.05925091172118844,5.5236000162878504e-05,0.5430628945540077,0.3225806451612903,0.10599078341013825,0.4055299539170507,0.16589861751152074
566,217.72666202247348,202,0.058955815910126275,5.495408738576414e-05,0.5442262499885159,0.21782178217821782,0.14356435643564355,0.4603960396039604,0.1782178217821782
567,28.607219499841257,1000,0.05866218980704289,5.467361343140425e-05,0.5440022066573402,0.679,0.043,0.1,0.178
568,226.5951805893929,407,0.058370026092140904,5.439457095635402e-05,0.5388762325147894,0.26535626535626533,0.343980343980344,0.18427518427518427,0.20638820638820637
569,-147.16319040907234,1000,0.058079317482078785,5.4116952654648034e-05,0.5429398264524566,0.104,0.158,0.577,0.161
570,211.31084648839277,272,0.05779005672978926,5.3840751257608944e-05,0.5378588897376916,0.2867647058823529,0.11764705882352941,0.4338235294117647,0.16176470588235295
571,-155.51800536930074,469,0.05750223662429868,5.35659595336572e-05,0.5422655150514175,0.06183368869936034,0.17697228144989338,0.5714285714285714,0.18976545842217485
572,201.8721711080252,230,0.05721584999054722,5.329257028812169e-05,0.5443070642607116,0.23043478260869565,0.13043478260869565,0.45652173913043476,0.1826086956521739
573,194.6171449302215,607,0.056930889689210055,5.302057636305136e-05,0.5389150743968154,0.30642504118616143,0.3113673805601318,0.1614497528830313,0.22075782537067545
574,92.96281125309274,1000,0.05664734861651935,5.2749970637027824e-05,0.5359844171103162,0.601,0.086,0.077,0.236
575,245.3648687343192,203,0.056365219704087186,5.248074602497889e-05,0.5298244402460258,0.35467980295566504,0.10837438423645321,0.3497536945812808,0.18719211822660098
576,249.45276052598348,148,0.056084495918729355,5.221289547799308e-05,0.532417255779895,0.3716216216216216,0.06756756756756757,0.5,0.060810810810810814
577,233.26445616356804,695,0.05580517026229002,5.1946411983135046e-05,0.5363272245411206,0.6115107913669064,0.04748201438848921,0.14532374100719425,0.19568345323741007
578,230.53794992394683,239,0.05552723577146726,5.1681288563261965e-05,0.5263570606324817,0.5188284518828452,0.08786610878661087,0.30962343096234307,0.08368200836820083
579,214.74153782542066,181,0.055250685517639495,5.141751827684087e-05,0.5243960845120401,0.32044198895027626,0.10497237569060773,0.4861878453038674,0.08839779005524862
580,241.57653929827282,213,0.05497551260669274,5.11550942177669e-05,0.5253950654716925,0.38967136150234744,0.12206572769953052,0.38028169014084506,0.107981220657277
581,233.8133326566624,232,0.05470171017884877,5.08940095151825e-05,0.5242725600868565,0.4051724137931034,0.06465517241379311,0.39655172413793105,0.1336206896551724
582,67.73166678087307,781,0.05442927140849408,5.063425733329746e-05,0.5247940054165939,0.3444302176696543,0.13956466069142126,0.41229193341869397,0.10371318822023047
583,-31.853894346118736,117,0.05415818950400976,5.0375830871210034e-05,0.5218468910359167,0.1452991452991453,0.24786324786324787,0.4017094017094017,0.20512820512820512
584,-134.35239672115324,1000,0.053888457707602165,5.011872336272881e-05,0.5189396205763126,0.142,0.152,0.556,0.15
585,3.3532780828536413,1000,0.05362006929513446,4.986292807619558e-05,0.5213227206183976,0.547,0.035,0.117,0.301
586,228.02755587517535,194,0.05335301757595899,4.960843831430907e-05,0.5080442282238516,0.4072164948453608,0.08247422680412371,0.4329896907216495,0.07731958762886598
587,17.01021923863457,1000,0.053087295892750505,4.935524741394963e-05,0.5071636242517586,0.587,0.195,0.158,0.06
588,-27.516897307094894,197,0.052822897621340174,4.910334874600474e-05,0.5140812652918038,0.25380710659898476,0.09644670050761421,0.5177664974619289,0.1319796954314721
589,240.39068448242713,229,0.052559816170550465,4.885273571519545e-05,0.5147738501521874,0.5065502183406113,0.07423580786026202,0.3624454148471616,0.056768558951965066
590,226.19130794953696,195,0.05229804498203084,4.860340175990373e-05,0.5112918088145304,0.22564102564102564,0.1282051282051282,0.517948717948718,0.1282051282051282
591,228.15965075037752,343,0.05203757753009425,4.8355340352000625e-05,0.5109200542901685,0.4227405247813411,0.17201166180758018,0.3236151603498542,0.08163265306122448
592,-196.65698599514536,809,0.051778407321554455,4.810854499667538e-05,0.5035892126382613,0.2200247218788628,0.10877626699629171,0.5599505562422744,0.11124845488257108
593,212.23151444463076,321,0.05152052789556417,4.786300923226537e-05,0.5013797451315887,0.2772585669781931,0.4735202492211838,0.21806853582554517,0.03115264797507788
594,251.71474316277326,209,0.051263932823453984,4.76187266300869e-05,0.48337503345296823,0.3253588516746411,0.0861244019138756,0.3588516746411483,0.22966507177033493
595,195.88068761662248,337,0.051008615708572125,4.737569079426693e-05,0.49577643410701006,0.22255192878338279,0.2166172106824926,0.41839762611275966,0.142433234421365
596,214.75997523402492,265,0.050754570186124975,4.713389536157557e-05,0.4960678631300663,0.3433962264150943,0.14339622641509434,0.38113207547169814,0.1320754716981132
597,208.55961190172957,271,0.0505017899230184,4.689333400125952e-05,0.49585065104525267,0.19557195571955718,0.0996309963099631,0.42066420664206644,0.28413284132841327
598,246.46573784327407,169,0.050250268617699906,4.665400041487629e-05,0.49265575510609344,0.35502958579881655,0.10059171597633136,0.4556213017751479,0.08875739644970414
599,229.8280495934657,224,0.05000000000000151,4.6415888336129295e-05,0.4979851772779536,0.3794642857142857,0.125,0.41964285714285715,0.07589285714285714
600,266.924308768218,212,0.05,4.617899153070379e-05,0.5040117205344793,0.47641509433962265,0.08018867924528301,0.32075471698113206,0.12264150943396226
601,271.6511212695186,158,0.05,4.594330379610366e-05,0.48715280662009564,0.31645569620253167,0.0949367088607595,0.5,0.08860759493670886
602,240.70796505552713,291,0.05,4.5708818961488994e-05,0.4921918426481562,0.2920962199312715,0.16151202749140894,0.31958762886597936,0.2268041237113402
603,219.82843336743156,231,0.05,4.547553088751453e-05,0.49043445061702284,0.4199134199134199,0.0735930735930736,0.41125541125541126,0.09523809523809523
604,74.06343567066656,818,0.05,4.524343346616893e-05,0.49424282801310093,0.3753056234718826,0.24327628361858192,0.31295843520782396,0.06845965770171149
605,173.20300243864997,294,0.05,4.501252062061484e-05,0.48388121704405945,0.22789115646258504,0.08503401360544217,0.3979591836734694,0.2891156462585034
606,259.8937509831161,239,0.05,4.478278630502978e-05,0.49155080464169554,0.2719665271966527,0.16317991631799164,0.42677824267782427,0.13807531380753138
607,136.47116912750909,943,0.05,4.4554224504447877e-05,0.486192347668634,0.3075291622481442,0.3902439024390244,0.2258748674443266,0.07635206786850478
608,196.0721651074009,283,0.05,4.4326829234602346e-05,0.4772064860202805,0.30742049469964666,0.1625441696113074,0.3957597173144876,0.13427561837455831
609,256.8039757222539,311,0.05,4.410059454176883e-05,0.47604900880268697,0.36977491961414793,0.11254019292604502,0.3215434083601286,0.19614147909967847
610,201.7678532349404,284,0.05,4.387551450260952e-05,0.48452064375064935,0.25,0.2112676056338028,0.397887323943662,0.14084507042253522
611,70.68941185989729,923,0.05,4.3651583224018043e-05,0.4817171433985129,0.29360780065005415,0.06175514626218852,0.3640303358613218,0.28060671722643554
612,205.16536119396284,294,0.05,4.3428794842965214e-05,0.47690951909205126,0.42517006802721086,0.06802721088435375,0.35374149659863946,0.15306122448979592
613,253.8508016325347,461,0.05,4.320714352634547e-05,0.47868014580311563,0.30585683297180044,0.09544468546637744,0.15835140997830802,0.4403470715835141
614,12.565299508685598,938,0.05,4.29866234708242e-05,0.47315886280599023,0.2281449893390192,0.12366737739872068,0.5287846481876333,0.11940298507462686
615,229.01597715671556,186,0.05,4.276722890268576e-05,0.47898046782148057,0.3225806451612903,0.10215053763440861,0.489247311827957,0.08602150537634409
616,230.77678971824815,273,0.05,4.254895407768233e-05,0.47291114960588543,0.27472527472527475,0.10622710622710622,0.4981684981684982,0.12087912087912088
617,178.494734767338,367,0.05,4.23317932808835e-05,0.4680991319312599,0.1307901907356948,0.11171662125340599,0.30517711171662126,0.45231607629427795
618,141.56976196890054,482,0.05,4.2115740826526656e-05,0.4698011921052276,0.05394190871369295,0.5643153526970954,0.3070539419087137,0.07468879668049792
619,228.66977615980673,296,0.05,4.19007910578681e-05,0.4615854001526324,0.30405405405405406,0.12837837837837837,0.46959459459459457,0.09797297297297297
620,168.33905462125563,392,0.05,4.168693834703494e-05,0.4644258249322699,0.23979591836734693,0.11224489795918367,0.5382653061224489,0.1096938775510204
621,169.37791658944036,392,0.05,4.147417709487777e-05,0.4614207929219733,0.31887755102040816,0.09693877551020408,0.47959183673469385,0.10459183673469388
622,220.68575539718591,267,0.05,4.126250173082403e-05,0.46301099266920237,0.15730337078651685,0.14606741573033707,0.31835205992509363,0.3782771535580524
623,184.58761875836558,281,0.05,4.1051906712732176e-05,0.46929379774426766,0.1387900355871886,0.060498220640569395,0.47686832740213525,0.3238434163701068
624,210.58939587200456,225,0.05,4.084238652674659e-05,0.46644290253045434,0.29777777777777775,0.11555555555555555,0.5022222222222222,0.08444444444444445
625,192.62685399126238,343,0.05,4.063393568715319e-05,0.4657356867320035,0.30612244897959184,0.1661807580174927,0.43731778425655976,0.09037900874635568
626,215.1852949932428,378,0.05,4.04265487362358e-05,0.466657106443987,0.4444444444444444,0.09259259259259259,0.34656084656084657,0.1164021164021164
627,220.14779464514726,260,0.05,4.022022024413328e-05,0.44968272327437164,0.3076923076923077,0.13846153846153847,0.4307692307692308,0.12307692307692308
628,237.89389672654278,265,0.05,4.001494480869733e-05,0.46438594749280493,0.41509433962264153,0.13584905660377358,0.3849056603773585,0.06415094339622641
629,-76.28909237447384,1000,0.05,3.981071705535108e-05,0.4552739786572297,0.369,0.091,0.425,0.115
630,208.0622706026668,260,0.05,3.960753163694834e-05,0.4584427025163689,0.3076923076923077,0.15,0.3923076923076923,0.15
631,26.608610851679963,1000,0.05,3.940538323363363e-05,0.45205270952728904,0.556,0.04,0.127,0.277
632,-34.26478328204601,206,0.05,3.920426655270286e-05,0.44935971623927806,0.22330097087378642,0.11650485436893204,0.5048543689320388,0.1553398058252427
633,270.896413697633,311,0.05,3.90041763284648e-05,0.44806127389872247,0.3054662379421222,0.08360128617363344,0.3279742765273312,0.2829581993569132
634,225.251354033587,216,0.05,3.8805107322103155e-05,0.44509376085870556,0.32407407407407407,0.10185185185185185,0.47685185185185186,0.09722222222222222
635,228.58286412134814,210,0.05,3.860705432153946e-05,0.4497980044456329,0.2571428571428571,0.12857142857142856,0.5,0.11428571428571428
636,246.53340532640573,239,0.05,3.841001214129657e-05,0.453860811761267,0.21338912133891214,0.1799163179916318,0.4769874476987448,0.1297071129707113
637,223.92835212024497,388,0.05,3.8213975622362915e-05,0.4463165358044033,0.48195876288659795,0.10309278350515463,0.33505154639175255,0.07989690721649484
638,-30.9338606185935,241,0.05,3.801893963205743e-05,0.43349679612307435,0.1950207468879668,0.0912863070539419,0.5352697095435685,0.17842323651452283
639,210.65575469372288,276,0.05,3.782489906389515e-05,0.44161311959807004,0.4166666666666667,0.11231884057971014,0.36594202898550726,0.10507246376811594
640,250.98281629389217,230,0.05,3.763184883745353e-05,0.4359307426638758,0.4217391304347826,0.10434782608695652,0.3826086956521739,0.09130434782608696
641,214.14810572326115,246,0.05,3.743978389823941e-05,0.42689473475183665,0.2682926829268293,0.13008130081300814,0.5040650406504065,0.0975609756097561
642,241.41140107127325,226,0.05,3.724869921755669e-05,0.44701574385466314,0.17699115044247787,0.21238938053097345,0.4336283185840708,0.17699115044247787
643,257.4196743454472,287,0.05,3.7058589792374664e-05,0.434896050059907,0.40069686411149824,0.1916376306620209,0.30662020905923343,0.10104529616724739
644,241.34556213032087,237,0.05,3.686945064519703e-05,0.4442182226384452,0.3080168776371308,0.1308016877637131,0.4345991561181435,0.12658227848101267
645,189.72270015253906,340,0.05,3.668127682393157e-05,0.447532090602005,0.10294117647058823,0.47058823529411764,0.3411764705882353,0.08529411764705883
646,29.902238438756875,1000,0.05,3.6494063401760485e-05,0.44283700595612285,0.213,0.587,0.156,0.044
647,231.66708492966325,200,0.05,3.63078054770114e-05,0.445085664173055,0.305,0.145,0.425,0.125
648,234.74377830279107,197,0.05,3.612249817302904e-05,0.43369110648998827,0.3299492385786802,0.12690355329949238,0.4263959390862944,0.116751269035533
649,203.24231680791593,294,0.05,3.593813663804753e-05,0.4375360081348716,0.4421768707482993,0.10884353741496598,0.36054421768707484,0.08843537414965986
650,162.8108163154638,367,0.05,3.575471604506339e-05,0.43348579915545876,0.17438692098092642,0.1362397820163488,0.5286103542234333,0.16076294277929154
651,-19.33740530752209,209,0.05,3.557223159170912e-05,0.44783768700626336,0.20095693779904306,0.11004784688995216,0.5645933014354066,0.12440191387559808
652,204.9052713731786,293,0.05,3.5390678500127486e-05,0.4502728022845302,0.3242320819112628,0.2150170648464164,0.3037542662116041,0.15699658703071673
653,97.2339166681468,558,0.05,3.5210052016846434e-05,0.4380044677618459,0.0931899641577061,0.503584229390681,0.34050179211469533,0.06272401433691756
654,225.15789208425167,259,0.05,3.5030347412654595e-05,0.4410171134978214,0.41312741312741313,0.10810810810810811,0.3127413127413127,0.16602316602316602
655,265.09556617388176,217,0.05,3.4851559982477505e-05,0.44870532959167697,0.25806451612903225,0.12442396313364056,0.5023041474654378,0.1152073732718894
656,268.3655887854244,243,0.05,3.467368504525439e-05,0.4419642676664676,0.4691358024691358,0.09465020576131687,0.2839506172839506,0.1522633744855967
657,226.45262921993069,292,0.05,3.4496717943815614e-05,0.44126799679928713,0.3904109589041096,0.1095890410958904,0.3664383561643836,0.13356164383561644
658,229.4940284854251,262,0.05,3.4320654044760744e-05,0.43897883916711705,0.38549618320610685,0.12213740458015267,0.41603053435114506,0.07633587786259542
659,210.16102019499306,323,0.05,3.414548873833723e-05,0.43004440383087555,0.13622291021671826,0.34365325077399383,0.4241486068111455,0.09597523219814241
660,215.63414467496176,312,0.05,3.397121743831973e-05,0.44775232355770783,0.11217948717948718,0.3717948717948718,0.40064102564102566,0.11538461538461539
661,217.15069800159552,243,0.05,3.379783558189e-05,0.4344950950077772,0.08641975308641975,0.3045267489711934,0.4897119341563786,0.11934156378600823
662,239.29334933611395,235,0.05,3.3625338629517463e-05,0.4366452097807075,0.2851063829787234,0.1702127659574468,0.40425531914893614,0.14042553191489363
663,184.99728745218084,411,0.05,3.345372206484034e-05,0.44202001816459413,0.29927007299270075,0.10218978102189781,0.3819951338199513,0.21654501216545013
664,142.08958567721,352,0.05,3.328298139454739e-05,0.43746553364456003,0.28125,0.07386363636363637,0.3494318181818182,0.29545454545454547
665,226.85569522545137,297,0.05,3.311311214826029e-05,0.42975602319866457,0.2962962962962963,0.12457912457912458,0.41414141414141414,0.16498316498316498
666,175.22650790895185,250,0.05,3.2944109878416555e-05,0.43652419739216225,0.212,0.068,0.396,0.324
667,217.57855372234954,279,0.05,3.2775970160153124e-05,0.4320666634243244,0.2616487455197133,0.13978494623655913,0.46953405017921146,0.12903225806451613
668,197.14077457724375,258,0.05,3.26086885911905e-05,0.43976495931579723,0.07751937984496124,0.09689922480620156,0.5116279069767442,0.313953488372093
669,-21.677379970606907,1000,0.05,3.2442260791717464e-05,0.43886786072506184,0.318,0.408,0.211,0.063
670,83.99216407596448,701,0.05,3.227668240427644e-05,0.4326389718609498,0.19258202567760344,0.12410841654778887,0.5477888730385164,0.1355206847360913
671,186.30927603512214,267,0.05,3.211194909364938e-05,0.44022596183457424,0.30711610486891383,0.1348314606741573,0.3895131086142322,0.16853932584269662
672,252.14800160458486,239,0.05,3.194805654674426e-05,0.4396275225485142,0.2217573221757322,0.1297071129707113,0.497907949790795,0.1506276150627615
673,2.8862311785380967,100,0.05,3.178500047248217e-05,0.4390992577081967,0.22,0.17,0.49,0.12
674,152.8391551965468,717,0.05,3.1622776601684934e-05,0.43501089725822983,0.4435146443514644,0.05160390516039052,0.21338912133891214,0.2914923291492329
675,34.96926847426451,780,0.05,3.1461380686963373e-05,0.4311957297608308,0.1564102564102564,0.09358974358974359,0.5025641025641026,0.24743589743589745
676,210.64047830652703,292,0.05,3.1300808502606066e-05,0.422533342430729,0.1678082191780822,0.25,0.4726027397260274,0.1095890410958904
677,38.867773354727746,124,0.05,3.1141055844468724e-05,0.4337576939720422,0.04032258064516129,0.1774193548387097,0.5887096774193549,0.1935483870967742
678,-6.42901685197836,1000,0.05,3.0982118529864115e-05,0.43490317510175097,0.459,0.308,0.194,0.039
679,226.42523203214913,263,0.05,3.082399239745255e-05,0.43586651143985294,0.23954372623574144,0.11406844106463879,0.49809885931558934,0.1482889733840304
680,0.33089599732362274,984,0.05,3.066667330713294e-05,0.43119320543495376,0.20020325203252032,0.14532520325203252,0.4146341463414634,0.23983739837398374
681,155.64194459974433,505,0.05,3.0510157139934383e-05,0.4253640237147568,0.2594059405940594,0.06732673267326733,0.2633663366336634,0.4099009900990099
682,273.64298614075403,155,0.05,3.035443979790832e-05,0.4218575506565599,0.2,0.1935483870967742,0.4838709677419355,0.12258064516129032
683,228.77285270683296,178,0.05,3.0199517204021263e-05,0.41818592786636233,0.37640449438202245,0.16853932584269662,0.34831460674157305,0.10674157303370786
684,-39.20889873840806,124,0.05,3.0045385302048023e-05,0.4364747696688921,0.1693548387096774,0.1774193548387097,0.4112903225806452,0.24193548387096775
685,98.86945681333724,481,0.05,2.9892040056465527e-05,0.4362081788770182,0.12681912681912683,0.32432432432432434,0.44282744282744285,0.10602910602910603
686,18.576759914741913,969,0.05,2.9739477452347147e-05,0.4318026366882088,0.17131062951496387,0.10732714138286893,0.5304437564499485,0.19091847265221878
687,226.54649642436974,386,0.05,2.9587693495257588e-05,0.42899589391914006,0.34974093264248707,0.19948186528497408,0.2823834196891192,0.16839378238341968
688,-148.1078556158339,1000,0.05,2.9436684211148304e-05,0.4306581001562018,0.178,0.109,0.542,0.171
689,-35.29793720674715,124,0.05,2.928644564625344e-05,0.4219369045594088,0.24193548387096775,0.06451612903225806,0.5564516129032258,0.13709677419354838
690,280.461754841162,372,0.05,2.9136973866986325e-05,0.4238343475557954,0.44086021505376344,0.11021505376344086,0.20967741935483872,0.239247311827957
691,228.32668629477823,210,0.05,2.898826495983647e-05,0.41958730580221065,0.1,0.10952380952380952,0.44761904761904764,0.34285714285714286
692,35.71019054648563,1000,0.05,2.8840315031267124e-05,0.42758464921360906,0.3,0.533,0.128,0.039
693,209.2069957075616,323,0.05,2.8693120207613298e-05,0.4199957805833722,0.34055727554179566,0.11455108359133127,0.43653250773993807,0.10835913312693499
694,253.80754870103198,178,0.05,2.8546676634980377e-05,0.4365499117790715,0.5280898876404494,0.10112359550561797,0.29213483146067415,0.07865168539325842
695,-55.404928268168085,219,0.05,2.84009804791432e-05,0.4275106193864745,0.1872146118721461,0.1278538812785388,0.5068493150684932,0.1780821917808219
696,217.40136225231413,176,0.05,2.8256027925445676e-05,0.42601107729039017,0.32954545454545453,0.11363636363636363,0.4602272727272727,0.09659090909090909
697,249.56887104434588,575,0.05,2.8111815178700904e-05,0.4239486444314996,0.5669565217391305,0.16,0.1426086956521739,0.13043478260869565
698,2.9892064450701383,95,0.05,2.796833846309181e-05,0.4167617242144472,0.16842105263157894,0.17894736842105263,0.47368421052631576,0.17894736842105263
699,235.41538260416465,258,0.05,2.7825594022072283e-05,0.42513091216770643,0.32170542635658916,0.12790697674418605,0.4263565891472868,0.12403100775193798
700,4.495811726760394,85,0.05,2.7683578118268825e-05,0.43289382097577994,0.08235294117647059,0.18823529411764706,0.5411764705882353,0.18823529411764706
701,177.85524082887943,332,0.05,2.7542287033382697e-05,0.42446968600546475,0.08734939759036145,0.41566265060240964,0.35843373493975905,0.13855421686746988
702,137.33027812011076,452,0.05,2.740171706809256e-05,0.4307171580601712,0.2013274336283186,0.18805309734513273,0.5331858407079646,0.07743362831858407
703,231.63504982511407,358,0.05,2.726186454195763e-05,0.42638637179368993,0.3407821229050279,0.1424581005586592,0.4022346368715084,0.11452513966480447
704,202.8437231363697,283,0.05,2.7122725793321306e-05,0.4205970956137517,0.2862190812720848,0.10954063604240283,0.49469964664310956,0.10954063604240283
705,-64.9828228863804,1000,0.05,2.6984297179215296e-05,0.4253977679743798,0.141,0.644,0.172,0.043
706,171.4537985900127,339,0.05,2.684657507526425e-05,0.42869485348520087,0.25073746312684364,0.11209439528023599,0.5575221238938053,0.07964601769911504
707,189.76270236723815,266,0.05,2.670955587559086e-05,0.4207560447489413,0.41353383458646614,0.11278195488721804,0.37593984962406013,0.09774436090225563
708,218.63719229734653,591,0.05,2.6573235992721436e-05,0.42318733105060424,0.377326565143824,0.3942470389170897,0.1455160744500846,0.0829103214890017
709,253.0291956667641,305,0.05,2.6437611857491997e-05,0.428365149126009,0.28524590163934427,0.11147540983606558,0.5147540983606558,0.08852459016393442
710,226.93547592744298,253,0.05,2.6302679918954817e-05,0.4322548789942331,0.30434782608695654,0.08300395256916997,0.5335968379446641,0.07905138339920949
711,47.15262772343327,1000,0.05,2.6168436644285447e-05,0.41798024913334086,0.632,0.033,0.096,0.239
712,36.33701898193871,1000,0.05,2.603487851869022e-05,0.4288593991567203,0.535,0.05,0.111,0.304
713,45.97896263485319,1000,0.05,2.590200204531423e-05,0.418296768571844,0.399,0.422,0.14,0.039
714,0.5168224259015092,1000,0.05,2.5769803745149768e-05,0.4186725204054129,0.503,0.281,0.173,0.043
715,207.7410175910736,250,0.05,2.5638280156945248e-05,0.41968056257418174,0.22,0.076,0.388,0.316
716,102.23332432480083,856,0.05,2.5507427837114567e-05,0.41894639302443804,0.308411214953271,0.0455607476635514,0.1658878504672897,0.48014018691588783
717,134.27555614067504,629,0.05,2.5377243359646956e-05,0.41297968656541023,0.3068362480127186,0.17329093799682035,0.42289348171701113,0.09697933227344992
718,253.57329429812776,147,0.05,2.5247723316017274e-05,0.4152969475761272,0.21768707482993196,0.20408163265306123,0.46258503401360546,0.11564625850340136
719,231.7876006389953,250,0.05,2.5118864315096767e-05,0.41258776124491686,0.232,0.14,0.512,0.116
720,0.6910044123463592,155,0.05,2.4990662983064277e-05,0.39870065371625296,0.16774193548387098,0.12903225806451613,0.5225806451612903,0.18064516129032257
721,259.71993619028035,385,0.05,2.4863115963317916e-05,0.41298314216000503,0.4077922077922078,0.10649350649350649,0.2649350649350649,0.22077922077922077
722,29.079787710952832,1000,0.05,2.473621991638717e-05,0.41810855142153586,0.439,0.042,0.147,0.372
723,8.11967435758713,1000,0.05,2.4609971519845472e-05,0.41599055792054473,0.42,0.314,0.201,0.065
724,118.71837633142121,997,0.05,2.448436746822322e-05,0.415445427767888,0.4974924774322969,0.05717151454363089,0.1464393179538616,0.29889669007021064
725,217.37356037230518,350,0.05,2.4359404472921215e-05,0.41019725385289024,0.24571428571428572,0.16285714285714287,0.46285714285714286,0.12857142857142856
726,162.90481090021422,357,0.05,2.4235079262124575e-05,0.42398593659975375,0.12324929971988796,0.2661064425770308,0.5014005602240896,0.1092436974789916
727,216.16463887783425,339,0.05,2.4111388580717055e-05,0.41985751044243913,0.31268436578171094,0.10324483775811209,0.3952802359882006,0.1887905604719764
728,245.13550595067994,229,0.05,2.3988329190195842e-05,0.4069528800231116,0.34934497816593885,0.14410480349344978,0.4104803493449782,0.09606986899563319
729,210.36317009964523,366,0.05,2.3865897868586744e-05,0.4133772161819457,0.1092896174863388,0.3879781420765027,0.39617486338797814,0.10655737704918032
730,172.6318121567761,292,0.05,2.3744091410359837e-05,0.4088661655014922,0.1232876712328767,0.08904109589041095,0.3664383561643836,0.4212328767123288
731,267.834727132932,183,0.05,2.3622906626345543e-05,0.42495681847078126,0.366120218579235,0.17486338797814208,0.32786885245901637,0.13114754098360656
732,239.8266890551612,216,0.05,2.350234034365113e-05,0.4149619791468308,0.3425925925925926,0.08333333333333333,0.49074074074074076,0.08333333333333333
733,212.093040597367,291,0.05,2.3382389405577622e-05,0.4203551793528841,0.17869415807560138,0.14776632302405499,0.48109965635738833,0.19243986254295534
734,185.17576152793401,266,0.05,2.3263050671537174e-05,0.4148060768343231,0.3684210526315789,0.10526315789473684,0.34210526315789475,0.18421052631578946
735,30.316188190593323,114,0.05,2.314432101697083e-05,0.4119022863371669,0.12280701754385964,0.16666666666666666,0.5701754385964912,0.14035087719298245
736,199.05615346552548,583,0.05,2.302619733326671e-05,0.4166617682373238,0.48027444253859347,0.13379073756432247,0.20411663807890223,0.18181818181818182
737,211.13208753240315,202,0.05,2.2908676527678637e-05,0.4002891245237628,0.22772277227722773,0.1485148514851485,0.47029702970297027,0.15346534653465346
738,235.2987721292483,189,0.05,2.279175552324514e-05,0.40716281298326834,0.38095238095238093,0.10582010582010581,0.42328042328042326,0.08994708994708994
739,226.07476310356049,429,0.05,2.2675431258708915e-05,0.40312320045863387,0.3986013986013986,0.1561771561771562,0.289044289044289,0.1561771561771562
740,175.84453377772851,248,0.05,2.2559700688436657e-05,0.41945067825880294,0.2661290322580645,0.08870967741935484,0.4717741935483871,0.17338709677419356
741,244.07159107058203,368,0.05,2.2444560782339324e-05,0.41435567826225567,0.3451086956521739,0.3423913043478261,0.24456521739130435,0.06793478260869565
742,253.5005874405592,255,0.05,2.233000852579281e-05,0.41912474701107844,0.26666666666666666,0.13725490196078433,0.40784313725490196,0.18823529411764706
743,264.07371450236826,237,0.05,2.2216040919558996e-05,0.4108413657474567,0.20253164556962025,0.1308016877637131,0.4345991561181435,0.2320675105485232
744,241.9675058562233,366,0.05,2.210265497970725e-05,0.41543865911962913,0.4016393442622951,0.1448087431693989,0.2650273224043716,0.1885245901639344
745,-161.65395713150974,1000,0.05,2.1989847737536276e-05,0.41663761556268947,0.126,0.153,0.579,0.142
746,202.93855725962413,311,0.05,2.1877616239496397e-05,0.4178759167052656,0.4180064308681672,0.15434083601286175,0.3247588424437299,0.10289389067524116
747,265.92402318214056,152,0.05,2.176595754711223e-05,0.4144101819524715,0.24342105263157895,0.16447368421052633,0.4605263157894737,0.13157894736842105
748,56.3451767956446,1000,0.05,2.1654868736905736e-05,0.41396484091656355,0.594,0.057,0.149,0.2
749,154.45108959109473,400,0.05,2.1544346900319697e-05,0.41710756914208985,0.2325,0.1675,0.4675,0.1325
750,20.551363580441304,90,0.05,2.143438914364154e-05,0.41390516830509355,0.12222222222222222,0.15555555555555556,0.5555555555555556,0.16666666666666666
751,255.21482841330672,256,0.05,2.1324992587927593e-05,0.4141251598174555,0.21875,0.125,0.52734375,0.12890625
752,231.79871856882843,251,0.05,2.1216154368927693e-05,0.4049674741839792,0.20717131474103587,0.16733067729083664,0.4940239043824701,0.13147410358565736
753,235.21859542421163,211,0.05,2.1107871637010202e-05,0.4185062931422592,0.4218009478672986,0.09004739336492891,0.3933649289099526,0.0947867298578199
754,-26.92898528547741,348,0.05,2.1000141557087397e-05,0.4186490836004207,0.07183908045977011,0.20977011494252873,0.5459770114942529,0.1724137931034483
755,231.69924997727986,208,0.05,2.0892961308541232e-05,0.4061363416762779,0.4519230769230769,0.1201923076923077,0.3317307692307692,0.09615384615384616
756,208.9744661726529,281,0.05,2.0786328085149503e-05,0.4169588012371131,0.3487544483985765,0.1387900355871886,0.4199288256227758,0.09252669039145907
757,216.04052539266928,498,0.05,2.0680239095012362e-05,0.4202429900894768,0.19678714859437751,0.5140562248995983,0.21285140562248997,0.07630522088353414
758,36.979428415182724,1000,0.05,2.057469156047922e-05,0.40640226572508403,0.445,0.425,0.103,0.027
759,276.06125264366983,255,0.05,2.0469682718076032e-05,0.410838122595152,0.25098039215686274,0.11764705882352941,0.3843137254901961,0.24705882352941178
760,-26.795762720617404,161,0.05,2.036520981843293e-05,0.4146884905405005,0.20496894409937888,0.12422360248447205,0.45962732919254656,0.2111801242236025
761,-79.27076855333102,1000,0.05,2.026127012621225e-05,0.41656728669756804,0.234,0.086,0.357,0.323
762,73.89014688233868,785,0.05,2.01578609200369e-05,0.4089651562375667,0.1503184713375796,0.25477707006369427,0.44713375796178345,0.14777070063694267
763,246.93016791935412,158,0.05,2.0054979492419124e-05,0.4187788720898926,0.2468354430379747,0.17721518987341772,0.4430379746835443,0.13291139240506328
764,162.1134178395,372,0.05,1.9952623149689603e-05,0.4134317586962579,0.13709677419354838,0.29301075268817206,0.4489247311827957,0.12096774193548387
765,205.0480809205745,337,0.05,1.9850789211926935e-05,0.41562900662726404,0.2195845697329377,0.17507418397626112,0.4836795252225519,0.12166172106824925
766,261.0961193792089,190,0.05,1.9749475012887463e-05,0.4170592580144615,0.3368421052631579,0.08947368421052632,0.4842105263157895,0.08947368421052632
767,141.88787714050537,306,0.05,1.964867789993547e-05,0.40319875523077586,0.17320261437908496,0.2875816993464052,0.477124183006536,0.06209150326797386
768,172.14659649021036,866,0.05,1.9548395233973733e-05,0.41527230964597506,0.34872979214780603,0.4561200923787529,0.14665127020785218,0.04849884526558892
769,198.90819656408507,417,0.05,1.944862438937441e-05,0.4106215107970601,0.1750599520383693,0.24700239808153476,0.49640287769784175,0.0815347721822542
770,176.83730384032697,306,0.05,1.934936275391031e-05,0.41646678476205934,0.16993464052287582,0.3137254901960784,0.4477124183006536,0.06862745098039216
771,234.22421203675165,347,0.05,1.9250607728686487e-05,0.40918846524694835,0.2564841498559078,0.1239193083573487,0.42939481268011526,0.19020172910662825
772,-203.54236620964633,317,0.05,1.915235672807221e-05,0.4110464090031736,0.08832807570977919,0.15141955835962145,0.39747634069400634,0.3627760252365931
773,216.66815994527832,298,0.05,1.905460717963325e-05,0.40798060960811605,0.087248322147651,0.12751677852348994,0.5234899328859061,0.26174496644295303
774,204.391871108402,336,0.05,1.895735652406453e-05,0.4179099067115192,0.24107142857142858,0.09523809523809523,0.44047619047619047,0.22321428571428573
775,236.31840037470417,181,0.05,1.8860602215123135e-05,0.41194151290921227,0.35359116022099446,0.13259668508287292,0.39779005524861877,0.11602209944751381
776,11.842986362063101,105,0.05,1.876434171956162e-05,0.41112556609203543,0.1523809523809524,0.18095238095238095,0.5142857142857142,0.1523809523809524
777,-35.74133579639382,1000,0.05,1.8668572517061694e-05,0.41694896211317267,0.385,0.299,0.254,0.062
778,231.54761557643866,622,0.05,1.8573292100168245e-05,0.4172745718210062,0.33762057877813506,0.4405144694533762,0.14790996784565916,0.07395498392282958
779,22.7649584825464,1000,0.05,1.8478497974223667e-05,0.4119472215283982,0.509,0.039,0.086,0.366
780,165.21330145168037,345,0.05,1.8384187657302558e-05,0.41253648357970973,0.17101449275362318,0.06666666666666667,0.3101449275362319,0.45217391304347826
781,185.19389237062535,258,0.05,1.8290358680146737e-05,0.41075628435833783,0.35271317829457366,0.08139534883720931,0.4728682170542636,0.09302325581395349
782,-8.03880793192721,1000,0.05,1.8197008586100586e-05,0.41757661675887475,0.361,0.377,0.212,0.05
783,209.58343119752354,450,0.05,1.8104134931046738e-05,0.41365030732900526,0.3844444444444444,0.22,0.24444444444444444,0.1511111111111111
784,102.2445826865848,640,0.05,1.8011735283342077e-05,0.4128016797445292,0.1,0.1765625,0.4078125,0.315625
785,167.12456233643422,403,0.05,1.791980722375408e-05,0.40181032833844027,0.2903225806451613,0.0794044665012407,0.543424317617866,0.08684863523573201
786,234.80262278712354,232,0.05,1.782834834539747e-05,0.4082304067002449,0.40948275862068967,0.09051724137931035,0.38362068965517243,0.11637931034482758
787,226.66118139651232,187,0.05,1.7737356253671193e-05,0.40067166340861776,0.3155080213903743,0.12834224598930483,0.47058823529411764,0.0855614973262032
788,187.42701365951527,293,0.05,1.7646828566195736e-05,0.4107524669304787,0.447098976109215,0.07849829351535836,0.3003412969283277,0.17406143344709898
789,261.72287188216194,406,0.05,1.7556762912750744e-05,0.4136103134838118,0.23399014778325122,0.20689655172413793,0.1748768472906404,0.3842364532019704
790,226.20493512427248,169,0.05,1.7467156935212957e-05,0.4132704570851415,0.25443786982248523,0.17159763313609466,0.4437869822485207,0.1301775147928994
791,94.1893345744359,593,0.05,1.737800828749448e-05,0.4033357917172524,0.15851602023608768,0.26812816188870153,0.32040472175379425,0.25295109612141653
792,186.7746425933533,363,0.05,1.728931463548134e-05,0.4069362648070155,0.25895316804407714,0.12121212121212122,0.4903581267217631,0.12947658402203857
793,225.78334323960547,223,0.05,1.7201073656972398e-05,0.4014207247313461,0.30493273542600896,0.06278026905829596,0.5515695067264574,0.08071748878923767
794,255.3289789602929,244,0.05,1.7113283041618525e-05,0.39745754071985534,0.26229508196721313,0.22540983606557377,0.35655737704918034,0.1557377049180328
795,187.99199049507973,367,0.05,1.7025940490862124e-05,0.40945284018089473,0.22888283378746593,0.17983651226158037,0.5258855585831063,0.0653950953678474
796,214.14402968246378,384,0.05,1.6939043717876946e-05,0.41084766695323394,0.2838541666666667,0.08333333333333333,0.359375,0.2734375
797,251.81666451725906,343,0.05,1.6852590447508222e-05,0.419930483989663,0.239067055393586,0.13411078717201166,0.49854227405247814,0.1282798833819242
798,268.2617444037286,136,0.05,1.676657841621308e-05,0.4069642876231894,0.27941176470588236,0.17647058823529413,0.45588235294117646,0.08823529411764706
799,262.94458199664837,267,0.05,1.668100537200129e-05,0.41495372943871844,0.2883895131086142,0.11235955056179775,0.43820224719101125,0.16104868913857678
800,231.75532295346704,279,0.05,1.6595869074376306e-05,0.40249428743521337,0.4874551971326165,0.14336917562724014,0.23655913978494625,0.13261648745519714
801,200.70990814202574,283,0.05,1.6511167294276595e-05,0.4153733792187803,0.24381625441696114,0.10954063604240283,0.519434628975265,0.127208480565371
802,153.52934177598596,520,0.05,1.642689781401728e-05,0.41029416094455584,0.2865384615384615,0.12115384615384615,0.475,0.11730769230769231
803,239.35431795941307,193,0.05,1.634305842723207e-05,0.40975029042677924,0.42487046632124353,0.12435233160621761,0.38341968911917096,0.06735751295336788
804,241.63142761854724,246,0.05,1.6259646938815505e-05,0.4157868632060572,0.516260162601626,0.08943089430894309,0.3048780487804878,0.08943089430894309
805,257.82779040704077,200,0.05,1.6176661164865473e-05,0.4081885021498452,0.295,0.095,0.515,0.095
806,192.83300845511485,278,0.05,1.6094098932626033e-05,0.4132378458754533,0.2589928057553957,0.09712230215827339,0.5251798561151079,0.11870503597122302
807,49.18679795893871,1000,0.05,1.601195808043053e-05,0.4088111056782883,0.639,0.16,0.156,0.045
808,245.05838239926524,311,0.05,1.5930236457644987e-05,0.405962805710675,0.2733118971061093,0.13504823151125403,0.4758842443729904,0.1157556270096463
809,174.14057586583215,381,0.05,1.5848931924611812e-05,0.40955992334232666,0.29133858267716534,0.13123359580052493,0.5065616797900262,0.07086614173228346
810,72.94354277172421,678,0.05,1.576804235259377e-05,0.4061253577352119,0.058997050147492625,0.13421828908554573,0.5265486725663717,0.28023598820059
811,257.6617705061527,202,0.05,1.568756562371824e-05,0.4143309222142546,0.3217821782178218,0.12376237623762376,0.41089108910891087,0.14356435643564355
812,203.41179571222239,340,0.05,1.560749963092178e-05,0.40778873446847447,0.12058823529411765,0.11470588235294117,0.49411764705882355,0.27058823529411763
813,186.26820465557367,278,0.05,1.5527842277894948e-05,0.40944777540897315,0.3057553956834532,0.12589928057553956,0.4568345323741007,0.11151079136690648
814,256.0212616606724,207,0.05,1.5448591479027417e-05,0.4077727598223068,0.2995169082125604,0.14492753623188406,0.42028985507246375,0.13526570048309178
815,57.410255517858694,1000,0.05,1.536974515935337e-05,0.41159972975053993,0.452,0.355,0.151,0.042
816,205.98107669852283,258,0.05,1.529130125449718e-05,0.4159120064308475,0.2248062015503876,0.08139534883720931,0.37209302325581395,0.32170542635658916
817,258.2263702343505,231,0.05,1.5213257710619348e-05,0.4085356589566716,0.29004329004329005,0.24242424242424243,0.3246753246753247,0.14285714285714285
818,269.8917549675495,181,0.05,1.5135612484362732e-05,0.4146500834341936,0.4530386740331492,0.10497237569060773,0.3425414364640884,0.09944751381215469
819,-8.700029806954731,149,0.05,1.5058363542799053e-05,0.41358685351914526,0.2684563758389262,0.1342281879194631,0.4563758389261745,0.14093959731543623
820,219.73423645252018,199,0.05,1.4981508863375668e-05,0.40068578191996645,0.41708542713567837,0.10050251256281408,0.40703517587939697,0.07537688442211055
821,216.7282122710092,536,0.05,1.4905046433862605e-05,0.41048530598044736,0.4832089552238806,0.04664179104477612,0.22201492537313433,0.24813432835820895
822,193.06418996129443,303,0.05,1.4828974252299889e-05,0.40668889804124464,0.2838283828382838,0.132013201320132,0.49504950495049505,0.0891089108910891
823,225.3040002758834,158,0.05,1.4753290326945122e-05,0.411157623211615,0.33544303797468356,0.1518987341772152,0.43670886075949367,0.0759493670886076
824,240.65988176426862,194,0.05,1.4677992676221332e-05,0.3995669856622681,0.29381443298969073,0.15463917525773196,0.4175257731958763,0.13402061855670103
825,245.65536324550268,194,0.05,1.4603079328665099e-05,0.4041642236171916,0.32989690721649484,0.13402061855670103,0.422680412371134,0.1134020618556701
826,218.45140246800742,398,0.05,1.4528548322874929e-05,0.4056577201288514,0.39949748743718594,0.10301507537688442,0.38190954773869346,0.11557788944723618
827,262.52404378312986,178,0.05,1.4454397707459904e-05,0.4030025275397849,0.3595505617977528,0.0898876404494382,0.47191011235955055,0.07865168539325842
828,237.81992872591775,215,0.05,1.4380625540988587e-05,0.40814064169367803,0.3767441860465116,0.15813953488372093,0.3674418604651163,0.09767441860465116
829,244.21985567576863,486,0.05,1.43072298919382e-05,0.4079813511243773,0.1419753086419753,0.23045267489711935,0.18930041152263374,0.4382716049382716
830,176.08376929125245,288,0.05,1.4234208838644037e-05,0.40366260814920235,0.16666666666666666,0.2986111111111111,0.4513888888888889,0.08333333333333333
831,202.75018658464182,734,0.05,1.4161560469249165e-05,0.4074491707892328,0.5272479564032697,0.05722070844686648,0.16212534059945505,0.25340599455040874
832,-11.346727154402293,1000,0.05,1.4089282881654362e-05,0.4106063416395025,0.338,0.411,0.19,0.061
833,178.7952580169092,424,0.05,1.4017374183468312e-05,0.4054298861395757,0.2830188679245283,0.11320754716981132,0.47641509433962265,0.12735849056603774
834,16.254498783256665,143,0.05,1.3945832491958063e-05,0.40317785689788627,0.13986013986013987,0.18181818181818182,0.5454545454545454,0.13286713286713286
835,180.5103158210881,971,0.05,1.3874655933999729e-05,0.40848734998010333,0.3470648815653965,0.47167868177136973,0.1266735324407827,0.05458290422245108
836,232.8609297955183,195,0.05,1.3803842646029452e-05,0.41100780066865833,0.22564102564102564,0.17435897435897435,0.4512820512820513,0.14871794871794872
837,2.688292095185446,133,0.05,1.3733390773994606e-05,0.4067408959592271,0.21052631578947367,0.18045112781954886,0.45112781954887216,0.15789473684210525
838,194.77421207897598,335,0.05,1.3663298473305255e-05,0.41047702850897094,0.37910447761194027,0.08358208955223881,0.4537313432835821,0.08358208955223881
839,191.59453591186661,332,0.05,1.3593563908785854e-05,0.41024075721364317,0.18674698795180722,0.03614457831325301,0.3885542168674699,0.3885542168674699
840,189.73784498133938,312,0.05,1.3524185254627205e-05,0.40307826837730315,0.3525641025641026,0.10576923076923077,0.4423076923076923,0.09935897435897435
841,255.1172549529686,289,0.05,1.3455160694338653e-05,0.4095769248109161,0.25951557093425603,0.1314878892733564,0.48788927335640137,0.12110726643598616
842,87.56999986688426,621,0.05,1.3386488420700523e-05,0.40574089274013425,0.22544283413848631,0.23510466988727857,0.45088566827697263,0.08856682769726248
843,207.52251684896098,268,0.05,1.3318166635716802e-05,0.40471040900683053,0.4664179104477612,0.09701492537313433,0.3694029850746269,0.06716417910447761
844,244.71441519448976,174,0.05,1.3250193550568068e-05,0.4037071923527913,0.29310344827586204,0.16666666666666666,0.42528735632183906,0.11494252873563218
845,212.51210252056794,353,0.05,1.3182567385564654e-05,0.408388344817947,0.19263456090651557,0.1671388101983003,0.5127478753541076,0.1274787535410765
846,233.6244549116693,251,0.05,1.3115286370100045e-05,0.41623449423330183,0.350597609561753,0.11155378486055777,0.4103585657370518,0.12749003984063745
847,-9.462076148020325,1000,0.05,1.3048348742604528e-05,0.4055045087251226,0.377,0.281,0.27,0.072
848,193.90971165794173,323,0.05,1.2981752750499066e-05,0.4055232050232102,0.14860681114551083,0.23839009287925697,0.4984520123839009,0.11455108359133127
849,214.45332722783678,254,0.05,1.2915496650149411e-05,0.40356921886868974,0.2125984251968504,0.15748031496062992,0.48031496062992124,0.14960629921259844
850,251.87453458727913,232,0.05,1.2849578706820454e-05,0.4089332716100886,0.25862068965517243,0.1896551724137931,0.3620689655172414,0.1896551724137931
851,198.12948025224756,229,0.05,1.2783997194630804e-05,0.41454301174762975,0.3537117903930131,0.08733624454148471,0.5065502183406113,0.05240174672489083
852,247.5794959473812,247,0.05,1.2718750396507599e-05,0.3994506348272908,0.4777327935222672,0.15384615384615385,0.3117408906882591,0.05668016194331984
853,241.362644726764,233,0.05,1.2653836604141555e-05,0.40950853363966827,0.3562231759656652,0.1630901287553648,0.3605150214592275,0.12017167381974249
854,218.53612786727928,317,0.05,1.2589254117942232e-05,0.4047758102051174,0.1640378548895899,0.17981072555205047,0.4952681388012618,0.1608832807570978
855,232.65499917531602,244,0.05,1.2525001246993537e-05,0.4062745591389895,0.47950819672131145,0.09016393442622951,0.3401639344262295,0.09016393442622951
856,237.99746909065365,217,0.05,1.2461076309009455e-05,0.40011085385766304,0.3640552995391705,0.12903225806451613,0.41013824884792627,0.0967741935483871
857,136.99835327169217,396,0.05,1.2397477630289996e-05,0.4051601337067343,0.1691919191919192,0.2904040404040404,0.44191919191919193,0.09848484848484848
858,246.9921694762281,271,0.05,1.2334203545677384e-05,0.39028064513141897,0.24723247232472326,0.12546125461254612,0.4870848708487085,0.14022140221402213
859,247.65589884701498,263,0.05,1.227125239851245e-05,0.40768069323334194,0.38783269961977185,0.17110266159695817,0.33460076045627374,0.10646387832699619
860,240.473813375045,251,0.05,1.2208622540591259e-05,0.41362309763210464,0.2948207171314741,0.13545816733067728,0.44223107569721115,0.12749003984063745
861,-13.190966783824905,148,0.05,1.2146312332121961e-05,0.4180458811999731,0.18243243243243243,0.17567567567567569,0.49324324324324326,0.14864864864864866
862,218.18844965869368,347,0.05,1.2084320141681855e-05,0.4046852733276478,0.484149855907781,0.04899135446685879,0.30547550432276654,0.16138328530259366
863,138.10658033704186,552,0.05,1.2022644346174669e-05,0.4046692927562856,0.26268115942028986,0.15942028985507245,0.48007246376811596,0.09782608695652174
864,164.09024471617903,377,0.05,1.1961283330788072e-05,0.40184425372885185,0.14323607427055704,0.38726790450928383,0.3793103448275862,0.09018567639257294
865,58.27789223676052,942,0.05,1.1900235488951392e-05,0.40767201972223777,0.3354564755838641,0.09341825902335456,0.2356687898089172,0.3354564755838641
866,239.50301753479752,206,0.05,1.1839499222293551e-05,0.41759066894887953,0.441747572815534,0.05825242718446602,0.4368932038834951,0.06310679611650485
867,30.88017458217591,1000,0.05,1.1779072940601213e-05,0.41014189087974345,0.505,0.049,0.138,0.308
868,250.9263383265281,207,0.05,1.1718955061777156e-05,0.4044056418486098,0.2995169082125604,0.10628019323671498,0.4927536231884058,0.10144927536231885
869,217.82376074034644,261,0.05,1.1659144011798844e-05,0.40738751498026654,0.3065134099616858,0.11494252873563218,0.4789272030651341,0.09961685823754789
870,220.2273111872114,344,0.05,1.1599638224677214e-05,0.4084384499304175,0.46511627906976744,0.15406976744186046,0.32848837209302323,0.05232558139534884
871,272.2445858109631,247,0.05,1.1540436142415684e-05,0.4115282956969515,0.4089068825910931,0.10526315789473684,0.38461538461538464,0.10121457489878542
872,238.45172163038393,205,0.05,1.1481536214969347e-05,0.4111917631193278,0.36097560975609755,0.13658536585365855,0.3853658536585366,0.11707317073170732
873,182.8473511443767,754,0.05,1.1422936900204401e-05,0.40870270011277077,0.48408488063660476,0.04509283819628647,0.1816976127320955,0.2891246684350133
874,236.76076029155425,166,0.05,1.1364636663857762e-05,0.4151092933648008,0.39156626506024095,0.0783132530120482,0.35542168674698793,0.1746987951807229
875,266.5788930708758,240,0.05,1.1306633979496903e-05,0.4120569169358189,0.2125,0.1875,0.3875,0.2125
876,180.55357325758393,238,0.05,1.1248927328479877e-05,0.4083757900721818,0.16806722689075632,0.31092436974789917,0.42016806722689076,0.10084033613445378
877,231.6460384039615,190,0.05,1.1191515199915568e-05,0.4018027113615826,0.39473684210526316,0.1,0.4421052631578947,0.06315789473684211
878,241.22893684247424,213,0.05,1.1134396090624121e-05,0.41469283291488324,0.4131455399061033,0.09389671361502347,0.4084507042253521,0.08450704225352113
879,247.4197533265569,219,0.05,1.1077568505097596e-05,0.40350498912322236,0.2922374429223744,0.1095890410958904,0.4794520547945205,0.1187214611872146
880,251.83632301230003,205,0.05,1.1021030955460803e-05,0.4094814158551896,0.44390243902439025,0.08292682926829269,0.40487804878048783,0.06829268292682927
881,211.88141891832706,225,0.05,1.0964781961432352e-05,0.417294222511989,0.43555555555555553,0.06666666666666667,0.44,0.057777777777777775
882,276.2149187305382,338,0.05,1.090882005028589e-05,0.4193546551861623,0.3520710059171598,0.14201183431952663,0.25443786982248523,0.2514792899408284
883,-16.117516986819734,1000,0.05,1.0853143756811554e-05,0.40817714904773433,0.045,0.04,0.13,0.785
884,253.81653959119393,166,0.05,1.0797751623277591e-05,0.40803351370732804,0.4036144578313253,0.07228915662650602,0.3855421686746988,0.13855421686746988
885,-22.50003241255487,1000,0.05,1.0742642199392206e-05,0.411288591233657,0.437,0.231,0.277,0.055
886,52.68450813001877,134,0.05,1.068781404226558e-05,0.4086608970689855,0.11194029850746269,0.1865671641791045,0.5895522388059702,0.11194029850746269
887,280.40747076139905,202,0.05,1.06332657163721e-05,0.40637559422971703,0.3415841584158416,0.17326732673267325,0.400990099009901,0.08415841584158416
888,233.2883792590097,196,0.05,1.057899579351277e-05,0.39656745269607263,0.29591836734693877,0.11224489795918367,0.49489795918367346,0.09693877551020408
889,125.13501319930634,635,0.05,1.0525002852777813e-05,0.4109645081765204,0.1732283464566929,0.14173228346456693,0.5433070866141733,0.14173228346456693
890,206.99250683281764,287,0.05,1.0471285480509478e-05,0.40969763852391744,0.2578397212543554,0.1254355400696864,0.4912891986062718,0.1254355400696864
891,243.95416972269985,174,0.05,1.0417842270265019e-05,0.4168355225028101,0.3275862068965517,0.15517241379310345,0.3793103448275862,0.13793103448275862
892,268.77314969261636,247,0.05,1.0364671822779873e-05,0.4130061509167425,0.4331983805668016,0.13360323886639677,0.3765182186234818,0.05668016194331984
893,241.3864807899764,295,0.05,1.0311772745931029e-05,0.40564738795979227,0.49491525423728816,0.1016949152542373,0.29491525423728815,0.10847457627118644
894,-147.1526786129166,685,0.05,1.0259143654700573e-05,0.41706765129055545,0.14744525547445256,0.13138686131386862,0.5605839416058395,0.16058394160583941
895,208.88163519224366,199,0.05,1.0206783171139428e-05,0.4070602401490666,0.35175879396984927,0.09045226130653267,0.4824120603015075,0.07537688442211055
896,253.2575256006943,212,0.05,1.0154689924331274e-05,0.4103914797708299,0.4009433962264151,0.09433962264150944,0.37735849056603776,0.12735849056603774
897,75.1079113294386,1000,0.05,1.0102862550356658e-05,0.41681720221314855,0.697,0.036,0.13,0.137
898,259.9136847941073,292,0.05,1.005129969225728e-05,0.41167516746744776,0.3904109589041096,0.09931506849315068,0.4280821917808219,0.0821917808219178
899,58.58230191426909,1000,0.05,1.0000000000000467e-05,0.4140819514889706,0.523,0.044,0.132,0.301
900,279.24892129616086,249,0.05,1e-05,0.4104315118918886,0.42570281124497994,0.1606425702811245,0.3333333333333333,0.08032128514056225
901,276.7198773210969,190,0.05,1e-05,0.42024265922934534,0.2736842105263158,0.13157894736842105,0.4263157894736842,0.16842105263157894
902,232.13142415473334,224,0.05,1e-05,0.4117690692232827,0.46875,0.0625,0.4107142857142857,0.05803571428571429
903,230.12082674663645,223,0.05,1e-05,0.41695250818233764,0.3632286995515695,0.17040358744394618,0.3273542600896861,0.13901345291479822
904,170.0888589609482,311,0.05,1e-05,0.40310121396375315,0.1639871382636656,0.29260450160771706,0.4437299035369775,0.09967845659163987
905,195.92251901179657,228,0.05,1e-05,0.40783880591849314,0.27631578947368424,0.07894736842105263,0.47368421052631576,0.17105263157894737
906,48.090935630084886,140,0.05,1e-05,0.4199777697996945,0.17142857142857143,0.17142857142857143,0.5214285714285715,0.1357142857142857
907,203.3754905390077,268,0.05,1e-05,0.42183060494511937,0.3246268656716418,0.06343283582089553,0.3880597014925373,0.22388059701492538
908,234.334337281697,226,0.05,1e-05,0.4176758231496023,0.4336283185840708,0.15486725663716813,0.3053097345132743,0.10619469026548672
909,100.45481931984597,980,0.05,1e-05,0.4183484822914435,0.3183673469387755,0.06428571428571428,0.22244897959183674,0.3948979591836735
910,24.59762567778779,917,0.05,1e-05,0.41334713471046824,0.1613958560523446,0.3107960741548528,0.4372955288985823,0.09051254089422028
911,249.68269123910852,217,0.05,1e-05,0.4043347666493967,0.11981566820276497,0.09216589861751152,0.41013824884792627,0.3778801843317972
912,240.93436166707545,234,0.05,1e-05,0.42059711864884347,0.34615384615384615,0.11965811965811966,0.43162393162393164,0.10256410256410256
913,-74.37321990752432,779,0.05,1e-05,0.4162378569078764,0.07958921694480103,0.043645699614890884,0.12066752246469833,0.7560975609756098
914,242.22537783557013,174,0.05,1e-05,0.4232306810773792,0.3103448275862069,0.1206896551724138,0.4885057471264368,0.08045977011494253
915,215.56657698991376,328,0.05,1e-05,0.4125593376897707,0.4451219512195122,0.125,0.31097560975609756,0.11890243902439024
916,202.08554556595226,250,0.05,1e-05,0.426163439092639,0.28,0.12,0.46,0.14
917,201.4789239322094,397,0.05,1e-05,0.4177267130476858,0.14609571788413098,0.2972292191435768,0.4332493702770781,0.12342569269521411
918,207.41540126575637,560,0.05,1e-05,0.4149132323383977,0.7089285714285715,0.044642857142857144,0.1732142857142857,0.07321428571428572
919,235.8401009852338,408,0.05,1e-05,0.41690651528309547,0.4362745098039216,0.25245098039215685,0.2181372549019608,0.09313725490196079
920,37.21549430503558,142,0.05,1e-05,0.4213697298937413,0.14084507042253522,0.176056338028169,0.5915492957746479,0.09154929577464789
921,233.08136540477474,218,0.05,1e-05,0.4173241246046443,0.42201834862385323,0.0963302752293578,0.3944954128440367,0.0871559633027523
922,246.82932780286708,210,0.05,1e-05,0.4166740131428581,0.3047619047619048,0.12857142857142856,0.4380952380952381,0.12857142857142856
923,12.467853764064362,1000,0.05,1e-05,0.4097466930031017,0.42,0.365,0.181,0.034
924,252.74554924152147,268,0.05,1e-05,0.40915908916044846,0.26492537313432835,0.15298507462686567,0.39552238805970147,0.1865671641791045
925,248.2634504868664,232,0.05,1e-05,0.4294706886164744,0.3706896551724138,0.11637931034482758,0.40086206896551724,0.11206896551724138
926,191.9699134976641,267,0.05,1e-05,0.4207852898748806,0.3408239700374532,0.10112359550561797,0.4606741573033708,0.09737827715355805
927,204.0412622000274,300,0.05,1e-05,0.41410178741549086,0.2966666666666667,0.09666666666666666,0.41,0.19666666666666666
928,64.65511140481216,1000,0.05,1e-05,0.41059320474950317,0.654,0.05,0.141,0.155
929,66.14871453982512,1000,0.05,1e-05,0.41541995645895463,0.588,0.262,0.11,0.04
930,234.659288294831,207,0.05,1e-05,0.4176341684241415,0.2946859903381642,0.13526570048309178,0.4444444444444444,0.12560386473429952
931,285.9391643108917,228,0.05,1e-05,0.4060364915036604,0.17105263157894737,0.20175438596491227,0.44298245614035087,0.18421052631578946
932,157.79157163713242,532,0.05,1e-05,0.41158055393077786,0.20300751879699247,0.14473684210526316,0.5056390977443609,0.14661654135338345
933,215.7466621821471,275,0.05,1e-05,0.41430274074492096,0.3490909090909091,0.11636363636363636,0.38181818181818183,0.15272727272727274
934,-3.7995976839986842,1000,0.05,1e-05,0.41219080025495985,0.603,0.041,0.199,0.157
935,197.70240391639797,372,0.05,1e-05,0.4091880980253773,0.11827956989247312,0.3172043010752688,0.4435483870967742,0.12096774193548387
936,254.44025444608863,187,0.05,1e-05,0.4214735394177065,0.2994652406417112,0.1497326203208556,0.41711229946524064,0.13368983957219252
937,-35.86428990137027,203,0.05,1e-05,0.4067524194402502,0.1477832512315271,0.1477832512315271,0.5615763546798029,0.14285714285714285
938,228.70559342259966,309,0.05,1e-05,0.41894304866101445,0.35275080906148865,0.0970873786407767,0.459546925566343,0.09061488673139159
939,-23.11082879860963,1000,0.05,1e-05,0.4156778943397328,0.251,0.495,0.201,0.053
940,223.23636773814863,185,0.05,1e-05,0.40391880157721693,0.32972972972972975,0.0972972972972973,0.4810810810810811,0.0918918918918919
941,199.26849012969984,253,0.05,1e-05,0.4160963149733723,0.2964426877470356,0.1422924901185771,0.45454545454545453,0.1067193675889328
942,252.02059892264978,199,0.05,1e-05,0.41338847783784566,0.3969849246231156,0.11557788944723618,0.4020100502512563,0.08542713567839195
943,202.6926074561227,244,0.05,1e-05,0.41412909973010786,0.2540983606557377,0.13114754098360656,0.4959016393442623,0.11885245901639344
944,174.87931061606878,457,0.05,1e-05,0.4181440643249462,0.11816192560175055,0.2975929978118162,0.47921225382932164,0.1050328227571116
945,193.83048285671362,343,0.05,1e-05,0.41879156001800544,0.3119533527696793,0.06997084548104957,0.5364431486880467,0.08163265306122448
946,212.27375529739368,289,0.05,1e-05,0.4132433398991986,0.32525951557093424,0.09688581314878893,0.5017301038062284,0.07612456747404844
947,223.3129163506913,274,0.05,1e-05,0.40945975901618337,0.2956204379562044,0.0948905109489051,0.5328467153284672,0.07664233576642336
948,260.52021405581604,189,0.05,1e-05,0.4252644041078383,0.31216931216931215,0.1164021164021164,0.47619047619047616,0.09523809523809523
949,221.29967884415743,212,0.05,1e-05,0.40962284734086457,0.25,0.13679245283018868,0.4858490566037736,0.12735849056603774
950,212.59349398662383,287,0.05,1e-05,0.40680676649988895,0.29965156794425085,0.11498257839721254,0.5052264808362369,0.08013937282229965
951,215.52867951804436,327,0.05,1e-05,0.4122670129972949,0.3669724770642202,0.10091743119266056,0.42507645259938837,0.10703363914373089
952,6.135610944347928,1000,0.05,1e-05,0.4174940072756289,0.493,0.239,0.227,0.041
953,217.35265862205495,336,0.05,1e-05,0.40319126378998266,0.24404761904761904,0.13392857142857142,0.5029761904761905,0.11904761904761904
954,247.43535940611434,280,0.05,1e-05,0.41257782275733434,0.49642857142857144,0.13214285714285715,0.3107142857142857,0.060714285714285714
955,236.49179322268753,252,0.05,1e-05,0.4053737637779699,0.376984126984127,0.07539682539682539,0.4603174603174603,0.0873015873015873
956,254.2033725374318,265,0.05,1e-05,0.40215447377174746,0.46037735849056605,0.10566037735849057,0.3584905660377358,0.07547169811320754
957,195.949780264599,202,0.05,1e-05,0.4241183037535871,0.06930693069306931,0.15346534653465346,0.46534653465346537,0.3118811881188119
958,221.1453099218794,192,0.05,1e-05,0.4190188312222904,0.3802083333333333,0.09895833333333333,0.421875,0.09895833333333333
959,253.70100692293988,231,0.05,1e-05,0.4150765171596199,0.31601731601731603,0.12554112554112554,0.4025974025974026,0.15584415584415584
960,190.76193948268718,370,0.05,1e-05,0.4121172777963615,0.1864864864864865,0.17567567567567569,0.5,0.13783783783783785
961,-14.21036311646614,141,0.05,1e-05,0.41126816633045155,0.2198581560283688,0.16312056737588654,0.48226950354609927,0.1347517730496454
962,228.10939958829815,259,0.05,1e-05,0.4065691704944589,0.29343629343629346,0.1274131274131274,0.4749034749034749,0.10424710424710425
963,236.08074428614313,254,0.05,1e-05,0.40893628462869924,0.4645669291338583,0.11023622047244094,0.36220472440944884,0.06299212598425197
964,267.7739822911834,198,0.05,1e-05,0.41197901285778543,0.1919191919191919,0.16161616161616163,0.43434343434343436,0.21212121212121213
965,224.11419720496417,724,0.05,1e-05,0.4069378236740266,0.6325966850828729,0.04005524861878453,0.15331491712707182,0.17403314917127072
966,257.05463621267035,220,0.05,1e-05,0.41076423611001694,0.4636363636363636,0.1,0.37272727272727274,0.06363636363636363
967,246.31532869557392,219,0.05,1e-05,0.4000544507578868,0.4200913242009132,0.0867579908675799,0.3926940639269406,0.1004566210045662
968,266.85574127197407,385,0.05,1e-05,0.4163304520801957,0.561038961038961,0.12727272727272726,0.24415584415584415,0.06753246753246753
969,261.5398896165801,152,0.05,1e-05,0.41418209087547075,0.3092105263157895,0.13157894736842105,0.5,0.05921052631578947
970,227.58619715316559,300,0.05,1e-05,0.41001538484250527,0.45,0.06333333333333334,0.37333333333333335,0.11333333333333333
971,219.15093218388705,320,0.05,1e-05,0.41527078057858285,0.365625,0.14375,0.2375,0.253125
972,219.49398122829072,255,0.05,1e-05,0.4018432551160243,0.32941176470588235,0.14901960784313725,0.41568627450980394,0.10588235294117647
973,136.8736187746791,442,0.05,1e-05,0.40939359926772156,0.43665158371040724,0.33710407239819007,0.19909502262443438,0.027149321266968326
974,186.61680965500335,529,0.05,1e-05,0.4070997937360973,0.5066162570888468,0.16446124763705103,0.24196597353497165,0.08695652173913043
975,-0.880051056661145,152,0.05,1e-05,0.4199512055822033,0.2236842105263158,0.1513157894736842,0.5131578947368421,0.1118421052631579
976,250.04629296511018,280,0.05,1e-05,0.4106883319815078,0.4928571428571429,0.1392857142857143,0.29642857142857143,0.07142857142857142
977,238.04859639055672,227,0.05,1e-05,0.4083406980421041,0.2599118942731278,0.11894273127753303,0.4889867841409692,0.13215859030837004
978,230.5448111009926,208,0.05,1e-05,0.4100520340741924,0.2692307692307692,0.14903846153846154,0.4423076923076923,0.13942307692307693
979,212.82358449875736,213,0.05,1e-05,0.407804787671476,0.40375586854460094,0.0892018779342723,0.431924882629108,0.07511737089201878
980,238.37817974141822,204,0.05,1e-05,0.4096471243553635,0.3137254901960784,0.1323529411764706,0.4362745098039216,0.11764705882352941
981,27.017682434944007,166,0.05,1e-05,0.39998487353503787,0.1927710843373494,0.1927710843373494,0.5120481927710844,0.10240963855421686
982,235.0765546695819,234,0.05,1e-05,0.412345883677008,0.358974358974359,0.09401709401709402,0.4700854700854701,0.07692307692307693
983,202.38780629487917,241,0.05,1e-05,0.40409242681365476,0.47717842323651455,0.08713692946058091,0.33195020746887965,0.1037344398340249
984,252.86989633395984,194,0.05,1e-05,0.41100272034077817,0.3865979381443299,0.11855670103092783,0.4175257731958763,0.07731958762886598
985,264.97417587793257,299,0.05,1e-05,0.4165499346217393,0.40468227424749165,0.13712374581939799,0.35785953177257523,0.10033444816053512
986,148.75193127273462,547,0.05,1e-05,0.4172115957420537,0.20475319926873858,0.2522851919561243,0.4186471663619744,0.12431444241316271
987,236.62359752496423,281,0.05,1e-05,0.4109584586704964,0.1423487544483986,0.2704626334519573,0.45195729537366547,0.13523131672597866
988,197.91619440492963,589,0.05,1e-05,0.4174370352663866,0.5195246179966044,0.057724957555178265,0.1494057724957555,0.2733446519524618
989,230.72607240401794,474,0.05,1e-05,0.4196249784027951,0.3037974683544304,0.16033755274261605,0.20253164556962025,0.3333333333333333
990,140.525083446954,537,0.05,1e-05,0.419390760922139,0.037243947858473,0.07076350093109869,0.2737430167597765,0.6182495344506518
991,171.36511524390735,919,0.05,1e-05,0.4159050437481874,0.47878128400435255,0.03808487486398259,0.11425462459194777,0.36887921653971706
992,-8.148405912507627,182,0.05,1e-05,0.41927643195508263,0.10989010989010989,0.18681318681318682,0.5604395604395604,0.14285714285714285
993,223.89848668806786,202,0.05,1e-05,0.41742647401468547,0.3069306930693069,0.12871287128712872,0.45544554455445546,0.10891089108910891
994,210.3492133155558,262,0.05,1e-05,0.4147289205125678,0.5572519083969466,0.08778625954198473,0.2824427480916031,0.07251908396946564
995,123.28464244487445,572,0.05,1e-05,0.41358156287494835,0.19405594405594406,0.25874125874125875,0.4527972027972028,0.0944055944055944
996,277.7418771950682,194,0.05,1e-05,0.41491294693517755,0.32989690721649484,0.17010309278350516,0.422680412371134,0.07731958762886598
997,243.6492960322209,251,0.05,1e-05,0.41735170301136926,0.3784860557768924,0.08366533864541832,0.4581673306772908,0.0796812749003984
998,232.5352135399523,160,0.05,1e-05,0.4004653248418074,0.35625,0.1,0.46875,0.075
999,255.15369230753655,259,0.05,1e-05,0.41908560199364986,0.3474903474903475,0.19305019305019305,0.3552123552123552,0.10424710424710425
